"gene_id","baseMean","log2FoldChange","lfcSE","stat","pvalue","padj"
"YAR009C",1253.12332947246,-2.46221247027492,0.032142646163065,-76.6026685476893,0,0
"YAR071W",1656.71158158199,-4.27175060753468,0.0447665123491865,-95.4229039379768,0,0
"YBL005W",531.700739692908,-1.23721264625896,0.0275278036456452,-44.9441104050696,0,0
"YBL005W-B",1433.90295928842,-2.19532060766618,0.0325312942862123,-67.4833466000958,0,0
"YBL100W-B",450.601242268116,-1.24897239274076,0.0285705006901655,-43.7154534421819,0,0
"YBR012W-B",1176.3663642542,-2.04282281447022,0.0300079931579047,-68.0759557535456,0,0
"YBR067C",4108.486988954,-2.89922913026174,0.0588107806861476,-49.297579396776,0,0
"YBR070C",418.28916416129,1.56542087486015,0.0321724349570629,48.6572084751854,0,0
"YBR092C",1288.8050266887,-2.75004220125472,0.0580858278960276,-47.3444607895963,0,0
"YBR093C",1221.40711157198,-2.29798355453089,0.0553823098798206,-41.4930969747832,0,0
"YBR244W",309.861270290883,-2.63469995598383,0.0582228689065143,-45.2519775384866,0,0
"YCL019W",602.268654146946,-1.38878808299376,0.0295859800335578,-46.9407496867952,0,0
"YCL064C",3093.36061039715,-1.36987896498836,0.0176540500742376,-77.5957335131509,0,0
"YCR018C",193.990017638947,-1.61274076110679,0.0373686082010431,-43.157635211626,0,0
"YCR025C",87.81596982385,2.53782373932557,0.0604273789559012,41.9979119262749,0,0
"YDL037C",191.738205222008,-4.20654567151735,0.111284855865735,-37.7998033855796,0,0
"YDL039C",1561.14157141203,-3.08974700272771,0.0721700545229295,-42.8120364208129,0,0
"YDR011W",1820.57647636768,-1.28858452663948,0.0219894511629324,-58.6001222627894,0,0
"YDR033W",4170.80253531705,-3.77462613358162,0.0325719852403664,-115.885663883445,0,0
"YDR034C-D",714.495461833409,-1.36708277136498,0.0263710822824908,-51.8402224345819,0,0
"YDR055W",1624.27015241619,-2.13853844638101,0.0541774283465667,-39.4728674218538,0,0
"YDR077W",25848.3524793019,-3.46360710500961,0.0675337810256464,-51.2870307630826,0,0
"YDR098C-B",1388.28951849376,-2.14594500231832,0.0301188057442116,-71.2493390522544,0,0
"YDR210C-D",1422.70763841861,-2.10129245967374,0.0314578059020968,-66.7971716213583,0,0
"YDR210W-B",646.785857836741,-1.23996667702284,0.0274728961651331,-45.134181324375,0,0
"YDR261C-D",1587.22883437031,-2.59673807875702,0.0328221025036681,-79.11553132426,0,0
"YDR261W-B",579.459326277718,-1.25845285942769,0.028644488039379,-43.933508523442,0,0
"YDR281C",81.8709782720508,-3.86651047383385,0.0814063853793084,-47.4964028413504,0,0
"YDR316W-B",1474.57194329527,-2.29790165641299,0.0323756112558305,-70.9763172733661,0,0
"YDR365W-B",1494.97077567302,-2.36113499765114,0.0298686802211181,-79.0505298584218,0,0
"YDR399W",1660.62317000459,-1.87414983374339,0.0385632558034272,-48.5993673173424,0,0
"YDR406W",1474.15193764609,-2.01312886964032,0.0277128781301157,-72.6423599955372,0,0
"YER001W",660.814712829829,-2.34773360555808,0.0383291850975358,-61.2518528526978,0,0
"YER011W",1572.3428411546,-4.22916881032258,0.0688537999730517,-61.4224459939439,0,0
"YER037W",415.777531619704,-1.88195184412675,0.0408615478913856,-46.0567927854613,0,0
"YER081W",4765.50139149065,3.14323024149547,0.0361651337580524,86.9132757125671,0,0
"YER124C",751.841451984057,-1.79118739539395,0.0305069542463625,-58.7140683048531,0,0
"YER138C",1598.35954842536,-2.47181421558924,0.0310896882716324,-79.5059182965379,0,0
"YER160C",1379.10155565242,-2.24004770351754,0.035008179636705,-63.9864090839193,0,0
"YFL002W-A",681.448223343978,-1.39355399507555,0.0273107038677332,-51.0259274833995,0,0
"YFR015C",5455.56796844941,-3.0754801430573,0.0602587639473077,-51.0378896212773,0,0
"YFR055W",981.99488138166,-2.05858704261708,0.0377431870539671,-54.5419505690819,0,0
"YGL028C",817.9495081456,-1.67514301485697,0.0290065455840938,-57.7505173789313,0,0
"YGR027W-B",1818.53925652956,-2.39022767523268,0.0341413392094394,-70.0097808281588,0,0
"YGR035C",385.049858668536,-3.68667679193378,0.0761517569780155,-48.412235491797,0,0
"YGR038C-B",1625.40705571777,-2.27556081559275,0.0292303871639101,-77.8491507085584,0,0
"YGR051C",243.653401847191,2.51392663747341,0.0644714533345186,38.9928643989079,0,0
"YGR087C",99.4699501316472,2.76132501595043,0.0642718217081161,42.9632293369668,0,0
"YGR161C-D",1549.6770562528,-2.08277544625496,0.0305631003438191,-68.1467332444943,0,0
"YGR161W-B",728.79190024108,-1.3609950941213,0.0291017552363273,-46.7667700133217,0,0
"YGR233C",668.127743905094,-1.37065069460843,0.0282934968900985,-48.4440187769117,0,0
"YGR234W",3029.47048513313,-4.21990924007966,0.0407283617106571,-103.611072550838,0,0
"YHL047C",1630.15170259886,-1.83340653482433,0.0317131236256936,-57.8122343438576,0,0
"YHR092C",8378.18837165739,-2.4944877375748,0.0579620356728617,-43.0365791783732,0,0
"YHR136C",463.274028105943,-4.72172815146349,0.0847790557163954,-55.6945121830409,0,0
"YHR214C-B",1588.84487408882,-2.19798793603822,0.0318901502222019,-68.9237247464574,0,0
"YHR215W",1292.8317432948,-4.46904974868317,0.0442352280589635,-101.029201041444,0,0
"YHR216W",2276.77672327418,-1.28240161189761,0.0284325032819578,-45.1033663543574,0,0
"YIL011W",341.839321230891,-1.72270763462245,0.036669660613281,-46.979099501088,0,0
"YIL056W",1073.93124018794,-1.42921323563263,0.0359946646965835,-39.7062522371068,0,0
"YIL094C",2056.28832415228,-1.13504801596495,0.0277066348793217,-40.9666500788976,0,0
"YIL121W",882.915770555205,-2.84321827087671,0.0225941019477247,-125.838959098927,0,0
"YIL169C",1806.67197223447,-2.95013981978938,0.0598563633008288,-49.286987332699,0,0
"YJL012C",2449.79805613371,-1.42162986443061,0.0183143330222378,-77.6238950500914,0,0
"YJL077C",279.710406777385,1.88288941433863,0.0459331129741452,40.9919836131827,0,0
"YJL082W",1541.21814459509,-1.12707347152028,0.0295973810443466,-38.0801757368853,0,0
"YJL117W",1365.41841556461,-0.64553952197314,0.0170245482262072,-37.9181587314847,0,0
"YJR027W",1928.54829920563,-2.40287092582867,0.0303723650393595,-79.1137246873859,0,0
"YJR029W",1741.39748185008,-2.31857568988532,0.0316971085601152,-73.147860963028,0,0
"YJR147W",431.452191008192,-1.28490192939137,0.0319921720874617,-40.1630100600436,0,0
"YJR150C",62.5450996814002,-3.08812390237687,0.0797039121529695,-38.7449476313041,0,0
"YKL045W",531.263021105201,0.802928189802905,0.0205431907533615,39.0848821608456,0,0
"YKL062W",1147.52854068563,-2.19945011329424,0.0436845260886991,-50.3484943118845,0,0
"YKL109W",1682.1755079721,-2.1308396972779,0.0356918496537337,-59.7010162810377,0,0
"YKL182W",6806.91297494268,-1.11433824886167,0.0288766503701665,-38.5895952119478,0,0
"YLL052C",77.0957870347273,-2.55627299146367,0.0620864896378964,-41.172773760805,0,0
"YLL053C",117.560558607319,-2.19992752366131,0.0516733801890691,-42.5737104019891,0,0
"YLR035C-A",946.542535533142,-2.10430466651496,0.0355567405157296,-59.1815964003805,0,0
"YLR111W",67.3051127972715,3.14757296106567,0.0774325296098075,40.6492332993213,0,0
"YLR157C-B",1987.81500767011,-2.45342237922969,0.0323642047671619,-75.8066634691124,0,0
"YLR227W-B",1484.90873095225,-2.36871743811941,0.032255211516608,-73.4367355458134,0,0
"YLR410W-B",732.457602935914,-1.37207628326817,0.0274259209656829,-50.0284488161766,0,0
"YLR413W",2510.6257138612,-2.31475067212087,0.0583379388858849,-39.6783073987027,0,0
"YML035C",884.328438870578,-0.798896911444002,0.0193986747918334,-41.1830663700969,0,0
"YML039W",1640.70905990696,-2.48431422109176,0.0317329653349318,-78.288120724634,0,0
"YML045W",1674.99102179037,-2.33929115631919,0.0302890230995655,-77.2323078439843,0,0
"YML122C",65.1472332684116,3.12447528182585,0.0751589288683864,41.5715781061387,0,0
"YML123C",4891.41596071469,-4.67919059956345,0.0420294735639037,-111.331173169442,0,0
"YMR045C",1528.02389931304,-2.27251172628733,0.0329143314240154,-69.0432291335936,0,0
"YMR050C",1890.34541032891,-2.31735520351378,0.0348097648843658,-66.571986659829,0,0
"YMR056C",496.382428746882,2.02882945834024,0.0386096362540932,52.5472305666996,0,0
"YMR272C",1319.78532227319,-1.41357689968477,0.0345465692633993,-40.9180109581069,0,0
"YNL040W",248.924436526993,-0.983023146575282,0.0244989770930153,-40.125069011781,0,0
"YNL054W-B",1253.30949373618,-1.97342056030445,0.0342477291691678,-57.6219389775208,0,0
"YNL284C-B",2086.78699845338,-2.15588240798298,0.0320126077134815,-67.3447920044036,0,0
"YOL103W-B",1870.75138383987,-2.50713202176592,0.0323017459859496,-77.6159908772873,0,0
"YOL130W",1274.93962334699,-1.11989807912369,0.0279035549148191,-40.1346022950262,0,0
"YOL155C",2149.71471270391,-2.26241657848895,0.0587943864340639,-38.4801460769758,0,0
"YOL158C",1856.76298168969,-1.77127666905914,0.0442097664818578,-40.0652799146997,0,0
"YOR092W",523.766166953614,-1.03687191486878,0.0271002916213681,-38.2605445489459,0,0
"YOR142W-B",1287.03355850918,-2.16165292554578,0.0324601522933638,-66.5940475574328,0,0
"YOR153W",7442.23373179936,-2.76817359247678,0.0332413003637796,-83.2751294980336,0,0
"YOR178C",663.675947299848,-1.66873355922593,0.043302276513381,-38.5368551861302,0,0
"YOR192C-B",765.48275133938,-1.3404155157827,0.0276383394244691,-48.4984099513586,0,0
"YOR273C",2114.30572947977,-2.25443595844631,0.0371872350658154,-60.6239198600361,0,0
"YOR290C",796.949237764124,-7.59102830806592,0.0755986111690776,-100.412272007067,0,0
"YOR306C",909.802800204451,-1.34068169081452,0.0213268619721815,-62.8635235958898,0,0
"YOR343W-B",628.324359102115,-1.30478480239086,0.029477651671713,-44.2635260407442,0,0
"YOR376W",52.3382708811913,3.55914181293717,0.0947700056814335,37.5555724339736,0,0
"YPL019C",2082.99586119896,-2.48144784776022,0.0342450238339894,-72.4615599565533,0,0
"YPL025C",129.383162472528,3.67506087579616,0.0643378054899275,57.1213277762717,0,0
"YPL057C",1294.37237882544,-1.17794917239566,0.0220617608763378,-53.3932526509731,0,0
"YPL095C",652.053164507798,-1.98217840528346,0.032539073375097,-60.9168670058216,0,0
"YPL257W-B",1390.90193124288,-2.48271797867035,0.0309005562688236,-80.345413754743,0,0
"YPR009W",408.531727900607,-1.23222574567821,0.028859859007812,-42.6968733750453,0,0
"YPR064W",83.9134326319857,2.73322242501541,0.0618862923301931,44.1652314608275,0,0
"YPR124W",1830.56875866425,-1.22353853194542,0.0272156683843684,-44.9571369942238,0,0
"YPR137C-B",1406.30843139748,-2.29332262989902,0.0302898814998209,-75.7124992355146,0,0
"YPR149W",2958.0021470665,-2.17051535168532,0.0421819484877781,-51.4560239509612,0,0
"YPR158C-D",1879.45042431397,-2.43985942613991,0.0320651002459676,-76.0908092419497,0,0
"YPR158W-B",1475.82715596125,-2.33896965711636,0.0324963546348012,-71.9763703776023,0,0
"YBL044W",75.3431562682179,3.14293904774177,0.0840653666495208,37.3868475569146,6.3918827281371e-306,3.60722234288721e-304
"YKL051W",932.938631532009,-1.06616346523232,0.0285869544246497,-37.295454751661,1.9445201618839e-304,1.08845701744477e-302
"YEL071W",3779.88086985078,1.05146942378026,0.0282516669318002,37.2179604948098,3.49623978174773e-303,1.94125894333332e-301
"YNL217W",1394.4861071761,-1.45963589739474,0.0393077348809093,-37.1335540401144,8.07880543113893e-302,4.44980603147132e-300
"YJL101C",1092.87170599305,-0.907061362107735,0.0245380638691893,-36.9654821563436,4.10826530982934e-299,2.2448735442996e-297
"YLR112W",137.609567969783,1.49417307358099,0.040480976749247,36.9104995375089,3.13569107885187e-298,1.69993961243269e-296
"YGL255W",989.461813099725,-1.47402504677986,0.040021606119428,-36.8307319396739,5.95067834571194e-297,3.20081409454896e-295
"YHR030C",2514.92525604369,-0.963532129448885,0.0263804750275143,-36.52444197627,4.5398550171859e-292,2.42301564289341e-290
"YLR312C",215.428621852472,1.43745209337948,0.0395054165054259,36.3862027168364,7.03619817563396e-290,3.72647880301845e-288
"YOL104C",41.3922928474051,-2.62937600989608,0.0724588146406503,-36.2878695012624,2.51365400270661e-288,1.32110746630802e-286
"YNL160W",1172.02862008661,-2.58013134905452,0.0711716960868001,-36.2522110742987,9.17104926464739e-288,4.78353592326495e-286
"YBR068C",3981.90288654575,-0.83431299795745,0.0231808009465485,-35.9915517967327,1.13409488494481e-283,5.87085961116167e-282
"YDR277C",1199.15774665702,-1.94597342270618,0.054414087764839,-35.7623090387196,4.2587934961568e-280,2.18819352395818e-278
"YGR155W",4772.66610932407,-1.04116776661683,0.0291244895551364,-35.7488760325144,6.88721024515047e-280,3.51247722502674e-278
"YGR050C",171.753242286022,1.43610129105812,0.0402224758812803,35.7039505796929,3.43275048157111e-279,1.73782993129537e-277
"YGR180C",4623.62710106956,-0.736983831310294,0.0206768165128507,-35.6430029183776,3.02435403924304e-278,1.51990347154659e-276
"YJR010W",774.196713712711,1.34885115206891,0.0380700119913704,35.4308044971107,5.73036325313164e-275,2.85895297085589e-273
"YMR015C",518.23029622472,-1.28476776522116,0.0367793969863192,-34.9317245657685,2.45352221104909e-267,1.21528780022108e-265
"YOR348C",273.611184390332,2.24222406868687,0.0645301650853592,34.7469135670256,1.54304027875577e-264,7.58845165659534e-263
"YLR300W",4939.87568619603,-1.30208104831935,0.0375149552492169,-34.7083193800833,5.90115623708496e-264,2.88152203491702e-262
"YPR015C",172.421266865264,1.70321411332935,0.0492294202418431,34.5974846943594,2.75637041399123e-262,1.33645142960068e-260
"YOR049C",356.044362999027,-1.0905543787477,0.0317742270619387,-34.3219797800855,3.68909645554224e-258,1.77618385289568e-256
"YOL109W",3170.87631540214,-2.57064952004482,0.0749657626206017,-34.2909807114851,1.06947456799237e-257,5.11342527821352e-256
"YER053C",1593.35190154781,-1.40260687618823,0.0409905399486633,-34.2178189881095,1.31367100651365e-256,6.23767233092863e-255
"YDR345C",30431.8204476848,-1.26680146577754,0.0374666572352597,-33.8114355338152,1.33940243395652e-250,6.31629161492512e-249
"YNR067C",870.816401322758,-1.33287147744744,0.0395010143713667,-33.7427151848944,1.36730528404491e-249,6.40401148343483e-248
"YNL327W",2767.95953346239,-1.34770669665317,0.0399506388918585,-33.734296472736,1.81688903649589e-249,8.45221690288796e-248
"YAR073W",244.092354852011,-1.37106252281537,0.0408740087373349,-33.5436274828365,1.11509040369064e-246,5.15261572443627e-245
"YMR006C",1247.75383884438,-1.85171779903427,0.0553649071646546,-33.4456950054533,2.97274027589277e-245,1.36448778663478e-243
"YAL061W",1473.36734595517,-2.23493155105572,0.0673535767573033,-33.1820767159686,1.95265976201233e-241,8.90335262348005e-240
"YDL048C",1441.8216253119,-1.33986191663974,0.040489717142193,-33.0914121216103,3.94981181806344e-240,1.78910883995834e-238
"YLR399C",1263.20332424525,-0.609346630184188,0.018486249094411,-32.962156199032,2.83293064236736e-238,1.27481878906531e-236
"YMR173W",276.117251091919,-1.9478820517776,0.05991600091174,-32.5102146694829,7.64783830555709e-232,3.4191796580364e-230
"YDR342C",14441.6365151684,-2.97159736323001,0.0915295034706437,-32.4660055015277,3.22028050637743e-231,1.43042782492959e-229
"YDR343C",8307.46633444935,-2.7605445305894,0.0850471514076991,-32.45898874797,4.04493529049971e-231,1.78521663301862e-229
"YMR145C",2955.79736492306,-0.756931881479287,0.0234165306860037,-32.3246808687895,3.1484570026156e-229,1.38070869191136e-227
"YJR148W",1789.01518987545,-1.48417184608384,0.0461823609704039,-32.1372016262871,1.33321761790668e-226,5.80962234132119e-225
"YNL134C",1449.19782346736,-1.33700900787221,0.0417178211806821,-32.0488695246464,2.27641657378917e-225,9.85731327706821e-224
"YJL016W",514.297802516839,-1.05377882458952,0.0330981245102376,-31.838022249979,1.92827062128973e-222,8.29758951723735e-221
"YOR108W",801.255196991005,-1.32668063128582,0.0425558417561691,-31.1750532133111,2.32150929924207e-213,9.92769659955382e-212
"YPR139C",798.770742611502,0.611218661428771,0.0197618653721149,30.9291987329918,4.83880470655308e-210,2.05649200028506e-208
"YOR100C",90.7149488453506,1.95560913698767,0.0640760491219981,30.5201266898381,1.40923074204934e-204,5.95248690736791e-203
"YJR052W",504.728876767015,0.640563027866179,0.0210886425023678,30.3747871772333,1.18276576720728e-202,4.96545262635493e-201
"YOL020W",1039.48938224484,-0.878677727344041,0.0289848051500922,-30.3151158958627,7.2466543415172e-202,3.02383122068763e-200
"YLR213C",292.905503805328,1.10876196325857,0.036640698923399,30.2603933832307,3.80828772260418e-201,1.57952174518854e-199
"YMR122C",215.459783779173,2.21998662777118,0.0736787933048815,30.1306051333512,1.9257574726243e-199,7.93942526887325e-198
"YLR417W",713.175965543493,0.704034599397965,0.0234931926854576,29.96759992667,2.59535175111845e-197,1.06363076228872e-195
"YKL037W",209.680600263494,1.54702830268838,0.0517334486569344,29.9038309420924,1.75458543612743e-196,7.14811877380911e-195
"YER072W",2695.38353097765,-1.13789764804064,0.0381178591722317,-29.8520869941611,8.24794558075976e-196,3.3404179602077e-194
"YIR028W",137.362060016698,1.07945698988424,0.0362092612600588,29.8116269793925,2.76137755130061e-195,1.11181780354998e-193
"YLL060C",489.258795502444,1.26307188660981,0.0424528583626166,29.7523402504754,1.61737941156359e-194,6.47421933059032e-193
"YEL040W",4369.16746836842,-1.44067213106676,0.048461504802936,-29.7281757329887,3.32103628540853e-194,1.32169565462646e-192
"YGR044C",495.968602089372,-1.18350535779722,0.0398177896064495,-29.723030070095,3.87059219009443e-194,1.5315532890115e-192
"YNR050C",1668.69196993286,-1.09914238067077,0.0370288715837074,-29.6833884928426,1.25814205011341e-193,4.94989029430335e-192
"YLR346C",67.131376570034,-2.14175839494293,0.0724083978266823,-29.5788673583066,2.79448968496131e-192,1.0931853114181e-190
"YPL018W",113.236002790052,-1.19461543650574,0.0403888428455038,-29.577857456214,2.87932192661515e-192,1.12000742738674e-190
"YNL300W",744.779788105312,-1.47583029716183,0.0500646936353884,-29.4784645624723,5.43694577210105e-191,2.10299840679302e-189
"YNL332W",56.486028790334,2.13478916336722,0.0725165024546479,29.4386669393263,1.75832410682278e-190,6.76316283546082e-189
"YPL134C",600.974160145108,1.30588243262094,0.0446770588849716,29.2293733117738,8.2131195859511e-188,3.1415182416263e-186
"YDR044W",2086.81465746002,-1.73356773133881,0.059559741647848,-29.1063675458614,2.98197608927924e-186,1.13430416434738e-184
"YIL119C",281.104626313431,-2.1531263350502,0.074090173015931,-29.0608895539659,1.12100561213137e-185,4.240727274464e-184
"YGR153W",147.187849381414,1.22754812189766,0.0422848968722797,29.0304154129884,2.71940788499805e-185,1.0231214911591e-183
"YMR244W",79.3449145290919,2.0056146032243,0.0691255388290387,29.0140899759868,4.37005813379039e-185,1.63520925277972e-183
"YNL279W",188.309941453674,1.07762326312063,0.0372573401809564,28.9237840888985,5.99764401487884e-184,2.23209616445626e-182
"YPL075W",790.672062114591,-0.890122194524159,0.0310042348498792,-28.709697202143,2.88726371328051e-181,1.06875326160948e-179
"YGR096W",345.980894833907,1.04479388950059,0.0364043845688888,28.6996718080348,3.85138734876382e-181,1.41801079659031e-179
"YLR258W",3529.33003660787,-2.17165549874597,0.0758419040836528,-28.633979130464,2.53789478639663e-180,9.29436468315999e-179
"YDL154W",91.619660030091,-1.36981341568693,0.0478467118390868,-28.6292069618859,2.90995021425095e-180,1.06005329233427e-178
"YLR108C",473.380038313636,1.47403733579802,0.0515005800779108,28.6217618047811,3.60209873816258e-180,1.30528683222365e-178
"YGR281W",1185.77535748775,-0.707736473021148,0.0247718828589821,-28.5701525818626,1.5786137386288e-179,5.69044795312006e-178
"YOL114C",121.846202607238,1.14023867370663,0.0401656109706602,28.3884309525266,2.809609243841e-177,1.00750831478361e-175
"YDR010C",47.5361374584304,2.19622503278396,0.0775060544697239,28.3361738358372,1.23915587293354e-176,4.42051201302975e-175
"YPL062W",46.4511617789374,2.52009081993434,0.0889645981790236,28.3268948718586,1.61227204060139e-176,5.72190360801061e-175
"YER056C",2399.77424015732,-1.29265652993064,0.0456801739668901,-28.2979773865919,3.65972380730475e-176,1.29216402119452e-174
"YER047C",616.319302360478,0.726447732611858,0.0257136947275832,28.2513944537342,1.36829276105939e-175,4.8064773774969e-174
"YCL048W",49.6863843906683,1.96178297892195,0.069449485089923,28.2476245343193,1.52225881711188e-175,5.32017865777426e-174
"YJR045C",7981.11064962317,-0.643253520542178,0.0227995518643497,-28.2134282449645,4.00195442091875e-175,1.39158869636493e-173
"YOL152W",149.442825943571,-1.37307044352987,0.0487544890414636,-28.1629542330376,1.66321917205177e-174,5.75440401988765e-173
"YJL200C",585.801736090721,-1.2900515635634,0.0459244605271792,-28.0907287479168,1.27151113440288e-173,4.37717708018193e-172
"YGL162W",494.367684304121,-1.48323740922125,0.0528976088162495,-28.0397818051394,5.32203495465968e-173,1.82299555536477e-171
"YMR017W",53.7731562379109,1.68538104792993,0.0602803707531773,27.9590358664325,5.1191362978107e-172,1.74481452526865e-170
"YKL108W",301.63739471872,0.982047647808418,0.0354258837967727,27.7211897786974,3.87836551300347e-169,1.31539638211965e-167
"YJR078W",110.529076893639,1.7621413529551,0.0637309695635868,27.6496868794212,2.81508882792963e-168,9.50092479426249e-167
"YIR042C",213.110970539156,1.17849425200457,0.0426342758920567,27.6419436555773,3.48804326785063e-168,1.17147209264154e-166
"YOR114W",122.592332682854,1.21012725275475,0.0439144992358546,27.5564397593479,3.70500356293245e-167,1.23829852091213e-165
"YMR195W",942.529908247164,-1.50595787138063,0.0548682302003178,-27.4468096726018,7.58430118147166e-166,2.52260452340253e-164
"YOR032C",163.564476877418,-1.09584255816534,0.0400324106308224,-27.3738838330562,5.61292189842806e-165,1.85793111878256e-163
"YJL170C",161.990120218825,1.18859639998374,0.0435375711969493,27.3004755962828,4.1868080502047e-164,1.3792427476392e-162
"YDL241W",233.057398032566,-1.78056006351281,0.0662502836540744,-26.876263244547,4.1614031185292e-159,1.36434573671779e-157
"YNL193W",495.394383165374,0.586784696742818,0.0219457820186616,26.7379260508396,1.70616230455094e-157,5.56726420229063e-156
"YOR126C",289.658065420734,0.782156275727673,0.0292656332097377,26.7261012301426,2.34149348575351e-157,7.6043314384023e-156
"YGR177C",202.362464984824,-1.6939367338016,0.063593842052345,-26.6368044315879,2.5449465133776e-156,8.22627077211493e-155
"YLR049C",290.35525705521,0.816841522960684,0.0307313396332444,26.5800818548452,1.15367185213433e-155,3.71169658969385e-154
"YLR151C",398.198732236846,1.14320301063895,0.0434347455052169,26.3200117173851,1.13186471756494e-152,3.62459933973701e-151
"YPL163C",1399.31648810291,-1.36472575149555,0.0518838096309562,-26.3034993228657,1.74885680473153e-152,5.57448106508174e-151
"YKL152C",17798.0123416116,-0.83174684876316,0.0316568911831022,-26.273800669572,3.82220044652491e-152,1.21271198499189e-150
"YEL065W",840.099173467949,-1.31606774324384,0.0501694908698816,-26.2324317114791,1.13414208650191e-151,3.5819120484246e-150
"YFL058W",50.4051827975057,1.96164100654656,0.0750010873466081,26.154834229017,8.68320199390225e-151,2.72985596931584e-149
"YGR082W",868.121317069629,-0.547496619725067,0.0209893679134427,-26.0844739099752,5.46999873791607e-150,1.71186096866146e-148
"YHR095W",22.0649905248215,3.73698001044745,0.143415557011574,26.0570058668451,1.12059076994644e-149,3.49107124483315e-148
"YIL015W",400.500674684791,-0.966982213179234,0.037222329858728,-25.9785514998464,8.65442671187605e-149,2.6840417978048e-147
"YBR025C",5380.54206735648,-0.623638126073331,0.0240879875739534,-25.8900053048714,8.63023474855848e-148,2.66453660286211e-146
"YHR007C-A",51.1967797997276,1.89288999196622,0.0735217756331138,25.7459776462971,3.57572645219126e-146,1.09905699211325e-144
"YKR039W",1011.60970367167,1.80066927195492,0.0702306133631858,25.6393784095699,5.55411822360177e-145,1.69956017642214e-143
"YGR110W",156.592556463516,1.45995486937809,0.0570088668302988,25.6092595863027,1.20309904337795e-144,3.66519332462707e-143
"YBR146W",765.292856841473,-0.483325706276986,0.0188929996051121,-25.5822641390521,2.40348866446978e-144,7.28987641183896e-143
"YLR214W",1536.09052720846,-1.17513546511538,0.0460852272969343,-25.4991791088237,2.01300971677545e-143,6.0787596052627e-142
"YOL136C",756.562619233326,-1.58632350405153,0.062296214324764,-25.4642039046173,4.91468029371125e-143,1.47762331101319e-141
"YNL220W",2229.46707526319,-0.853093916894165,0.033517508837332,-25.4521874234276,6.67664220119211e-143,1.99863832848729e-141
"YBR069C",1588.21819127879,-1.22694623951264,0.0482315929575702,-25.4386422731673,9.4291679117061e-143,2.81038186459292e-141
"YOR318C",70.3111102479836,1.33068310046206,0.0524474079305073,25.3717610263068,5.17054868515225e-142,1.53444946971005e-140
"YLR157W-E",72.6292657033825,-1.73790766241709,0.0687019345278814,-25.2963424445027,3.50440144285396e-141,1.03552806583903e-139
"YOL002C",1072.58122828958,-1.64239777575411,0.0650385378153279,-25.2526860369705,1.05818064248176e-140,3.11349304422518e-139
"YDL182W",2534.47277374807,-1.1134343830921,0.04418285574448,-25.2005979317262,3.94566460728522e-140,1.15599577962378e-138
"YDR119W-A",110.05300571982,-2.36718765310352,0.0943474943221633,-25.0900956099631,6.37913350462754e-139,1.86103110929494e-137
"YLR273C",153.589369780589,1.17094290877846,0.0467372766481771,25.0537256929396,1.59003580687695e-138,4.6191546541552e-137
"YKL162C-A",28.2931518983957,2.62133941030169,0.105327609523433,24.8874860272843,1.01646179961045e-136,2.94047877744452e-135
"YEL066W",351.104325869646,1.3227246874421,0.0532743907117707,24.8285277366832,4.41177699556839e-136,1.27092404244721e-134
"YFL068W",419.823239649588,0.798279219854693,0.0321850167622253,24.8028213175148,8.35810932071183e-136,2.39773261137921e-134
"YBR014C",536.81012022822,0.571944928121222,0.0231785016914597,24.6756643606502,1.95219060952719e-134,5.57710885750817e-133
"YLR089C",2081.63140196571,-0.785439256413945,0.0318567862013492,-24.655319951285,3.22708458499252e-134,9.18118899490639e-133
"YDR481C",2290.29879556029,-0.889551044077648,0.0361456923587928,-24.610153687131,9.83527502421489e-134,2.78666125686088e-132
"YMR265C",718.826348526372,0.483108555142754,0.0196501183541137,24.585529025153,1.80417181715973e-133,5.09087006604292e-132
"YHR143W",4030.39827171266,-1.21960221147532,0.0498303995200149,-24.4750638811445,2.72303664824413e-132,7.65228870333096e-131
"YDR089W",424.819081012553,-1.64392549692639,0.0673242927631846,-24.418013609277,1.10094641998344e-131,3.08130735836829e-130
"YBR296C",611.378691819826,-3.12645825832941,0.128154422961916,-24.3960230639758,1.88474366883714e-131,5.25362759511892e-130
"YLR136C",365.563587635902,-1.38197818021886,0.0567977142318302,-24.3315809255644,9.08371714787118e-131,2.52183034528601e-129
"YHR128W",848.062245510214,-1.14358769956243,0.0470741113098665,-24.2933465495447,2.30490076184854e-130,6.37318945595471e-129
"YIR027C",70.3452499478511,1.50808821242616,0.0621549422553011,24.2633676052935,4.77840965087919e-130,1.31597401785213e-128
"YHL040C",455.200190883472,-0.847829819600398,0.0350584144262305,-24.1833475208752,3.33065862883062e-129,9.13608950577643e-128
"YCL027W",151.187975251371,1.03950261148667,0.0430151226320543,24.1659804245692,5.07197227712355e-129,1.38573528285697e-127
"YCL021W-A",59.9288205781797,-1.47134955539057,0.0610439127204002,-24.1031331351547,2.31759800463183e-128,6.30698113118187e-127
"YLR161W",77.920435657848,1.12396553185917,0.0466880190446149,24.0739606189997,4.68544897848652e-128,1.27005181956219e-126
"YDR525W-A",384.817190195749,1.23648091013066,0.0513642833514336,24.0727764402099,4.82117627522121e-128,1.30171759430973e-126
"YEL044W",1381.19718158235,1.03668123329808,0.0430744492690736,24.0671964677304,5.51548080470952e-128,1.48336270861035e-126
"YCL025C",1493.3877399906,-1.83392472571689,0.0766779571658866,-23.9172350633878,2.02693322076322e-126,5.4301304377256e-125
"YOL164W-A",44.3162620601471,1.54545785186257,0.0646321056967529,23.9116122738396,2.31920394499255e-126,6.18903843460221e-125
"YJR095W",30.0478074643207,1.8894635189413,0.0791536021594836,23.8708469026374,6.15250432292947e-126,1.63552093680963e-124
"YMR319C",2765.60509456175,-0.795479256848749,0.0333465327688729,-23.854931556521,9.00076861047323e-126,2.38347276473493e-124
"YPR061C",294.178968469976,0.983881432768141,0.0414529437928551,23.734898966035,1.57354638983385e-124,4.15090685594103e-123
"YML008C",3820.0016725478,-0.582558758901958,0.024552192092484,-23.727362375936,1.88231083191625e-124,4.94645422814634e-123
"YOR237W",159.344838569517,0.839901060941153,0.0354041072877767,23.7232661768351,2.07478148953072e-124,5.43150971688934e-123
"YOL110W",857.179554674649,1.56773202632169,0.066188602376437,23.6858306420412,5.04714114259585e-124,1.31627146843835e-122
"YNL146W",68.3468299146545,1.38964764004227,0.0588001996301303,23.6333830290295,1.74950989916472e-123,4.54542477575438e-122
"YPR120C",258.47298473495,0.81189660473822,0.0343606116431591,23.6287005938633,1.95459684841818e-123,5.0591726696839e-122
"YNL024C",266.316905097314,-1.38565298124796,0.0586530488763731,-23.6245686761926,2.15541122393464e-123,5.5580547853146e-122
"YKL178C",38.9541672617956,1.63848781145357,0.0693772472943107,23.6170772890832,2.5734573889597e-123,6.61128885186102e-122
"YMR201C",319.671482169659,0.568807508111773,0.0240916430502766,23.6101583825036,3.03109112347892e-123,7.75801575656221e-122
"YKR069W",484.890590288176,0.903103263298478,0.0383146820415305,23.5706840087979,7.70451966229725e-123,1.9646525138858e-121
"YDR260C",479.709104632008,0.793845481689147,0.0339175316117105,23.4051667077996,3.78602467962756e-121,9.61873797757778e-120
"YNL148C",547.09182167541,0.674854309981225,0.0288822917145684,23.3656773725066,9.5493573051453e-121,2.4171810678649e-119
"YLR260W",536.07370322201,0.546387036457735,0.0234149149099672,23.3349998733137,1.95722523294093e-120,4.93607902153783e-119
"YLR092W",588.698749326459,0.70783604412373,0.0303864835222314,23.2944375944608,5.04783442209549e-120,1.26840656920173e-118
"YER055C",3091.29395898616,-0.961484985560857,0.041432593022174,-23.2060055967602,3.95993386767627e-119,9.91423442870949e-118
"YDR460W",490.178991873835,0.451914134928694,0.0194991111973462,23.1761402022365,7.92578143611125e-119,1.97713786911688e-117
"YER131W",7808.03705693302,-0.586322386985379,0.0253088705850318,-23.1666752973221,9.87338798846901e-119,2.4540893971339e-117
"YDL035C",972.028727004754,0.556296803892297,0.0240190281857001,23.1606707645021,1.13496664444093e-118,2.81087962121431e-117
"YLR326W",242.361548612243,0.655575125082318,0.0283201127496748,23.1487470010106,1.49661754539399e-118,3.69326587814968e-117
"YIL047C",720.825795315402,-1.14668263420377,0.0496302442123985,-23.1045132338338,4.17073031191798e-118,1.02555279276983e-116
"YOR328W",455.404560061215,0.720987887434255,0.0312381052533085,23.0803975333265,7.28649273294134e-118,1.78532037246623e-116
"YDR078C",170.970950334235,1.0242236498846,0.0444250924364327,23.0550707654722,1.30834400677082e-117,3.1943079739777e-116
"YMR199W",782.688178943226,-0.782192885572352,0.0339320314680329,-23.0517552805305,1.41246830612525e-117,3.43634073769342e-116
"YDL227C",94.1162068475889,-1.99321745871659,0.0865251583219316,-23.0362763544503,2.0192064103228e-117,4.8951535686875e-116
"YJR070C",1537.02498621589,-1.33571321534008,0.0580776703099383,-22.9987395880705,4.79863777523617e-117,1.1592498625439e-115
"YHR142W",1171.58962421955,0.475740762178534,0.0207122820572687,22.9690171688049,9.51392852830281e-117,2.29032859850926e-115
"YDR384C",624.342549084186,-0.857184473162977,0.0374619759456717,-22.8814538348455,7.10918043922608e-116,1.70546018550772e-114
"YDL090C",408.827223111485,0.48099148929837,0.0212045784869469,22.6833789501856,6.53715693949937e-114,1.56278908084907e-112
"YMR280C",561.697945682738,1.11655934947428,0.0492797854000792,22.6575529988505,1.17531760012469e-113,2.80002134147352e-112
"YDR076W",179.214270644809,0.843250646881079,0.0372784132863077,22.6203470733773,2.73321505808379e-113,6.48902954307135e-112
"YNL144C",1165.82152164471,-0.852097950977914,0.0377062426271275,-22.5983256779045,4.50117265422859e-113,1.06496816922213e-111
"YKR053C",506.441926908844,-0.798912505343871,0.0353595901894612,-22.5939413059709,4.97090087073887e-113,1.172077140241e-111
"YBL085W",1847.48754447261,0.565513456846371,0.0250597640153031,22.5665914691388,9.22921696485091e-113,2.16870849156992e-111
"YPR069C",1711.02743183802,-0.572899417775305,0.0254322714581753,-22.526474629585,2.28429427109581e-112,5.34944423690295e-111
"YNL154C",2245.49257543698,-0.517404735061893,0.0230295976182496,-22.4669463895401,8.73975747283402e-112,2.03977051526991e-110
"YHR049W",1021.80950676628,-0.72803264294136,0.0326026277088009,-22.3304897213801,1.86868472216306e-110,4.34658591624753e-109
"YKL221W",54.3161237867344,1.2907352080014,0.0578222740070466,22.3224567031746,2.23656713340377e-110,5.18476926379964e-109
"YGR108W",341.682341320869,-1.2163588212741,0.0545600717335602,-22.2939373542999,4.23096776242761e-110,9.77523927661547e-109
"YLR432W",3471.7312902339,-0.653572771692008,0.0294936564936027,-22.1597743173611,8.39704655630919e-109,1.93356740937086e-107
"YOR212W",1367.16414532191,-0.665705174893979,0.03006125950517,-22.1449528679758,1.16683091642735e-108,2.67787695320078e-107
"YPR007C",38.8343593709902,1.66242299830543,0.0751266572512676,22.1282705650714,1.68932945740223e-108,3.86413066917421e-107
"YIL014C-A",88.544529284931,1.21104668776012,0.0547518045203516,22.1188451845449,2.08189584252623e-108,4.74630889926923e-107
"YGR157W",1165.00438996783,-0.89394228401581,0.040418231721996,-22.1173031557765,2.15427681790054e-108,4.89511415552647e-107
"YLR452C",391.683335513916,-0.742932178876341,0.0336697780770844,-22.0652532124048,6.81858134322778e-108,1.54427409697774e-106
"YHL035C",830.49068792565,-0.755532410802625,0.03426042080231,-22.0526307940644,9.01291469878582e-108,2.03455467872591e-106
"YKL043W",1410.98969309464,-1.25231271595983,0.0569923363182239,-21.973352855152,5.17999841301863e-107,1.16549964292919e-105
"YHR174W",136426.688049055,-1.11581032992497,0.0508724751323587,-21.9334783106559,1.24534296872966e-106,2.7928945731934e-105
"YOR227W",1493.8866530343,0.765485394057958,0.0349444987517658,21.9057482980573,2.28988589250676e-106,5.11878713308736e-105
"YGR249W",596.351112788733,-0.858210800912254,0.0392045394386398,-21.8905977012041,3.19300151598764e-106,7.11450337785596e-105
"YER044C",746.684900448207,-0.762070791710312,0.0348414074002445,-21.8725605127239,4.74202593403655e-106,1.05318866309167e-104
"YPR160W",2181.93453074973,-2.41920781000158,0.111215060664398,-21.7525198075625,6.53879222951344e-105,1.44757506431511e-103
"YDR059C",422.644161489879,0.979764020658537,0.0451904112127847,21.6807945394698,3.11456457253079e-104,6.87300547495977e-103
"YOR161C",867.925113406648,-0.84326268086926,0.0389088239378471,-21.6727877001959,3.70624694302277e-104,8.15255917019546e-103
"YDR111C",845.413086790425,0.96611137394118,0.0446298852640767,21.6471848006031,6.46081365625785e-104,1.41664656125272e-102
"YMR105C",4115.11025441316,-1.5601444843151,0.0721713303767289,-21.6172332721493,1.23672483023764e-103,2.70312712894799e-102
"YIL024C",180.442074519119,1.17953315924419,0.0546090130319353,21.5996058847355,1.81154289461542e-103,3.94698507260352e-102
"YHR110W",796.326754867223,0.627776941526215,0.0291681572439175,21.5226809248338,9.5479032742238e-103,2.07373230419656e-101
"YGR197C",349.304748218396,0.582797677910945,0.027102032173269,21.5038368409054,1.43333848023517e-102,3.10331303032049e-101
"YMR291W",1866.06603406794,-0.881021848858599,0.0410194220819181,-21.4781633709794,2.49164806982752e-102,5.37774199396944e-101
"YIL051C",4243.09639660543,-0.428401404222207,0.0200005663691024,-21.4194636449905,8.79962238207205e-102,1.89329375314269e-100
"YJL213W",386.320249480508,-0.863713923797598,0.0403469505251975,-21.407167395667,1.14568067795043e-101,2.45732444476283e-100
"YMR081C",428.304135693713,-1.52394651736898,0.0712688906962344,-21.3830537066224,1.92136558600711e-101,4.10826150921086e-100
"YBR287W",2141.94118573552,-0.603039882354834,0.0282230620854361,-21.3669190298816,2.7146587146663e-101,5.78650936547289e-100
"YKR077W",282.654403633338,0.897044297079866,0.0420206023255719,21.3477258162471,4.09381241756823e-101,8.69935138733248e-100
"YNL141W",768.355579680174,-1.42766404869772,0.066916788279628,-21.334915876893,5.38412778871037e-101,1.14060676385449e-99
"YML075C",1453.92904842176,-0.722086612290151,0.033864605673301,-21.3227527069493,6.98279559772625e-101,1.47474072669771e-99
"YFL060C",129.090941787423,0.920848470371564,0.0432547518739374,21.2889550968945,1.43696118326849e-100,3.02552836293687e-99
"YKR061W",304.675174109853,-0.645160924250895,0.0303519262844202,-21.2560124917693,2.90038492265955e-100,6.08815554649725e-99
"YKR106W",86.534577443795,0.895549200569745,0.0421320363745694,21.2557777318899,2.9149261575982e-100,6.10008103193423e-99
"YLL056C",185.769758886925,0.85822230829295,0.0404341988291377,21.2251592252274,5.59364487931412e-100,1.16703772709327e-98
"YPL060W",182.838123866999,0.691432043694122,0.0326073600512346,21.2047845212769,8.62647578066824e-100,1.79435908609972e-98
"YOR204W",1108.10362873793,-1.05306520609979,0.0498575701553976,-21.1214706777239,5.04981609612628e-99,1.04722842836836e-97
"YCR021C",719.180367524725,-2.60021611860453,0.123200093034981,-21.1056343753429,7.06009956510771e-99,1.45972328846146e-97
"YBL084C",460.935835232893,0.578153724596513,0.0273995148106367,21.1008745443941,7.80786552074958e-99,1.60949563204673e-97
"YDR430C",805.766926694455,-0.431401650072815,0.020445698716698,-21.0998731836193,7.97497057180938e-99,1.63903499662411e-97
"YFR030W",776.985156583295,1.04032315746572,0.049340422713826,21.0846016358552,1.10136992810387e-98,2.25682498660569e-97
"YIL055C",402.393633518794,0.702154116291268,0.033358503003958,21.0487298008534,2.34890659174701e-98,4.79887889738225e-97
"YLR155C",1201.32244664369,0.810797806860267,0.0385426580984424,21.0363749378519,3.04808128588938e-98,6.20888747140485e-97
"YBR238C",369.913602692486,-1.78774856698434,0.0850651431206147,-21.0162294613373,4.66016570069123e-98,9.46467281689059e-97
"YIL077C",663.823061336229,0.531258980983929,0.0252891168560865,21.0074153244331,5.61066746574918e-98,1.13616016181421e-96
"YHR176W",238.946998659402,0.877778774913103,0.0419145251102007,20.9421142815114,2.21412642674213e-97,4.47045760941923e-96
"YGR264C",2421.66830059223,-0.700647557298996,0.0334588499425537,-20.9405750198215,2.28682711506873e-97,4.60374406059888e-96
"YGR223C",854.892142232707,0.46981174539483,0.0224495554941084,20.9274408804275,3.01240894207123e-97,6.04677421753948e-96
"YLR231C",509.012186338844,0.626765071777583,0.0299834630232746,20.9036918547753,4.9559790296371e-97,9.91916151716612e-96
"YGL234W",3751.0571053424,-1.0737678179086,0.0514135477776392,-20.8849197210156,7.34279675302045e-97,1.46536683027669e-95
"YGR230W",148.394972253689,0.866046437384887,0.0416609575649881,20.7879628314812,5.56225328314354e-96,1.1068240998394e-94
"YHL021C",1938.5608098747,-1.7581577672352,0.0845845107507159,-20.785812338819,5.81713762076583e-96,1.15420727720383e-94
"YDL024C",60.8632498594144,1.16361497643188,0.0560685335979472,20.7534405086435,1.14125156000145e-95,2.25790718120977e-94
"YDR518W",790.896864237254,0.443007235386072,0.0213795833330174,20.721041588398,2.23791562986801e-95,4.41491378557056e-94
"YER042W",546.421745219848,1.231568456033,0.0596186340375568,20.6574416860537,8.36819758279204e-95,1.64614401021495e-93
"YDL022W",3768.17792165819,-1.27601772002013,0.0620173682457463,-20.5751671848418,4.58147859320977e-94,8.98674647129609e-93
"YMR252C",356.467248130197,0.61168384346022,0.0297587501112072,20.5547558675812,6.97803687256272e-94,1.3648802235112e-92
"YLR286C",8295.4034047049,-0.570837687565921,0.0277974271351307,-20.5356303225808,1.034633327312e-93,2.01797463414819e-92
"YAR008W",266.777708473385,0.602351638218654,0.0293332569312776,20.5347684244492,1.05315257247387e-93,2.04829250324367e-92
"YLR250W",1325.83854211232,0.600312472282343,0.0292567479208029,20.5187696837451,1.46369831248012e-93,2.83875010744383e-92
"YMR120C",2050.61058672089,-2.50923813245098,0.122339761494885,-20.5104056260228,1.73838638259657e-93,3.3620197315105e-92
"YDR134C",2419.24132674117,-1.43222261155852,0.0698460009926345,-20.5054346878006,1.92541623962929e-93,3.71330274785649e-92
"YGR107W",20.524337679043,2.13474453743417,0.104112337804285,20.504241691769,1.97321120905172e-93,3.7948489313746e-92
"YML055W",445.387552216201,0.963639831865762,0.0470381318633258,20.4863542341715,2.84948904739782e-93,5.46482788059443e-92
"YPR123C",60.7653421400413,-1.50228328969566,0.0733960927123954,-20.4681643692178,4.13919939643918e-93,7.91621884568993e-92
"YDR461W",577.411603661683,-1.06443257573142,0.0520375534526841,-20.4550849359063,5.41279200402138e-93,1.03232889051765e-91
"YFR027W",199.498134622077,0.79883212227446,0.0391162821172895,20.421984888011,1.06642108663153e-92,2.02826220482268e-91
"YDR018C",124.664059239559,1.29927308961159,0.0638767067433635,20.3403267928583,5.65523756245816e-92,1.0726256368464e-90
"YHL023C",665.362946934625,0.429162678173952,0.0211802094836917,20.2624378434216,2.75955271632704e-91,5.2196484757999e-90
"YAL003W",8651.89372401942,-0.868072431435155,0.0429021351309001,-20.2337815772234,4.9367749039479e-91,9.31224526402227e-90
"YJL219W",105.610574731276,1.02521022195355,0.0506885648051204,20.2256707384618,5.819365949191e-91,1.09207735381006e-89
"YOL156W",166.911655085033,0.908160713059323,0.0449014244305772,20.225654855637,5.82124021566144e-91,1.09207735381006e-89
"YDR072C",1934.00939907014,-0.63981397443046,0.0316446628308436,-20.2187009496857,6.70248713307678e-91,1.25398434541396e-89
"YPL027W",26.5856522714049,1.68866769455647,0.0836165422901867,20.1953781907895,1.07500584087511e-90,2.00580358114503e-89
"YKL161C",318.974317032198,0.790955809916386,0.0391698477873604,20.1929763477819,1.12856588629617e-90,2.1000476019322e-89
"YGR067C",181.735254152558,1.39550683002941,0.0691521045956885,20.1802510305149,1.46002869642912e-90,2.70951417113599e-89
"YMR244C-A",54.9906993411508,1.26494654277035,0.0627123151177016,20.1706242290089,1.77385627359589e-90,3.28306463540529e-89
"YOL143C",2906.53858086211,-0.838898946161542,0.041708871752615,-20.1132016022214,5.6553071930526e-90,1.04388177008491e-88
"YDR477W",1230.2604738116,-0.33155740862771,0.016524640739196,-20.0644246286858,1.51028295998752e-89,2.78029363088612e-88
"YLR105C",545.661119860402,0.397447717313051,0.0198139568648242,20.0589776198939,1.68513127105486e-89,3.09390101365672e-88
"YJL210W",660.52477001664,0.774948502266597,0.0386364639884252,20.0574385507627,1.73809691680786e-89,3.18265884899525e-88
"YIL101C",601.103804899253,-1.1502620604634,0.0574644994140757,-20.016916047156,3.92261998266413e-89,7.16372376144364e-88
"YIL070C",383.951354266676,-0.636401159968338,0.0318705028033014,-19.9683438914059,1.03839612397216e-88,1.89136436866358e-87
"YMR042W",353.14775868606,1.05528143548471,0.0528882126963494,19.953055353628,1.4100277416646e-88,2.56148839086036e-87
"YML001W",1281.91542265935,0.431160759806654,0.0216574054189658,19.908236996343,3.45252461163076e-88,6.25542946080994e-87
"YOL047C",195.40590292699,1.0764489647671,0.0540829720499466,19.9036577311797,3.7828936950764e-88,6.83601655921286e-87
"YPL153C",253.004697875741,0.726844217122049,0.0365291023350057,19.8976752961574,4.26244442495062e-88,7.68244237324215e-87
"YMR266W",1575.87008135671,-0.554242287261527,0.0278730115094973,-19.8845498654739,5.53769746168374e-88,9.95484256493278e-87
"YOL061W",1423.77293196023,-0.725127729901782,0.0364696025950167,-19.8830718819202,5.70327572771613e-88,1.02257951524285e-86
"YLR403W",550.523296262603,-0.598104687610878,0.0301045706227971,-19.8675707787028,7.76717191962711e-88,1.38901243289955e-86
"YBR043C",727.739792164752,0.445156067478189,0.0224239391740169,19.8518228230836,1.06274974067076e-87,1.89560413588554e-86
"YLR446W",165.033020821101,-0.792148189379954,0.0399242647279316,-19.8412718375188,1.31099873667287e-87,2.33235821756917e-86
"YLR158C",1694.70251724842,0.776390077758854,0.0391326257553218,19.8399688948363,1.34541938282018e-87,2.38742588936003e-86
"YPL061W",13085.9951971978,-1.52385445676926,0.0769552183425766,-19.8018339703178,2.8705069648401e-87,5.0805759519085e-86
"YAR075W",154.69224115796,-1.04355202896042,0.0527790894521517,-19.7720733683078,5.18026791182135e-87,9.12177610559847e-86
"YPL221W",2131.09717608786,-0.537760598126416,0.0271979066666755,-19.7721319040083,5.17426063209961e-87,9.12177610559847e-86
"YOR383C",26573.5437465487,1.19976341946624,0.0606951400668544,19.7670426025004,5.72341683710019e-87,1.0052480847815e-85
"YNL333W",219.402693141114,0.936639558287697,0.0473884098401044,19.7651611743897,5.94083193148063e-87,1.04077933456092e-85
"YKL185W",1125.30979667601,-0.72112488683823,0.0365068395360651,-19.7531447806056,7.53748075965169e-87,1.31714606675639e-85
"YJL194W",71.1901323046326,1.27887134557336,0.0648117922299237,19.7320780921547,1.14370846411339e-86,1.99352728491663e-85
"YNR056C",195.183435907816,-0.736044131527535,0.0373100797817771,-19.7277554975112,1.24580066914772e-86,2.16599434522274e-85
"YLR307W",33.1101658381822,1.83191500848201,0.0928842548628319,19.7225569735939,1.38068856892323e-86,2.39446871461875e-85
"YLR160C",4272.67999137288,0.799843968647613,0.0405967919187519,19.7021471609968,2.06666845654016e-86,3.57512872444197e-85
"YBR187W",1592.93878865902,-0.483514800278499,0.0245669573660678,-19.6815093165072,3.10612963993138e-86,5.35982520574626e-85
"YLR008C",335.868256517994,-0.772850060045278,0.0392795278724072,-19.6756453528603,3.48709284084947e-86,6.00215855231216e-85
"YFL059W",232.164724366313,0.989654229745579,0.0503224883551083,19.6662419147864,4.19762332442619e-86,7.20714129393374e-85
"YPR140W",476.798071316705,0.643295334090513,0.0327276148938034,19.6560408137873,5.13253646330451e-86,8.79042625618198e-85
"YDL244W",67.2131495399837,1.53323776257613,0.0780330257941942,19.6485750356513,5.94587496558999e-86,1.01581511508901e-84
"YPL268W",392.250120287767,-0.475371281297221,0.0241998693018955,-19.6435474657703,6.56481442433479e-86,1.11878087404814e-84
"YJL026W",2035.15627161118,-0.493519103532212,0.0251276595528901,-19.6404723843629,6.9746404259847e-86,1.1856888724174e-84
"YGL008C",23354.7430094573,-0.84974962265271,0.0433291983667769,-19.6114780490438,1.23393414864551e-85,2.09252133335575e-84
"YMR011W",27244.8913252134,-1.03005440292653,0.0526805454381878,-19.552842408117,3.90164789058017e-85,6.60020779524435e-84
"YOL112W",614.774613109383,0.440262988103196,0.0225243671949804,19.5460757806022,4.455000834761e-85,7.51781390865919e-84
"YDR452W",2393.92041927583,0.580985119667934,0.0297275068488286,19.5436880267956,4.6684035023827e-85,7.85866946550241e-84
"YBR085W",206.735457361724,-0.999020647799942,0.0511360013450778,-19.5365421918369,5.36991134042402e-85,9.01752184849254e-84
"YLR157C",1366.83969836616,0.786094633461069,0.04038182138593,19.4665472354094,2.1102504780311e-84,3.53505463290611e-83
"YJR048W",163.691849397677,-0.883971631536715,0.0454578528636966,-19.4459609473255,3.15311629944445e-84,5.26922468972695e-83
"YLR046C",254.623007988367,0.56199534657498,0.028972709986963,19.3974035162007,8.11687595729732e-84,1.35314021709424e-82
"YNL137C",659.160780207221,-0.364672932767276,0.0188057223959352,-19.3915939568532,9.08765420896689e-84,1.51131640649123e-82
"YPR145W",4790.63359453924,-1.04468321137323,0.0538913278959556,-19.3849966619886,1.03311706130269e-83,1.71397854628169e-82
"YPL107W",286.260600498336,0.61440247320987,0.0317620856061291,19.3438957639265,2.29466750806343e-83,3.79778504639826e-82
"YFL021C-A",48.2033284781832,1.5689458914056,0.0811514191115632,19.3335607507823,2.80382783393445e-83,4.6293416394817e-82
"YKR080W",1420.43175422689,-2.50039952052053,0.129540398876771,-19.3020829193146,5.15872553876733e-83,8.49708740057728e-82
"YCR024C-A",1343.34124726172,-1.03781750585328,0.0539352841743045,-19.2419029906161,1.65036702237265e-82,2.71187994010398e-81
"YOL052C-A",238.287009262738,-2.44587968193947,0.12761931313865,-19.1654352447594,7.19523946389823e-82,1.17950532640332e-80
"YKL163W",430.772035455081,-1.48737544100569,0.0777234196582405,-19.1367730285912,1.24761808146626e-81,2.04034453465444e-80
"YDR191W",149.769501857851,0.772308824206528,0.0403658713248658,19.1327177850557,1.34856766456294e-81,2.20021051434024e-80
"YER130C",552.526663930393,-0.530320869550481,0.0277303023376617,-19.1242368400084,1.58678757822479e-81,2.58274999434461e-80
"YML106W",2580.01210504664,-0.530909962610204,0.027774163230744,-19.1152460003737,1.88529029329553e-81,3.06137350691974e-80
"YBR054W",332.509896615266,-1.92761416309453,0.101085835632425,-19.0690827358231,4.56237478894627e-81,7.39104715809296e-80
"YLR137W",490.984505876036,0.840818853269516,0.0441127782345089,19.0606642093504,5.35901716045024e-81,8.66122843889668e-80
"YOR222W",1595.30257816687,0.758978839158615,0.039871041372424,19.0358418800555,8.60977895743772e-81,1.38825124407397e-79
"YNR066C",47.9622038233965,-1.22512012366778,0.0644951363256145,-18.9955428186485,1.85657946413386e-80,2.98657701181346e-79
"YLR058C",3559.47253105914,-2.07423459481264,0.109263840624815,-18.9837240110848,2.32516172809446e-80,3.73164067550825e-79
"YDL229W",11301.957711158,-1.07652806826772,0.0569834075183105,-18.8919567142733,1.3282974217749e-79,2.12682040672562e-78
"YPR079W",564.183250558028,0.448155202955465,0.0237402503201676,18.8774421883308,1.74851137626926e-79,2.79315564399393e-78
"YLR180W",4599.55395400119,-0.960357262713814,0.0509497718560578,-18.8490983909996,2.98893087516661e-79,4.76360858229678e-78
"YKR055W",187.563386446767,0.550052547239991,0.0291828765461011,18.8484691141072,3.02469439787995e-79,4.80947365575137e-78
"YBR158W",1423.13977122153,-0.655091898856164,0.034786284462869,-18.831901968588,4.13634530562162e-79,6.56192106663707e-78
"YLR244C",2074.6227571971,-0.672409698388936,0.035717344862825,-18.8258590041162,4.63628793988136e-79,7.3381247048467e-78
"YIL013C",303.250177230171,-0.466654973341886,0.0248107671765366,-18.8085668621807,6.42513591535853e-79,1.01461148571659e-77
"YPL273W",1498.51392212787,-0.382093500273326,0.020328652906441,-18.7958101322229,8.17227159572722e-79,1.28755354545954e-77
"YDR058C",182.830891096468,0.667987519465484,0.0355706319687644,18.7791861570541,1.11780240489804e-78,1.75709350632945e-77
"YDR259C",200.687602384817,1.03948248220555,0.0553835311074288,18.7688011475693,1.3591816430429e-78,2.13165503698185e-77
"YPL015C",1125.19796775567,0.578024717708237,0.0308039310047431,18.7646413575993,1.46986244409857e-78,2.30000066536788e-77
"YCL026C-B",230.612208196254,1.06687191521157,0.0568565100378179,18.7642877570562,1.47967531867843e-78,2.31010534446734e-77
"YGL131C",293.619377868261,-0.641805545155643,0.0342501978968448,-18.7387397611144,2.3922661346717e-78,3.72641455593092e-77
"YNL047C",384.798687335449,0.426332509226562,0.0227701661082739,18.7232937695455,3.19753500911124e-78,4.96953240129365e-77
"YLR256W-A",697.800068812107,-0.632748446454486,0.0338048261183306,-18.71769564025,3.5518809488066e-78,5.50781539021024e-77
"YGR246C",711.066316510502,0.497320561904581,0.0265790846094394,18.7109740313615,4.02942986760266e-78,6.23429767156053e-77
"YKR058W",1328.73686921026,-1.16347609485688,0.0622794851647765,-18.6815303912452,6.99836516009962e-78,1.08035300733825e-76
"YBR034C",1123.67776348488,-1.27376308645014,0.0682625196719811,-18.6597724867305,1.05178055298714e-77,1.62002440879563e-76
"YOL154W",266.86393760291,0.885055476728009,0.0474906683084206,18.6364081250691,1.62812822026683e-77,2.50215687422704e-76
"YJR156C",99.9528972366166,1.33796778367124,0.0718062475552906,18.6330274763489,1.73430862211948e-77,2.65940197400726e-76
"YPL040C",340.193783027417,-0.464553455188994,0.024935906954771,-18.6299000887197,1.83867197139635e-77,2.81316811623642e-76
"YMR012W",2515.20899266114,-0.574788368286839,0.0308638867402037,-18.6233306623081,2.07873684101014e-77,3.17341533267291e-76
"YLR347C",707.180728211607,-0.544991013709752,0.0292969006122059,-18.6023436719,3.0756276481736e-77,4.68488857470691e-76
"YDR480W",326.342728411917,0.500833004337245,0.0269240560999697,18.6016921996314,3.11323542349352e-77,4.73170549464744e-76
"YBR207W",1417.30168324298,0.456128948174811,0.0245469788905558,18.5818772325706,4.50468437905561e-77,6.83144316074843e-76
"YOL011W",478.527727089412,-0.52737019966394,0.0284878929463165,-18.5120816291234,1.64999452886625e-76,2.49674996291079e-75
"YDR019C",548.341301091814,-2.36150394406773,0.127695533305327,-18.4932384316157,2.34066198714818e-76,3.53409161875334e-75
"YLR159W",37.3363723073709,1.14680271734038,0.0620784240765895,18.4734508711997,3.37784682708611e-76,5.08894428982229e-75
"YCL063W",511.66276626334,0.688052169600378,0.0372629227647658,18.4647933803779,3.96537637244224e-76,5.96105159918446e-75
"YBR018C",68.9875242116847,0.931105850031369,0.0504970052813495,18.4388330524476,6.41099622556901e-76,9.61649433835352e-75
"YDR104C",312.5729561433,0.551019054722215,0.0299287184171117,18.4110474442223,1.07130447537434e-75,1.60346332890268e-74
"YML101C",444.344223143479,0.898186366600014,0.0488396635586789,18.3905109321828,1.56498217723437e-75,2.33728900005611e-74
"YMR018W",59.8967821657625,1.17235891798044,0.0639039753293012,18.3456336157367,3.57731736302577e-75,5.33113204424945e-74
"YGL163C",620.531830912464,0.56262968247596,0.0308096685242968,18.2614649694223,1.67729855748672e-74,2.49421178580909e-73
"YJL212C",677.352519328744,-0.642626128014882,0.0352109706994573,-18.2507359282994,2.04140678660574e-74,3.02911330296994e-73
"YBR199W",2512.54145749306,0.330683714306481,0.0181439837209913,18.2255297067922,3.23726054439397e-74,4.79323416089301e-73
"YJR137C",735.029806839129,0.637834628710513,0.0350227658153464,18.2120005048552,4.14519984892986e-74,6.12439934761419e-73
"YAL038W",21106.6336168437,-1.24221523054378,0.0682461089207426,-18.2019934936718,4.9763414967619e-74,7.33664051503334e-73
"YMR136W",1600.4444579147,-0.639763714574065,0.0351715132717954,-18.1898262275539,6.21368527031631e-74,9.14128698421534e-73
"YMR267W",443.438723548471,-0.403357821532001,0.0221805770709145,-18.1851815776663,6.76310837948102e-74,9.92835846326797e-73
"YJL037W",25.2461621962588,1.68172112590143,0.0925977765049087,18.1615713614061,1.0400473843297e-73,1.52355877470425e-72
"YHR063C",978.768353035983,0.342454540080068,0.0188937809782539,18.1252519267701,2.01418479200548e-73,2.94430197302712e-72
"YOR003W",365.598839369421,0.617222574124898,0.0340557298067978,18.1238980232247,2.06437542283021e-73,3.01127643775128e-72
"YDR074W",5729.38123619141,-0.793747417520851,0.0438117839368507,-18.1172129093154,2.33108170303595e-73,3.39312844088848e-72
"YAR007C",746.847194730292,0.508778765274485,0.0281076035735334,18.1011079063873,3.12321986532129e-73,4.53657569045086e-72
"YGL096W",163.727444999869,-0.820668261953124,0.045341927298784,-18.0995451857454,3.2130995048866e-73,4.657303177083e-72
"YNL097C-B",48.7200032876026,1.05560479732459,0.0583250636806761,18.0986480032653,3.26586126122384e-73,4.72383503855591e-72
"YLR420W",1232.08601986777,-0.614183924850212,0.0339484165232399,-18.0916810782548,3.70607686222939e-73,5.3493373577462e-72
"YIL046W",967.983390843884,0.814632174015772,0.045086692942961,18.0681287724154,5.68080044191645e-73,8.18249184991522e-72
"YOL162W",60.5544387418836,1.33510307733275,0.0739300525908157,18.0590034843098,6.70215768578085e-73,9.63347717465578e-72
"YPL255W",332.213478012397,0.437093516549185,0.0242069947550109,18.0564965198212,7.01350549635769e-73,1.00599969463381e-71
"YMR307W",10668.6976057619,-0.604214959231008,0.0334715797229484,-18.0515817966235,7.66633625803766e-73,1.09735395294364e-71
"YLR191W",373.928743964227,0.470589222753206,0.0260709435720773,18.050333370259,7.84159975546977e-73,1.12011233021596e-71
"YDR037W",7068.65650211655,-0.530086437811299,0.0294118460376839,-18.022889047227,1.28836340112583e-72,1.83651801589055e-71
"YPL024W",284.115063899313,0.570499498948129,0.0316630715943859,18.0178191887512,1.41200829074985e-72,2.00861096731668e-71
"YMR148W",340.143240579239,0.695599202433749,0.0387082706114972,17.9702991491214,3.32914736493896e-72,4.72601641393913e-71
"YGL252C",1834.23989280178,0.32756177289536,0.0182374465425621,17.9609449234522,3.94042349518398e-72,5.5822666181773e-71
"YJR101W",528.0137968905,-0.414537206235211,0.0230945655988947,-17.9495563343721,4.83752669155891e-72,6.83909061014027e-71
"YFL054C",946.535513390613,1.28114023587886,0.0713889337656654,17.94592198399,5.16462867137079e-72,7.27167042993617e-71
"YHR061C",289.293149153391,0.582914875934112,0.0324817180582486,17.9459373081432,5.16320417993676e-72,7.27167042993617e-71
"YKL096W",2619.26097217407,-1.29167054346628,0.0720315341154506,-17.9320149060829,6.63316680279307e-72,9.32027621167965e-71
"YDR036C",527.94275850236,-0.441151054595125,0.0246781444963225,-17.8761841134719,1.80795519332703e-71,2.53518767944126e-70
"YDR213W",580.761258468804,-0.864093361389735,0.0483749520713605,-17.8624127650827,2.31415990863765e-71,3.23841279897769e-70
"YFL020C",33.5114770581477,1.25243643370686,0.0702310175326771,17.8330953716302,3.91153094076628e-71,5.46265527934601e-70
"YFR026C",74.1493587704684,0.893386506337992,0.0501202285526027,17.8248689628451,4.5315130299461e-71,6.31568162169613e-70
"YLR359W",3697.53182961911,-1.01398395478718,0.0568870805170593,-17.8245033067413,4.56123754470788e-71,6.34426676673005e-70
"YLL043W",2577.21608067721,0.383232268321562,0.0215306710396527,17.7993648045511,7.14749460888e-71,9.92147185123766e-70
"YNR003C",254.737975140594,-0.736386422080118,0.0414303918817365,-17.7740636434756,1.12256353612948e-70,1.55510059280714e-69
"YER060W-A",255.401364658684,-0.839045394201703,0.0472097874542413,-17.772700099846,1.150188639294e-70,1.59017043806007e-69
"YLL061W",809.594519088277,1.14577328683442,0.064490952775123,17.7664189708854,1.28645468770739e-70,1.77499810117543e-69
"YOR095C",700.877230657516,-0.991350789019522,0.0558072383446736,-17.763838857189,1.34698735759717e-70,1.85480159141131e-69
"YJL181W",310.548901424074,0.585508596402781,0.0329648846258441,17.7615848818639,1.40218723442644e-70,1.92695790599322e-69
"YDR539W",515.945995198599,-0.359194209959077,0.0202312347695963,-17.7544383251821,1.59255858000217e-70,2.18421629946512e-69
"YLR327C",2525.82311233056,-2.21372881265153,0.124901142320066,-17.7238476088451,2.74480125290198e-70,3.75704903105967e-69
"YCL055W",320.256492071888,0.549066570540369,0.0309863750718517,17.7196128707274,2.95941914682906e-70,4.04277794165041e-69
"YDL127W",214.109522935702,0.657919811754632,0.0372259504499207,17.6736874089949,6.6878916854008e-70,9.11804638692763e-69
"YHL050C",765.318676495116,0.740786843004425,0.0419285491702345,17.6678386842519,7.41851576657368e-70,1.00941662159802e-68
"YNL334C",85.4655277337058,0.839054179787475,0.0474965342364707,17.6655874639206,7.72048582560538e-70,1.04843283844759e-68
"YOL097C",2406.59688117609,-0.582595405275651,0.0330266814035284,-17.640143681327,1.211525256589e-69,1.64199830543608e-68
"YKR097W",153.254064013179,0.954485595238102,0.0541351627487439,17.6315272139872,1.41103600991189e-69,1.90864104680617e-68
"YOR344C",563.234932656547,-1.15258297612176,0.0653775560873509,-17.6296430319572,1.4588516983978e-69,1.96944979283703e-68
"YKL162C",194.809599929548,0.74982418732002,0.0425332247673301,17.6291403114104,1.471880170615e-69,1.98314970150377e-68
"YHR007C",5084.05861919166,-0.864756401076159,0.0490623258719347,-17.6256707301932,1.56501578169246e-69,2.10451829237355e-68
"YBR077C",547.18257239313,0.698804765989483,0.0396570385326337,17.6212039992456,1.69361772854328e-69,2.27301326725545e-68
"YGR211W",754.79200510486,-1.18788049786863,0.0674713410378423,-17.60570457911,2.22718761282496e-69,2.98330480822955e-68
"YIR032C",61.9446162489042,1.03053638465241,0.0585589276765286,17.5982796396981,2.53920870268796e-69,3.39465085786536e-68
"YIL117C",1477.09124854401,0.73641725799486,0.04185204000318,17.5957314849863,2.6560399592205e-69,3.54396029442503e-68
"YHR208W",5508.91561128173,-0.506308030496266,0.0287946309679636,-17.5834179316129,3.30065864490514e-69,4.39555798262512e-68
"YML022W",1428.81716129774,-0.642024350754434,0.0365369402399555,-17.5719243740158,4.04225102306967e-69,5.37276028838508e-68
"YLR207W",938.559479956709,0.367952843703634,0.0209513707691372,17.5622324552461,4.79516734685738e-69,6.3612191104264e-68
"YNL221C",742.860217521905,-0.672269460808692,0.0382994313194065,-17.5529880640303,5.64314301163192e-69,7.47173839136265e-68
"YMR191W",608.311746488665,0.759232693808489,0.0433062704755141,17.5317035032552,8.20733175477909e-69,1.08459652843866e-67
"YCR005C",1957.31556060728,1.08171721533173,0.061715215583228,17.5275611550436,8.827541096063e-69,1.16432223077383e-67
"YOR342C",660.095643741118,-0.97939271472654,0.0558962748614938,-17.5216097522311,9.80124872084764e-69,1.29027910980948e-67
"YMR133W",121.727511672245,0.851528817417024,0.0487421543237794,17.4700693728179,2.42200047383713e-68,3.18234222564287e-67
"YCL036W",102.202472132111,-1.76227875597594,0.100929599798075,-17.4604750192377,2.86539907129178e-68,3.75776621063694e-67
"YKL054C",2792.20677957879,-0.805544383216996,0.0461535983688157,-17.453555338846,3.234577841507e-68,4.23385331535659e-67
"YLR372W",2564.84870991653,-0.541864898685892,0.0310555838058467,-17.4482277349388,3.55080088177418e-68,4.63894953909207e-67
"YJL104W",560.362288321931,-0.425806119860575,0.0244083801381304,-17.4450790036405,3.75199355314365e-68,4.89251432071856e-67
"YNR034W-A",478.948221536491,-2.33312553950434,0.133767639099645,-17.4416290457692,3.98549950583401e-68,5.18717657800891e-67
"YMR220W",868.864246007846,-0.425919097587448,0.0244252956783662,-17.4376229952742,4.27487514751178e-68,5.55330479068276e-67
"YNL248C",727.801858431303,-1.24122898552341,0.071282398458384,-17.4128398085266,6.5930805798763e-68,8.54865532814469e-67
"YER064C",1628.4861177789,-0.732087613352316,0.0421103449880193,-17.384982563325,1.07219937390783e-67,1.38761140777357e-66
"YLR304C",4045.4578704729,-0.650613123327205,0.0374605520868194,-17.3679534092111,1.44280942979495e-67,1.86374163679892e-66
"YJL115W",941.718940154497,0.633116689288273,0.0365382262487916,17.327515708544,2.91657642625477e-67,3.76041735857005e-66
"YGL027C",1869.40905889605,0.557835264307159,0.0321963274203421,17.3260526588728,2.99170752441807e-67,3.85007594497541e-66
"YLR130C",1098.91921331142,-0.446953239433366,0.0258056243554682,-17.3199932416538,3.32396790975578e-67,4.26968639154263e-66
"YPR041W",2796.54026365511,-0.698978979662671,0.0404163462407674,-17.2944623815999,5.17838432489328e-67,6.63932515398329e-66
"YGL034C",20.8434671142881,1.77900966911223,0.10296041415068,17.2785791878099,6.82076087786914e-67,8.72879900448495e-66
"YKL113C",551.593318572523,0.421837106954698,0.0244447431067581,17.2567617140585,9.95388700745804e-67,1.27147517711222e-65
"YNL231C",1035.44760294008,-0.766364770057039,0.0444458110771638,-17.2426771271319,1.27016183500025e-66,1.61945633962532e-65
"YFL026W",1962.85400705546,-0.806506088243474,0.046841964321669,-17.2175975094705,1.9595512641316e-66,2.49380969566471e-65
"YLR103C",222.23682846547,0.590457799442681,0.0343258212791906,17.2015636462174,2.58461628105656e-66,3.28322566329786e-65
"YMR041C",325.334994430301,0.58516420357431,0.0340368110063953,17.1920983861961,3.04315948427155e-66,3.85859172176973e-65
"YIL016W",864.072359309392,0.510363473194435,0.0297022751588524,17.1826390559286,3.58236779678387e-66,4.53393424280459e-65
"YOL084W",124.564604566454,0.861646264791091,0.0501796277598215,17.171236680257,4.36030177560594e-66,5.50838123395355e-65
"YMR300C",1144.21126348093,-1.2461904916118,0.0726223800784856,-17.1598684904708,5.30335890783984e-66,6.68747730411673e-65
"YPL222W",368.147243097025,0.900554615478384,0.0525233476828138,17.1457962069896,6.75670143006445e-66,8.50455015466065e-65
"YGR009C",1479.38751376367,0.398774298208915,0.0232648764627237,17.1406153326391,7.38648368429489e-66,9.28028105225736e-65
"YPR075C",1618.63651635388,0.799558120658323,0.0466840697813728,17.1270012319567,9.33436213317716e-66,1.17062082489845e-64
"YGR266W",817.47423826416,0.378378473951363,0.0221192520377916,17.1062960585145,1.33205393243689e-65,1.6674893317869e-64
"YMR008C",1836.34030487167,-1.6021355097882,0.0936645861295976,-17.1050295099947,1.36132808723853e-65,1.70104244657664e-64
"YDR383C",280.207710955954,0.612496210397672,0.0358193824690367,17.0995748161525,1.49490906775654e-65,1.86457408179416e-64
"YGR008C",3057.72172044341,-1.35819176796545,0.0795802334315174,-17.0669487811221,2.61514994008029e-65,3.25593261075096e-64
"YJL153C",95.091548966544,-0.787799491852882,0.0461949772313099,-17.05379110608,3.27580050900448e-65,4.07109864702092e-64
"YAR010C",611.654242632503,-0.562724493873075,0.0330105493129552,-17.0468079321609,3.69150512968609e-65,4.57946176898896e-64
"YHR163W",1032.59595958388,-0.709939959056522,0.0416866760216602,-17.0303806110048,4.88852353912513e-65,6.05350441850297e-64
"YLL028W",474.718301187578,-0.869880327276841,0.0511836782977007,-16.9952679488437,8.90226508040383e-65,1.10039668004633e-63
"YBR121C",4646.81770175979,-0.483422390124451,0.0285010543543409,-16.9615616360811,1.58086492617583e-64,1.95058333632985e-63
"YKR026C",782.412212257453,-0.455661143352163,0.0268900624974394,-16.9453359729288,2.08340503913016e-64,2.56605432815942e-63
"YLR056W",3957.69862567836,-0.798847612512432,0.0471618650176884,-16.9384228595035,2.34322920722273e-64,2.88091662352294e-63
"YKR076W",676.738503251041,1.19230740785464,0.0705372806713689,16.9032233239834,4.2597099072806e-64,5.22782579529892e-63
"YOL056W",461.390100269313,-0.436380493215303,0.0258241562829069,-16.8981510348179,4.64236665520785e-64,5.68731217457403e-63
"YPL232W",2549.1463251483,0.604435047717843,0.0358517129281668,16.8593073622145,8.96332796188619e-64,1.09613699853617e-62
"YLR174W",145.670126611564,0.603465033363483,0.0357952167842207,16.8588176739162,9.03789337127498e-64,1.1032960259083e-62
"YNR075W",141.520153845838,-0.949725311235591,0.0563748918349828,-16.8466010367802,1.11120425803764e-63,1.35409580824587e-62
"YDR092W",1035.38778112669,0.626819906462114,0.0372443876419791,16.829915757713,1.47311532915173e-63,1.79194329349995e-62
"YPL036W",410.192209829715,-0.601939980466406,0.0358414926271929,-16.7945009078588,2.67747212404195e-63,3.25121615062237e-62
"YNL064C",3733.82425294688,-0.738790018551198,0.0440296820135951,-16.7793630288559,3.45522346360503e-63,4.18824182164096e-62
"YBL049W",121.120998995649,0.639186410956409,0.0381153628861138,16.7697842170952,4.05980385048068e-63,4.91243400888567e-62
"YOL007C",547.619424782192,-0.605302443617376,0.036148860760482,-16.744717008595,6.18840628678386e-63,7.47494338324683e-62
"YGL168W",282.448551055361,0.688385678448087,0.0411140833474745,16.7433060012603,6.33688415522849e-63,7.64088395950055e-62
"YDL146W",502.741542461812,-0.390079379836795,0.0233050679351288,-16.7379636447577,6.93193167972539e-63,8.34376741519394e-62
"YOR091W",574.599329684601,-0.833219613575518,0.0498047115069587,-16.7297347653364,7.95919323885261e-63,9.56353323726008e-62
"YMR323W",15.8407254827154,1.75929043050311,0.105234044097966,16.7178829397198,9.71080331342356e-63,1.16478886433661e-61
"YPL124W",126.753416109076,0.630582584413408,0.0377386973769427,16.7091772700845,1.12375257616786e-62,1.34557156294186e-61
"YIL046W-A",13.1329695192298,2.08218827412553,0.12495642360448,16.6633152107186,2.42218085470906e-62,2.89526305289442e-61
"YGR178C",2825.05977254299,0.331022656009743,0.0198791889751897,16.6517183584741,2.9403668081702e-62,3.50856594007831e-61
"YPR014C",85.3871163442153,0.895503539900816,0.0538050873936064,16.6434733829134,3.37462805839729e-62,4.01977754014971e-61
"YGR061C",3917.58012957113,-0.777083523068345,0.0467849991961159,-16.6096726818552,5.93159662751948e-62,7.05337526433015e-61
"YLR001C",529.805232768614,0.48946372316586,0.0294730040202666,16.607188151886,6.18239721226352e-62,7.33893186317834e-61
"YLR181C",739.772464360672,0.425969104757144,0.0256788776678426,16.5883069449948,8.46737940866025e-62,1.00340632063039e-60
"YOR340C",476.662360767799,-1.1900429111479,0.0718129687551549,-16.5714206190992,1.12144738536443e-61,1.32666069557287e-60
"YJL107C",154.285515227454,-0.836672221501807,0.0505294968999133,-16.5580952282001,1.39954994447161e-61,1.65281327061527e-60
"YBL001C",1095.94522416252,0.593552610611137,0.0358586040365049,16.5525855386586,1.53371963882529e-61,1.80816090981372e-60
"YCR053W",3497.35507172019,-0.289197914415139,0.0174747032146765,-16.5495179438727,1.61389716549747e-61,1.89943281785471e-60
"YGR144W",89.5231516818085,0.974641796755404,0.0589043923396298,16.5461650319018,1.70631568394608e-61,2.00477533856123e-60
"YCL030C",2958.10517427147,-1.87029414875069,0.113081583349822,-16.5393346409456,1.91121631526394e-61,2.24169068664263e-60
"YFL041W-A",83.5952301091796,0.782313451678672,0.04733764853195,16.5262423449415,2.37495436386657e-61,2.78087768626214e-60
"YOL018C",931.034325736391,0.398053320819712,0.024092614708864,16.5217983033308,2.55660106027336e-61,2.98848867571852e-60
"YLR152C",504.223785634939,-0.465922806897498,0.0282048954439524,-16.5192176593372,2.66836866665018e-61,3.11385055421804e-60
"YNL035C",402.475750767452,-0.409967168256613,0.0248219812885936,-16.5162951131949,2.80083297600729e-61,3.26289932991713e-60
"YLR407W",199.914710218354,0.582417345840733,0.0352689105535546,16.5136188416241,2.92787311029263e-61,3.40513621019675e-60
"YDR234W",808.782642733216,-0.703635358692756,0.042641482962559,-16.5011934343507,3.59712456380954e-61,4.17642539997111e-60
"YOL070C",975.561825270951,0.4399203813174,0.0266638699221366,16.4987446534224,3.74599378164925e-61,4.34194733782073e-60
"YLR095C",1048.43905983693,0.364649984043025,0.022108662870396,16.4935340586019,4.08350312817795e-61,4.72519647689163e-60
"YIL123W",3860.59182974526,-0.678613349572571,0.041247180061574,-16.4523574353334,8.06664026040472e-61,9.31859365652458e-60
"YKL104C",2884.35545467874,0.422353547122261,0.0257397459278286,16.4086136788799,1.65951621476389e-60,1.91386417732821e-59
"YFR041C",635.90869369669,0.448341093606229,0.0273271430442755,16.4064385684163,1.72003717770465e-60,1.98034380744089e-59
"YDR456W",1031.09161905906,0.509701945829764,0.0310933870359528,16.3926157430325,2.15948643255377e-60,2.48214759401214e-59
"YLL024C",17112.0188510631,-0.768767720287903,0.0469107907827659,-16.3878652962365,2.33501685954543e-60,2.67943184632838e-59
"YDR046C",2323.66762944211,-0.502701619372269,0.0307212704579844,-16.3633082837438,3.49608311133732e-60,4.00508023653202e-59
"YER165W",5587.64187929106,-0.406918581691868,0.0249138107329943,-16.3330526210095,5.74371017472277e-60,6.5690107230841e-59
"YPR134W",355.394364737516,0.45631480572654,0.0279459693487186,16.3284658346433,6.19219654321765e-60,7.07019456053956e-59
"YFR053C",6663.10970451582,-2.0139836688768,0.123531841434325,-16.3033566527665,9.34177846823144e-60,1.06486994625453e-58
"YLR438W",428.814432321052,-1.35868009723309,0.0833929183505271,-16.2925116917257,1.11552206752474e-59,1.26948255122444e-58
"YJL138C",8467.74949044593,-0.547524040837509,0.0336247241233576,-16.2833764473079,1.29521094804439e-59,1.46935157698728e-58
"YNL145W",868.653148771225,-1.11544637301479,0.0685021962004594,-16.2833665909139,1.29541961834608e-59,1.46935157698728e-58
"YER067C-A",56.9918429049492,-2.61587737395987,0.160780069652122,-16.2699106899246,1.61392981573888e-59,1.82761624693457e-58
"YMR177W",348.27610000583,-0.708634008804177,0.0436507323886132,-16.2341837130099,2.8906765277973e-59,3.26803085285458e-58
"YBR239C",262.540809794307,-0.505686602256709,0.0311503367275535,-16.2337443309052,2.91144739658872e-59,3.28611726647759e-58
"YPL230W",495.421310225177,-0.967040697174441,0.0596082311399167,-16.2232745156375,3.45285070500456e-59,3.89081458329892e-58
"YIL079C",205.318945578638,-1.02961848040545,0.0635418102263861,-16.2037952135317,4.74087148326232e-59,5.3334804186701e-58
"YHL004W",756.812197750746,-0.384968548581068,0.0237802378052231,-16.1885912047739,6.07024978251295e-59,6.81789066110957e-58
"YLL023C",1479.48519195984,0.485595205681633,0.0300031084166119,16.1848298829188,6.45279785575412e-59,7.2357513415093e-58
"YDR506C",321.549007198382,0.569553417329891,0.0352103770628523,16.175726159172,7.48104897108678e-59,8.37512555543618e-58
"YEL046C",3029.11530909258,-0.613696556721392,0.0379453104607433,-16.1731858105707,7.79605359642594e-59,8.71360860574555e-58
"YDL033C",163.327564264345,-0.702842802432752,0.0435042974259639,-16.1557097578431,1.035201739708e-58,1.15516434001452e-57
"YHR002W",267.838352831309,0.511970904013249,0.0317474046947942,16.1263860443118,1.66481635750436e-58,1.85473472838471e-57
"YBR183W",617.160705079722,0.58916379050427,0.0365483892053392,16.1201027819361,1.84302483990309e-58,2.04995573872904e-57
"YDL003W",382.758824525224,0.639202992824711,0.039659803525396,16.1171497588333,1.93322318513285e-58,2.14681316607091e-57
"YBR148W",73.6144735769521,0.927820962850295,0.05758290455634,16.1127850357479,2.07465489964178e-58,2.30016086699414e-57
"YDR247W",550.287515198071,-0.872237156159019,0.0541537437822841,-16.1066824791597,2.28983860169735e-58,2.53465253580165e-57
"YDR361C",480.895422994341,-0.882265190004247,0.0547848103582141,-16.1041935572196,2.38385728442775e-58,2.63448754466855e-57
"YLR356W",508.332865267028,1.07551938157396,0.0667914553631382,16.1026492943817,2.44411469543975e-58,2.69675155097799e-57
"YBL010C",201.283801098369,0.44808966848928,0.0278325347258314,16.0994919400355,2.57207860150342e-58,2.83340178741617e-57
"YIR035C",910.909244447169,-0.820806370598383,0.0510103838038266,-16.0909663756894,2.95193521596561e-58,3.24665718241585e-57
"YDL043C",205.648739869279,-0.513438946937713,0.0319114344605968,-16.0894975614991,3.02280472067463e-58,3.31929992054941e-57
"YMR258C",724.421405215496,-0.309782417987466,0.0192638849202638,-16.0809940087217,3.46769982011939e-58,3.80176962763089e-57
"YMR144W",215.141739817166,0.582644170152256,0.0362365304043437,16.0789171493752,3.58592149252074e-58,3.92513028235378e-57
"YOR315W",162.519903844367,-1.27888786842401,0.0795418060459553,-16.0781849444697,3.62855127084031e-58,3.9654881745612e-57
"SRG1",194.76187335184,-1.20872390713093,0.0751876843183115,-16.0760890309339,3.75338888679973e-58,4.09541719264915e-57
"YDR313C",299.381010515686,0.410936099601936,0.0255767304588139,16.0667955688732,4.360524465582e-58,4.75034983315381e-57
"YJL069C",329.553289303373,-1.25461255748131,0.078140327259373,-16.0558907478957,5.19871872319996e-58,5.654530554381e-57
"YIL012W",22.7082470545714,1.31398093737774,0.0820544720473864,16.0135200994153,1.02824168243386e-57,1.11663154314781e-56
"YCR024C",300.269624639433,0.551352447972282,0.0344516137979258,16.0036755086775,1.20449281874738e-57,1.3059737097757e-56
"YLR279W",45.9693319689396,1.07027538154718,0.0668861411238059,16.0014520730999,1.24829313804219e-57,1.35133620368246e-56
"YGR225W",57.0636851826943,1.03021557041079,0.0644719299203184,15.9792885319867,1.78167828788543e-57,1.92572292183535e-56
"YDR510W",1606.89420268425,0.389868230092687,0.0244152364543801,15.9682348692856,2.12720948631889e-57,2.29558578578458e-56
"YCR084C",2169.32018633733,-0.549934027786384,0.0344429071833567,-15.9665392023621,2.18582158430827e-57,2.35514579154342e-56
"YOR230W",3937.51076766156,-0.792887683860665,0.0496999424619202,-15.9534929938434,2.69398255386707e-57,2.89813591927731e-56
"YGL007C-A",10.3554832631539,2.706836906173,0.169784788696219,15.9427527457487,3.19943954717406e-57,3.43652750113782e-56
"YGR239C",188.807701490021,0.558530891193296,0.0351045496645661,15.9104986826556,5.35849712465342e-57,5.74661257059794e-56
"YJR059W",2000.50591083317,-0.467845365722334,0.0294120391084495,-15.9065940310113,5.7032969591838e-57,6.10687396018359e-56
"YJL173C",587.197794701057,0.422673405787695,0.0265729027592038,15.9061811808008,5.74102135409483e-57,6.13772236381101e-56
"YJL177W",6799.07998502933,-0.476860091285613,0.0299865419681502,-15.9024702412203,6.09146518859431e-57,6.5022849338716e-56
"YNL270C",66.276749032575,0.820755314644622,0.0516266600372009,15.8978968241061,6.55279852948111e-57,6.98390369589435e-56
"YCR093W",1238.66274133827,-0.503045243260995,0.0316483228370691,-15.8948468091266,6.87964303541702e-57,7.32091843877066e-56
"YNR053C",373.883450385435,-1.85387019464795,0.116667578419107,-15.8901917719442,7.41005355811963e-57,7.87318190550211e-56
"YLR348C",1483.01921223155,0.95068116271046,0.0598507364003538,15.8842015969722,8.15294220707379e-57,8.64915363570155e-56
"YGR185C",2458.79607475256,-0.347714769750411,0.0219285943831916,-15.8566829991136,1.26395607682321e-56,1.33882116752735e-55
"YPL003W",709.509155800174,0.35895273223108,0.0226452689414672,15.8511136767194,1.38111420176422e-56,1.4606714714511e-55
"YGR163W",631.221093511787,0.341535011834846,0.0215570957652396,15.8432757155332,1.56453866275318e-56,1.65212403267725e-55
"YKR100C",787.365801503186,0.328448493232887,0.0207585585954341,15.8223169360675,2.18308820807334e-56,2.30177064511254e-55
"YML026C",8487.88250980569,-0.678546175706134,0.0429007941482529,-15.8166343812022,2.38927965155817e-56,2.51531963317706e-55
"YLR135W",258.165994841863,0.437212697208462,0.027664651786802,15.8040195328626,2.91896301984809e-56,3.06825349490903e-55
"YDR395W",838.515184678701,-0.730304014476556,0.046212913208095,-15.8030291487582,2.96519310589007e-56,3.112096727752e-55
"YDL155W",729.122163386418,0.303061369120926,0.0191792545517137,15.8015197255853,3.03705788927212e-56,3.18267025382626e-55
"YDR541C",368.48280988963,0.415548002177277,0.0263034925940491,15.7982062911026,3.20095474632557e-56,3.34932726876164e-55
"YML042W",262.535612558069,0.608878603661686,0.0385727107939041,15.7852168315303,3.93295480970824e-56,4.10901272607606e-55
"YHR080C",859.49088811208,0.471816239908657,0.0298956604656456,15.7820978884491,4.13222243728969e-56,4.31065931526356e-55
"YPL245W",561.855817158676,-0.796184859064301,0.0504670884184209,-15.7763184684474,4.52842156036217e-56,4.7168203393485e-55
"YDR091C",793.416766141831,-1.01056520338732,0.0640618842177698,-15.7748279765241,4.63659628766763e-56,4.82220021761203e-55
"YNL233W",499.492426896985,0.465248944548288,0.0295346804456362,15.7526317376164,6.58815275518817e-56,6.84154324577233e-55
"YLR193C",328.165648387363,0.447162894385046,0.0284175270768113,15.7354611883147,8.64247416615639e-56,8.96136063764861e-55
"YOR087W",751.009078460877,0.374254065386884,0.023810418279208,15.7180802537054,1.13717396239808e-55,1.17735980918959e-54
"YOR052C",1041.47214055948,-0.459704648398846,0.0292592603319938,-15.7114241160833,1.26309613205318e-55,1.3057682986766e-54
"YBR189W",13283.4053639144,-0.478659356200001,0.0305170381998724,-15.684987286938,1.91601480324626e-55,1.9777754003524e-54
"YMR302C",1023.49787969267,0.418909249887093,0.0267124635805886,15.6821645679849,2.00310059471472e-55,2.06457299320521e-54
"YDR274C",231.90991521425,-1.19180191919804,0.076028746849043,-15.6756749070768,2.2185587180529e-55,2.28322522777193e-54
"YHR006W",1108.72216823919,0.476394047452628,0.0303910762763746,15.6754582536113,2.22613664216239e-55,2.28760459422209e-54
"YLR091W",315.143646543997,0.427325855267722,0.0272658944185891,15.6725412600579,2.33071062581515e-55,2.39149667045266e-54
"YML133C",745.589120388745,0.483961238325389,0.0308897226114498,15.6673869951167,2.52759095567754e-55,2.58965234074998e-54
"YKL009W",1047.62828412227,-1.14979825121989,0.0734689932770183,-15.6501157826475,3.31615651656149e-55,3.39253159235154e-54
"YJR129C",145.0126205079,-0.784251677379559,0.050130894013494,-15.6440792212574,3.64604787327637e-55,3.72448658865101e-54
"YDL133W",641.566856402567,0.311293099392663,0.0199083494563713,15.6363087796331,4.11923664014234e-55,4.20162137294518e-54
"YBR061C",221.20976832143,-0.654250858547153,0.0418634384407969,-15.6282160021899,4.67715411283514e-55,4.7636399507204e-54
"YBR162W-A",971.514979780051,0.58881120971889,0.0376872009299238,15.6236386675077,5.02540229209908e-55,5.11076732364877e-54
"YLR079W",1129.80358755235,0.404356387170249,0.0258866125043051,15.6202897193676,5.29644218470097e-55,5.37846673180917e-54
"YAR015W",2011.33131642365,-1.31560789774822,0.084277394931716,-15.6104480782084,6.18014264884901e-55,6.2666100349522e-54
"YCR057C",665.562501606018,-1.32951711409264,0.085174561496233,-15.6093215008972,6.29023660317383e-55,6.36886456071351e-54
"YOR260W",1167.38804517676,-0.503612130374163,0.0322906325319888,-15.5962299553983,7.72217014062607e-55,7.80721606728495e-54
"YDR314C",107.569892207208,-0.603625081865981,0.0387154057358268,-15.5913407180799,8.3365391337406e-55,8.41599295246393e-54
"YIL009W",497.691250767913,-0.725244766059759,0.0465378445230724,-15.5839784479103,9.35468440167206e-55,9.43001494956254e-54
"YLR415C",23.2348486933168,1.23930457565823,0.0795577177397929,15.5774274434516,1.03642619708671e-54,1.04324479048859e-53
"YMR242C",6973.68425117786,-0.425647641090065,0.0273328845538054,-15.5727303589992,1.11542449742268e-54,1.12112374667958e-53
"YNL095C",279.021329878333,-0.413239338029434,0.0265413611121286,-15.5696362475019,1.17071084738219e-54,1.17497728633038e-53
"YDR341C",2566.03840887937,-0.455527676867286,0.0293162457040089,-15.5384042508893,1.90672276247875e-54,1.91088591261517e-53
"YJR025C",747.511114834705,0.762011189230388,0.0490493754763491,15.5355941198032,1.99217367227057e-54,1.99362147290449e-53
"YPR019W",946.357213907413,0.314849670408844,0.0202671834391876,15.534949459236,2.01230831178416e-54,2.01084800096284e-53
"YGR202C",955.680368664358,-0.370492192645121,0.0238607770035746,-15.5272476076373,2.26912107024732e-54,2.26418819835547e-53
"YOR107W",141.809161676969,-0.9209153602682,0.059418632548145,-15.4987639529067,3.53629944725966e-54,3.52350531033036e-53
"YHR052W",474.252060763815,-1.30404412836561,0.0841839871514318,-15.4904058656651,4.02739971633225e-54,4.00702992007912e-53
"YPR023C",1377.83212480515,0.522402691639371,0.0337426018192736,15.4819920063478,4.59036026150549e-54,4.56055272733987e-53
"YMR029C",719.729328424636,0.408664918121196,0.0263972561703853,15.4813407682755,4.63706897920506e-54,4.60031987346208e-53
"YDR088C",550.291739249886,0.568560406003715,0.0367621976392999,15.4658981920032,5.89453032065715e-54,5.83940161981647e-53
"YCR002C",1133.47223570722,0.358196183539414,0.0232063143365895,15.4352896519481,9.47739774661517e-54,9.37527061572492e-53
"YIR039C",393.208658653142,0.914160981750674,0.0592413156171027,15.4311390999352,1.01070465860999e-53,9.98378992041576e-53
"YPL017C",294.774942226848,-0.706626156048997,0.04579589645834,-15.429901163564,1.03027868932267e-53,1.01625627163131e-52
"YPL145C",1356.16573581709,-0.438739238088546,0.0284490409829453,-15.4219341998756,1.16560384850763e-53,1.1480947778219e-52
"YBL003C",5131.82435984987,0.53068800289926,0.0344402190057885,15.4089613312292,1.42483564247863e-53,1.39942844485954e-52
"YPR167C",611.15970872216,1.04301789899493,0.0676890118878401,15.4089691946338,1.42466228895408e-53,1.39942844485954e-52
"YOL017W",172.634589559075,0.565394379382738,0.0367353642887788,15.3910105515258,1.88071915097982e-53,1.84455147499944e-52
"YDR359C",666.219659909822,0.500307631766015,0.0325508159005557,15.3700488889273,2.59972920958291e-53,2.54610748335396e-52
"YPL082C",508.02864832926,-0.662600114750053,0.0431294941039522,-15.3630393427067,2.89670001371057e-53,2.83292323784052e-52
"YER052C",1687.28990215136,-0.619524075953122,0.0403615002151104,-15.3493817784599,3.57577734217135e-53,3.49208893629074e-52
"YOR232W",1234.78843243944,-0.461313355751217,0.0300585751327014,-15.3471464869718,3.70111772582325e-53,3.60937613913499e-52
"YER156C",1572.52880559895,-0.66580573544952,0.0434449918296396,-15.3252586180782,5.18477771424855e-53,5.04910814181065e-52
"YPL281C",29.8283052706955,1.37828031060811,0.0899852647136977,15.3167334117794,5.91146341723225e-53,5.74864768752034e-52
"YJL077W-B",44.1510160644287,1.0979113840353,0.0717353337363133,15.305029291019,7.07701258110159e-53,6.87238809885536e-52
"YCL050C",2364.23256324383,-0.269286354974711,0.0176245239613981,-15.2790711150277,1.0543281953699e-52,1.02240135565096e-51
"YEL072W",137.947249144549,0.573789362827341,0.0375800384299849,15.2684613108197,1.24066095066391e-52,1.20139952817455e-51
"YDR132C",269.389085875801,0.656883698033652,0.0430434286447359,15.2609519900313,1.39202517435896e-52,1.34608052323896e-51
"YMR260C",2976.23743621928,-0.439422669204836,0.028808838229059,-15.2530506683743,1.5711748420354e-52,1.51718636569618e-51
"YKL164C",4682.65900422529,-0.606706386126648,0.0397849982422704,-15.2496270687789,1.65576098502912e-52,1.59662666413522e-51
"YLR060W",3579.31135468349,-0.487514802988395,0.0319899322045317,-15.239632265283,1.92953278633162e-52,1.85801863411094e-51
"YPL060C-A",41.8532928085593,-1.03248858631432,0.0677768856445377,-15.2336386733569,2.1148631764015e-52,2.03363588959837e-51
"YGL174W",200.848729380497,0.497997916713946,0.0327122333326903,15.2235988184971,2.46585092076586e-52,2.36783592600739e-51
"YBR233W",283.716813943637,0.487718729134182,0.0320632179090906,15.211159731909,2.98212985516389e-52,2.85960502128181e-51
"YPL150W",551.508798898136,0.322195810282478,0.0212035806025591,15.195349140399,3.79635480826776e-52,3.63531333170007e-51
"YDL137W",3713.54810638186,0.535047573801874,0.0352540892675269,15.1768939410588,5.03044875304988e-52,4.81036662010395e-51
"YEL069C",49.351581443143,-0.921809107227694,0.0607419303085261,-15.1758283371232,5.11281842702913e-52,4.88235157698967e-51
"YLR431C",335.146508286623,0.46207959664555,0.0304530633545461,15.1735013080899,5.29739258703778e-52,5.0515994406863e-51
"YOL014W",237.400473540185,-1.07946857783667,0.0711538373822608,-15.1709116127837,5.51061020306627e-52,5.24765577428925e-51
"YDL009C",148.385122795225,1.06070130417873,0.0699405586260616,15.1657539633017,5.96104284273983e-52,5.66875413981543e-51
"YPR018W",432.084860914299,0.599311125538486,0.039528306318616,15.1615685404724,6.35337037485619e-52,6.03351103874274e-51
"YOL108C",344.145267302841,0.591004500443863,0.0389856914974305,15.1595233467339,6.55432702922488e-52,6.21577707936822e-51
"YDL197C",612.804036644549,0.411601339739609,0.0271521586512366,15.1590650683261,6.6002174614823e-52,6.25068737583296e-51
"YPL241C",155.980270403846,0.663611280996939,0.0438156545813523,15.1455293168065,8.10990393639139e-52,7.66987480797455e-51
"YGR232W",777.68789671437,0.559397061580563,0.0369680062408003,15.1319240192936,9.97362326315791e-52,9.41953308187136e-51
"YCR019W",250.424117377614,0.400234602033046,0.0264540271169637,15.129439471104,1.03573834715852e-51,9.76857331532386e-51
"YLR283W",170.177672794192,0.566995982878868,0.0374841882333566,15.1262708251558,1.08682112280309e-51,1.02363384822151e-50
"YOR050C",205.605194086764,0.866854639995824,0.0573209676247234,15.1228193786097,1.145320879506e-51,1.07725877805995e-50
"YDR009W",144.608337451068,0.693499340261749,0.0459290163978171,15.0993727854949,1.63481046825025e-51,1.53556208375211e-50
"YPL188W",357.928052472244,0.56608622381886,0.0374913430128611,15.0991183117838,1.64113150469262e-51,1.53939923839355e-50
"YDR344C",72.6330766705213,0.884218998221648,0.0586204311685984,15.0838023636937,2.06996587501631e-51,1.93900885027038e-50
"YLR099C",723.51711230155,-0.548422044307,0.036408415889878,-15.0630570131306,2.83374776591816e-51,2.65086322939491e-50
"YNL103W",978.566844599437,0.370574120914901,0.0246029297551871,15.0621948118505,2.87095261724744e-51,2.68202289955884e-50
"YAL015C",508.800486242451,0.488825586645059,0.0325250888069632,15.029185302037,4.7278461239723e-51,4.41073449370586e-50
"YCR077C",1950.5235858599,-0.363600722113036,0.02420682318609,-15.0205881754022,5.38279534305782e-51,5.01495885479744e-50
"YPL093W",1088.13244264775,-1.48391022199077,0.0989125344801548,-15.0022464775533,7.09758041442449e-51,6.60362718288008e-50
"YNL315C",771.366595789716,-0.424459953305608,0.0283493853040314,-14.9724570304968,1.11138178377663e-50,1.03264015941999e-49
"YDL142C",342.93671161382,0.426949623616522,0.0285341285648086,14.9627707272296,1.28560115892987e-50,1.19290619666201e-49
"YAL044C",1197.02457828046,-1.09064102628504,0.0729069870841557,-14.9593484781661,1.35344562172164e-50,1.25416865485242e-49
"YGR161W-C",572.982394829114,0.998423304684449,0.0667996626352463,14.9465321424788,1.64073640158147e-50,1.51834275872156e-49
"YBR017C",1089.35201819501,-0.525944749313743,0.0352158300842747,-14.9348957004594,1.95379558017598e-50,1.80562182141096e-49
"YKL023W",542.180875639647,0.594217101816249,0.0397989335254958,14.9304780098086,2.08764193372874e-50,1.92673119486895e-49
"YMR215W",1248.55282886893,-0.601517935674068,0.0403181700533773,-14.9192767151316,2.46935513249994e-50,2.27597189923187e-49
"YLR341W",69.2444723931348,0.89659906434879,0.0601472469649573,14.9067348813348,2.97971327093594e-50,2.74269062438422e-49
"YBR143C",2878.5729403283,-0.556001414040164,0.0373438218122291,-14.8887121633086,3.90213425316915e-50,3.58694183352064e-49
"YOL034W",233.33883548747,0.550945925347121,0.0370212302558198,14.8818913239792,4.32109170624083e-50,3.96676218632908e-49
"YPR006C",379.819360192608,0.686428859488392,0.0461628351329688,14.8697292423912,5.18224958762944e-50,4.75097049411834e-49
"YLR224W",1207.94963224624,0.384642634093309,0.0258755256898369,14.8651138030554,5.55204661833114e-50,5.08322353287366e-49
"YBR209W",44.6728422403409,1.24810787910389,0.0839730304097391,14.8631992082917,5.71305051476313e-50,5.22368563003243e-49
"YCL057W",1851.2377645806,0.397859960085369,0.0267866453315563,14.8529222364648,6.66010027584181e-50,6.08153718821895e-49
"YPR013C",721.686728404467,0.595257293847687,0.0400852095346741,14.8497987351864,6.97778294454299e-50,6.36318351962629e-49
"YKR059W",8330.48940613513,-0.48496262941789,0.0326662952942053,-14.8459635550995,7.38855026889173e-50,6.72885828059782e-49
"YLR156W",31.8110626878797,1.14699455728662,0.0772881555660192,14.8404959192856,8.01611590966382e-50,7.29074742906677e-49
"YLR249W",31308.2710792292,-0.736252344373675,0.0496138840803507,-14.8396433381692,8.11864532342877e-50,7.37425765854975e-49
"YLR324W",1010.11839718937,0.533126546353656,0.0359946486610516,14.8112724025705,1.2387303696841e-49,1.12367043416008e-48
"YLR078C",567.954143736394,0.336487812515651,0.0227417148717418,14.796061528929,1.55314515037185e-49,1.4070268895145e-48
"YGR095C",641.671548293103,-0.389342867759975,0.0263186658632215,-14.7934120134886,1.61552240124962e-49,1.46161257984279e-48
"YKR091W",1121.64624270175,-0.855545114941947,0.0578515390961565,-14.7886318723504,1.73443521264118e-49,1.56713732795729e-48
"YCL056C",244.350858591889,0.637100894893987,0.0431122951277769,14.7777076818977,2.03991541769705e-49,1.84073625830199e-48
"YHL020C",1559.49232443869,0.706366893979508,0.0478249899238092,14.769828391074,2.29296034806131e-49,2.06636544455525e-48
"YMR111C",323.490777887927,0.424121147821649,0.0287346910617507,14.7598993464108,2.65677013289357e-49,2.39109311960421e-48
"YDR421W",542.048941365143,0.421561568317742,0.0285885606741893,14.7458129537225,3.27353984245934e-49,2.94233966257605e-48
"YJL154C",1428.8033384148,-0.222328698650903,0.0150915872869015,-14.7319625447132,4.01863705258953e-49,3.60734238684211e-48
"YOL077C",805.220434390021,-0.936109834198673,0.0636647274876123,-14.7037436762895,6.09923881806216e-49,5.46787229978619e-48
"YML069W",2116.75158772392,0.275393575801064,0.0187390329298466,14.6962533676127,6.81261772322552e-49,6.09946333217265e-48
"YMR048W",236.891745982431,0.511307040264759,0.0347951107303639,14.6947956058254,6.96082021178002e-49,6.22405807248123e-48
"YNR072W",61.4545624459483,-0.768113833946143,0.052280193050539,-14.6922532057908,7.22701142030372e-49,6.45369307766422e-48
"YIL140W",767.961167695044,0.456053086528654,0.0310661996071348,14.6800410831042,8.65380082067735e-49,7.71780034331134e-48
"YPR194C",114.56465727664,-0.606324208004951,0.041305108472099,-14.679157867713,8.76725268219799e-49,7.80886606946096e-48
"YMR114C",466.063075977924,0.52639021285425,0.0359046937663101,14.6607631938131,1.14973335584006e-48,1.02272792699726e-47
"YOR127W",1148.45635349127,0.595978057338711,0.04068112990352,14.649987813813,1.34739870676479e-48,1.19701162530007e-47
"YNL182C",365.92578120145,-1.13148852049272,0.0772395173912678,-14.649088429191,1.36535197586598e-48,1.21139798374192e-47
"YBR269C",577.226354852814,0.596085532047934,0.0407445584176594,14.6298194212256,1.81267606006899e-48,1.60621295670206e-47
"YPR010C",2282.25407363921,-0.991167063654649,0.0677517443538964,-14.6293954953744,1.82400534313907e-48,1.61417439428182e-47
"YOR074C",360.037472750874,0.533928652728553,0.0365114216921016,14.6236062027696,1.98596333951448e-48,1.75524487709335e-47
"YHR162W",3104.76695490074,0.399183585873779,0.0273037570531423,14.6200973403343,2.09101156689766e-48,1.8457198253962e-47
"YBL039C",765.501441695546,-1.20895785067599,0.0827018397891593,-14.6182703281827,2.14787978540267e-48,1.89348941389211e-47
"YPR065W",684.026989469586,0.691888497193621,0.0473444856774935,14.6139193887691,2.28958346959674e-48,2.01582892431887e-47
"YHR064C",3976.19504204067,-0.627669664354794,0.0429528881293869,-14.612979282419,2.32140324372703e-48,2.04123388672549e-47
"YMR102C",1316.44758013735,-0.843796844684046,0.0577445954725251,-14.6125682893653,2.33545204091337e-48,2.05096776807252e-47
"YGL115W",887.818829933628,-0.358690292610676,0.0245481445753919,-14.611706864813,2.36517291386256e-48,2.07442235820939e-47
"YDR039C",1169.30712746757,-0.613431636225974,0.0419870348419943,-14.6100251788306,2.42428361910586e-48,2.12356141444579e-47
"YPL267W",147.888161514386,0.732266977507953,0.0501432411710539,14.60350309247,2.6677757258148e-48,2.33388003459148e-47
"YKL044W",57.3985946603134,-0.899631810007276,0.0616329151462357,-14.5966129927934,2.95148523831126e-48,2.57880404387983e-47
"YIL134W",223.957553418135,-0.490598695452048,0.0336353652457292,-14.5857995555538,3.4584617062009e-48,3.01793521510687e-47
"YFL053W",106.177117353001,-0.943627719297032,0.0647534604717868,-14.5726222571251,4.19475124467279e-48,3.65580535690787e-47
"YDL119C",241.461823262617,0.566279703041413,0.0388800933592292,14.5647722038454,4.70550433215601e-48,4.09575187444932e-47
"YGR143W",1160.40807945299,-0.363187756545828,0.0249374854520616,-14.5639285582341,4.76395163818503e-48,4.14138977637676e-47
"YCR072C",161.785410249782,-1.58806565950646,0.109125864207132,-14.5526055719674,5.62202070957481e-48,4.88116173838873e-47
"YDL214C",111.62565817651,1.12910279206278,0.0776045326715299,14.5494438687213,5.88797689026987e-48,5.10563235384232e-47
"YMR046W-A",65.6163983141801,-0.909948175472405,0.0625588460209416,-14.5454757136633,6.23955762701594e-48,5.40369236000059e-47
"YGL040C",1700.37000227048,-0.482011086394999,0.0331587578082843,-14.5364639164672,7.11755011829257e-48,6.15632318648798e-47
"YDR085C",741.758121713242,-0.771210936376843,0.0531129200062018,-14.5202134675855,9.02288191382824e-48,7.79454729946141e-47
"YNR033W",894.01423287357,-0.469843937858528,0.0323670142722374,-14.5161346643435,9.57598978089157e-48,8.26199118313765e-47
"YKL081W",10687.4521786917,-0.47740676787775,0.0328939908999345,-14.5134948608106,9.95181894574465e-48,8.57550355963103e-47
"YDL169C",285.884250847352,1.05264565505389,0.0725809313921658,14.5030607194373,1.15866001795333e-47,9.97171777951088e-47
"YIL014W",801.429477327864,0.295382336890963,0.0203797148603412,14.4939386500336,1.32332012590037e-47,1.13746055765594e-46
"YLL012W",483.140336686761,-0.573548693596887,0.0396119812160273,-14.4791721087867,1.64061304474592e-47,1.40843152282739e-46
"YDR225W",7596.18900860406,-0.505306619753287,0.0349033503981008,-14.4773098854367,1.68566327523901e-47,1.44530406600506e-46
"YOL165C",53.9738464504419,0.763817766566731,0.0527626521363621,14.4764854615854,1.70599861610599e-47,1.4609204567027e-46
"YNR040W",174.830807507197,-0.765689787675277,0.0529040113078124,-14.4731896267799,1.78976241497639e-47,1.53074710895807e-46
"YOR064C",201.128037804125,0.571739212481844,0.0395306126373304,14.4632014112001,2.06944043794166e-47,1.76775402174049e-46
"YMR093W",318.140302879945,-1.19984602655317,0.0829684194186653,-14.4614786560975,2.12189875786502e-47,1.81031882873614e-46
"YPR106W",254.34036119922,-0.441273028251194,0.0305334668858116,-14.4521102009627,2.43121499828761e-47,2.07164792861512e-46
"YBR231C",554.86442937753,0.556085497608009,0.0384891232971074,14.4478608492961,2.58593080703656e-47,2.20075817137784e-46
"YOL163W",68.0702304604878,1.10378850617394,0.0764386258703374,14.4401929470357,2.89031880326491e-47,2.45677098277517e-46
"YDL199C",254.147028731425,0.540714566763887,0.0374457287798713,14.4399530836356,2.90039492547495e-47,2.45926343126786e-46
"YLR120C",2907.19598878647,-0.623167141165205,0.0431557435802998,-14.439958380179,2.90017205257412e-47,2.45926343126786e-46
"YFL040W",127.397797576787,0.643815860660459,0.0445956492260924,14.4367415170126,3.03872181608078e-47,2.57338249738206e-46
"YLR190W",553.253976037499,-0.44623958221204,0.0309712704251473,-14.4081781627438,4.59676446707352e-47,3.88804955230973e-46
"YIR034C",650.07181296922,-0.87235688605005,0.0605484934243627,-14.4075737762129,4.6371602280212e-47,3.9174046834265e-46
"YGL156W",498.486675209271,0.840311826335699,0.0583280303782834,14.4066552716747,4.69922834189088e-47,3.96497391347043e-46
"YDL157C",524.573768655669,0.524198174691447,0.0363860959220881,14.4065517722453,4.70627396375208e-47,3.96605829136268e-46
"YMR163C",274.491052943991,0.444419794025776,0.030850512345847,14.4055887644149,4.77233585011366e-47,4.01681324303576e-46
"YOR065W",659.399700970524,-0.632154857083856,0.0438863725782322,-14.4043542436088,4.85837496345567e-47,4.08423829345449e-46
"YHR101C",227.456462364406,0.430054368565453,0.0298606248065882,14.4020552600952,5.02273625396731e-47,4.21726086689817e-46
"YPL218W",2953.81144320387,0.297295549009798,0.0206446580143093,14.4006042049103,5.12931329344898e-47,4.30150085571209e-46
"YGR256W",129.168940545223,0.801977933625236,0.0557151595104089,14.3942499792253,5.62315826966868e-47,4.70990811273344e-46
"YIL026C",413.054607197737,0.576490359918786,0.0400520530974671,14.3935283046762,5.68215660166284e-47,4.75354170139109e-46
"YPR148C",1669.67301303435,0.308889410217778,0.0214868790321617,14.3757224935008,7.34990155208027e-47,6.14127089636804e-46
"YFL052W",170.255854035205,-0.818027852498947,0.0569388588081154,-14.3667763917733,8.36344305595539e-47,6.97967338669732e-46
"YER146W",93.0958726039722,0.78839186225447,0.0549369738293497,14.350842561941,1.05250717406742e-46,8.77301682016249e-46
"YML003W",48.6652728037622,-0.805918502058188,0.0561609899491656,-14.3501477233159,1.06310549911142e-46,8.85064251678614e-46
"YCR107W",296.413754316106,0.416851874322693,0.0290588497485885,14.3450920435328,1.14348468376447e-46,9.50832372912849e-46
"YDR507C",750.57051427208,0.547642586469768,0.0382028702331621,14.3351162655414,1.32025260352579e-46,1.09649447228891e-45
"YFL004W",1307.61469323848,-0.693701564398527,0.0484813837896972,-14.3086172500288,1.9331892239899e-46,1.60361539845427e-45
"YPR012W",102.486949707937,0.825595735300464,0.0577205954047441,14.303312873183,2.08636341892935e-46,1.72859351857143e-45
"YGL062W",2200.24876000279,0.635530844753811,0.0444473277743449,14.2985163918142,2.23524049078775e-46,1.84971523786943e-45
"YAL067C",40.1630034625158,1.24907302245235,0.0873983469559426,14.2917236533319,2.46433618325903e-46,2.03684929432634e-45
"YOR075W",288.284239677951,0.437195420325788,0.0305985714064833,14.2880990918796,2.59599106120054e-46,2.14309334009181e-45
"YGL120C",1192.9981235927,-0.940700553803171,0.065859674943281,-14.2834071776593,2.77686105932445e-46,2.28966328065255e-45
"YOL052C",555.440280989455,-0.524429591793958,0.0367585186191443,-14.2668859218072,3.51947129245683e-46,2.89851194360829e-45
"YPL272C",224.12140155692,0.520851035416161,0.0365222153904352,14.261211425651,3.81769205918988e-46,3.14035959707555e-45
"YMR135W-A",35.989555597875,1.11715637244703,0.0783435174998755,14.2597167972296,3.90034092094154e-46,3.20451637716975e-45
"YIL006W",238.793604007482,0.595560904583334,0.0417836424659455,14.2534463114059,4.26693283372975e-46,3.50152950658276e-45
"YDL010W",239.100289435847,0.787894446459604,0.0553912981606355,14.2241556457966,6.48827378344947e-46,5.31806726179162e-45
"YGR126W",39.8199779298972,-0.849746584643952,0.0597864734911468,-14.2130240341034,7.60683866184329e-46,6.22747731115233e-45
"YKL029C",1067.26669553116,-0.978007308114062,0.0688348283211943,-14.2080300331472,8.16913546067283e-46,6.67986907918438e-45
"YLR392C",536.855047064795,0.407217949807848,0.0286693519572132,14.2039467936209,8.65947578944992e-46,7.07241883871444e-45
"YKL033W-A",1202.78391109103,0.344345566521114,0.0242849327604796,14.1793913912535,1.22907854579659e-45,1.00263101751298e-44
"YDL143W",3087.84224928454,-0.465756465315413,0.0328625882003066,-14.1728479350591,1.34916064747157e-45,1.09928651572092e-44
"YDR528W",166.142915683616,0.943353126134853,0.0665641235984564,14.1720956445783,1.36369378627363e-45,1.10981462393545e-44
"YBR103W",586.887262954418,0.344928843381446,0.024356908886974,14.1614375199274,1.58713930645022e-45,1.29013626031993e-44
"YGR123C",434.041225468246,-0.858200100440921,0.0606430061071145,-14.1516747854661,1.82361870386384e-45,1.48061495001209e-44
"YOR370C",1840.9840141704,-0.320380447866077,0.0226435918515048,-14.1488351303588,1.89876446326372e-45,1.53981075731104e-44
"YGL035C",1992.95049120431,0.561158323197416,0.0396816917967631,14.1414919018949,2.10768171253115e-45,1.70722218715023e-44
"YMR007W",58.4096180520404,-1.00674878088209,0.0711918764110321,-14.1413435301177,2.11213061023512e-45,1.70881542320432e-44
"YER162C",696.950077218352,0.355738308481931,0.0251819548494284,14.1267153645939,2.59991038642969e-45,2.10098392142822e-44
"YGL004C",420.196177828658,0.370830354552998,0.0262909774179508,14.1048523475511,3.54530525831589e-45,2.86159750334172e-44
"YHR197W",313.524204330235,-1.33212745911682,0.094468840632509,-14.1012364521217,3.73173500795907e-45,3.00854748592485e-44
"YKR093W",471.559242754814,-0.46887371451197,0.0333167075979258,-14.0732307696923,5.54759409021181e-45,4.46727313580214e-44
"YER079W",743.403868407861,0.597345481002983,0.0424480299103858,14.072395874769,5.61348870705272e-45,4.51505487710958e-44
"YFL017W-A",236.656077619469,0.458583214740898,0.0325893777290393,14.0715548039529,5.68065820504318e-45,4.56374932808895e-44
"YHL011C",1189.1019376113,-0.616207576217029,0.0437934662760512,-14.0707650847452,5.74445443081475e-45,4.60962339815379e-44
"YMR294W",254.726177811876,0.392212057760675,0.0278782191258031,14.0687630006343,5.9094022722915e-45,4.73646503431047e-44
"YHR089C",3058.3870881417,-0.646813520990107,0.0460363395040308,-14.0500641006324,7.69643411009441e-45,6.16162195906977e-44
"YGR054W",1305.95193276007,-0.494028637767744,0.0351728024384385,-14.0457570485724,8.17896624900628e-45,6.54032318518098e-44
"YNL156C",1099.01399250856,0.369825050608595,0.0263440120435468,14.0382964446445,9.08708173277728e-45,7.25806934224728e-44
"YGR017W",579.647500708074,-0.365608211723682,0.026046296194958,-14.0368599430447,9.27312227666766e-45,7.39808190902165e-44
"YAL056W",1323.75597285982,0.291184274524224,0.0207498939956517,14.0330487753453,9.78527359781832e-45,7.79763989826147e-44
"YMR158W",281.389651180571,-0.549446946992,0.0391752599746921,-14.0253554755463,1.09064282263462e-44,8.68101252466979e-44
"YNL325C",266.898323328851,0.34958563609421,0.0249501865283814,14.0113435904196,1.32867258445859e-44,1.05634073256321e-43
"YLL054C",191.707184621292,-0.634080896586849,0.0452605501670248,-14.0095711220236,1.36225134656622e-44,1.08178783403788e-43
"YDR280W",817.952483795199,-0.407488777886324,0.0291073979524007,-13.9994917633204,1.56989382729042e-44,1.24524412452702e-43
"YEL001C",1768.7504750485,0.237746882277012,0.0169847922401682,13.9976326419085,1.61149851983872e-44,1.27677414373873e-43
"YIL091C",250.827156109766,-1.24681555402143,0.0891177309771458,-13.9906564086689,1.77763613035069e-44,1.40678445488098e-43
"YKL212W",2036.37798550553,-0.356831101850535,0.0255169856757763,-13.984061690691,1.95032091197601e-44,1.54167158196955e-43
"YFL014W",58.6624293888801,-1.86056009100171,0.133126949410651,-13.9758335877022,2.18935081509504e-44,1.7286330690286e-43
"YDR113C",381.868948100306,0.373267842149915,0.026708788501903,13.9754688657376,2.20059577763517e-44,1.73552141225867e-43
"YOL048C",700.138502998367,0.713874585473185,0.0511243456697726,13.9634957889596,2.60344179563896e-44,2.05088063649591e-43
"YPL086C",625.082606766567,-0.853863315146472,0.0611663450284578,-13.9596916367851,2.74619443193962e-44,2.1608627044462e-43
"YDR386W",237.320503701585,0.484721019234532,0.0347385361919681,13.9534094515647,2.99918133470349e-44,2.35723327504949e-43
"YGR176W",34.7406305508987,-1.35847481175423,0.097384698862636,-13.9495714174811,3.16501565096832e-44,2.48473577615928e-43
"YJR054W",320.222271526149,0.507725464687498,0.0364151668455961,13.9426922534861,3.48540429937951e-44,2.73314448761138e-43
"YMR309C",1160.26451484176,-0.793157729285937,0.0569385145289892,-13.9300741483538,4.15923478978066e-44,3.2578306629852e-43
"YHR108W",1917.16040069563,-0.251604407601273,0.0180644575718889,-13.9281462839387,4.27302309985375e-44,3.34315500482876e-43
"YEL054C",2126.66229586883,-0.478822170695001,0.0343957337112973,-13.9209756277922,4.72411190204619e-44,3.69188540812577e-43
"YKL216W",5325.07185434563,-0.519845686371404,0.0373623233432233,-13.9136338389859,5.23506738384908e-44,4.08655770269852e-43
"YNL069C",8736.72480356333,-0.405244318941533,0.0291316487671088,-13.9107924230872,5.44725755247728e-44,4.24738032262809e-43
"YOR070C",608.487299681603,0.349004618383129,0.0250909553868672,13.9095786908856,5.54048419232919e-44,4.31518480364101e-43
"YDR237W",413.348247810335,-0.299974924178015,0.0215780211230465,-13.9018736920979,6.17046376644157e-44,4.80041164202827e-43
"YDR374W-A",160.110129022154,0.849932239456688,0.0611408314993574,13.9012214687597,6.22695442836861e-44,4.83889178773339e-43
"YOR028C",346.161625308215,-0.720955131649034,0.0518891763024981,-13.8941332860265,6.8750678402875e-44,5.33650981740468e-43
"YIL113W",274.72715466347,-0.935780465563545,0.06735904325434,-13.8924251348129,7.04103403124189e-44,5.45918010192572e-43
"YDL051W",683.954193169636,-0.645908412165191,0.0465739869824582,-13.8684371687669,9.8397376112914e-44,7.62053919614637e-43
"YEL002C",2086.29232937557,0.243508582945757,0.0175602914799276,13.8670011955155,1.00386758388281e-43,7.76587451127322e-43
"YER127W",266.989213486354,-1.08944080889922,0.0785776010954382,-13.8645211066703,1.03917330058797e-43,8.02997550454342e-43
"YDL059C",212.382114539243,0.555080359284059,0.040052314805652,13.8588833623601,1.12409336518865e-43,8.67643813825547e-43
"YLR154C",324.926000508405,0.76182974604683,0.0549902608523882,13.8539031137137,1.20483287647458e-43,9.28922100171049e-43
"YFL049W",673.314247802808,0.409637413101289,0.0295722196716308,13.8521023328615,1.23542588772945e-43,9.51443762529895e-43
"YDR181C",421.553169761623,0.44789268990984,0.0323350456985957,13.8516176561115,1.24379111711254e-43,9.56815848192164e-43
"YLR037C",144.144461252619,0.810828652507747,0.0585688693590554,13.8440209172722,1.38251643757099e-43,1.06234661525405e-42
"YGL240W",66.7883018156758,-0.676924043510451,0.0489061996049766,-13.8412726602778,1.43640722077215e-43,1.10252661259936e-42
"YLR177W",2146.62545288606,-0.561318223956029,0.0406254921717567,-13.8168965826404,2.01574438510934e-43,1.54547885205766e-42
"YHR087W",595.509400829882,-1.18915643083217,0.0862783696535429,-13.7827874542289,3.2353448950501e-43,2.47779194687652e-42
"YNL146C-A",28.4745216114505,1.08928040796232,0.0790514166545104,13.779391364015,3.39119124920903e-43,2.59426130564491e-42
"YIR043C",53.5477525548963,0.98375991650818,0.0713999081777596,13.7781678102299,3.44915138928896e-43,2.63567228804156e-42
"YPL226W",3271.75383357644,-0.798659602213672,0.0579727964168064,-13.7764546749058,3.53196259710706e-43,2.69596036375633e-42
"YDR098C",1069.75021308213,0.342495114682379,0.0248719601068522,13.7703306539166,3.84449516203069e-43,2.9312679059337e-42
"YER110C",1970.987269463,-0.773486752313988,0.0562538513389316,-13.7499341627954,5.09758931907396e-43,3.88240071480356e-42
"YBR255C-A",318.807326268663,0.53534504651504,0.0389544659441934,13.7428413800354,5.62251200462625e-43,4.27745802782892e-42
"YNL062C",275.25440250547,-0.963299507958897,0.0701476139844839,-13.7324629198646,6.48895752042132e-43,4.93117798323408e-42
"YGL155W",433.278586462878,-0.332258354670881,0.0241970027075835,-13.7313847787746,6.58625263458481e-43,4.99959750706906e-42
"YJL165C",1325.46052910824,-0.426095778382515,0.0310371394352329,-13.7285776375002,6.84644047927627e-43,5.19138135460541e-42
"YGR079W",94.1704032119275,-1.42831695516944,0.104133600089893,-13.7161968273108,8.12150959402625e-43,6.15144043507928e-42
"YKR096W",921.972671541099,0.338081654663189,0.0246523311297392,13.7139831882003,8.37319922489089e-43,6.33510732564547e-42
"YKL188C",310.573590776653,0.544656442957442,0.0397280783275021,13.709609573046,8.89351018697106e-43,6.72138503153631e-42
"YGL171W",258.11291902834,-1.26255038204728,0.0922318522557981,-13.6888759270029,1.1832557491151e-42,8.93280244808936e-42
"YLR276C",1067.29268100942,-0.914562269348728,0.0668121701384747,-13.6885580494274,1.18844302142745e-42,8.96213603781817e-42
"YLR233C",166.894371601717,0.546929200275596,0.0399616931267859,13.6863370263207,1.2253233663726e-42,9.23014373903209e-42
"YGL196W",798.457305874696,-0.545518304446932,0.0398619763595122,-13.6851795687936,1.24499206904568e-42,9.36805507691753e-42
"YIR018W",201.304700560288,0.515981670863166,0.0377179888196541,13.6799889657504,1.33712987570911e-42,1.00503702994075e-41
"YLR397C",446.82950927083,-0.644920869594527,0.0471632739607097,-13.6742175730165,1.4475593722842e-42,1.08685346545002e-41
"YML018C",621.463371938598,-0.633833269825997,0.0463591824427378,-13.6722270848693,1.48771203398213e-42,1.1157840254866e-41
"YDL070W",1444.8427936972,-0.603918118868706,0.0442162452321324,-13.6582859014413,1.80175066981283e-42,1.34984258559971e-41
"YGL185C",322.045334127635,0.517314378750774,0.0378845476077583,13.6550232592677,1.88429165957403e-42,1.41014653001817e-41
"YER122C",1856.04358901881,-0.300362947132097,0.022019396499557,-13.6408346676595,2.28925309259946e-42,1.71134718160122e-41
"YJL055W",2002.23324931338,0.367870182281281,0.0269989511225968,13.6253508742194,2.83046622499006e-42,2.1115809434418e-41
"YOL083W",223.190901426028,0.874883649974862,0.0642100281223774,13.6253428873669,2.83077590529671e-42,2.1115809434418e-41
"YBR007C",504.071900297691,0.396974873078601,0.0291381502914777,13.6238872099822,2.88778453135996e-42,2.1517745128153e-41
"YJL133C-A",342.26365045146,-0.87045783003108,0.0639004242363819,-13.6220978253769,2.95942903036814e-42,2.20277501341456e-41
"YOL146W",180.740416419809,0.420419259721995,0.0308749443162541,13.6168426869248,3.18021994268745e-42,2.36455878028111e-41
"YOL086W-A",366.19879986817,0.817700900665601,0.0600861652842557,13.6088049020473,3.55001403711342e-42,2.63666091105997e-41
"YHR169W",243.806461492175,-1.19288260715891,0.0877401211404264,-13.595634376316,4.250590905835e-42,3.1535903433916e-41
"YBR230W-A",659.585163392455,1.5624632014188,0.114958649590147,13.5915236216617,4.49622022753269e-42,3.33223641190125e-41
"YNL188W",382.26507568575,0.667304635262017,0.0491636100484818,13.5731414882668,5.77910276152381e-42,4.27840027022489e-41
"YML082W",456.12604975865,-0.711393561736616,0.052431131824544,-13.5681519162552,6.18621817764102e-42,4.5748777822834e-41
"YOR101W",712.971219810822,-0.803241010608744,0.0592677999279155,-13.5527387820315,7.63282093411419e-42,5.63862361924637e-41
"YMR308C",1827.61612649996,-0.600265633146983,0.044291890414047,-13.5524952205836,7.65819387272821e-42,5.65130383855667e-41
"YNL112W",4072.50902724428,-1.20054748792316,0.088692869657898,-13.536009067627,9.5857063377473e-42,7.0661229267013e-41
"YOR128C",1902.36554082477,-1.31158382896179,0.0969007609111121,-13.5353305446685,9.67462931179584e-42,7.12404522050421e-41
"YLL032C",251.893463615458,-0.501414435671213,0.0370501466332907,-13.5333994932338,9.93221624427049e-42,7.30590906429512e-41
"YBL068W",483.167611048846,-0.521634905862901,0.0385711799595541,-13.5239550983374,1.1293693634594e-41,8.29851447963495e-41
"YBR201C-A",164.291274342483,0.579405461021305,0.0429113489192425,13.5023828337749,1.51398979093026e-41,1.11128141903569e-40
"YER084W",48.7527209976628,1.1380400912502,0.0843307970362999,13.4949523927817,1.67463300530216e-41,1.22788586171516e-40
"YLR024C",396.101513487805,-0.451987813831828,0.0335153750573352,-13.4859840613034,1.89125136590843e-41,1.38524102705102e-40
"YBL066C",358.971895943884,0.448826780114085,0.0332815007646021,13.4857734718338,1.8966594238826e-41,1.3877258377717e-40
"YLR256W",2383.24834022806,-0.498619826272839,0.0370024457859637,-13.4753207708768,2.1853354746853e-41,1.59724360331298e-40
"YLR313C",116.273571854491,0.560625824638321,0.0416467423154029,13.4614568503951,2.63665835947625e-41,1.92506816595907e-40
"YNL255C",3627.57645572075,-0.552419379742455,0.041041271490989,-13.4600941850387,2.68573657373775e-41,1.95882376167208e-40
"YBL037W",497.476470313793,-0.323603822148069,0.0240465169819303,-13.4574093367136,2.78510916365153e-41,2.02915096208897e-40
"YBR184W",33.2439975203402,0.849113636135285,0.0631024775810122,13.4561061417149,2.83465333975061e-41,2.06306429642526e-40
"YDR329C",927.450659211787,0.326014915508322,0.0242423697642613,13.4481454857166,3.15690717771118e-41,2.29517485940248e-40
"YPR155C",413.628382846577,0.393699903510663,0.0292760248372927,13.4478606880111,3.16908758133207e-41,2.30159999973326e-40
"YOL003C",360.858496284851,0.323674587525919,0.0240817566654918,13.4406551823411,3.49329904713382e-41,2.53439029921142e-40
"YOR316C",1207.65771204399,0.374145050801043,0.027855285878257,13.4317433479686,3.94024882938592e-41,2.85564349371811e-40
"YER030W",1011.87813801549,0.442028669196207,0.0329174457624165,13.4284012309635,4.12215018299971e-41,2.98433270346509e-40
"YHL048W",503.317643747093,0.743064481014539,0.0554026955971953,13.4120636731646,5.13886873264018e-41,3.71650327985585e-40
"YPL278C",52.1925142044029,0.719333604244468,0.0536624878944188,13.4047755232624,5.66945618105911e-41,4.09592925567596e-40
"YCL037C",30.9368700065882,-1.42463825033493,0.106306073533469,-13.4012874615899,5.9423294886364e-41,4.28856798000646e-40
"YGR128C",341.29139241132,-1.12591018862466,0.084065192076145,-13.393298234599,6.61754929591103e-41,4.77087192694738e-40
"YNL225C",334.994618435528,0.747285389284906,0.0558114993342092,13.3894519623999,6.9693090008416e-41,5.01921469359774e-40
"YMR030W",299.52980268929,0.58035176719258,0.0433522523126157,13.3868884829242,7.21401581440337e-41,5.19002078183566e-40
"YLR050C",687.666858400668,0.842199923655159,0.0629261213733971,13.3839477990012,7.50526943435218e-41,5.39392276153598e-40
"YPR074C",6621.61390675304,-0.456456459632058,0.0341068830740922,-13.38311855236,7.58949384396749e-41,5.44876591404757e-40
"YNR058W",166.385782671722,0.561596696727168,0.0420379207773914,13.3592881460779,1.0455926306076e-40,7.49885964763887e-40
"YMR198W",339.993023935659,0.368229264257563,0.0275686182657729,13.3568269801439,1.08073619160075e-40,7.74283941641117e-40
"YFL045C",3280.28466569123,-0.346967856623065,0.0260081213996013,-13.3407504253031,1.34102761104325e-40,9.59768721625032e-40
"YJL103C",237.684921205474,0.720885424136658,0.0540669932805434,13.3331887052812,1.4841576841971e-40,1.06110339103811e-39
"YDR222W",150.052576929432,0.563734075321756,0.0423058540413082,13.3252025776696,1.65183804718086e-40,1.17976192477596e-39
"YGR179C",314.374481503744,0.337960535029729,0.0253780316514064,13.3170507339563,1.84243048661251e-40,1.31452164770229e-39
"YLL011W",275.29259968704,-1.1087565928038,0.0833014640160625,-13.3101693457634,2.02023315946077e-40,1.43988667731754e-39
"YDL080C",545.902956854872,-0.281671567520043,0.0211660795011529,-13.30768730717,2.08846772162027e-40,1.48698037883718e-39
"YBR241C",879.222867168167,1.10541928229933,0.0830764196087756,13.3060534806986,2.13462971947134e-40,1.5182774399339e-39
"YDR503C",257.876157968801,0.438073462567018,0.0329351693592634,13.3010842539908,2.28135842783228e-40,1.62096519872294e-39
"YKL078W",138.496455899123,-1.7218577800172,0.129655023248391,-13.280301347974,3.0117966127709e-40,2.13775460607502e-39
"YGR159C",4252.7214714808,-1.0783894584904,0.0812171327671578,-13.277856798787,3.11173423656689e-40,2.20641505857498e-39
"YFL007W",1485.69134762785,-0.285061340812223,0.0214712206765704,-13.2764384990595,3.17122142637386e-40,2.24628184368148e-39
"YDR101C",419.737097596003,-1.23592782817036,0.0931967105002484,-13.2614962645819,3.8709443849301e-40,2.7391009342491e-39
"YPL211W",958.232869882801,-0.70916515616021,0.0535404618965898,-13.2454060170403,4.79680662898842e-40,3.39076115406419e-39
"YIL020C",220.335098011088,-0.554730091187926,0.0418971524055328,-13.2402814830602,5.13559900338745e-40,3.62652298854591e-39
"YMR004W",742.003775184617,0.387117851838405,0.0292427340372313,13.2380868131391,5.28787285366047e-40,3.73022588088651e-39
"YCL049C",1101.66635046538,0.526055533847977,0.0397537059861911,13.232867749002,5.6682634895279e-40,3.99447227486178e-39
"YPL056C",245.038913797046,-0.896007948969387,0.0677142338665679,-13.2321950320665,5.71923370799144e-40,4.02627035577925e-39
"YOL080C",93.6993648691343,-1.39391765310842,0.105346374298379,-13.2317572616247,5.75264709974319e-40,4.04565631069784e-39
"YIL122W",502.593577888004,0.541055229024084,0.0408988581649866,13.2291035324619,5.9593918770365e-40,4.18677684422411e-39
"YDL014W",5963.52555201752,-0.717032264267813,0.0542089431710686,-13.2271950405869,6.11262881446639e-40,4.29005600281357e-39
"YBL087C",7238.2241764018,-0.556838842704336,0.0421216898379888,-13.2197650390116,6.74743906610595e-40,4.73076557740727e-39
"YDL201W",464.106033035819,-0.698058285799688,0.0528087804285886,-13.2186026667222,6.85251405491076e-40,4.79954824700515e-39
"YCL044C",486.36268075051,0.445199490402326,0.033695695699372,13.2123549065236,7.44580091814881e-40,5.20979058144863e-39
"YER041W",345.365944600777,0.318833509011539,0.0241416958031525,13.2067569573925,8.02061993128525e-40,5.60629119054812e-39
"YGR189C",6990.74451116924,0.595245136547146,0.0450717827089348,13.2066029069923,8.03704715049213e-40,5.61207602749882e-39
"YDR051C",637.924306981068,0.331722751575562,0.0251455495612087,13.1921058542821,9.74251732561238e-40,6.79607211619465e-39
"YPR057W",465.022531270503,0.288771892290152,0.021900649219808,13.1855402728871,1.06289783327909e-39,7.40693479972322e-39
"YGR042W",476.31684152165,0.354295871216472,0.0268838755272597,13.1787498739615,1.16302034001482e-39,8.09645605763606e-39
"YBR202W",879.334135861343,0.366496191561372,0.027814173835411,13.1765981520823,1.19666259209799e-39,8.32224439049967e-39
"YER063W",1180.58546507627,0.549847278713571,0.0417999571043647,13.1542546165952,1.60862017484281e-39,1.11759333035245e-38
"YBR059C",2146.92360296356,0.379144450278673,0.0288367800565679,13.1479468073385,1.74858285119954e-39,1.21360815831743e-38
"YKR085C",495.028344696005,-0.568725863375965,0.0432647289457091,-13.1452542806782,1.81195384711781e-39,1.25632449520706e-38
"YKR024C",169.391646424595,-1.32317513011556,0.100697251046555,-13.1401315960833,1.93889261648861e-39,1.34298547932838e-38
"YDR273W",187.377289994848,0.692792671343878,0.0527246906816629,13.1398148075779,1.94702666861734e-39,1.34726418225431e-38
"YMR032W",532.48441312391,-0.569887427517808,0.0433798509874317,-13.1371458072302,2.01691857259295e-39,1.39422533858458e-38
"YML087C",138.174269880687,0.568965527175591,0.0433298460100978,13.1310304459193,2.18660681722838e-39,1.51000882012211e-38
"YDL167C",370.559474346252,-1.13574376027272,0.0865226330414532,-13.126551057786,2.31983771473236e-39,1.60040908476275e-38
"YBR249C",4517.88519589586,-0.492818443284192,0.0375575480196378,-13.1216884293541,2.47361657197195e-39,1.70478979960229e-38
"YER073W",3561.9709542306,-0.669283006442476,0.0510077645656668,-13.1211985497002,2.48965991243281e-39,1.71413084970999e-38
"YDR398W",904.553428780966,-0.850636210029367,0.0648368097660045,-13.1196493642933,2.54107909125124e-39,1.74778516915732e-38
"YNL209W",18870.4711167532,-0.548134832751028,0.0417971613985331,-13.1141640822112,2.73177675043986e-39,1.87707414438907e-38
"YDL018C",310.622280848853,0.541832968050576,0.0413197608421336,13.1131680582737,2.76789981079023e-39,1.89999902266109e-38
"YOL088C",589.186014043233,0.279196690376166,0.0212977047567293,13.1092384632645,2.91510804280603e-39,1.9990556648127e-38
"YKR041W",39.1787099743697,1.03456896267248,0.0789291299095349,13.1075683193043,2.98000736765512e-39,2.04152743545328e-38
"YOR303W",1442.22892050454,-0.361954311708465,0.0276198738017417,-13.1048503083906,3.08871031214637e-39,2.11389368778606e-38
"YLR264W",1337.86253828132,-1.05875326160651,0.0808016602332377,-13.1031127151394,3.16025941638584e-39,2.16071361289141e-38
"YNL259C",275.583985177183,0.765342813803402,0.0584570702882877,13.0923908781098,3.63967867941097e-39,2.48603052656196e-38
"YOR168W",1474.83510884525,-0.754792009933422,0.0576918720377455,-13.0831603009795,4.10990700966851e-39,2.80443109629016e-38
"YER004W",1888.54148954066,0.58367568898966,0.0446968665873227,13.0585370643231,5.68089845179356e-39,3.87257285550482e-38
"YOR393W",22.5287635831892,1.37310508625423,0.105380808334363,13.029935032359,8.26780207986801e-39,5.6304468170021e-38
"YER169W",520.376358151579,-0.426153421350251,0.0327111371039958,-13.0277776646962,8.50488262299166e-39,5.78617755526656e-38
"YPR187W",1403.51029188938,-0.380743222967677,0.0292322084867209,-13.0247847384037,8.84501703293905e-39,6.01164286987022e-38
"YNL278W",538.30475030583,0.638119297709249,0.0489941207836979,13.0244055307463,8.88906669846742e-39,6.03562369023157e-38
"YBL076C",4190.02632707117,-0.498733349071269,0.0383104285897545,-13.0182137718148,9.63995972184667e-39,6.5390268655088e-38
"YPL126W",829.142655285654,-1.03888444160197,0.0798208869704104,-13.0151954085287,1.00285427043582e-38,6.79591698026638e-38
"YAL025C",721.632533080209,-1.19437267412088,0.0917804961189571,-13.0133604047297,1.02723511195239e-38,6.95429080215554e-38
"YNL016W",2610.5457855173,-0.443495496081677,0.0340833863491546,-13.0120725546004,1.04469721487399e-38,7.06556024008584e-38
"YOR367W",315.736926741751,0.481534138632165,0.0370274031721134,13.0048044793707,1.14892383690497e-38,7.76284653296442e-38
"YCL073C",31.5547661353083,0.907218544136111,0.0697723365846481,13.0025535698589,1.1832524065461e-38,7.98695374418616e-38
"YBR073W",999.856952446493,0.306245107698938,0.0235588995738388,12.9991261577859,1.23749200914281e-38,8.34488979720691e-38
"YDR100W",540.808542099959,0.560862618842242,0.04318338691976,12.9879256549375,1.43257405845492e-38,9.65095146033476e-38
"YDR038C",938.889986735756,-0.491537757677035,0.0378779579739136,-12.9768811195037,1.654830198335e-38,1.11373469360083e-37
"YHR180W",188.565110782591,0.734104301008251,0.0565899737701793,12.9723385981687,1.7559006459518e-38,1.18060311986114e-37
"YMR024W",602.155468779357,-0.23266354533703,0.0179375812742871,-12.9707312139427,1.79311555385669e-38,1.20444883788325e-37
"YBR115C",1261.71720615186,-0.409497008942623,0.0315746965134534,-12.9691510658905,1.83046400858734e-38,1.22833768997308e-37
"YPR111W",208.421584819536,0.475329100476997,0.036652762248425,12.9684387019814,1.84755341828286e-38,1.23859837243208e-37
"YJL218W",279.024905179831,0.499184435123909,0.038494052810416,12.9678326567068,1.86221708313897e-38,1.24721445694667e-37
"YMR141C",150.223350102779,0.702363146753111,0.0541654030547531,12.9670067449351,1.88238701065447e-38,1.25949801441749e-37
"YDR057W",589.606479187505,0.235748375136092,0.0181832340685152,12.9651509873207,1.92850294834882e-38,1.28910124265841e-37
"YGR280C",662.498459958726,-0.899010609564641,0.0693421241558434,-12.9648553532071,1.93595251970714e-38,1.29282571272392e-37
"YJR051W",935.572661736268,0.296823299969994,0.0229002098373985,12.9615973861187,2.01996795294453e-38,1.34762396860689e-37
"YLR048W",10566.1081535831,-0.415948655962335,0.0321179848851979,-12.950646108375,2.32984841997201e-38,1.552856376719e-37
"YNL301C",2393.74765486012,-0.502704371315906,0.0388189971211009,-12.9499577165184,2.35083511395244e-38,1.56532879686292e-37
"YDR397C",38.6289799027625,-0.943863920821747,0.0729310659516216,-12.941863779255,2.61214568819686e-38,1.73764474040922e-37
"YCL048W-A",17.2029932484186,1.63996014495135,0.126830724150356,12.9303065636304,3.03605856393594e-38,2.01768949929526e-37
"YOR356W",1161.24143750568,0.400050586962962,0.0309598885410767,12.9215771055566,3.40098164230544e-38,2.25802879530116e-37
"YML056C",4531.17796293516,-0.656359899377939,0.0508561151553122,-12.9062138815253,4.1522027918982e-38,2.75413451081109e-37
"YLR447C",3296.45873727279,-0.32146141945237,0.0249117881147365,-12.9039881830968,4.27392370045784e-38,2.83214289486547e-37
"YJL157C",585.651278877785,-0.362127495073155,0.0280953062817561,-12.8892524410138,5.17429364686812e-38,3.42548189987375e-37
"YAL005C",11839.7100440113,-0.750480340260598,0.0582297779497816,-12.8882569483233,5.24151108510758e-38,3.46664782141842e-37
"YGR138C",1035.76758144239,-0.813078683276037,0.0630908875539314,-12.8874186875403,5.29878465015673e-38,3.50116432978206e-37
"YBR035C",1217.43860974518,0.448944339363072,0.0348438239077923,12.884473889867,5.50496186222605e-38,3.63390818997376e-37
"YKL097C",14.1096845813821,1.45644376618692,0.113065837446391,12.8813777802466,5.730336798234e-38,3.77905831952501e-37
"YBR038W",489.915645843027,-0.457933196627735,0.0355716428250717,-12.873546461705,6.34218174868733e-38,4.17855706600117e-37
"YJR016C",6758.55133918424,-0.574392151633934,0.0446289161668064,-12.8704033386576,6.60563026439108e-38,4.3479698250796e-37
"YGR162W",2599.35869760566,-0.671236861215696,0.0521631957568103,-12.8680164525399,6.81293486797239e-38,4.48013911805061e-37
"YER150W",867.065864330697,-1.52330232196681,0.118556346058821,-12.8487624037522,8.73972612056454e-38,5.74169984161134e-37
"YKR060W",120.448519393752,-0.946525282675643,0.0737274938000808,-12.8381589267396,1.00229760933807e-37,6.57847382296723e-37
"YPL283C",988.933081613525,0.471080947443501,0.0367124932882681,12.8316250205224,1.09052586749882e-37,7.15073390259938e-37
"YHL033C",7524.5554235515,-0.61078473327856,0.0476030593577536,-12.830787380456,1.10238109377896e-37,7.22159260767666e-37
"YHR070W",244.256742449294,-0.76115185250247,0.0593827687745516,-12.8177225179952,1.30476941503904e-37,8.53929412789332e-37
"YJL122W",405.487665190682,-1.00569690427311,0.0784678599249024,-12.8166730332089,1.32254604259733e-37,8.64741643236718e-37
"YOL009C",234.732433973691,0.37622919374893,0.0294072765709383,12.7937448692796,1.77700251012832e-37,1.16078389774511e-36
"YPR002C-A",63.6394197490215,-0.645650246219325,0.0505189494293657,-12.7803577372894,2.11096334143047e-37,1.37762868300936e-36
"YMR023C",243.412969897553,0.361987240668441,0.0283266874990193,12.7790176906839,2.14764821821074e-37,1.40024223318002e-36
"YER078C",624.389563660184,0.247968656046847,0.019412738031562,12.7735024108237,2.30542395739306e-37,1.50168816903039e-36
"YGR173W",406.696586826585,-0.710567787516339,0.055685894214875,-12.7602833273086,2.73205561704244e-37,1.77790197763112e-36
"YPR036W-A",5207.38842137149,0.620558107805983,0.0486398514896471,12.7582237363136,2.80524993231458e-37,1.82380980018753e-36
"YDR216W",758.484637139766,0.771633395600214,0.0605209715587225,12.7498514271456,3.12339950435571e-37,2.02873637617821e-36
"YLR383W",485.92683098498,0.55814440847209,0.0437985334940444,12.7434496990175,3.39064040308655e-37,2.20024120407643e-36
"YDR040C",1101.99926914333,-0.571852852801435,0.0448853720560443,-12.7402943677823,3.53060171537838e-37,2.28890704429191e-36
"YMR312W",327.355581820653,-0.477731573627969,0.0375125494545476,-12.7352467527385,3.76653396980192e-37,2.43956598138158e-36
"YOL153C",547.640810644703,-0.604671002273358,0.0475142559216652,-12.7260964218877,4.23488095898787e-37,2.74033415438266e-36
"YKL096W-A",11832.7179184556,-0.647962984427844,0.050948486446259,-12.7180026262669,4.69713834514014e-37,3.03660070481595e-36
"YGR296W",867.461260121705,0.419789534672316,0.0330114019616725,12.7165012609797,4.78824205903175e-37,3.09259348747032e-36
"YOR004W",318.187377976062,-1.23023789538479,0.0967568261700335,-12.7147400765591,4.89735242570317e-37,3.16010041714773e-36
"YBR079C",3657.62910335255,-0.602269127725434,0.0473729738810687,-12.7133485273154,4.98530752809783e-37,3.21384291488329e-36
"YLR212C",398.137385539567,0.373025157569601,0.0293440242733233,12.7121336219967,5.06338021662273e-37,3.26111999919995e-36
"YFR046C",300.808760694255,0.305505769716183,0.0240358387449132,12.7104268321337,5.17511950848159e-37,3.32997175849493e-36
"YML126C",2489.0376096885,-0.365584325859206,0.0287755534066917,-12.704684448369,5.5693622490846e-37,3.58030430298296e-36
"YPL020C",697.322305828292,0.549876061537015,0.0432824665879744,12.7043605617844,5.59246726830087e-37,3.59180383789659e-36
"YDL083C",8787.43111182661,-0.555275319757584,0.0437132218627758,-12.7026857343231,5.71347274396061e-37,3.66610063766717e-36
"YGL089C",102.219966690463,0.513974879516857,0.0404813987695514,12.6965691685399,6.17791582761896e-37,3.96042369396244e-36
"YIL127C",355.318119458306,-1.01918850419734,0.0802932444612874,-12.693328200092,6.43902492663102e-37,4.12397084835857e-36
"YDR335W",1972.88045379853,0.419626145529123,0.0330727605350064,12.6879685499782,6.89510539303608e-37,4.41197031887113e-36
"YER048C",1716.52307586736,0.348647775953439,0.0274795943735731,12.6875153691763,6.93511006829943e-37,4.43344780132234e-36
"YLR222C",507.494163528328,-0.962466379305081,0.075888525205344,-12.6826338593454,7.38092835250849e-37,4.71407158692217e-36
"YPL104W",362.013540263974,-0.289982194797511,0.0228694557486834,-12.6798905047929,7.6438571854368e-37,4.87747513639781e-36
"YBR157C",286.490631826235,-0.437644717030311,0.0345350565960705,-12.6724771917735,8.40185589613204e-37,5.35618313378417e-36
"YOL139C",3684.45442357815,-0.359548874510638,0.0283909706905045,-12.6641980096472,9.33696943020332e-37,5.94681170462071e-36
"YHR219W",880.811321191025,0.624362069819655,0.0493180608986772,12.6599071099408,9.86159679743576e-37,6.27514731518902e-36
"YGR235C",742.264140252848,0.329663535946405,0.0260442576581019,12.6578204022587,1.01272144118497e-36,6.43821525628673e-36
"YLL038C",176.927395947118,-0.675763862615709,0.0534306745631591,-12.6474888842533,1.155079283936e-36,7.33645836706584e-36
"YHR065C",424.643890483464,-0.902947740608208,0.0714024884305648,-12.6458861652459,1.17887814912571e-36,7.48071525965948e-36
"YDL082W",5777.26992008397,-0.383403883551525,0.0303350137112894,-12.6389883057425,1.28699238205072e-36,8.15924728399557e-36
"YDR322W",409.30105415914,-0.330661167054351,0.0261678923697151,-12.6361405948396,1.33444935571695e-36,8.4523310157417e-36
"YGL186C",1107.49361080828,-0.576086745726814,0.0455949478970563,-12.6348811062904,1.35598955620829e-36,8.5808714103806e-36
"YLL050C",4620.59032580771,0.375587824870465,0.0297384086951565,12.6297216747726,1.44789452221341e-36,9.15404388010959e-36
"YBR196C",18983.7305794536,-0.647827603153872,0.0513302264133927,-12.620782108704,1.62202306129048e-36,1.02455309880596e-35
"YOR119C",318.531390213543,-0.764100911288495,0.0606070202752293,-12.6074654028288,1.92071128162241e-36,1.21210789862239e-35
"YML115C",1382.0965596085,0.344818623676893,0.0273725971400617,12.5972198367771,2.18718815110657e-36,1.37901011175538e-35
"YOR298C-A",3528.65161125262,-0.494822124964484,0.0392975594647849,-12.5916757097321,2.34638725986001e-36,1.47803076707558e-35
"YKR101W",176.931592536209,0.549005093002463,0.0436230561945882,12.5852047264532,2.54681649260774e-36,1.60281824054884e-35
"YOR215C",922.205655822173,0.447991067160358,0.0356188277283752,12.5773669638058,2.81248550433914e-36,1.7683984198516e-35
"YDR501W",80.0243556329524,-0.532069445774656,0.042317268225525,-12.5733410516731,2.95947562912524e-36,1.85912314840578e-35
"YBR008C",400.777691572877,0.338749785592688,0.0269423440957309,12.5731370807622,2.96712271061656e-36,1.86222788173155e-35
"YJL078C",2631.82492779715,-0.667722070914885,0.0531165956942445,-12.5708747367489,3.05326846268175e-36,1.91454948684552e-35
"YDR297W",2178.92961147018,-0.420978542402029,0.0335156024535442,-12.5606735843566,3.47362900413691e-36,2.17615429422044e-35
"YPL235W",1314.17897744596,-0.355804005421313,0.028358694435379,-12.5465580311563,4.151674247305e-36,2.59857065388136e-35
"YDR022C",196.47294851166,0.761601252829713,0.0607263684032232,12.5415247586136,4.42400576826114e-36,2.76651041911698e-35
"YER038C",103.931494622506,-0.68043242897143,0.0543045818685994,-12.5299266757614,5.1210000323398e-36,3.19946326884387e-35
"YJR050W",319.372791262264,0.312426088258726,0.0249425527416764,12.5258265059893,5.39266339775214e-36,3.36613667212361e-35
"YPL115C",666.813231895863,-0.278052902355929,0.0221986852402716,-12.5256473230902,5.40485663367621e-36,3.37069184083884e-35
"YGL078C",1335.06019999846,-0.931144705355003,0.0743491179729967,-12.5239509323189,5.52166059772542e-36,3.44041929550584e-35
"YPR081C",431.596069341358,0.403003893354297,0.0321813793194915,12.5228906242128,5.59593785653949e-36,3.48354720997056e-35
"YDR309C",824.827794372826,0.556670183650199,0.0444665581625508,12.5188502697971,5.88818855383819e-36,3.66216605177741e-35
"YOR009W",493.041196666743,-0.854180007704153,0.0682566329310629,-12.5142417817013,6.24008867050923e-36,3.87752802314585e-35
"YHR148W",166.101969594858,-1.10617489979112,0.0884202499160188,-12.5104249404606,6.54730327164408e-36,4.06475951535343e-35
"YBR258C",145.426404181897,0.421920517969573,0.0337360768108926,12.5065081021319,6.87819419749733e-36,4.26633937385307e-35
"YBR267W",192.84263346618,-1.26926818572217,0.101537478487529,-12.5004895200157,7.41930110967704e-36,4.59782971558294e-35
"YOR192C",75.1109225210119,-0.568687363879807,0.0455024593639662,-12.4979478434556,7.66032688463711e-36,4.74292721229555e-35
"YPR198W",697.467364984332,0.453545858377056,0.0362909579175656,12.4974893031834,7.7046311709657e-36,4.76607238203943e-35
"YDR186C",1403.9740758785,-0.408484763450795,0.0327060480571874,-12.4895787695459,8.51030196591681e-36,5.25973330658324e-35
"YDL208W",2040.36023932435,-0.570727650957264,0.0457235644861018,-12.4821338268748,9.34482547395962e-36,5.77032496755264e-35
"YDR300C",932.329041917927,-0.434447637357605,0.0348072323164923,-12.4815335332409,9.41555421118657e-36,5.80878949319171e-35
"YPL011C",414.465627882646,0.287528965601938,0.0230402124444336,12.4794407297839,9.66632146974817e-36,5.95815786206053e-35
"YNL136W",801.694912247972,0.509846374553108,0.0408578988885916,12.4785265131553,9.77793848970757e-36,6.02156587671168e-35
"YHR066W",239.504789814491,-1.46785507145324,0.117719187090394,-12.4691234091356,1.10029760019808e-35,6.76992759371203e-35
"YMR250W",1074.98017392257,-1.03344758883092,0.0829067817112276,-12.465175556211,1.15616890639861e-35,7.10734189335218e-35
"YER070W",800.796082520195,-0.749458301052475,0.0601691039521523,-12.4558660811778,1.29933236831361e-35,7.98028845302335e-35
"YLL057C",156.078977918239,0.44101667880385,0.0354382970396798,12.4446352010101,1.49566155854942e-35,9.17792320018964e-35
"YAR053W",13.4540679474485,1.4154871458154,0.113786620388823,12.4398381899252,1.58825334245217e-35,9.7374214272335e-35
"YPR159W",2935.81739696856,0.291945673238423,0.0234693978790305,12.4394189720253,1.5966107139611e-35,9.77995085909448e-35
"YGL083W",448.347941645327,-0.315540547654527,0.0253758543332952,-12.4346768195509,1.69424628225802e-35,1.03641113475695e-34
"YGR214W",11243.1167177882,-0.460769909983177,0.0370553422457608,-12.4346418642481,1.69498756388718e-35,1.03641113475695e-34
"YJL146W",413.915463449158,0.312668240748217,0.0251547450693486,12.4297916709642,1.80103103261348e-35,1.0992995265553e-34
"YMR217W",3726.37481614211,-0.591301812064578,0.0475710749952145,-12.4298602065238,1.79948761691055e-35,1.0992995265553e-34
"YLR157W-D",20.212074038813,1.0519874979466,0.0846446863014138,12.4282757006216,1.83550891891552e-35,1.11935154178329e-34
"YIR029W",234.549466609836,0.497703316609606,0.0400713305524119,12.4204340047713,2.02460177236246e-35,1.23357373475359e-34
"YMR279C",147.12067874394,-0.49539649095788,0.0398945654017939,-12.4176435052882,2.09646002211443e-35,1.27622698958956e-34
"YBR253W",467.324007510481,0.327089989168526,0.026356511419657,12.4102155994961,2.30032529463801e-35,1.39909360897374e-34
"YDR127W",2441.89212297634,-0.353299957823115,0.0284771138507409,-12.4064524120981,2.41100794178456e-35,1.46511824176405e-34
"YPL088W",728.424883875526,-0.792762002115321,0.0639404787095243,-12.398437079534,2.66470335681624e-35,1.61785560949557e-34
"YBR023C",1564.55629739905,0.279775929983987,0.0225777548213625,12.3916630416799,2.89966988349562e-35,1.75896274430549e-34
"YOR011W",451.600374238185,0.385855574599856,0.0311555271605765,12.3848193166864,3.15795313221777e-35,1.9139531087429e-34
"YMR174C",126.973925124616,0.95018911682446,0.0767592243824148,12.3788264468465,3.40282039467049e-35,2.06054691445086e-34
"YMR013C",177.900665215039,-0.471947094295719,0.0381351766801419,-12.3756367580034,3.54075003756019e-35,2.14218488652038e-34
"YJR008W",485.313835545854,-0.651445270345243,0.0526738363612565,-12.3675303594254,3.9167981256375e-35,2.36761677743759e-34
"YDR128W",886.842866331193,0.368574348865182,0.029809570291009,12.364295938085,4.07768462710811e-35,2.46270689979293e-34
"YJL148W",640.42802391094,-0.901882510691211,0.0729433246552746,-12.3641541560307,4.08488542827282e-35,2.46489361732326e-34
"YPL184C",1424.60245748386,0.202518960331991,0.0163810604479337,12.3629945067162,4.14425773682973e-35,2.49853016795733e-34
"YMR179W",269.020002318164,0.465498969371972,0.0376536237446835,12.3626605643155,4.16151354025688e-35,2.50673847109962e-34
"YPL156C",374.61641989932,-0.733908012808094,0.0593667117765575,-12.3622816700772,4.18117860269677e-35,2.51638240206008e-34
"YPL162C",281.918485262134,0.32850440180259,0.0265733050763852,12.3621958525032,4.18564544565415e-35,2.51687064570557e-34
"YPR078C",68.6041760081154,0.823887798371124,0.0667790743021769,12.3375145130496,5.68849102113076e-35,3.41756201400395e-34
"YJL061W",493.799508085712,-0.457416657690706,0.0370853296003373,-12.3341672467311,5.92988161821397e-35,3.55947994258092e-34
"YIR007W",536.459378835377,0.29717665060312,0.0240968424214479,12.3325971679431,6.04658901134936e-35,3.62637328772999e-34
"YJR047C",745.452178274333,-0.866844633563031,0.070297162474786,-12.3311468492622,6.15642078191751e-35,3.68903020744143e-34
"YJR144W",948.29952623464,0.337178856377302,0.0273479671152145,12.3292109777958,6.30611760381155e-35,3.77544519149935e-34
"YNL250W",406.699324903364,0.428390280311174,0.0347545132303931,12.326176962149,6.54803892071555e-35,3.91687645257398e-34
"YLR435W",265.804684318459,-0.781304095524481,0.0634306182995534,-12.3174598714259,7.29562196728177e-35,4.36027406638325e-34
"YGR195W",497.61566859835,-0.369679495207592,0.0300216080342813,-12.3137806204604,7.636058956565e-35,4.55978021820902e-34
"YNL339C",1032.68048589888,0.422007294503309,0.0342776911108136,12.3114270777176,7.86205932533362e-35,4.69066537737625e-34
"YML066C",147.454297912742,0.487714022927731,0.0396282915066883,12.3072180097751,8.2829312196922e-35,4.93748757121912e-34
"YPR091C",1129.88375534632,0.391109249830194,0.0317824604731466,12.3058203804154,8.42757431326943e-35,5.01936411305017e-34
"YJR153W",88.6905101514447,-0.581065181163381,0.0472194937775993,-12.3056207230886,8.44844102721115e-35,5.02744308317621e-34
"YGL193C",195.999848846691,0.694139191811482,0.0564155302032234,12.3040444592298,8.61499298600075e-35,5.12212665877506e-34
"YNR057C",136.01496824535,0.634288925925467,0.051553711798645,12.3034579625,8.67779291490916e-35,5.15501330622515e-34
"YHR046C",337.226369078841,-0.398671283109577,0.0324108750915666,-12.3005405433595,8.99700214375069e-35,5.34003101376927e-34
"YNL125C",780.64948274375,0.392565905766122,0.0319348313504169,12.2927189268215,9.91153152065023e-35,5.87776869247863e-34
"YOR289W",382.32168577004,0.721286147246403,0.0586811688039522,12.2916118057591,1.00482320861084e-34,5.95370722141622e-34
"YER187W",182.786212487133,0.69464414528133,0.0565196932387591,12.2903028214769,1.02122758512326e-34,6.04570242783632e-34
"YGR131W",166.22049045875,-0.497130764152017,0.0404605889071635,-12.2867901229188,1.06657604855971e-34,6.30874234908383e-34
"YDR381W",1904.71623838088,-0.455618413960534,0.0370831237835611,-12.2864086806654,1.07161926711962e-34,6.32899256550945e-34
"YOL133W",251.169850584516,0.420709040462192,0.0342418697576878,12.2863921695671,1.07183810187132e-34,6.32899256550945e-34
"YDL021W",199.065158028605,0.708474459647599,0.0576969193381537,12.2792424235916,1.17089530141651e-34,6.90798127699456e-34
"YCR026C",845.389936567283,0.444298027438083,0.0361923539991218,12.2760190577508,1.21847872409441e-34,7.18255652002571e-34
"YJL052C-A",11.6882956366156,1.57121553559767,0.128018643365135,12.2733337449628,1.25958264901591e-34,7.41850003291234e-34
"YBR203W",857.34041489286,0.367842373925299,0.029976872759993,12.2708721777083,1.29847051506893e-34,7.6409995694441e-34
"tN(GUU)P",3.02067254475404,-4.00143430357371,0.326138577572508,-12.2691229395704,1.32682772098781e-34,7.80120312468069e-34
"YHR028C",1679.0459848723,0.316403132088839,0.0257974489169501,12.2649000336211,1.39784697149798e-34,8.21175460645355e-34
"YDL207W",840.311181501958,0.246778599292751,0.0201406757598195,12.252746741749,1.62400748396397e-34,9.53221784065808e-34
"YNL186W",662.552289031717,-0.804353322397095,0.0656509397695079,-12.2519696629032,1.63964622667998e-34,9.61581283704571e-34
"YHR112C",682.75308891763,0.517924594322086,0.0423110544150894,12.2408812893441,1.87980338801297e-34,1.10148479374207e-33
"YKL110C",506.437147953064,-0.594194939663378,0.0485488935992651,-12.2391036254711,1.92142892282623e-34,1.12491820864444e-33
"YBL054W",210.764627151097,-1.29820187444845,0.106072367916064,-12.2388318461574,1.9278730664907e-34,1.12773203592085e-33
"YDR381C-A",303.527885848682,0.632031137202038,0.0516483302671157,12.2372036798341,1.96693050262951e-34,1.14960242025502e-33
"YDR347W",715.152212703831,-0.287693331409981,0.0235174826733325,-12.2331686348475,2.06714671576087e-34,1.20715056302066e-33
"YER074W-A",527.688824903095,0.403242362823336,0.0329715817324367,12.2299975201564,2.14945197008211e-34,1.25320085890462e-33
"YLR332W",1696.6897767916,0.537835994810836,0.0439768130634567,12.2299902458771,2.14964446531061e-34,1.25320085890462e-33
"YGR059W",24.972153943215,1.05944994659686,0.0866633220063975,12.2248942467108,2.28879360577066e-34,1.33319322975727e-33
"YPR110C",1252.19887643067,-0.6483482770634,0.0530640378180503,-12.2182235601162,2.48454562598239e-34,1.44599295307597e-33
"YEL035C",15.6350474492266,1.19985174927759,0.0982307835746067,12.2146205661314,2.59710300656515e-34,1.51022417231428e-33
"YMR079W",854.291298298994,-0.322920627667945,0.0264470463670764,-12.2100828646765,2.74609346840745e-34,1.59551506582154e-33
"YLR299W",1034.54781647514,0.452850944772883,0.0370887030318682,12.209942860061,2.75082294713783e-34,1.59691534494469e-33
"YGR283C",342.135241074238,-0.472465089918011,0.0386980931259679,-12.2090018332446,2.7828223146937e-34,1.61413071917996e-33
"YJL050W",1087.49452740411,-0.964258946418303,0.0790732032625443,-12.1945097281149,3.32499118805361e-34,1.92698352944016e-33
"YOR317W",1992.09934436453,-0.337220380556713,0.0276683517878606,-12.1879461104968,3.60390131848812e-34,2.08686800486045e-33
"YDR298C",1163.66637993543,0.311770089285168,0.0255955916190325,12.1806166438966,3.94289391056956e-34,2.28124576254382e-33
"YLL055W",351.474657188179,0.378884858888047,0.0311057668800949,12.180534251046,3.94687930435917e-34,2.28163425780965e-33
"YLR175W",4513.43705972962,-0.743417999713808,0.0610347569454098,-12.1802401929564,3.96113573322458e-34,2.28795465799088e-33
"YDR412W",61.5878007577102,-0.996275477954642,0.0818273494220137,-12.1753360580762,4.20657911603625e-34,2.42768627107373e-33
"YJL147C",161.741675645723,0.486658375230753,0.0399728444845481,12.1747246538553,4.23821920808126e-34,2.44389775943379e-33
"YOL123W",2831.91062103082,-0.686907465407349,0.056423299291294,-12.1741811279252,4.26654503954663e-34,2.45817260228272e-33
"YKR095W-A",238.517688322138,0.539524870688409,0.0443229820692311,12.1725760655203,4.35129514722549e-34,2.50490527497053e-33
"YPL231W",14648.2932099384,-0.482928482228784,0.0396738212154822,-12.1724721096522,4.35684150651959e-34,2.50600282141916e-33
"YFL041W",1101.29371353133,0.40756918450894,0.0334854569256684,12.1715282372783,4.40752239270134e-34,2.53303770231626e-33
"YPL265W",2433.21228642755,-0.846058816578205,0.0695227534190433,-12.1695240043018,4.51708923960497e-34,2.59384148579485e-33
"YNR022C",390.003242608019,-0.335909098019833,0.0276026454237701,-12.1694530673703,4.5210163824247e-34,2.59393314941617e-33
"YDR054C",1906.71690221865,0.32792848622929,0.0269528901286691,12.1667281194636,4.67446753230913e-34,2.67974262780586e-33
"YOR310C",2232.35254397638,-0.75838208785953,0.0623725538916915,-12.158907091995,5.14422951640266e-34,2.94659070053514e-33
"YDL183C",135.75115400236,0.626827306325517,0.0516045344885058,12.1467485859239,5.9692613426804e-34,3.41632288814252e-33
"YIR018C-A",47.9947123966828,0.73595302187674,0.0605989858221978,12.1446425528652,6.12496811367285e-34,3.50252537065096e-33
"YKL181W",3307.90896753224,-0.438062148813221,0.036076980254391,-12.1424283774389,6.29302205336844e-34,3.59563957157193e-33
"YPL132W",234.644862483967,-0.449195570322342,0.03700076706058,-12.1401691372206,6.46921748033801e-34,3.69324729287954e-33
"YJL158C",7626.77909506196,-0.528332812167737,0.0435331917880145,-12.1363215162459,6.78063897933358e-34,3.8678292769438e-33
"YDR020C",147.636871087998,-0.568064821559261,0.0468776961749078,-12.1180191842134,8.47835277223389e-34,4.83223996993629e-33
"YOR324C",352.455761726434,0.416782125572682,0.0344080650697547,12.1129195939309,9.02244605813743e-34,5.13809273037851e-33
"YIL158W",387.223618473301,-0.656363797373191,0.0542279244591065,-12.1037971473195,1.00836650112238e-33,5.73768872746084e-33
"YJL003W",210.439661157648,0.512212897294277,0.0423302236540688,12.1004061183372,1.05089982474053e-33,5.97476902835556e-33
"YNL058C",448.805504867145,-0.541221189578103,0.0447416805141329,-12.0965771369974,1.10107169352644e-33,6.25485033822569e-33
"YJL125C",246.710845178153,-0.767847743840089,0.0635351403967025,-12.0854024882259,1.2615088667741e-33,7.16033680769967e-33
"YDR143C",812.041865717614,-0.55966272210587,0.0463299809653948,-12.0799255782967,1.34841719955223e-33,7.64732489202395e-33
"YEL015W",1153.01427034952,-0.189319225720207,0.0156804138863449,-12.0736115189582,1.45601140750285e-33,8.25073130918281e-33
"YNL223W",464.751452703386,0.330879007421685,0.027408350229513,12.0721971461602,1.48125835988737e-33,8.38689457880306e-33
"YDR184C",160.462604378671,-1.2931864783752,0.107156408744809,-12.0682140575922,1.55471815600119e-33,8.79081027744045e-33
"YPL076W",209.900448859292,-0.394653145919157,0.0327019301555497,-12.0681912058999,1.55514987914633e-33,8.79081027744045e-33
"YKL217W",351.737949580642,0.608612854175878,0.050462435495867,12.0607110654761,1.70306145790077e-33,9.61901405877506e-33
"YML116W-A",205.662060546434,0.551074899324264,0.0457065983039723,12.0567909180056,1.78607474804419e-33,1.00796103608887e-32
"YLR192C",3690.61284415273,0.403934030670154,0.0335533471596479,12.0385614212562,2.22807137076793e-33,1.25636948302516e-32
"YOL043C",404.781924061197,0.339043145391783,0.028181826877553,12.03055951145,2.45491430239435e-33,1.38314934304297e-32
"YOR031W",242.663886075089,0.508718895240278,0.0422861472440474,12.0303912367398,2.45992307335092e-33,1.38483813246288e-32
"YNL147W",585.857559168123,0.388030581191783,0.0322686716014573,12.0249939626972,2.62607298609105e-33,1.47716605467622e-32
"YHR179W",9111.98368000211,-0.358485647004968,0.0298230499249774,-12.0204220529681,2.77550160478265e-33,1.55994518766764e-32
"YBR109W-A",14.8915204911886,-1.39524445290431,0.116076416028797,-12.0200511063175,2.78798971236484e-33,1.56568590290636e-32
"YLR124W",22.8246364920166,-0.870416100992746,0.0724175783663182,-12.0194035844421,2.80992274395707e-33,1.57671704092457e-32
"YLR441C",12283.5862918121,-0.372434744355563,0.0309919668389903,-12.017138063242,2.88801847824606e-33,1.61921882921206e-32
"YDR512C",346.885514271057,0.599348743944037,0.049877309805389,12.0164609174507,2.91177639424365e-33,1.63121077903723e-32
"YMR131C",1382.33020943132,-0.714446936550891,0.0594563292512614,-12.0163310710227,2.91635423584665e-33,1.63244706616294e-32
"YJL045W",92.0267002406055,0.727616824610809,0.0605981542507557,12.007244009445,3.25513096968784e-33,1.82059924665319e-32
"YBR151W",1405.8966314256,-0.288786971957416,0.0240867994308201,-11.9894290142965,4.03678127840147e-33,2.25594473228849e-32
"YLR083C",1407.33057061277,-0.533263470111538,0.0444825982311908,-11.9881367392253,4.10024532185762e-33,2.28955304468692e-32
"YML109W",296.054308390443,0.364971849900984,0.0304626178297582,11.9809745813918,4.47037212872526e-33,2.49420681574339e-32
"YOL029C",526.548933805963,0.400401509427815,0.033443322602891,11.9725397557599,4.94901361128727e-33,2.75902499706177e-32
"YER025W",2992.98270545147,-0.562328957107869,0.0469688580493797,-11.9723787305341,4.95862965055113e-33,2.76214928349875e-32
"YLR298C",379.505712365044,0.426368259703499,0.0356740450420804,11.9517778037383,6.35510379259975e-33,3.53717781827399e-32
"YGL055W",10313.626890179,-0.556416578757954,0.046567816600551,-11.9485219487695,6.60901718188696e-33,3.67553176876347e-32
"YCR034W",1401.24312646513,-0.452978059849553,0.0379178252235459,-11.9463090823117,6.78731683868661e-33,3.7716445871152e-32
"YER036C",4411.45078757812,-0.46706166439817,0.0391017236290854,-11.9447845529436,6.91292557439002e-33,3.83834617578026e-32
"YOR029W",19.6221049727051,1.13389852502078,0.0949940080571323,11.9365268211319,7.63450306738641e-33,4.23558046889246e-32
"YGR284C",1203.81741258912,0.303509048151155,0.0254335548434533,11.9334104107464,7.92585089675385e-33,4.39367821450485e-32
"YPR016C",2316.14909609862,-0.554969040962296,0.0465059326796232,-11.9332955815648,7.9367944473548e-33,4.39620513033289e-32
"YDL204W",416.564680282193,-0.969659298466847,0.0812823291709385,-11.9295215621545,8.30494278271182e-33,4.59642532628384e-32
"YML071C",747.821479472907,0.227276190106975,0.0190717414627214,11.9169080889242,9.66283913845092e-33,5.34366646331202e-32
"YDR266C",551.683348852455,-0.429488648956871,0.0360412511638369,-11.9165854427332,9.7003222940209e-33,5.36008980692888e-32
"YDL105W",120.202655728811,0.515456988979297,0.0432761618185325,11.9108758105844,1.03880369614515e-32,5.73549594864421e-32
"YHR088W",282.769422902045,-0.884756150398866,0.0742838629995382,-11.9104757705501,1.04379972324886e-32,5.75846241551953e-32
"YMR264W",1123.6444378712,0.405050635746283,0.0340194657446685,11.9064372964106,1.09559120742115e-32,6.0393478487547e-32
"YBR247C",261.342795637565,-1.14141132177071,0.0958832729710409,-11.9041756335898,1.12570251925102e-32,6.2003694760346e-32
"YPR084W",331.995069840708,-0.295015449928821,0.0248294902800576,-11.8816555072727,1.47418451151968e-32,8.11331763534215e-32
"YDR305C",289.830424134947,0.258899587070589,0.0217923537155841,11.8802948249433,1.49837944554282e-32,8.23989016179096e-32
"YLR052W",505.577029737779,-0.300676611333431,0.0253152330568882,-11.8772997529888,1.55303439242137e-32,8.53363271494103e-32
"YNL082W",221.1883885849,0.405929323018898,0.0341812470292636,11.8757903323823,1.58132443006344e-32,8.68215207415216e-32
"YHR093W",14.5775471486917,1.38261302959412,0.116499496167544,11.8679743267362,1.73620687659233e-32,9.52492776520972e-32
"YNL175C",546.434872041999,-0.832911680805553,0.0701963384156503,-11.865457652131,1.78921434216276e-32,9.80791460652118e-32
"YOR194C",1098.56428330114,0.242757895332735,0.0204773125543249,11.8549685017853,2.02800472409896e-32,1.11080449685134e-31
"YIR012W",998.863229730536,-0.636253537746648,0.0536738845730035,-11.8540616690648,2.05007816620616e-32,1.12200223961283e-31
"YMR200W",1514.20860415298,0.282695516177418,0.023857550820896,11.8493100276586,2.16969866397556e-32,1.1865270295053e-31
"YHR024C",1064.77745001727,-0.312355594101426,0.0263665026606126,-11.846682820321,2.2387868334821e-32,1.22333709115272e-31
"YBR020W",158.987734487647,0.408508870502792,0.03448344935023,11.846519945084,2.24314119864832e-32,1.22474442130798e-31
"YGL179C",459.582040235689,-0.515413785972895,0.0435100902348859,-11.845845025613,2.26127454588777e-32,1.23366681841817e-31
"YDR379W",961.410737465271,0.260270805718408,0.0219741460784819,11.844410462588,2.30030250236782e-32,1.25396537836916e-31
"YGR048W",842.032925165531,0.348826316250197,0.0294524724079661,11.8437023356942,2.31981327132642e-32,1.26260192672588e-31
"YLR378C",2471.58271926187,0.220005261725496,0.0185756851094904,11.8437226098914,2.3192523851098e-32,1.26260192672588e-31
"YDL136W",8289.70796018204,-0.394071993553826,0.0332766934002149,-11.842282188749,2.35943869058115e-32,1.28315445376392e-31
"YDR385W",16876.3129594132,-0.485214306676221,0.0410182484087553,-11.8292302938185,2.75657877382331e-32,1.49795144891661e-31
"YOL010W",198.607225264423,-1.21213720130276,0.102485110635397,-11.8274468728933,2.81576486682277e-32,1.52890702745069e-31
"YHR178W",242.575306657707,-0.397201424550891,0.0336266426311555,-11.8121047321828,3.37992883920562e-32,1.83379117871794e-31
"YGL130W",615.580474151583,0.223778145166411,0.0189705062744118,11.7961082287114,4.08783488619737e-32,2.21612151113928e-31
"YDR003W-A",173.378724584784,0.640590508538067,0.0543163015646884,11.7937063107132,4.20614552034003e-32,2.2784667118443e-31
"YMR115W",494.824145760336,0.325626852207635,0.0276459425782977,11.7784680802765,5.04007372281925e-32,2.72805877213919e-31
"YIL053W",23577.061491889,0.588255358623405,0.0499520125431171,11.7764095713989,5.16464837642462e-32,2.79329175739855e-31
"YCR010C",131.837963702538,0.903643898182383,0.0767844574771634,11.7685782757681,5.66715286512651e-32,3.06266463707975e-31
"YPR135W",473.273277925716,0.290375150570551,0.0246798043919681,11.7656990290025,5.8638631072736e-32,3.16648607792774e-31
"YFL057C",181.332962992978,0.397324721223907,0.0337730443092614,11.7645515632404,5.94413410414106e-32,3.20731687359022e-31
"YKR002W",898.586991381256,0.308608760462405,0.0262407270194549,11.7606787431462,6.22319856312743e-32,3.35526406477152e-31
"YLR169W",140.346309614043,0.593794226768268,0.0505265160393979,11.7521308278065,6.88602291027798e-32,3.70972361011454e-31
"YNL108C",111.107209504614,-0.571017724555507,0.0485989951712474,-11.7495788244885,7.09716956014138e-32,3.82048572490801e-31
"YER010C",614.99536415444,0.407671670212199,0.0347108427657791,11.744793203757,7.51059966413326e-32,4.03988114746543e-31
"YBL061C",681.100718978549,-0.386100014283955,0.0328744814922365,-11.7446723646466,7.52134274960947e-32,4.04250154809221e-31
"YNL263C",1087.18324893909,0.235865439357516,0.0200863818436725,11.742554791261,7.71209931205852e-32,4.1417943653294e-31
"YER043C",8374.84511448369,-0.591528472402995,0.0503924278058603,-11.7384396457716,8.09664588035539e-32,4.34492649152353e-31
"YAR068W",200.302832766307,0.863465548450928,0.0737115463075201,11.7141152465938,1.07911867740306e-31,5.78639571177575e-31
"YGR081C",167.087422614318,-0.586760866804785,0.0500949764129579,-11.7129682219595,1.09382085078188e-31,5.86066658181576e-31
"YGL007W",17.8817643672278,1.2381418350113,0.105748057426087,11.7084120989806,1.15420968955804e-31,6.17941968320925e-31
"YHL016C",167.852073978018,0.393388787334,0.0336127857664281,11.7035460871235,1.22236452777651e-31,6.5392228234198e-31
"YDR324C",363.092413261656,-1.08581140123211,0.0928056676727114,-11.6998393359049,1.27695034012817e-31,6.82593407747084e-31
"YJL100W",552.593522775945,0.344217492201275,0.0294374510322326,11.6931826680365,1.38112110160085e-31,7.37705103531563e-31
"YPL147W",297.616746736407,0.732220141353046,0.0626505985487877,11.6873606687548,1.47911997696957e-31,7.89437290033761e-31
"YDR536W",135.446604596271,0.502848447471911,0.043045692131963,11.6817368374599,1.58033007143912e-31,8.42801900995996e-31
"YJR042W",766.897574464373,-0.327288829902882,0.0280287263047124,-11.6769069826714,1.67271966995558e-31,8.91383508331592e-31
"YGR161C",3141.96106338761,0.610330470238138,0.0522902631290015,11.6719716772592,1.77266582146136e-31,9.43913703075134e-31
"YHR062C",398.012851169741,-0.873024650472654,0.0748002140568853,-11.6714191460565,1.78421790700748e-31,9.49330779733115e-31
"YMR034C",197.63844144038,0.695891677983472,0.0596276558514191,11.6706194138757,1.80107086576604e-31,9.57557753729669e-31
"YCR081W",175.874450140629,-0.436904544665872,0.0374438743462688,-11.6682515443119,1.85190187272471e-31,9.83822869885002e-31
"YDR432W",2964.62305092799,-0.32173612577982,0.0275902066662435,-11.6612437765268,2.01083334443417e-31,1.06743157875322e-30
"YGR192C",227589.635551107,-0.731271269691921,0.062722736107839,-11.6587909754869,2.0696019861748e-31,1.09778194721213e-30
"YFR035C",175.707223259747,0.840200093580297,0.0720813883507217,11.6562695697839,2.13179189814911e-31,1.12989893908827e-30
"YPR029C",1096.78171903013,-0.210468440431221,0.0180576155857437,-11.6553838147592,2.15407632609568e-31,1.14083196193606e-30
"YDR373W",637.600203502901,0.332439537136328,0.0285504587650034,11.6439297831468,2.46395251728152e-31,1.30394412617089e-30
"YGR244C",2578.75790802546,0.553040353376805,0.0475240985375449,11.6370508940826,2.67091989922118e-31,1.41238736606281e-30
"YDL060W",747.170131785755,-0.977564819756326,0.0840570716449768,-11.6297748734951,2.90863651298934e-31,1.53691192570465e-30
"YNL251C",1224.77942549494,-0.648733726264141,0.0557949914978914,-11.6270960680881,3.00134887920501e-31,1.58468458844528e-30
"YHL003C",1105.00414468362,-0.219814304876079,0.0189639574264288,-11.5911621152312,4.56891023034685e-31,2.41049401807955e-30
"YJL141C",1474.72024112032,-0.347364992367138,0.029969882063443,-11.5904691126847,4.60602905689399e-31,2.42821669653255e-30
"YHL015W",18200.0528573251,-0.357269195874038,0.0308401647250765,-11.5845423997861,4.93595443126658e-31,2.60015656153561e-30
"YGL169W",362.644482216534,-0.650687383631182,0.056201434120408,-11.5777718810008,5.34163989534268e-31,2.81171182564483e-30
"YEL008W",19.619597238398,1.01019167210679,0.0872906243406229,11.5727396812383,5.66445213781607e-31,2.9793546958643e-30
"YGL002W",544.58405568173,0.335733799419177,0.0290182702332157,11.5697385378567,5.86611604397824e-31,3.08306938647253e-30
"YHR085W",160.304146704074,-0.985682771476008,0.0851960667781383,-11.5695807183547,5.876915885086e-31,3.08638946367789e-30
"YOR359W",191.779171245415,-1.08472112977777,0.0937809076422547,-11.5665454413775,6.08850758775964e-31,3.19507429433881e-30
"YLR254C",369.885044027789,0.312326815922781,0.0270055593059104,11.5652785556056,6.17904443970777e-31,3.24011583910038e-30
"YLR070C",277.603413837653,0.565808823843363,0.0489269820113933,11.5643516232333,6.2461322650404e-31,3.2728021799698e-30
"YOR221C",534.611122108407,-0.412853726972739,0.0357205235321481,-11.5578856676379,6.73466000700123e-31,3.52609385157441e-30
"YBL039W-B",126.15824135328,0.696433191205143,0.0602640992421687,11.5563527865331,6.85592839043764e-31,3.58685919210966e-30
"YPR146C",162.458157064692,0.471637850930251,0.0408340510196189,11.5501117120036,7.37245468198105e-31,3.85416480527255e-30
"YHR196W",328.15643931136,-1.14869903548987,0.0994943524655621,-11.5453692297507,7.79061974651547e-31,4.06968262175713e-30
"YDR086C",1721.049135054,0.342457564772502,0.029662798772013,11.5450186411814,7.82245116464953e-31,4.08011941428879e-30
"YDR516C",8679.8082232718,-0.847685277721828,0.0734241939200519,-11.5450402989079,7.82048103215448e-31,4.08011941428879e-30
"YMR128W",637.586092033696,-0.916185324663372,0.0794109703147383,-11.5372639451722,8.56049643849697e-31,4.46169704610535e-30
"YPR001W",160.175549120813,0.57885740010535,0.0502004533738062,11.5309197667005,9.21538696861993e-31,4.79939026315796e-30
"YOL105C",887.011712324622,0.497899177482414,0.0431888002953276,11.5284326973139,9.48548057516629e-31,4.93632152381103e-30
"YPL256C",686.168980705668,-0.423063923967896,0.0367066642558879,-11.5255344647678,9.81015357740288e-31,5.10142804988058e-30
"YOL090W",636.91230737164,0.314607987797848,0.0273081981980756,11.5206424647972,1.03833882944035e-30,5.39544365335607e-30
"YDR450W",10902.3005511702,-0.487296375312723,0.0423082148610286,-11.5177720665683,1.07350868739227e-30,5.57398741530604e-30
"YIL084C",212.877520603097,-0.408228593720779,0.0354605575414364,-11.5121876818703,1.14535475842249e-30,5.94255275941131e-30
"YIL080W",51.6691203352377,0.649258647581377,0.0564069214942848,11.5102655912034,1.17117156827899e-30,6.0719248852416e-30
"YDR365C",1945.24807907916,-0.795156929499246,0.0691570173207442,-11.4978488128165,1.35244156967056e-30,7.00644108892538e-30
"YDR064W",13735.7022947201,-0.432919388760092,0.0376691372036764,-11.4926813008565,1.43584915931464e-30,7.43294846757994e-30
"YML083C",110.448306141382,0.554554203458284,0.048269805879148,11.488635459747,1.50469881792054e-30,7.78350966294733e-30
"YGR036C",305.092652244974,-0.392345292978617,0.0341656470331969,-11.4836195725313,1.59462115240359e-30,8.24246744316722e-30
"YGR187C",401.666090178179,-0.625889693061695,0.054503749271418,-11.4834245612148,1.59822291892523e-30,8.25488731942999e-30
"YDR004W",400.526143664659,0.278429794499313,0.0242500708807457,11.4816074504913,1.63217466392531e-30,8.42392995586639e-30
"YOR133W",26115.4529703455,-0.484993843813705,0.04224465949196,-11.4805954088945,1.6513935159592e-30,8.51673734635136e-30
"YJL214W",80.600271999025,-0.539117712971699,0.046973217159242,-11.4771298534665,1.71892244855134e-30,8.85836905559577e-30
"YPL131W",23675.3411365705,-0.409868623062609,0.0357125242256709,-11.4768875051399,1.723746038352e-30,8.87658300228385e-30
"YOR385W",178.070661341189,-0.792257032252634,0.0690711922503971,-11.4701513965553,1.86333003157195e-30,9.58821170954622e-30
"YDR299W",204.695761341364,-1.3141894088324,0.114597928212357,-11.4678286888147,1.9140164561891e-30,9.84167535538606e-30
"YPR184W",756.576443010361,-0.897933355173224,0.078331941470165,-11.4631826853829,2.01954440223299e-30,1.03765397084882e-29
"YOR286W",584.16670330714,-0.25665809235097,0.0224321487723584,-11.4415295188855,2.59273847523078e-30,1.33117109634332e-29
"YAL064W",8.42871455775258,1.58985739257851,0.139027099384678,11.4355934894354,2.77631798780031e-30,1.4243628424743e-29
"YER145C",3529.50464758065,0.563094632994879,0.0492554016343452,11.4321397107894,2.88900814644243e-30,1.4810737965939e-29
"YMR014W",545.802854144376,-0.954620043946927,0.0835376961765708,-11.4274164555506,3.05050193102947e-30,1.562701324043e-29
"YFR024C-A",2162.85686029064,0.39799635826743,0.034831240659409,11.4264192355123,3.08572697298478e-30,1.57957101925652e-29
"YBR041W",1020.86634424828,-0.268071924687552,0.0234653910733034,-11.424140507615,3.16774152861036e-30,1.62034921430032e-29
"YOR145C",372.313811107876,-0.840545959835862,0.0736230410326663,-11.4168872685239,3.44347219455926e-30,1.76008211280924e-29
"YDL055C",13963.0032812159,-0.514001732560675,0.0450574134432554,-11.4077061526845,3.82688259457998e-30,1.9546058355848e-29
"YLR164W",172.86766038942,0.625169277309235,0.0548301462164325,11.4019261382504,4.08969266948172e-30,2.08728940173326e-29
"YHR047C",923.98938766323,-0.316326141203668,0.0277455183469665,-11.4009814935843,4.1343154828279e-30,2.10850089624223e-29
"YGR158C",378.894525990983,-0.753732814695508,0.0661245099782222,-11.3986903637357,4.24456047839886e-30,2.1631235302573e-29
"YIR025W",353.518201478406,0.374135147265815,0.0328244045084463,11.3980787425875,4.27448074336354e-30,2.17676034896879e-29
"YHR050W",1656.14932420493,0.333817752780584,0.029319117730573,11.3856684177263,4.92888456746171e-30,2.50815744619171e-29
"YBL055C",712.390412089015,-0.316121514291461,0.0277846072641685,-11.3775772061798,5.40813419790166e-30,2.75000029191676e-29
"YJL047C",294.595281631468,0.300111220524786,0.0263782120724213,11.3772389008334,5.42914945373019e-30,2.75864900287324e-29
"YDR498C",540.022763325684,0.28884674459016,0.025392270828945,11.3753805847447,5.5460401154326e-30,2.81596505861014e-29
"YLR030W",116.424544118669,0.427018117452147,0.0375425466345149,11.3742448430381,5.61870600811653e-30,2.85075835415492e-29
"YJL106W",303.241253444627,0.605303771879988,0.0532313706684158,11.3711851541546,5.81920345579469e-30,2.94813949912778e-29
"YLR246W",311.625067564656,0.36816436362595,0.0323768316865751,11.3712288833563,5.81628852013048e-30,2.94813949912778e-29
"YIL019W",348.595505082498,-0.711469866278015,0.0625797875794365,-11.3690041752683,5.96643910004469e-30,3.02050979439763e-29
"YBL072C",15717.9550939836,-0.33807421442355,0.0297528072559867,-11.3627669320355,6.40822717333081e-30,3.24178134374597e-29
"YLR146W-A",172.710888913506,0.508077793489333,0.0447259078239015,11.3598095200164,6.62890141685993e-30,3.35095346953602e-29
"YGR084C",439.299508149007,-0.326472808241711,0.0287798042496418,-11.3438161500273,7.95961517479825e-30,4.02068602189919e-29
"YMR080C",1219.65171131078,-0.411605853103655,0.0363308465547706,-11.3293768831711,9.38701537481052e-30,4.73824053193332e-29
"YFR012W",16.7744237321133,1.07298556276932,0.0947866487271483,11.3200073763343,1.04463130429096e-29,5.26907438098408e-29
"YDL075W",9976.10858135284,-0.329637291546256,0.0291444223779132,-11.3104760585706,1.16455942571178e-29,5.86968641729545e-29
"YGR236C",29.8893065310423,1.01479180953071,0.0897910341797311,11.3017053295036,1.28694290236725e-29,6.48178630782629e-29
"YNR070W",286.562311747771,-0.364215220504818,0.0322273280744647,-11.3014401834139,1.29083492511e-29,6.49663630071807e-29
"YKL056C",19819.5635962686,-0.778623032678877,0.0688995782871393,-11.3008388735554,1.2997047586213e-29,6.53649909649938e-29
"YNL075W",403.685274292942,-0.746288100823006,0.0661382115027768,-11.2837659783357,1.57841076874315e-29,7.93237820642088e-29
"YGL256W",661.507370458551,-0.432875566928143,0.038384865252036,-11.277245968844,1.69984444970729e-29,8.53641796953659e-29
"YER159C",571.65089744336,-0.548009797364496,0.048607933294096,-11.2740814148348,1.76208117501014e-29,8.84251376818136e-29
"YMR240C",285.582935023385,0.40295284461893,0.0357488056766546,11.2717848048858,1.80865914595177e-29,9.06964182074141e-29
"YNR038W",331.196709312984,-0.676575301543802,0.0600410021820287,-11.2685544370596,1.8762495149268e-29,9.40173064794104e-29
"YNR032W",608.480359556447,0.304576884066332,0.0270433580977943,11.2625393253649,2.00885359011805e-29,1.0058877794882e-28
"YPL194W",177.620916902169,0.344192461465708,0.0305702593151284,11.2590625391057,2.08969822851006e-29,1.04560845227411e-28
"YNL326C",242.637498065782,0.275330607071536,0.0244575995721829,11.2574664679965,2.12788445655345e-29,1.06394222827672e-28
"YGL101W",311.519760822827,-0.361112715012301,0.0321267625111701,-11.2402460374507,2.58660444299578e-29,1.29236368577837e-28
"YLR042C",99.2608934877502,0.551795132568694,0.0490957686048015,11.2391586535775,2.61866103387854e-29,1.30743156042449e-28
"YPR138C",1090.23359556408,0.53570368768086,0.047693863290324,11.2321303145418,2.83558155542923e-29,1.41470862385002e-28
"YHR044C",236.444286486731,0.324028161399554,0.0288579011815654,11.228403595981,2.95774121916861e-29,1.47458713207646e-28
"YDR423C",616.586637067209,0.334357383142774,0.0297822009081294,11.2267519843205,3.0135365738447e-29,1.50131688212162e-28
"YDR194C",910.495491090738,-0.624862193300925,0.0557112140253315,-11.2160936399053,3.39957839033853e-29,1.69241483857417e-28
"YLR090W",684.177248090132,-0.290567882388515,0.0259088576724467,-11.2150016825144,3.44179863050185e-29,1.71219534472581e-28
"YGR090W",905.347911710089,-0.635333269938448,0.056678611563085,-11.2094007319022,3.66667431426354e-29,1.82274748402199e-28
"YAR035W",319.744096996557,0.925054601044657,0.0825433683651665,11.2068918359653,3.77207617170389e-29,1.87379108529446e-28
"YDL124W",2668.57352182792,-0.722494212769829,0.0646182642093938,-11.1809597736734,5.05404128780704e-29,2.5088013169828e-28
"YPL012W",750.80667837055,-1.13672753806326,0.101786831650339,-11.1677269017291,5.8662923177237e-29,2.9099007642311e-28
"YPR128C",379.754755094157,-0.2347957851887,0.0210250032546308,-11.1674553551846,5.88424984184921e-29,2.91670699504189e-28
"YDL017W",248.589718000828,0.296633225191797,0.0265671189936963,11.1654269046704,6.02012900760134e-29,2.98191282139102e-28
"YLR159C-A",10.5570378343924,1.36883729650666,0.122627076346238,11.1626023981991,6.21453321243345e-29,3.07599289486731e-28
"YKR022C",500.239540371005,0.251440297630092,0.0225270063277109,11.1617271275318,6.27603074703756e-29,3.10420055268345e-28
"YBR112C",2370.22658046491,-0.437578887517226,0.0392148088265492,-11.1585113025204,6.50720761306237e-29,3.21623290853801e-28
"YOL025W",257.139733560757,0.302509485587007,0.0271130603391451,11.1573345761435,6.59389406741371e-29,3.25674036256409e-28
"YGL183C",14.5066646086053,1.27610061311951,0.114374006511381,11.1572607451898,6.5993710461278e-29,3.25710893566953e-28
"YKR068C",590.023812516834,0.251508836154276,0.0225543959417574,11.1512113560368,7.0638103531035e-29,3.48383483389095e-28
"YOR341W",2313.67738339349,-0.775765963880981,0.0695712238039112,-11.1506729573639,7.10668438722767e-29,3.50247115290354e-28
"YBR104W",372.783705030861,-0.508666625956572,0.0456330180866418,-11.146898611676,7.41458108595147e-29,3.65160162924005e-28
"YDR404C",772.578104845354,-0.201458606102268,0.0180734332016239,-11.1466705774621,7.43360151494395e-29,3.65835213941309e-28
"YML058W",1424.27524478849,-0.472855679613085,0.0424546361416366,-11.1379044219234,8.20267275810915e-29,4.03395728139868e-28
"YLL008W",766.751288266583,-1.0803991103847,0.0970299365482021,-11.134698721028,8.50320451461317e-29,4.17876967045765e-28
"YNL197C",1007.04424936928,-0.451914844569637,0.0405864830449476,-11.1346145481283,8.51124110514533e-29,4.1797357353014e-28
"YFL022C",2493.79734386535,-0.360194640538322,0.0323599523352754,-11.1308767332662,8.87581758062187e-29,4.35566671721893e-28
"YGL241W",393.412748889769,-0.303960929068782,0.0273179465609307,-11.1267854042697,9.29265297351315e-29,4.55697405431895e-28
"YNL018C",37.9920394201147,-0.710099287087121,0.0638531446513892,-11.1208193576676,9.93552980937907e-29,4.86876318416903e-28
"YDR379C-A",80.1677002141266,1.06956233251065,0.0962401017633876,11.113478819258,1.07873383876353e-28,5.28241997147005e-28
"YOR287C",76.1353837101172,-1.21511769393725,0.109360332270973,-11.1111375459835,1.10739713905626e-28,5.41892629879342e-28
"YLR057W",396.843418672059,0.388267306176909,0.0349921524370811,11.0958394707227,1.31420329444067e-28,6.42634210385227e-28
"YOR120W",373.163674934299,-0.942141867991837,0.0849634609260352,-11.088788730158,1.42200145894248e-28,6.94853090476859e-28
"YOR056C",672.971349849443,-0.755971547269452,0.0681826656410271,-11.0874448829787,1.44352118055429e-28,7.04868321143001e-28
"YKR062W",685.59636797413,0.317210864001056,0.0286289312375689,11.0800805440054,1.56731506145175e-28,7.6477421673248e-28
"YMR049C",595.825099490486,-0.939619486670753,0.0848107122276022,-11.0790189351216,1.58600847649851e-28,7.73347617612765e-28
"YBL024W",831.239933506802,-0.584306976693412,0.0527941403942609,-11.0676482717565,1.80064037145939e-28,8.77178040017892e-28
"YER190W",599.612444976451,0.441842990426393,0.0399221839025524,11.0676057077665,1.80149564064677e-28,8.77178040017892e-28
"YKL008C",1241.20661713328,-0.376740277728989,0.0340459095878035,-11.0656546495662,1.84113532132871e-28,8.95845702286091e-28
"YDR165W",474.846157151442,-0.798717533951819,0.0722199640466386,-11.0595116529831,1.97168081455624e-28,9.58688023179358e-28
"YER111C",345.468296466803,0.579940445764523,0.0524392445654161,11.0592829963648,1.97671334555692e-28,9.6045669612981e-28
"YDR190C",2100.51298455632,-0.419363125878499,0.0379262098074839,-11.0573434046591,2.01991774514906e-28,9.80756958769482e-28
"YLR238W",393.747434630966,0.405463720397222,0.0366980708657245,11.0486385478077,2.22564476652737e-28,1.0798847228711e-27
"YLR197W",2137.90666041156,-0.733950456550623,0.0664301031874499,-11.048461786663,2.23003071142533e-28,1.08125080620869e-27
"YOR063W",42485.8197201613,-0.456193929913118,0.0412912758718138,-11.0481916647319,2.23674977015936e-28,1.08374540236082e-27
"YNL206C",708.714745205434,0.318250617105257,0.0288103060094443,11.0464157166859,2.28142781131062e-28,1.1046153643371e-27
"YLR409C",606.532487797161,-0.992568718648551,0.0898550849778297,-11.0463277497701,2.28366368611792e-28,1.10492090505424e-27
"YLR362W",541.037319521813,0.295481280412312,0.0267885164663119,11.030147219384,2.73417105563587e-28,1.32196402514417e-27
"YAL011W",436.320088207284,0.328663474274138,0.0298124962846668,11.0243527122275,2.91608786463837e-28,1.40893087354633e-27
"YHR026W",3071.99446324459,0.245871916960766,0.0223031640903573,11.0240823214437,2.92486384662155e-28,1.41218005497822e-27
"YBR012C",44.4216620762723,-0.734919157913064,0.0666745814903282,-11.0224787540612,2.9774513239422e-28,1.43656288474716e-27
"YOR033C",605.95068394003,0.28083171945554,0.0254900724691649,11.0172978046751,3.15384978548554e-28,1.52060614657338e-27
"YER092W",508.361331829437,0.576583381270334,0.0523361300588534,11.0169280881477,3.16682686115416e-28,1.52579446739303e-27
"YNL030W",7962.41301865593,0.3152516552203,0.0286395548067821,11.0075613027911,3.51386483960253e-28,1.69181534410234e-27
"YIL171W",28.9972484741041,0.755740499816716,0.0686652238432489,11.0061608703402,3.56889528927906e-28,1.717109997672e-27
"YKL107W",75.7161039439967,0.675529835952311,0.0614400203701839,10.9949481117057,4.04145901195033e-28,1.94311768835741e-27
"YOR187W",2592.60177408306,-0.299756339144798,0.0272700576578253,-10.9921417441074,4.16913637992794e-28,2.00310565078883e-27
"YDR346C",2633.2567226196,-0.380081457644699,0.0346448024676588,-10.9708074681479,5.27987547293634e-28,2.53323642029036e-27
"YKL017C",407.752742361523,0.263396898040693,0.024008871611801,10.9708153843943,5.2794131994269e-28,2.53323642029036e-27
"YGL123W",19239.4392986258,-0.423494794224866,0.0386190265625982,-10.9659624262775,5.57047021375642e-28,2.67079995972931e-27
"YMR104C",1448.39449965353,-0.452311298028324,0.0412777118656211,-10.9577609219429,6.09896720661335e-28,2.92215652174898e-27
"YLR141W",316.195323655227,0.577136401111618,0.0526723188885141,10.9571101726731,6.14297054961223e-28,2.94119278401114e-27
"YOR256C",886.895653183888,0.26405905031986,0.0241033988587616,10.9552620303536,6.26966549976679e-28,2.99976698859586e-27
"YLR074C",937.542715795779,-0.652378978866389,0.0595633686661691,-10.9526877588595,6.45046843629019e-28,3.08413022110125e-27
"YEL055C",828.09207539602,-0.565701929940633,0.0516857396941519,-10.9450291954444,7.01951098207708e-28,3.35387460871622e-27
"YMR205C",8413.35689329691,-0.419708467363091,0.0383948262669635,-10.931380817947,8.15972152096692e-28,3.89595580248663e-27
"YHL036W",360.313495200957,-0.993245753494377,0.0908818676806242,-10.9289760305634,8.37885501320114e-28,3.99781127968745e-27
"YMR068W",414.829418159589,0.563074258702708,0.0515292002266261,10.9272850388964,8.53643008808965e-28,4.07017459532529e-27
"YLL003W",396.017458222581,0.374854886002262,0.0343341969796751,10.9178288405628,9.47333085101934e-28,4.51376352313274e-27
"YOR001W",508.288657966474,-0.690010656966371,0.0632284053993575,-10.9129852731251,9.99201890570746e-28,4.75761066153498e-27
"YLR328W",901.164137814725,-0.282954368540841,0.0259381387694217,-10.9088154341442,1.04610555653647e-27,4.97749603092853e-27
"YOL022C",671.398523374032,-0.389257826658333,0.0356888051643782,-10.9070008050272,1.06719291374793e-27,5.07432542206802e-27
"YFR025C",727.00455326128,0.375769635656587,0.0344791923149081,10.8984465826397,1.17241766429766e-27,5.57080442973731e-27
"YMR256C",364.605640239111,0.611198438910935,0.0561351882251225,10.8879734483085,1.31534623036579e-27,6.24562675590927e-27
"YMR083W",4284.79774936115,-0.367437097432598,0.033799955554976,-10.8709343370277,1.58568566884945e-27,7.52408396280389e-27
"YPL198W",2898.93233349246,-0.572197135918609,0.052678591820007,-10.8620431213063,1.74794030355528e-27,8.28827065425491e-27
"YKL061W",195.708922428198,0.473222492966044,0.043572162505536,10.8606611596549,1.77459683712533e-27,8.40887764873223e-27
"YLR080W",272.557227250084,0.674519061371281,0.0621150679847594,10.8591857540393,1.80350086521994e-27,8.53996111213157e-27
"YOR243C",1254.17442874554,-0.580224092339149,0.0534322482887912,-10.8590619133814,1.8059481066876e-27,8.54567196875883e-27
"YGR109W-B",578.836287854051,0.252149191269598,0.0232620689037958,10.8394998016902,2.2369072795293e-27,1.05631732644439e-26
"YJL178C",1153.75947540596,0.158827869054003,0.0146526750148279,10.8395135286407,2.23657168123986e-27,1.05631732644439e-26
"YNL119W",178.156453104452,-0.895394021445249,0.0826043297409048,-10.8395531354558,2.23560364847043e-27,1.05631732644439e-26
"YBL086C",1025.90684119259,0.255215505714709,0.0235499000727159,10.837222447937,2.29328136217794e-27,1.08219617399555e-26
"YGL236C",292.916681945725,-0.562488739337257,0.0519158191871283,-10.8346309110483,2.35914828114215e-27,1.1125161586071e-26
"YIL078W",5594.77649105808,-0.426271422269727,0.0393485017859346,-10.8332313283171,2.39549696684026e-27,1.12888409422965e-26
"YML006C",588.076992940678,-0.299989339051879,0.027698416974994,-10.8305589926929,2.46644993550255e-27,1.16152584171922e-26
"YOR077W",195.229443894651,0.53715834395588,0.0496155852280394,10.82640346752,2.58094431622609e-27,1.21461391778651e-26
"YCR006C",50.8683063419389,0.780316445327316,0.0720781585436064,10.8259764274532,2.59300481097961e-27,1.21945615598324e-26
"YBL056W",2671.11581943611,-0.271709529025799,0.0251000977480105,-10.8250386812671,2.61968516669441e-27,1.23116261929632e-26
"YHR140W",39.4154019190656,-0.658569292760178,0.0608771862027962,-10.8179982328081,2.82888437618525e-27,1.32857223260815e-26
"YJL190C",10983.2541943755,-0.584215706033508,0.0540071290348456,-10.8173812693611,2.84798759266481e-27,1.33663221373533e-26
"YAL054C",380.239830653726,0.587742121907467,0.0543503624734789,10.8139503613111,2.95657706794158e-27,1.38665075700121e-26
"YIL156W-B",443.329986300174,0.637834432555344,0.0590165874876487,10.8077145715827,3.16455870952096e-27,1.48318493635479e-26
"YGR250C",1492.54757407911,-0.307138169893365,0.0284402596921114,-10.7994150974141,3.46403158335832e-27,1.62243928240966e-26
"YHR146W",2105.65441363036,0.551711151789838,0.0510996295854277,10.7967739935863,3.56510162878256e-27,1.6686420607864e-26
"YGR133W",216.783174367807,0.295247190214246,0.0273551728689277,10.793102702327,3.71046949137443e-27,1.73550152500767e-26
"YNL254C",159.15500838129,-0.430887626545862,0.0399236162276078,-10.7928005341334,3.72269265484394e-27,1.74003658714192e-26
"YLR072W",1034.25445615886,0.329548761722066,0.0305437820030015,10.7893895290924,3.86347332043736e-27,1.80461423413916e-26
"YHL015W-A",11.9059371453221,1.31116567310623,0.121555561998928,10.7865543258135,3.98449737049541e-27,1.85988233192277e-26
"YGL020C",1058.36680682511,0.177281590662377,0.0164402496649073,10.7833879822881,4.12410423932557e-27,1.92374374578296e-26
"YMR175W",25.8896704343652,0.910887507225412,0.0844828814920175,10.7819180778236,4.19055164617628e-27,1.95341557778766e-26
"YCR065W",356.951013748601,0.411968795262299,0.0382243881649745,10.7776426265939,4.38991943970764e-27,2.04496585537125e-26
"YAL034W-A",136.465370528138,0.377890963359374,0.0351105867068161,10.762878060537,5.15350612332241e-27,2.39904595396043e-26
"YJL155C",982.405320879508,0.3714556866401,0.0345166865364595,10.7616264454509,5.22399195079681e-27,2.43021517440784e-26
"YJR104C",16607.718626907,-0.700833490916628,0.0651349555174669,-10.7597139715354,5.33354508022979e-27,2.47950424560311e-26
"YGR014W",1296.12807502029,-0.350077730685291,0.0325515925719171,-10.7545500242993,5.64086536000212e-27,2.62060445368519e-26
"YPL090C",14656.2305028352,-0.469064977930688,0.043618409639213,-10.7538303622377,5.6850656672261e-27,2.63935786371218e-26
"YBR076C-A",186.510763495579,0.646550615845832,0.0601309823655562,10.752370748165,5.77576977317197e-27,2.67966138061247e-26
"YDR463W",683.410330853837,0.244235097690969,0.022717500506607,10.750966974555,5.86435702489628e-27,2.71892916608828e-26
"YGL158W",376.14292961292,0.56725471369636,0.0527996836282735,10.7435248606793,6.35699664285815e-27,2.94535140552344e-26
"YOL019W",644.612784757454,-0.395499515671448,0.036883792387489,-10.7228538626522,7.95114228040764e-27,3.68148047078726e-26
"YPR017C",284.074903968405,0.308929456298101,0.0288176274894521,10.7201557939208,8.18653236252075e-27,3.78792172822281e-26
"YMR028W",408.157803390254,0.273649441803933,0.0255410106308924,10.7141195686653,8.73847152368578e-27,4.04058941844033e-26
"YER102W",13979.6854337549,-0.330376864620164,0.0308452367455345,-10.7107903675919,9.05851131229323e-27,4.18576177081469e-26
"YML118W",196.36883041766,0.424261782641334,0.0396272915702044,10.7063027986585,9.50836738451875e-27,4.39068473792164e-26
"YDL063C",174.078450442986,-1.13901293675677,0.106397479919152,-10.7052623579268,9.6157894250064e-27,4.43731301549391e-26
"YER082C",533.256253094345,-0.763450718234792,0.0713442785650271,-10.7009382334554,1.007528363561e-26,4.64623763102311e-26
"YOL124C",320.280857577189,-1.00762835287535,0.0941678849176664,-10.7003396514251,1.0140582801381e-26,4.67322038738342e-26
"YPR181C",3164.33074040984,-0.230866429998047,0.0215862558876935,-10.6950659345081,1.07343281384625e-26,4.94353506577351e-26
"YML093W",1001.13220872687,-0.924287560674714,0.0865159689585506,-10.6834330332419,1.21686605853111e-26,5.6003494739216e-26
"YBR172C",806.61952859107,-0.508067710112323,0.0475927648596568,-10.6753140232666,1.32807716882065e-26,6.10809038565812e-26
"YNL039W",791.761443721558,0.26855526581128,0.0251568175737237,10.6752479730101,1.3290220175166e-26,6.10835553444712e-26
"YGL122C",2348.01887945982,-0.42232921331102,0.0396092775312537,-10.6623811297184,1.52638625866193e-26,7.010786785115e-26
"YDR176W",991.510063562706,0.2810016483543,0.0263561280022305,10.661719670299,1.53728292726297e-26,7.05612863613703e-26
"YOR060C",211.755996547553,-0.356338824644599,0.0334356128575553,-10.657463530359,1.60926536446232e-26,7.38160695158098e-26
"YDR428C",277.150611142142,-0.38769971822738,0.0363833940894716,-10.6559524730973,1.63561695503393e-26,7.49748517670347e-26
"YNL302C",11725.029201033,-0.503689784395201,0.0472916018196274,-10.6507237017748,1.73014715218702e-26,7.92552437977885e-26
"YPL113C",117.047326854484,0.489123230114531,0.0459528000348928,10.6440353959526,1.85899670524795e-26,8.51010127369156e-26
"YJR063W",358.372867305346,-0.814683903197923,0.0765554682225314,-10.641746724477,1.90523701929944e-26,8.71598463646288e-26
"YJL011C",104.979065340315,-0.694911052518654,0.0653163678910852,-10.6391563853859,1.95894902695945e-26,8.95575302165724e-26
"YOR207C",1404.60271762937,-0.431897881999047,0.0406059297983016,-10.6363253875573,2.01936914776121e-26,9.22585041959915e-26
"YNL073W",1048.57963359924,-0.354397178725918,0.0333273212741861,-10.6338332988202,2.0740828932055e-26,9.46953628628639e-26
"YDL085W",110.821259973277,0.817083057859243,0.0768428787145305,10.6331656430349,2.0889892107277e-26,9.53127284019896e-26
"YIL042C",829.013405034441,0.536876043290284,0.0505101583515119,10.6290706822584,2.18276622514227e-26,9.95254666232087e-26
"YIL146C",187.177253810897,0.369390904080727,0.0347798921436925,10.6208179874335,2.38462277500084e-26,1.08657364698086e-25
"YGL225W",2153.39849734712,-0.264100525817827,0.024879113678574,-10.6153510623359,2.5284218547999e-26,1.15133495173924e-25
"YKL203C",1020.09172088846,0.305667261657627,0.0288144357407894,10.6081293559716,2.7316318115613e-26,1.24304593672172e-25
"YDL168W",837.915171868655,-0.343089495183455,0.0323574865089928,-10.6030947455731,2.88279673639645e-26,1.31096800066642e-25
"YDR499W",312.883767733459,0.319766515921524,0.0301678375764356,10.5995835833887,2.99309953861778e-26,1.36023038438174e-25
"YMR289W",510.00135560164,-0.250456517875007,0.0236308857781013,-10.5986936006903,3.02171656980595e-26,1.37232972184129e-25
"YNL277W",366.10751459378,0.628154876208741,0.0592859750843296,10.595336845101,3.13211350907762e-26,1.42152943375079e-25
"YMR036C",251.522918181652,0.400323740763557,0.0377895318275335,10.5935088741131,3.19390374091164e-26,1.44861839632257e-25
"YMR216C",805.259769803274,-0.274429078633253,0.0259144808866366,-10.5897964861325,3.32313545061116e-26,1.50624013018156e-25
"YOR327C",1934.59241243917,0.452234354016999,0.0427110922428462,10.5882179609384,3.37964369818997e-26,1.53084518829197e-25
"YOL082W",1145.50863755996,0.544976323606796,0.0514857503252601,10.5849933265791,3.49805678280984e-26,1.58343990464469e-25
"YJL199C",173.652829766835,0.507023824671724,0.0479014930565339,10.5847186030992,3.50833311392768e-26,1.58704819246991e-25
"YBL015W",1115.18846316418,0.551312824299787,0.0521125806999471,10.5792654459799,3.71862062466669e-26,1.68107045310769e-25
"YDR021W",89.4327791403185,-0.987386293826195,0.0933352599262687,-10.5789204916362,3.73233540881499e-26,1.68616333921858e-25
"YGL081W",71.872914322842,0.513683737722572,0.0485988509880854,10.5698741282692,4.11045953333632e-26,1.85577140242758e-25
"YHR170W",1444.70456378441,-0.634881432241422,0.0600887373125838,-10.5657309611741,4.29608581385461e-26,1.93830608311854e-25
"YGR070W",718.676813724447,-0.430744858777211,0.0407891055203793,-10.5602918544512,4.55244184035348e-26,2.05262358027726e-25
"YFR009W",1777.93170928797,-0.283371930695279,0.0268489162778859,-10.5543154055971,4.85163280059491e-26,2.18609239738848e-25
"YBR282W",275.790190918039,-0.299957189962812,0.0284229893619525,-10.5533301280526,4.90279526401805e-26,2.20770081051434e-25
"YHL037C",18.3664782152607,1.06966082848726,0.101362272819363,10.5528496819867,4.92793698237513e-26,2.21757164206881e-25
"YLR350W",4550.77982262167,0.722116864978343,0.0684413662623855,10.5508832510728,5.032179080485e-26,2.26300150027036e-25
"YDR315C",167.226479338166,0.47134984158643,0.0446935633254565,10.5462578169049,5.28607373884938e-26,2.37562778668263e-25
"YJL109C",838.779064144284,-0.853967056249571,0.0810031984546294,-10.5423868753514,5.50828326743707e-26,2.47387673165716e-25
"YER098W",544.935094158145,0.301458050629327,0.028602487624116,10.5395745499827,5.67550686666124e-26,2.54731843396106e-25
"YAL049C",770.758527144769,0.311793316254816,0.0295903758660777,10.5369839729631,5.83399307590583e-26,2.61587416888197e-25
"YLR096W",928.506693713981,-0.395987515175813,0.0375808334973767,-10.5369540354515,5.83584999768003e-26,2.61587416888197e-25
"YNR018W",1313.33088647166,-0.43312274467044,0.0411201708260864,-10.5330969198131,6.08005987214715e-26,2.7235661821557e-25
"YPL138C",294.322677641656,0.270441222517429,0.0256808707740551,10.5308431671503,6.22741485246944e-26,2.78776015989935e-25
"YDR437W",72.6607227420294,-0.616899318918033,0.0585853300205433,-10.5299282038987,6.28824236398692e-26,2.8131610575731e-25
"YKR079C",355.595961822976,-0.749220622177433,0.0711618074284021,-10.5284091179281,6.39053565634996e-26,2.85706740220581e-25
"YHR199C",1332.36894366471,0.44952602622898,0.0427183714576395,10.5230141246077,6.76733884433614e-26,3.02356443499379e-25
"YLL025W",64.5401141496111,0.654829228255976,0.0622429308224118,10.5205397561419,6.94744370825102e-26,3.10202009930663e-25
"YER086W",2542.66117899062,-0.295688233848672,0.0281348884897159,-10.509664325016,7.79705736395803e-26,3.47911470841549e-25
"YDR389W",600.084674784169,-0.227129177968943,0.0216184773020421,-10.5062523505061,8.08425513723274e-26,3.60492853755489e-25
"YDR120C",604.137110457275,-0.736893692320595,0.0701482251326584,-10.504808794906,8.20889811728097e-26,3.65814003478832e-25
"YDR524C",456.707140649204,-0.286525456828471,0.0272796300958136,-10.5032750012414,8.34342013281739e-26,3.71568225190477e-25
"YMR208W",1004.84847536687,0.211404620206539,0.0201295438241354,10.5022062125951,8.43844817611509e-26,3.7555730893699e-25
"YBL074C",59.091061032613,-0.578779976983344,0.0551402720840609,-10.4965020140089,8.96405489840319e-26,3.98691976585956e-25
"YBR162C",8877.94169218285,0.271639755169417,0.0259020995425985,10.4871713091319,9.89463580252825e-26,4.39797078763118e-25
"YOL141W",26.7477031413322,-1.21514993676073,0.115962968690457,-10.478775685748,1.08134507370412e-25,4.80326505319538e-25
"YFL019C",16.8749418539233,1.13874430874115,0.10868406227967,10.4775648320072,1.09527643229742e-25,4.86201046832219e-25
"YFL023W",292.326398002214,-0.971276905262053,0.0927602278075622,-10.4708335481564,1.1760284340616e-25,5.21711067558899e-25
"YBL051C",1235.81173026462,-0.379782780464822,0.0362839053959329,-10.4669763720471,1.22493213601041e-25,5.43055876138547e-25
"YDR459C",386.078957802711,0.263655685096069,0.0252016371197336,10.4618475317073,1.29309335207985e-25,5.72905259270897e-25
"YPL190C",1590.52500109586,-0.331145128955358,0.031674497609784,-10.4546292425825,1.39543473548942e-25,6.17850042047886e-25
"YDR073W",859.376771062866,-0.481101933230379,0.0460217966783457,-10.4537842490784,1.40792804813184e-25,6.22981016156025e-25
"YIL110W",313.912377798687,-0.436057088968457,0.0417489184560833,-10.4447517467346,1.54860024164279e-25,6.84785655986551e-25
"YGR011W",39.3097955629954,0.663574607440012,0.0635428956243619,10.4429393863757,1.578460418518e-25,6.97541718966394e-25
"YJR041C",309.223037389034,-0.834894537268087,0.0799567194417998,-10.4418308191822,1.59700553611518e-25,7.0528435639211e-25
"YJL156W-A",68.317288936587,0.558209364956164,0.0534651957853155,10.440612004819,1.61764425612538e-25,7.13941070732258e-25
"YBR180W",32.8427900222974,-0.706139926611624,0.0676597278028279,-10.4366356404719,1.68683321980169e-25,7.44000430386587e-25
"YDR524C-A",4.12036708136204,2.48683918390771,0.238325036707932,10.4346535230175,1.72240954564385e-25,7.59120886418448e-25
"YHR214W-A",213.240556343015,0.855708264195553,0.0820067843329954,10.4346033216091,1.7233201822397e-25,7.59120886418448e-25
"YMR040W",85.8725377772365,0.52959983492912,0.0507553804950228,10.4343584810886,1.72776834960878e-25,7.60593675642998e-25
"YHR039C",1770.22132079973,-0.190819638357201,0.0182889916182598,-10.4335789714446,1.74200609827703e-25,7.66371372948075e-25
"YBR142W",391.88631132723,-0.948503674221499,0.0909200218784792,-10.4322860314446,1.76587847223939e-25,7.76377604174213e-25
"YJL145W",752.429258395941,0.34399386134019,0.0329860067921169,10.4284784608242,1.83807959081183e-25,8.07605487092498e-25
"YKR071C",1012.90632823736,0.207095364401467,0.0198760550016105,10.4193394707696,2.02353628782812e-25,8.8852342740412e-25
"YER126C",725.984372133471,-0.713472271153313,0.0684920811276846,-10.4168578236547,2.07702102647039e-25,9.11427008747524e-25
"YCR079W",793.040133137207,0.480269170649749,0.0461703745106884,10.4021068864964,2.42510865972329e-25,1.06349510332451e-24
"YMR271C",195.668898379737,0.532078549435604,0.0511517897733953,10.4019537105688,2.42901089972125e-25,1.0645283287448e-24
"YHR106W",634.548395587978,0.276855952751352,0.0266274042564367,10.3974067500187,2.54772437636174e-25,1.1158449320134e-24
"YPR080W",81665.8661447346,-0.485139779690976,0.0466844092034917,-10.3919014499318,2.69917588609786e-25,1.18142568186801e-24
"YPR098C",421.466192585668,0.477581698208609,0.0459873594417834,10.3850645917862,2.89972972941552e-25,1.26840147312744e-24
"YBL041W",3279.09905809266,0.340258804798472,0.0327768975072196,10.3810558861932,3.02411775495019e-25,1.32197147573537e-24
"YOR320C",673.773867014493,0.300953630304021,0.0289979839180323,10.3784328991532,3.10835469156316e-25,1.35793287128251e-24
"YDL190C",1073.77833178985,-0.236968743234425,0.0228371424492571,-10.3764621060169,3.17317253797352e-25,1.38537050881089e-24
"YOL132W",44.5251974970572,0.579933503227775,0.0559191433113078,10.3709296832254,3.36237440322149e-25,1.46704358467554e-24
"YOL069W",239.531913455158,0.486067046644811,0.0469256950179421,10.3582279699632,3.84010216516384e-25,1.67442073509519e-24
"YGL157W",1202.46199635358,-0.324282950113583,0.0313129715569016,-10.3561857591286,3.92295122413611e-25,1.70946323912513e-24
"YDR218C",18.714858464705,1.00854655897807,0.0974202492689372,10.352535192082,4.07548514913633e-25,1.77480804881743e-24
"YDR116C",544.313891627114,-0.294206537906114,0.0284481121979969,-10.3418650720462,4.55583327223141e-25,1.98148528612213e-24
"YLR414C",2884.63395203557,0.7580675214737,0.0733007260555257,10.3418828471011,4.5549881734307e-25,1.98148528612213e-24
"YCL024W",168.773610920852,0.591900500981994,0.0572527251191146,10.338381269198,4.72450264297541e-25,2.05354802379329e-24
"YBL027W",14959.2811597225,-0.352471655366465,0.0340948253216126,-10.337980970474,4.74427526085503e-25,2.06084133570895e-24
"YLR457C",118.614948780937,0.595475912643935,0.0576217040132905,10.3342294859345,4.93360952150322e-25,2.14173401989594e-24
"YER141W",1364.55681707256,-0.254785237356995,0.024654789916053,-10.3341070122484,4.93991526105203e-25,2.14312013688363e-24
"YGR271C-A",148.763933847884,-0.980972276728185,0.0949384947335052,-10.3327136108677,5.01222132448635e-25,2.17311988785192e-24
"YGR208W",820.851075124934,-0.597809763098067,0.0578724256302201,-10.3297858451245,5.1675825436821e-25,2.23906896244501e-24
"YDL121C",580.251307193016,0.331710148548593,0.0321157744534976,10.3285738610755,5.23328412203151e-25,2.2661107660495e-24
"YJL208C",166.50240146741,-0.739106711475799,0.0715931006831222,-10.3237142185971,5.50514199803473e-25,2.38233203371899e-24
"YPR053C",76.482580478724,0.493183525644884,0.0478344112438691,10.3102246441487,6.33530600905612e-25,2.73986067037383e-24
"YGR103W",2412.66654080375,-0.716391183460458,0.0694933509780686,-10.3087730463098,6.43171764544176e-25,2.77981016879263e-24
"YKL001C",381.93846395586,0.563787909120246,0.0546951025794098,10.3078316436413,6.49501901253644e-25,2.80540814939231e-24
"YLR002C",457.144773753695,-0.882475587439375,0.0856423978558683,-10.3041905590329,6.74571557350296e-25,2.91186531182244e-24
"YAR002C-A",1634.28420707252,0.240073805880383,0.0233099458296675,10.2992005058558,7.104932401693e-25,3.06500373343711e-24
"YGR152C",313.20582164484,0.293448443455707,0.0285054397360754,10.2944717279463,7.46280734823887e-25,3.21737185927518e-24
"YER005W",597.556756091259,-0.299993998823271,0.0291725694866599,-10.2834273463794,8.36972297620791e-25,3.60610404825979e-24
"YGR257C",823.186278560772,-0.273018270308431,0.0265625567357616,-10.278312928396,8.82589422849799e-25,3.80026777756152e-24
"YBR118W",137561.046401048,-0.483504867556167,0.0470680233723999,-10.2724702019182,9.37723130080236e-25,4.03513984412652e-24
"YHR097C",1714.95155747039,-0.564850050424374,0.0549899369114335,-10.2718803139221,9.43475647278117e-25,4.0573577960711e-24
"YMR298W",757.154451408593,0.30568049365635,0.0297806357339208,10.2644045744186,1.01947938141243e-24,4.38004608239741e-24
"YPR032W",437.556220457327,-0.218305683238299,0.021268286462415,-10.2643757231729,1.01978414961264e-24,4.38004608239741e-24
"YNL100W",794.635063378174,0.328626922061116,0.0320236254873785,10.2620149049219,1.04503082190036e-24,4.48568404537654e-24
"YMR254C",28.3183366529788,0.717676665238931,0.0699503354288246,10.259803056544,1.06924586650681e-24,4.58676497875351e-24
"YLR055C",1166.36680632257,0.437203656362798,0.042634253968784,10.2547509493871,1.12666062357867e-24,4.83004881278901e-24
"YHR139C-A",19.7432925735389,0.93772890963969,0.0914517695450948,10.2538082565728,1.13770713693168e-24,4.8743706520066e-24
"YOR206W",599.657337488954,-0.972501050643914,0.0948765744332251,-10.2501703550476,1.18135144752744e-24,5.05821188820051e-24
"YPR115W",1503.90095097366,0.279432714663113,0.027269036717994,10.2472528660583,1.21754808579416e-24,5.20995560639703e-24
"YER180C-A",63.0023215610435,-0.520556193041479,0.0508621989046936,-10.2346379875732,1.38712979666562e-24,5.93191841617564e-24
"YIR041W",23.3616734797414,1.08629361051451,0.106197029138258,10.2290395440372,1.46969700790566e-24,6.28110732428954e-24
"YNL239W",1825.11649578911,0.367122775808974,0.0359127334360432,10.2226352795668,1.57013259217948e-24,6.70618045729262e-24
"YJL039C",791.356646507937,-0.442317315583236,0.0432966604143328,-10.2159684222854,1.68191183093466e-24,7.17914628393375e-24
"YMR310C",270.995707223245,-0.723889319622061,0.0708679976166129,-10.2146151149665,1.70554656161422e-24,7.27551925446959e-24
"YLR426W",421.56500808586,0.292814827355695,0.0286813844885975,10.2092291769286,1.80291384406257e-24,7.6861063878457e-24
"YNL132W",690.407568025883,-0.89760164004641,0.0879583883838326,-10.2048440920661,1.88623846697997e-24,8.03635633982495e-24
"YMR315W-A",17.6487352496222,0.907566835493136,0.0890094313596691,10.1962996688052,2.05970935865648e-24,8.77000552526277e-24
"YHR137W",138.168430224918,-0.797608146600491,0.0782317318071626,-10.1954555801801,2.07768101528271e-24,8.84105920285628e-24
"YKR098C",700.761135480075,0.436714889095107,0.0428375037087847,10.1946857609621,2.09420678326525e-24,8.90587628337324e-24
"YJR005W",717.936401952462,-0.33354584496306,0.032725698546112,-10.1921688392099,2.14915188894962e-24,9.1338955280359e-24
"YJR058C",656.163511304353,0.425507734461909,0.0417659556189787,10.1879085048052,2.24542915702369e-24,9.53718676502659e-24
"YHR144C",208.259691349774,-0.456622808464033,0.0448256594429483,-10.1866389505145,2.27493683993763e-24,9.65655989085731e-24
"YIL131C",231.787844725137,-0.532868980486294,0.0523279099465427,-10.183265126214,2.35523305615313e-24,9.9912381956958e-24
"YAL009W",359.465533707818,0.243116921378655,0.0238851206136507,10.1785929956623,2.47108362473754e-24,1.04762381504421e-23
"YER015W",253.426516983444,-0.544359585194154,0.0534866562558316,-10.177483942732,2.49940251357297e-24,1.05897761882769e-23
"YJR141W",267.489146641171,-0.322483113106433,0.0317047780754798,-10.1714357482237,2.65959087141864e-24,1.12615517525937e-23
"YDR253C",217.210135974568,0.456710791513947,0.0449174639879935,10.1677777631441,2.76136639819798e-24,1.16853150901002e-23
"YER066C-A",216.644323367801,-0.906723091771977,0.0891817607569085,-10.1671360161134,2.77961524243677e-24,1.17553138477747e-23
"YOL121C",7289.51904361676,-0.444850273769759,0.0437652205970413,-10.1644700449615,2.85671298188055e-24,1.20739526582244e-23
"YJR001W",1482.93647765134,0.197147735217704,0.0194063520190796,10.1589281191991,3.02382421746102e-24,1.2764579851146e-23
"YPL032C",1276.79803956761,-0.257062609381879,0.0253040128034652,-10.1589661441633,3.02264525463239e-24,1.2764579851146e-23
"YBR168W",257.332034155575,0.42803306194795,0.0421353390554377,10.1585289579558,3.03622772094951e-24,1.28090856977557e-23
"YNL199C",729.797908915124,-0.297138844943303,0.0292517410706768,-10.1579883476122,3.05310698996561e-24,1.28724076092549e-23
"YGR007W",1182.80849359787,0.231476565943497,0.0227937609289026,10.1552598829789,3.13972561852238e-24,1.32295048246797e-23
"YDR502C",1994.06932041259,-0.525525725546102,0.0517501239606172,-10.1550621588083,3.14609639315444e-24,1.3248240774843e-23
"YPL183C",382.642177888467,-0.742888115741912,0.0731815741574544,-10.151300027293,3.26978332349833e-24,1.3760671260566e-23
"YJR094C",110.483484057818,0.622810274539838,0.0613770640883633,10.1472803202706,3.40726395694195e-24,1.43304901304492e-23
"YJR002W",886.081376562597,-0.680215901264926,0.0670640037342931,-10.1427869406654,3.56773091526607e-24,1.49962315943876e-23
"YPR046W",161.923461137228,0.365958792315848,0.0360954701872436,10.1386348596501,3.72265340190908e-24,1.56378698426748e-23
"YDL211C",191.575436232042,0.426495640254726,0.0421086068865441,10.1284671184649,4.13074070580517e-24,1.73415547313833e-23
"YHR201C",911.444159859795,-0.257021571241342,0.0253814471891288,-10.1263560476342,4.22086884027305e-24,1.77091297777452e-23
"YIL170W",110.609623928585,0.473073753941652,0.0467663034442493,10.1156969677026,4.70655096454399e-24,1.97348376314771e-23
"YBL075C",396.879959637676,0.244696301407532,0.0241907138006152,10.1152989293482,4.72572189828302e-24,1.98031620631032e-23
"YBR161W",315.153003502369,-0.296487082974885,0.0293127322763987,-10.1146177769857,4.75870819849739e-24,1.99292615247291e-23
"YGL073W",1045.81380570099,0.239559802037265,0.0236962818253325,10.1095945685945,5.00911343668681e-24,2.09651951438229e-23
"YOR314W-A",3.40264878646236,2.89154761494223,0.286056519361948,10.108308740496,5.0752822344321e-24,2.12292334046567e-23
"YOR272W",589.056759499339,-0.780657692927851,0.0772643076213229,-10.1037298716751,5.3180191251346e-24,2.22310635558905e-23
"YKL180W",10608.0646622065,-0.27469518542008,0.0271931554451653,-10.101629653609,5.43316979465808e-24,2.26986492938234e-23
"YKL042W",285.760732477638,0.427886644782461,0.0423710893371012,10.0985519012322,5.60639170200619e-24,2.34081303021908e-23
"YNL229C",1021.66893437922,-0.218827027908867,0.0216726145366388,-10.0969371987365,5.69944664240094e-24,2.37822364442003e-23
"YDR172W",2983.19430526228,-0.353601949717029,0.0350221520117088,-10.096522612283,5.72358495847922e-24,2.38684933005024e-23
"YLR314C",2479.59650106274,0.207537786118114,0.0205605881617851,10.0939615387002,5.87495821979074e-24,2.44849196993095e-23
"YOR044W",213.069811777265,0.436374128473639,0.043252299358422,10.0890388475652,6.17713734746505e-24,2.57287299681167e-23
"YDR451C",292.385513631804,-0.399456150466855,0.0396257287099797,-10.0807269284679,6.722690285277e-24,2.79841128259565e-23
"YLL035W",154.757687599819,-0.707781285850866,0.070216364692472,-10.0800046962094,6.77228861243758e-24,2.8173539031198e-23
"YLR439W",461.951283063265,-0.31494940037604,0.0312587178260886,-10.0755700258819,7.08487707600412e-24,2.94561465388215e-23
"YDR052C",746.347708635755,0.445932552023354,0.0442615442403792,10.0749433775186,7.13018509341155e-24,2.96266290694862e-23
"YIL150C",75.6288150771093,-0.586061314154756,0.058189294223094,-10.0716346877801,7.37421066024972e-24,3.06220991530877e-23
"YAL048C",149.486734552822,-0.387910645809374,0.0385567451114302,-10.0607726271577,8.23495028444315e-24,3.41757882509892e-23
"YJR110W",503.246817659383,0.339986567951612,0.0338048815986824,10.0573216610486,8.52870352337546e-24,3.53735685291808e-23
"YPR112C",579.444792663671,-1.00441538865198,0.0999253087608774,-10.0516615971191,9.03312829373154e-24,3.74431597244682e-23
"YJR015W",1298.8884820363,-0.30341819144004,0.0301868733247878,-10.0513288731659,9.06368337529091e-24,3.75472082063044e-23
"YAL053W",4061.18525792273,0.388696628070057,0.038673276156075,10.0507809708539,9.11422217422155e-24,3.77338663075859e-23
"YLR093C",1320.02263180978,0.283542025657666,0.0282271431342018,10.0450132097892,9.66347312307321e-24,3.99837815218504e-23
"YIR040C",11.7106754208278,1.09414457284055,0.109020859749363,10.0361029564063,1.05770617667233e-23,4.37375797380722e-23
"YGR175C",2939.40923420061,-0.464651904027264,0.0463023781761579,-10.035162821648,1.06783083293142e-23,4.41297436058394e-23
"YFL015C",8.7957221928644,1.6516147816232,0.164591433836511,10.0346338999863,1.07356911254674e-23,4.43402719849087e-23
"YGR258C",786.845781714462,0.4382487748044,0.0436805086322184,10.0330510913774,1.09092409167527e-23,4.5030050186956e-23
"YER107W-A",47.7018984059872,-0.65171357741185,0.0650039133370106,-10.0257591267323,1.17453516822623e-23,4.84522146988473e-23
"YGL154C",284.393577479829,0.289599121334234,0.0289000262188423,10.0207217509519,1.2359702950064e-23,5.09560208450241e-23
"YAL007C",1114.14325305111,0.249441184543287,0.0249010927199701,10.0172786531268,1.27978212830946e-23,5.27306999007219e-23
"YPL074W",518.384001247666,0.35295648063163,0.0352586117778266,10.0105041813812,1.37052286156831e-23,5.64357051548913e-23
"YBR188C",212.770969945507,0.301551552260958,0.0301282733478496,10.0089224755551,1.39261009058088e-23,5.73109412650888e-23
"YMR270C",479.548293994009,0.228941987452526,0.0228818219747841,10.0054089969244,1.44294205515544e-23,5.93468103330059e-23
"YMR211W",222.478783861573,-0.369261947378791,0.0369310747897786,-9.99867860550302,1.54444074727228e-23,6.34834301192217e-23
"YDR293C",4455.91755483823,-0.2296005949742,0.0229669297783692,-9.9970086202137,1.57070092532431e-23,6.45243190385315e-23
"YLR333C",3534.23473725155,-0.296357134587961,0.029657510731657,-9.99265033634884,1.64133511334817e-23,6.73857618091959e-23
"YBL069W",256.879387745706,-0.315512086841071,0.0315774433098714,-9.99169197280894,1.65728416360858e-23,6.80000087392436e-23
"YKL125W",246.165963663744,-0.705363348582048,0.0705996705828118,-9.99102889233275,1.66840885442257e-23,6.84156936432366e-23
"YGR210C",1375.0309936177,-0.415025395936001,0.04155189483899,-9.98812202293514,1.71805736294522e-23,7.04096722849873e-23
"YGR043C",184.824879034214,0.719524442870535,0.0720516921235158,9.98622546764173,1.75123579782265e-23,7.17267011779236e-23
"YBL040C",977.695204290279,0.351116400622867,0.0351741216353477,9.98223649371865,1.82310379838725e-23,7.46258599993831e-23
"YDR348C",1791.41570743222,0.229751445010207,0.0230165616625933,9.98200549579046,1.82735392889947e-23,7.4755388000433e-23
"YNR052C",1001.21702622454,-0.300558612122672,0.0301117940111816,-9.9814249529956,1.83807869870267e-23,7.5149476487933e-23
"YPR188C",353.986003072397,0.3022978590097,0.0302922670307924,9.97937390101607,1.87647071509783e-23,7.66735956881222e-23
"YOL157C",175.280226779192,0.394885471434029,0.0395780039870012,9.9773973332188,1.9142195259428e-23,7.81696407836073e-23
"YHR090C",230.68649163271,0.418925356144658,0.0419932479625348,9.97601701393546,1.94102605373109e-23,7.92173347951309e-23
"YHR045W",688.330867479411,0.231316032875189,0.0231914306552714,9.97420281282265,1.97682489819366e-23,8.06305653084321e-23
"YFR042W",298.322279194482,0.485435463272121,0.0486794506668779,9.97208178444827,2.01950793777776e-23,8.23227480852569e-23
"YBR213W",179.18823857576,0.416201441149843,0.0417528568403826,9.96821469584569,2.09969009890943e-23,8.55406291774641e-23
"YPR104C",433.872215006019,-0.449378241615852,0.045145027738888,-9.95410268025501,2.4199606469118e-23,9.85300358012285e-23
"YJL176C",568.368436616433,0.274439745694066,0.0275828413757998,9.94965464054218,2.53059887323921e-23,1.02973837129149e-22
"YJL010C",393.101139209961,-0.772362822361678,0.0776294327437337,-9.94935548365222,2.53821717541782e-23,1.03222830790028e-22
"YGR200C",725.126609449029,-0.618904967042411,0.0622343285161725,-9.94475206527823,2.65835168438784e-23,1.08044577018951e-22
"YMR223W",220.188500717432,-0.489858821767552,0.0492690056284313,-9.94253518047202,2.71819708312977e-23,1.10411722226245e-22
"YIL005W",879.589188477071,0.41116961202249,0.0413592722848038,9.94141311750211,2.7489940084541e-23,1.1159683813801e-22
"YKR023W",535.172214289688,0.267010907981825,0.0268622103288148,9.9400200025761,2.78771156004418e-23,1.13101909787296e-22
"YPR173C",1850.78012804951,0.211876226471589,0.0213163340433378,9.93961841847798,2.79897233187606e-23,1.13491899322537e-22
"YBR022W",220.577669662026,-0.454747015165079,0.0457555353741239,-9.93862297636347,2.82707997116777e-23,1.14564129496704e-22
"YDR492W",852.863294546863,-0.670581948224587,0.0674946859321656,-9.93532955910847,2.92208093075182e-23,1.18344277695449e-22
"YNL292W",464.945697236679,-0.519358498455487,0.0522783622351328,-9.93448295337877,2.94700832478777e-23,1.19283670289029e-22
"YBR299W",200.791303446221,0.511449780264511,0.0514935791495578,9.93230202117157,3.01219756276914e-23,1.21850647589104e-22
"YDR496C",670.989959328892,-0.994492577326709,0.100134805339686,-9.93153753036321,3.03538493131373e-23,1.22716531133852e-22
"YDR062W",2008.74706727612,-0.371299865751404,0.0373866064294734,-9.93136048471877,3.04077996324628e-23,1.22862500275532e-22
"YOR294W",618.318476961137,-0.704831955952298,0.0710472057846826,-9.920614726051,3.38663894548472e-23,1.36756651845527e-22
"YAL036C",546.706323212115,-0.662001088334925,0.0667764306509786,-9.91369382701834,3.62972883112382e-23,1.4648700470274e-22
"YKL146W",1002.62567716438,0.279039683658466,0.028156877977287,9.91017838993212,3.75974268562488e-23,1.51645157530916e-22
"YNR026C",498.575788731736,-0.290876701158975,0.0293528442812289,-9.90965980577868,3.77930814333413e-23,1.52345061866835e-22
"YDL115C",509.660128742284,0.397340297747881,0.0400988651913955,9.9090160245518,3.80373741778653e-23,1.53240094332711e-22
"YML068W",368.606610594202,-0.222417609604561,0.022450150860378,-9.90717661488431,3.87440152959809e-23,1.55995640533818e-22
"YEL029C",208.240222266614,-0.401530056239045,0.0405360835915865,-9.90549704516558,3.94005957540516e-23,1.58546523533983e-22
"YGL005C",391.907965476613,0.293279787247517,0.029618172827447,9.90202160532116,4.07944059134645e-23,1.64059278454558e-22
"YGL068W",209.15092966391,-0.389235364627776,0.0394104739837632,-9.87644464230849,5.26684962617471e-23,2.11688614572171e-22
"YOR177C",54.7129893841767,0.514221830835905,0.0520660424827771,9.87633794149045,5.2724587072375e-23,2.11790421232965e-22
"YLR255C",20.1621379467356,0.876929940881164,0.0889032332568459,9.86387006136964,5.97028447585522e-23,2.39681682893663e-22
"YLR406C",3747.30833666712,-0.36510609061197,0.0370449484957851,-9.85575916385768,6.47256859891002e-23,2.59694841512212e-22
"YGL215W",1219.73192006044,-0.310714119486893,0.0315370315691073,-9.85235781642995,6.69545214130045e-23,2.68481001705612e-22
"YDR232W",1709.876747319,-0.418991056758516,0.0425346885209412,-9.85057305761704,6.81542627815071e-23,2.72973879726979e-22
"YEL077C",1037.83731951165,0.50220703427702,0.0509824368878037,9.85058904465905,6.81434221570843e-23,2.72973879726979e-22
"YBL022C",1628.13817163461,-0.253233750876592,0.0257099958801085,-9.84962238257359,6.88019830850784e-23,2.75407938105096e-22
"YLR376C",185.315172301914,0.302775911787957,0.0307413805586747,9.84913189601429,6.9138544089347e-23,2.76594349828678e-22
"YNL185C",339.845060106955,-0.363307424611822,0.036897751547325,-9.84632963734512,7.10928832995952e-23,2.84247678000995e-22
"YOR244W",367.517290039553,0.345635173943373,0.0351368404263668,9.83683136415442,7.81329140567623e-23,3.1221422709275e-22
"YHR209W",480.100699024916,-0.681419325229697,0.0692913611315207,-9.83411660706603,8.02689531374624e-23,3.20563655656281e-22
"YOR097C",362.201794833715,0.413615328362656,0.0420778093925079,9.82977332551684,8.38071953843855e-23,3.34500023316808e-22
"YER039C",85.6771793604705,0.563031728442529,0.0572966453693651,9.82660895437984,8.64818474005952e-23,3.44975387805967e-22
"YGL147C",13786.6646273959,-0.643766031848321,0.065597258687622,-9.81391668993323,9.8085824272762e-23,3.91037000647346e-22
"YDR449C",185.271893107407,-0.961326692754235,0.0979884666668592,-9.81061063056073,1.01353362551458e-22,4.03829803915967e-22
"YLR150W",18381.1662938791,-0.424507732305312,0.0432755690135284,-9.80940844873945,1.02568060982993e-22,4.08433256141069e-22
"YOR371C",228.62644354391,-0.529349586656133,0.0540232960842012,-9.7985429439752,1.1422133060107e-22,4.5457448623605e-22
"YJR069C",613.780933718432,-0.386681371505081,0.0394765378049263,-9.79521997131236,1.18040205742787e-22,4.69501338266371e-22
"YKL021C",797.499508537224,-0.419769243190565,0.0428823679761012,-9.7888540909053,1.25712485037057e-22,4.99728902702158e-22
"YIL159W",195.178529725442,0.486014110469004,0.0496523178083607,9.78834688734644,1.26344592406769e-22,5.01951828459666e-22
"YJR123W",30238.9413794251,-0.419053719768598,0.0428191497404518,-9.78659600456084,1.28550919458897e-22,5.10422768439737e-22
"YNR063W",49.4377056724547,-0.582840484125876,0.0596194221243047,-9.77601699846522,1.42716711947374e-22,5.66342686892031e-22
"YPR144C",329.208147315202,-0.566517364679469,0.0579735443760763,-9.77199808596232,1.48494141353162e-22,5.88929817521037e-22
"YLR129W",564.119775710394,-0.889543570687719,0.0910348444903717,-9.77146251710027,1.49281331368662e-22,5.91710976668531e-22
"YHR109W",101.643013342084,-0.386274715292531,0.0395514711862538,-9.76638045835275,1.56959646566536e-22,6.21787782859956e-22
"YIL133C",6343.54714365596,-0.32317446154079,0.0331004094771903,-9.76345811563119,1.61550612432649e-22,6.39606651293151e-22
"YDL076C",619.060391505842,0.240872848283991,0.0246746413571349,9.76195944644769,1.63956311557591e-22,6.48758163835642e-22
"YLL026W",7830.18447007846,-0.90443359809136,0.0926748091345735,-9.75921727314299,1.68450267427765e-22,6.66157433222378e-22
"YLR003C",183.362361866402,-1.0184984363159,0.104371421654223,-9.75840340366479,1.69807371836221e-22,6.71138780190803e-22
"YKL133C",260.194169936991,0.474315163400131,0.0486491201007642,9.74971720799284,1.84982842857919e-22,7.30698148638425e-22
"YJR134C",1139.99313126349,0.322982525579425,0.0331595871381968,9.74024568621299,2.03062812789552e-22,8.0165565714224e-22
"YNL178W",18783.6017435732,-0.367370911864824,0.0377345800409166,-9.73565656399181,2.12441320370785e-22,8.38199708167826e-22
"YER174C",463.351986745104,-0.357261216582519,0.03671843386312,-9.72975094510639,2.251435159739e-22,8.87808194433164e-22
"YJL084C",475.354227552312,0.349016759385484,0.0358940973355385,9.72351403972833,2.3937478543664e-22,9.43386031901127e-22
"YMR203W",2165.3058894935,-0.15093575042066,0.0155284847890988,-9.71992776311432,2.47957339784106e-22,9.76651192456275e-22
"YML038C",932.99731361884,0.262026490568518,0.0269667013332058,9.71666824691933,2.56021726673161e-22,1.00783852952814e-21
"YNL219C",978.702260217878,0.284465201393577,0.0292814542493107,9.71485906989312,2.60609288381866e-22,1.02531140029094e-21
"YAL001C",563.980159050811,0.363780677729441,0.0374481376464068,9.71425284654566,2.62164624222039e-22,1.03084148359151e-21
"YDR320C-A",243.257602711173,0.434093479936397,0.0447005420162829,9.71114577935702,2.70281525190753e-22,1.06215085669996e-21
"YEL045C",107.233684522174,-0.9316743757746,0.0959635543765159,-9.70862721611111,2.7704313469011e-22,1.08810153014341e-21
"YHR150W",277.940969833248,0.297066708763811,0.0305996231386684,9.70818194124787,2.78255863604833e-22,1.09224151705774e-21
"YOR332W",2099.38730239445,0.376120209118268,0.0387501082824462,9.70630085409724,2.8343734734093e-22,1.11194651649134e-21
"YMR182C",349.361969404282,-0.495813780119751,0.0510944181493218,-9.70387369263608,2.90264320687168e-22,1.13808077900407e-21
"YOR361C",2591.77997501949,-0.470832452966788,0.0485264094011109,-9.70260233092804,2.93905022447548e-22,1.15169953304005e-21
"YOR130C",461.191517187054,0.493278397586858,0.0508668418922066,9.69744492162847,3.09143200204403e-22,1.21072294278004e-21
"YPL177C",745.128785104783,-0.452752763175061,0.0467090590660881,-9.69303968496702,3.22776333745979e-22,1.26339684925586e-21
"YMR071C",1381.72791931507,0.310745154347415,0.0320694068329874,9.68976931708555,3.3328057273892e-22,1.30377087687924e-21
"YGL204C",54.9551313752831,-0.508086584207593,0.0524705192161517,-9.68327723448926,3.5514531506709e-22,1.38851532892499e-21
"snR128",47.5990380273317,-1.021938242576,0.105539505589782,-9.6829925141789,3.56136055670311e-22,1.3915986057265e-21
"YDR171W",3934.33656620234,-0.633342222750875,0.0654230869538746,-9.68071444255453,3.6416217846487e-22,1.42215348765209e-21
"YMR098C",331.641827173753,0.281340234183259,0.0290693633380014,9.67823859477077,3.73088186917402e-22,1.45618603567251e-21
"YER006W",1306.09075404652,-0.62104251117267,0.0641944095714163,-9.67440179478185,3.87350275153236e-22,1.51099526596602e-21
"YLR196W",1530.74472112741,-0.696821933496638,0.0720457815992904,-9.67193245778462,3.96813258381094e-22,1.54703243711995e-21
"YIR015W",151.993182095376,0.338990496630377,0.0350496634853798,9.67171901013486,3.97641894288951e-22,1.54938564922435e-21
"YNR012W",227.506169234588,-0.690371172131037,0.0713923470354925,-9.67010051914698,4.03981091181988e-22,1.57319559546832e-21
"YLR311C",17.4766453872318,1.6756584260147,0.173394386570561,9.66385624792305,4.29389360832966e-22,1.67119601432163e-21
"YDR422C",521.778143211265,-0.206678854368321,0.0213952761118216,-9.6600227680223,4.45764881898972e-22,1.73394983721719e-21
"YDR155C",8065.97926858594,-0.469991407719933,0.048668547066995,-9.65698456280116,4.59180928800365e-22,1.78512743918154e-21
"YGR263C",260.064295673585,0.245521240553519,0.0254305489552866,9.65457886832127,4.70086744518873e-22,1.82649392551492e-21
"YDR199W",22.155150850972,0.919907133946833,0.09529952306,9.6527989271013,4.78320427693209e-22,1.85743719383403e-21
"YOR330C",907.003332858101,0.246725725830282,0.0255666282350651,9.6503036521606,4.90103892711361e-22,1.90212249228733e-21
"YDR013W",250.308260031528,0.321773366665749,0.0333583713341727,9.64595553668775,5.11327377291771e-22,1.98337408036836e-21
"YHR147C",448.973303725008,-0.262883541860511,0.0272569135242373,-9.64465553397124,5.17847603044497e-22,2.00753420437014e-21
"YNL002C",871.588380183711,-0.77131211091199,0.0799991344399526,-9.64150570267654,5.3398889353957e-22,2.06894402477205e-21
"YPL047W",186.781885567619,-0.326572434835907,0.0338718652306561,-9.64140689070585,5.34503228452792e-22,2.06977206293446e-21
"YFR007W",222.291242609186,-0.273774282317616,0.0283973259174419,-9.64084727954828,5.37425373542556e-22,2.07991776101208e-21
"YLR009W",703.737798553007,-0.894376308077554,0.0927702006623242,-9.64077151598507,5.37822204416936e-22,2.08028420079247e-21
"YJL192C",1058.19941953821,0.245462799157559,0.0254857303296572,9.63138179610724,5.89316025042243e-22,2.27818126469166e-21
"YDR471W",6289.55929085698,-0.420549053667746,0.0437037663559721,-9.62271878909305,6.4113702593007e-22,2.47712032745709e-21
"YHR020W",3009.25439817582,-0.345940849961219,0.0359518183654914,-9.62234639829155,6.43462951226093e-22,2.48471251777434e-21
"YBL060W",333.22206645588,0.276763351979592,0.0287684567947263,9.62037532824238,6.5591387178272e-22,2.53137164082064e-21
"YLL034C",420.803654415702,-0.884340893373995,0.0919346184666804,-9.61923710701539,6.63212098666034e-22,2.55810380914042e-21
"YPL159C",460.965026945188,0.233235632443845,0.0242473621023549,9.61901057357464,6.64674180545388e-22,2.5623078012626e-21
"YDL171C",2787.67745484952,-0.508900036130153,0.0529075148532124,-9.61867208357932,6.66864792731933e-22,2.56931398878531e-21
"YMR077C",228.774969483182,0.259590433803071,0.026994641736798,9.61636891995523,6.81961085304129e-22,2.62600787042446e-21
"YOL040C",10867.0175129772,-0.27927967134118,0.0290450756384109,-9.61538798583275,6.88492934460509e-22,2.64967795067669e-21
"YOR377W",674.235925730878,0.335345504024064,0.0348971364312363,9.60954216644255,7.2872281803643e-22,2.80293664926303e-21
"YMR142C",11632.4033583236,-0.356938815448934,0.0371495324006506,-9.60816442046744,7.38537906379039e-22,2.8391030069345e-21
"YMR038C",1604.27067781408,-0.275093353558722,0.0286432643693892,-9.60412018724766,7.68110995419186e-22,2.95114073853856e-21
"YIL018W",25560.2959993795,-0.436165696525741,0.0454531213192406,-9.59594597392608,8.31507979626169e-22,3.19293499148141e-21
"YLR386W",436.484679486648,-0.185688758108823,0.0193617429648511,-9.59049804792466,8.76608278860356e-22,3.3642408026497e-21
"YMR157C",338.949504632267,-0.220396208549368,0.0229943462106647,-9.58479995604959,9.26369862278119e-22,3.55323481993585e-21
"YPR102C",9136.07568126695,-0.283126552017675,0.0295432473302408,-9.58346077710499,9.3846473530339e-22,3.59762232882174e-21
"YLR211C",150.327686035632,0.615831368374485,0.0642660623228113,9.58252841571554,9.46977539365696e-22,3.62823614832099e-21
"YIL106W",752.398725260666,0.21918687302838,0.0228768222692875,9.58117654839858,9.59456459803889e-22,3.67400318451044e-21
"YLR017W",644.704792032938,-0.45092036094172,0.0470921823000032,-9.57527001125385,1.01591500365244e-21,3.88803490836412e-21
"YJL211C",64.3925083030555,0.885124371087812,0.0924544694797168,9.57362446692742,1.03222139421541e-21,3.94824683287396e-21
"YMR154C",202.608719647297,-0.279728231777784,0.0292491429448885,-9.56363857583283,1.1368786148275e-21,4.34614617606182e-21
"YPL157W",315.580394747319,0.543023843823338,0.0567934575630765,9.56138025617192,1.16196543655088e-21,4.43958492267081e-21
"YGR032W",1823.03495892602,-0.662206668108806,0.0692607462877077,-9.56106746753801,1.165482996289e-21,4.4505548693565e-21
"YGR125W",841.721397620147,0.178033346834719,0.018631032233255,9.55574251634554,1.22700856927356e-21,4.68290133007121e-21
"YNR075C-A",31.2880977509179,-0.639835284327322,0.0669947689660326,-9.55052602169177,1.29039415067589e-21,4.92208516753658e-21
"YIL021W",499.391686998718,-0.259663290799062,0.0272054217380079,-9.54454201444317,1.36710304379496e-21,5.2117964875572e-21
"YLR189C",909.791850920544,0.342462394593671,0.0359054966703296,9.53788211699251,1.45778897503914e-21,5.55444222088791e-21
"YOR293W",9347.630228602,-0.517193357289086,0.0542343608752905,-9.53626721034566,1.48066034609284e-21,5.63846597502723e-21
"YLR069C",1022.48197733055,-0.316580529784741,0.0332051978236646,-9.53406546366431,1.51241585492966e-21,5.75620959712034e-21
"YDR367W",423.671598672284,0.266083655998746,0.0279154173276752,9.53178141223602,1.54607050743018e-21,5.88104720644022e-21
"YOR116C",1099.10424490785,-0.517753746100444,0.0543449189199757,-9.52717855486821,1.61615894088301e-21,6.14425969518473e-21
"YLR038C",434.5024663139,0.428483606927394,0.0449823339179582,9.52559748697992,1.64095218207248e-21,6.23507493022573e-21
"YNR006W",1096.14701633907,0.247743045898594,0.0260086617220305,9.52540536481138,1.64399043670362e-21,6.24317383160751e-21
"YKL041W",645.930067339586,0.271135333817229,0.0284824911756872,9.51936865861898,1.74234344099348e-21,6.61302899186336e-21
"YLR203C",1050.4197360696,-0.229049001247659,0.0240663691904262,-9.51738915975647,1.77584478013323e-21,6.73646904199299e-21
"YMR316C-B",10.771409306333,1.12641543713674,0.118379515978458,9.51529010594805,1.81206576756016e-21,6.87008414628397e-21
"YOR302W",32.2008109595645,-0.75360468755725,0.0792137414300365,-9.51356007117593,1.84246769136837e-21,6.98150250691867e-21
"YPL144W",168.297613809055,0.390428521374265,0.0410477224968563,9.51157573734247,1.87796012275005e-21,7.11207670249401e-21
"YGL146C",125.663076934733,0.53726988469727,0.0565292300365983,9.50428449758521,2.01427938587603e-21,7.62414160074573e-21
"YDL233W",468.097902656827,0.318763389458667,0.033592049064943,9.48925112732499,2.32699940716199e-21,8.80296204302763e-21
"YFL055W",175.285626672962,0.506677031245105,0.0534173134907833,9.48525858254792,2.41782864099026e-21,9.14154321428772e-21
"YJR003C",266.783649571537,-0.590501223587371,0.0622890102293318,-9.48002258204619,2.54228049310415e-21,9.60680636389797e-21
"YNL261W",343.310445565437,-0.322451156104449,0.0340146736947802,-9.47976626199212,2.54853291137991e-21,9.62515035373048e-21
"YOL098C",1276.07143492819,-0.285575560012661,0.0301728497778364,-9.46465322683679,2.94536717150653e-21,1.11177922016571e-20
"YOR224C",1122.90072788409,-0.282799964480155,0.029898180538569,-9.45876837272221,3.11591566178117e-21,1.17551119623909e-20
"YKL002W",1206.86228968428,0.261900766565795,0.0276901931347273,9.45824990427156,3.13140145332659e-21,1.18070640778497e-20
"YPR192W",126.291080968377,0.469118302098653,0.0496237322071741,9.45350704659076,3.27664318019704e-21,1.23479410485258e-20
"YLR377C",115.804381533699,0.453235782982899,0.0479602790857054,9.45023239278827,3.38079260294317e-21,1.27334557282624e-20
"YFL008W",633.413885165451,0.561069843832667,0.0593773272009495,9.44922700770699,3.41342071496463e-21,1.28493174535437e-20
"YML063W",14312.6766549982,-0.342897267801404,0.0362908473761681,-9.4485880764135,3.43431784603882e-21,1.29209171420641e-20
"YHR069C",367.268980059434,-0.562622935373508,0.0595893112678767,-9.44167541800078,3.66865681354553e-21,1.37950312186024e-20
"YBL050W",1290.72110522477,0.301375677049683,0.0319339269461275,9.43747624769429,3.81865922030378e-21,1.43512383907159e-20
"YHR004C",812.430786375146,0.179051027595572,0.0189744055296147,9.43644992282442,3.85623454822135e-21,1.44845471164779e-20
"tG(GCC)D2",3.50607497748718,-1.99039272795861,0.211027073294384,-9.43193068494106,4.02608876374755e-21,1.51142972401319e-20
"YML096W",288.661782757228,-0.325115236321346,0.0344720097461062,-9.43128174759434,4.05107887330937e-21,1.51998245464496e-20
"YBR028C",422.09269131402,-0.356262760521528,0.0378270279171451,-9.41820650836942,4.58858518527089e-21,1.72071944447658e-20
"YBR286W",9577.88226278873,-0.35304729471717,0.0374879380005903,-9.41762373570961,4.61411829678775e-21,1.72935244819726e-20
"YOR014W",1875.5712601541,-0.192255400676918,0.0204309975827024,-9.40998597345478,4.96203124662663e-21,1.85873694956607e-20
"YFL034C-A",490.427284672568,-0.517182199233186,0.0549640449500468,-9.40946394507935,4.98673614049188e-21,1.86697543922167e-20
"YBR181C",9378.59619282957,-0.409280847366274,0.0435039488974776,-9.40790106964299,5.06142855931664e-21,1.89390954515734e-20
"YDR429C",3686.99524746634,-0.276537352250833,0.0293958311644355,-9.40736632701175,5.0872380177555e-21,1.90253306639037e-20
"YDR147W",329.096066699853,0.339121684370905,0.0360493453122229,9.40715237499534,5.09760087512958e-21,1.9053736170069e-20
"YGR190C",22.8682201338858,-0.837238896186923,0.0890969309715883,-9.39694428368027,5.61706581587811e-21,2.0983992480912e-20
"YER024W",449.179461251364,0.572833622032584,0.0609615142732831,9.39664358507632,5.63313624648188e-21,2.10326155406875e-20
"YGL016W",326.517347121811,-0.438453903897531,0.046706179219562,-9.38749243084935,6.14456545209475e-21,2.2929719857817e-20
"YGL149W",12.8061462097941,-1.07070815410532,0.114080125042837,-9.3855801236479,6.25710308751027e-21,2.33370285793652e-20
"YMR239C",171.749160734046,-0.926379142951601,0.0987989154498509,-9.37641004188775,6.8257230175224e-21,2.54440189364601e-20
"YCR069W",1762.15517815839,0.293375619835308,0.0312950720924067,9.37449892970501,6.95051157741603e-21,2.58951689450808e-20
"YPL071C",348.808560069406,0.371304462067817,0.0396106478873241,9.37385480601136,6.99307676075841e-21,2.60396611670209e-20
"YER109C",513.349259720832,0.278297187573728,0.0296911327492504,9.37307410680566,7.04501288092547e-21,2.62188722622551e-20
"YIL069C",6327.82361749784,-0.361934104303637,0.0386359564993925,-9.36780494380482,7.40565968426524e-21,2.75461733798845e-20
"YPL117C",1133.69639565915,-0.345705911832468,0.0369142183920684,-9.36511531033114,7.59672952429183e-21,2.82416213686551e-20
"YLR408C",85.5225129246659,0.577610782172217,0.0617012933956182,9.36140476778461,7.86834955550466e-21,2.92356107337558e-20
"YGR071C",329.84026670763,-0.336920585749074,0.035990682967659,-9.36132793178246,7.87407444749788e-21,2.92411017103683e-20
"YMR229C",1421.12085210522,-0.70629133042239,0.0755472410511926,-9.34900230100779,8.84783645263915e-21,3.28395439225987e-20
"YHR132W-A",663.68151702089,0.373893811359033,0.039995513082361,9.34839392081531,8.89886899283492e-21,3.30111600299938e-20
"YIR019C",255.490889332115,0.486472458299052,0.0520774600637114,9.34132459040635,9.5136363189273e-21,3.52726903908533e-20
"YDR364C",266.912915817861,-0.329090740677565,0.035236509118451,-9.33948194389218,9.68066141314583e-21,3.58726339233095e-20
"YLR043C",2632.21149906465,0.256177488323579,0.0274424458383204,9.33508222382479,1.00912894044067e-20,3.73741406935665e-20
"YML007C-A",12.2672973157091,1.08433634318629,0.116174916022649,9.33365291157085,1.02283588054701e-20,3.78614249331516e-20
"YGL237C",463.483904556597,0.348841408860393,0.0373753386711222,9.33346482636484,1.02465324956107e-20,3.79083160839762e-20
"YDR001C",2220.74216550376,-0.453055028551629,0.0485838735400925,-9.32521422314666,1.10759618574312e-20,4.09548858154746e-20
"YPR049C",223.392002912399,0.394549669581499,0.0423353691125714,9.31962276110965,1.16754672891472e-20,4.31484660685875e-20
"YDR079C-A",141.781658589761,0.411012781071756,0.0441102290937001,9.31785641372825,1.18714383105251e-20,4.38491699398956e-20
"YDR123C",225.67980538356,0.588645408825043,0.0631972351997607,9.31441710961546,1.22623981960531e-20,4.52689606326144e-20
"YPR116W",32.2426427407826,-0.649026587979591,0.0697096074477682,-9.31043240296384,1.27312977554771e-20,4.69748044193248e-20
"YEL006W",496.348601743267,-0.209104530611908,0.0224601628335116,-9.31001846077064,1.27810133407535e-20,4.71329817092061e-20
"YPR141C",209.182501096654,0.433821164503662,0.0466033243264939,9.30880298290299,1.29281076860769e-20,4.76499043997e-20
"YJL185C",176.558632957348,0.344109854763365,0.036994218694024,9.3017197527394,1.38192106627986e-20,5.09070440949003e-20
"YJR124C",407.209388600546,-0.361211464757064,0.0388569415010756,-9.29593145531192,1.45922842952095e-20,5.37261376323624e-20
"YNL133C",108.48213864346,0.596490606841437,0.0641698830055798,9.29549157491171,1.46527524945447e-20,5.39199363575308e-20
"YLR448W",2807.36242500446,-0.425583680222548,0.0458091236807803,-9.29036938554462,1.53753789399823e-20,5.65488696590695e-20
"YKR051W",662.412834643684,0.215914857399013,0.023245071797521,9.28862940410619,1.56287819895162e-20,5.7450167644324e-20
"YBR113W",19.23906239701,-0.976515776713896,0.105142045876682,-9.28758584229204,1.57827380965348e-20,5.79851396983148e-20
"YJL033W",647.516071038505,-0.907721667862774,0.0977366387908719,-9.28742464537824,1.58066527233208e-20,5.8042028800034e-20
"YJL004C",366.685767729829,0.232232232622623,0.0250076742243568,9.28643865635596,1.59537125151734e-20,5.85508052595783e-20
"YFR037C",1274.31273462012,-0.276469124970186,0.0297748871580156,-9.28531226677572,1.61233690513287e-20,5.91104344613407e-20
"YNL098C",4126.4893018157,-0.49676858840741,0.0535002318379326,-9.28535393850747,1.6117060803747e-20,5.91104344613407e-20
"YKL035W",5517.96875371853,-0.429810636705778,0.0462917584551974,-9.28481982644409,1.6198099583301e-20,5.93528023581837e-20
"YNL215W",1081.85375610799,0.263969507751569,0.0284333432816341,9.28380124478973,1.63537635068485e-20,5.98913094386448e-20
"YGL050W",318.025789823852,-0.299806990017641,0.032296531996765,-9.28294685162083,1.64854754811492e-20,6.03415729333929e-20
"YMR226C",2246.7364122016,0.286126822874673,0.0308246896066956,9.28239104839266,1.65717198120643e-20,6.06250217354212e-20
"YLR005W",654.146444334589,0.201782794878326,0.0217451664644038,9.27943206177052,1.70384325118745e-20,6.22993137781497e-20
"YBR230C",1549.90735771639,0.60950487643122,0.0656908809278635,9.27837879203553,1.72076789610882e-20,6.28847503434672e-20
"YMR186W",12545.1845873393,-0.348575586053684,0.0376284525858781,-9.26361734536234,1.97621054070386e-20,7.21814831445416e-20
"YDR441C",351.772867036758,-0.410121371120035,0.0443249599709909,-9.25260556103026,2.19085664357811e-20,7.99790455516186e-20
"YKL137W",224.910820589644,-0.318285440518606,0.0344098596638408,-9.24983256624765,2.24844603713996e-20,8.20378959497013e-20
"YOL067C",247.066229165408,-0.531321725417844,0.0574846855815857,-9.24283955008783,2.40040786794644e-20,8.75360602267546e-20
"YHR132C",2047.39841753511,0.263537086698597,0.0285156279262304,9.24184757145676,2.42277076061025e-20,8.83047998242541e-20
"YDR117C",602.94435232555,0.193258894143473,0.0209196946090972,9.23813171055721,2.50838615902451e-20,9.13769243644641e-20
"YOL023W",326.751438812256,0.291735227636691,0.031584475361527,9.2366653014618,2.54299015284171e-20,9.25885097954267e-20
"YFR031C-A",16465.3125146985,-0.412261384979283,0.0446408612095803,-9.23506791331365,2.58122217203498e-20,9.39308385542327e-20
"YPL148C",114.000033657568,0.391778865514473,0.0424582483114575,9.22739116886153,2.77303373143071e-20,1.00857565984683e-19
"YGR086C",9149.97026892919,0.33644438983667,0.0365010618307674,9.21738637074594,3.04429935846874e-20,1.10665264430081e-19
"YDL200C",163.648734302068,0.35009011871019,0.0380097290215901,9.21053971501174,3.24489220414409e-20,1.1789489617695e-19
"YFL030W",298.958131520264,0.553017111743968,0.0600546583904345,9.20856310843744,3.3051955188243e-20,1.2002252714718e-19
"YLR194C",3773.36459284825,-0.990955986261932,0.107659789422232,-9.20451351038306,3.43222402878886e-20,1.24569649120776e-19
"YBR167C",279.407620431566,0.273109910253415,0.0296944350484532,9.1973431994168,3.66909070628581e-20,1.3309636202728e-19
"YFL036W",1340.57642421019,-0.217050211217175,0.0236224764340028,-9.18829199908722,3.99128192630139e-20,1.44707614863534e-19
"YLR323C",182.848839279016,0.304578546653344,0.0331525957757479,9.18717040178651,4.03310576180547e-20,1.46147016684372e-19
"YBR271W",211.500163433857,-0.692449601763914,0.0753837216907405,-9.18566483895115,4.08992931112579e-20,1.48128160479227e-19
"YJR039W",560.837862644197,0.312604747465915,0.0340486026298106,9.1811329488224,4.26579372058493e-20,1.54416349980164e-19
"YLR027C",4242.18357520032,0.34005249362388,0.0370428158216411,9.17998500063309,4.31151481159406e-20,1.5593458157788e-19
"YOR312C",8572.97244064421,-0.280076903998797,0.030509578779625,-9.17996626639233,4.31226497203026e-20,1.5593458157788e-19
"YKL067W",2126.04021058233,0.397551445571972,0.0433193676862686,9.17722180183133,4.42356487735113e-20,1.59875297535761e-19
"YMR230W",5139.73571665451,-0.417461972478813,0.0455127261901626,-9.17242291166126,4.62504532786663e-20,1.67069449540198e-19
"YGR154C",165.374112040807,-0.472981924986804,0.0515735211105635,-9.17102254804018,4.68553062509785e-20,1.69165591787093e-19
"YFL016C",1368.23058251775,-0.31098347589059,0.0339121373729079,-9.17027058692655,4.7183317419541e-20,1.70260555782778e-19
"YNL236W",378.725035503151,-0.344752495858167,0.0376302046640206,-9.1615897106134,5.11383375792979e-20,1.8443554438631e-19
"YAL035W",4421.8894460767,-0.396537013615067,0.0432937892507852,-9.15921245234675,5.22774321299277e-20,1.88445089117567e-19
"YPL173W",584.735917436382,-0.23817348026154,0.0260341645076553,-9.14849716769304,5.77310467788699e-20,2.07994901660136e-19
"YDR060W",1131.22807210904,-0.826480282955003,0.0903454046163231,-9.14800577256676,5.79942002006494e-20,2.08833717772736e-19
"YJL113W",76.6867181297863,-0.480617756251213,0.052549398848623,-9.14601816161037,5.90707629853203e-20,2.12599165266038e-19
"YBR109C",2489.43433935847,0.253154955392699,0.0276835250024996,9.14460695918752,5.98470898638962e-20,2.15280675921069e-19
"YOL021C",1135.36965041144,-0.401794736802352,0.0439618831861072,-9.13961613294415,6.26743998899938e-20,2.25333286288568e-19
"YDL111C",546.608960967335,-0.37729526070763,0.0412948012798203,-9.13662855890783,6.44296172466249e-20,2.3152292001201e-19
"YNL012W",100.491496178112,-0.517701251223238,0.0567268938508667,-9.12620480480138,7.09427150921657e-20,2.54794258429609e-19
"YBR029C",778.016325164891,-0.313522181511598,0.0343802198762804,-9.11926051199874,7.5638663485703e-20,2.71518351459367e-19
"YIR037W",1539.9404216519,0.384259834882093,0.0421627850389064,9.11372041784031,7.96042652984092e-20,2.85604672527122e-19
"YOR288C",275.58777068256,0.421767837797083,0.046286109714113,9.11219025323451,8.07353150292808e-20,2.89511793737812e-19
"YDR161W",657.756098230735,-0.607529800652816,0.0666760457663805,-9.11166512155623,8.11271251045401e-20,2.90729039826562e-19
"YNL121C",1527.55382056436,-0.389385971238677,0.0427350873254464,-9.1116222197777,8.1159217799078e-20,2.90729039826562e-19
"YKL099C",295.686620271791,-0.723189215223698,0.0793835533195163,-9.11006354569295,8.23337325917358e-20,2.94783020745762e-19
"YBR057C",791.486984611203,0.225900383748775,0.0248073158870846,9.10620015389836,8.5317849605661e-20,3.05308417117971e-19
"YMR016C",1066.65574415693,-0.356329000278502,0.0391773997991105,-9.09526926507747,9.43523817167002e-20,3.37462934088042e-19
"YBR150C",643.661569038558,0.259307119410096,0.0285136448391974,9.09414144955717,9.5336700446105e-20,3.40806429164814e-19
"YOR375C",7454.40031909625,0.416718115064227,0.0458306813538431,9.09255770925349,9.67360883116988e-20,3.4562945927662e-19
"YER136W",2741.44214562404,0.187639724669653,0.0206431587594936,9.08968084079472,9.93302048291655e-20,3.54713931664318e-19
"YKR094C",9605.59044479988,-0.363969187900807,0.0400789862648107,-9.08129725377738,1.07288377204068e-19,3.8293441008295e-19
"YMR116C",27053.8979831962,-0.484761060485346,0.0533839618340041,-9.08064976504922,1.07928591648806e-19,3.85019872280844e-19
"YIL093C",476.902494731156,-0.402808850936208,0.0443631671754933,-9.07980373319072,1.08770811309065e-19,3.87622689370038e-19
"YMR301C",784.34656639556,0.299095482590125,0.032940740232752,9.07980453616958,1.08770008877048e-19,3.87622689370038e-19
"YMR122W-A",8850.02701181408,-0.670957502285471,0.0739020225263556,-9.07901406955659,1.09562775765961e-19,3.90242995938252e-19
"YDR261C",990.097863368032,-0.259354236963165,0.0285939229872261,-9.07025723889048,1.18736360584352e-19,4.22698987912753e-19
"YEL018W",182.14884142825,0.397227802062042,0.0438063926650081,9.06780444351316,1.21439270212948e-19,4.32097868432116e-19
"YMR134W",298.475748733249,0.360028879989396,0.0397064583981006,9.06726246848092,1.22044664380129e-19,4.34027641661772e-19
"YKL154W",590.5807225873,0.212450178684013,0.0234402873661797,9.06346306106049,1.2637321706586e-19,4.49189261486034e-19
"YOL129W",1882.10854517767,0.327735545509761,0.0361626094360341,9.0628289999225,1.2711021056939e-19,4.51575748075463e-19
"YGL087C",442.040600284127,0.375145144992426,0.0414103641968498,9.05920902335276,1.31399921686794e-19,4.66574760605248e-19
"YBR156C",200.475587429111,0.404939770579103,0.0447172447307762,9.05556174171901,1.35866632874999e-19,4.82186478012559e-19
"YOR171C",590.274133975946,-0.212159993293705,0.0234295304116595,-9.05523881896178,1.36269262344102e-19,4.83366239690439e-19
"YNL111C",271.934722792989,-0.4649076984179,0.0513812475381419,-9.0481979456179,1.45347107718317e-19,5.1530115172019e-19
"YOL035C",29.1389812068734,0.704024436810562,0.0778129593201641,9.04765019813511,1.46077871826204e-19,5.17625397593109e-19
"YER138W-A",31.3910603337496,-0.866919684233184,0.095872795701472,-9.0423949556305,1.53276156481883e-19,5.42853054206669e-19
"YKR006C",489.03559573205,-0.219846898049102,0.0243158572860082,-9.04129743250327,1.54823143243563e-19,5.48050046905878e-19
"YMR132C",74.2060998117757,-0.509947962175755,0.0564274162144052,-9.03723750593371,1.60680992103953e-19,5.68493643697694e-19
"YMR043W",1532.92937741243,-0.580398897652056,0.0642915766745235,-9.02760404508865,1.75471445268333e-19,6.20503801064444e-19
"YGL009C",3777.85630230242,-0.24627094295512,0.0272804575675286,-9.02737581822129,1.75837686943216e-19,6.2147970975567e-19
"YGR289C",631.572074051671,0.374088875186108,0.0414440154966467,9.0263665502291,1.77466362848729e-19,6.26914267939198e-19
"YDL202W",396.286117861937,-0.2030621734115,0.0225286860383504,-9.01349386581307,1.99594106465457e-19,7.04720729751113e-19
"YHR091C",516.797900674138,0.260595496578874,0.0289344365867295,9.00641337175348,2.12905487449306e-19,7.51334844227817e-19
"YMR044W",791.707784723198,0.301279967015046,0.0334636447929658,9.00320239707949,2.19227684208402e-19,7.7322624203817e-19
"YPR073C",479.131725173443,0.280606433369791,0.031167585818322,9.00314945807688,2.19333456891873e-19,7.7322624203817e-19
"YMR107W",52.2307898055713,1.17919653857596,0.13099345148554,9.00195028990536,2.21742961396241e-19,7.81320516485731e-19
"YHR033W",212.161294661459,-0.574145725346116,0.0637812240461903,-9.00179847489787,2.22049864453557e-19,7.8200169655383e-19
"YKL141W",1182.2811955597,0.372488502148801,0.0413877281680986,8.99997459720228,2.25769914163154e-19,7.94696246939322e-19
"YBR011C",11005.755065581,0.371946548306816,0.04134472313317,8.99622781627509,2.33606250991596e-19,8.21859498250965e-19
"YHR032W",1240.30373538188,-0.612549070240376,0.0680990682936595,-8.99496991058553,2.36296931991758e-19,8.30901111727913e-19
"YOL013C",916.164138376165,0.208424516915717,0.0231826744338678,8.99052943655318,2.46042315906176e-19,8.64727588062286e-19
"YGL253W",24938.2632177782,-0.27105579414677,0.0301519757076716,-8.98965284314038,2.48012568037563e-19,8.71207413744195e-19
"YOL155W-A",17.3039127217602,-0.875480404289687,0.0973982561793246,-8.98866610792085,2.50249031880765e-19,8.78615290412577e-19
"YER049W",1037.58677582914,-0.530633531429141,0.0590594626457741,-8.98473348143661,2.59362129137625e-19,9.10146921056345e-19
"YLR385C",8.94148602199931,-1.19863014569359,0.133492898082568,-8.97898062676126,2.73286885835206e-19,9.58522775840751e-19
"YML067C",987.544720508183,0.193518308605951,0.0215576072646261,8.97679905893341,2.78758353525388e-19,9.77215511212981e-19
"YHR183W",6619.22209785928,-0.429158971271331,0.0478079287414222,-8.97673215655324,2.78927847010869e-19,9.77312074641137e-19
"YGL195W",3484.27284361677,-0.274373588583603,0.0305679372081223,-8.97586208436396,2.81141421753314e-19,9.84566983098456e-19
"YJR115W",1306.08168097195,-0.740209779397857,0.0824722581171167,-8.9752578175646,2.82688957549975e-19,9.89483209319561e-19
"YDR465C",1026.77225993078,-0.516895493996445,0.0576002342147097,-8.97384361441437,2.86343726587987e-19,1.00176654347474e-18
"YML043C",67.9338000853711,-1.22930252303598,0.136991083203516,-8.97359517341513,2.86990584095879e-19,1.00351964017274e-18
"YJR064W",2458.96710062793,-0.384514210626879,0.042864503701997,-8.97045754454786,2.95285243100309e-19,1.03199944098763e-18
"YNL131W",1117.63499936127,-0.204458396406869,0.0228082318045285,-8.96423704209613,3.1243630856631e-19,1.09138710526588e-18
"YKL103C",1892.75995900898,0.661529729131615,0.0738389558780189,8.95908834659653,3.27373768993741e-19,1.14298600381435e-18
"YLR073C",47.9383597563191,-0.909850076815191,0.101560907390781,-8.95866431474778,3.28634966472135e-19,1.14680777707078e-18
"YDL001W",251.659845367913,0.304059796846681,0.0339595886456426,8.9535771478108,3.44145161312853e-19,1.20032392889513e-18
"YDR392W",577.251494647085,0.175274261750874,0.0195829920255237,8.95033105883043,3.54417809147791e-19,1.23552740049749e-18
"YNL123W",828.91854463785,-0.406525650292652,0.0454351773795947,-8.94737676264088,3.64030040326455e-19,1.26839414354638e-18
"YNL304W",303.295220636284,0.372442464943877,0.0416300007594376,8.94649190846924,3.66958842345891e-19,1.27795226583281e-18
"YEL038W",1265.25053669744,0.308341814204753,0.0344875080882976,8.94068117114498,3.86778788551413e-19,1.34629522708619e-18
"YCR090C",525.758839215574,-0.214445699538378,0.0240274397810007,-8.92503327416294,4.45565247385473e-19,1.55013477930722e-18
"YDL013W",683.286434524253,0.181195739277335,0.0203083977925922,8.92220750882811,4.57084793782802e-19,1.58940848747202e-18
"YHR193C",8974.77317074785,-0.261720882228973,0.0293548270625906,-8.91576985519041,4.84438732553311e-19,1.68367525170598e-18
"YKL023C-A",253.518125431612,-0.509000344763393,0.0571112581023122,-8.91243445997183,4.99240687030556e-19,1.73424426347396e-18
"YER123W",496.540414972866,-0.223021760021889,0.0250324222248502,-8.90931600700194,5.13483613744427e-19,1.78282132154835e-18
"YNL110C",516.048549214016,-0.749991480961782,0.0842175388254069,-8.90540725152993,5.3190410361595e-19,1.84584664989709e-18
"YDR352W",464.340158023171,-0.241710125481123,0.0271439027255135,-8.90476686147017,5.34983630873423e-19,1.85559813529648e-18
"YOR231W",554.082606300428,0.22483895499825,0.0252537169248903,8.9032024737969,5.42580766669e-19,1.88100129834646e-18
"YDR119W",749.008204929304,-0.359078443250095,0.040346402761739,-8.89988744152957,5.59033509258388e-19,1.93706377012783e-18
"YNL049C",663.225915550165,-0.190465667940509,0.0214109690045629,-8.89570518269952,5.80494978011773e-19,2.01041646056894e-18
"snR44",156.994967782621,-0.633510395216696,0.0712403720790991,-8.89257561026353,5.97085007680382e-19,2.06683271889363e-18
"YOR141C",751.658041289386,0.192866877601582,0.0216925749788355,8.89091672103262,6.06067905932115e-19,2.09687313183046e-18
"YNL067W",4709.85730268336,-0.507824930367889,0.0571684762418387,-8.88295374918946,6.51080380894631e-19,2.25147585256631e-18
"YGR013W",691.708525625604,0.233491526692721,0.0262884937547705,8.88189064275887,6.57334417880535e-19,2.27196157987323e-18
"YDR447C",5020.3078048782,-0.368764139055517,0.0415436423403961,-8.87654808969263,6.89673234393154e-19,2.38253899588403e-18
"YBR055C",476.349185499413,0.330742364484528,0.0372661378694489,8.87514465929331,6.98425755606111e-19,2.4115653597533e-18
"YDL160C",858.953858504981,-0.446516786569401,0.0503129034886396,-8.87479663482793,7.00613139414697e-19,2.41790549617553e-18
"YFR012W-A",7.39071469208414,1.47034730662252,0.165715239474569,8.87273440441886,7.13714092323258e-19,2.46188453188659e-18
"YGL047W",471.987694779002,0.517878126816906,0.0584924056232948,8.85376693432933,8.46139804548051e-19,2.91721209529961e-18
"YOL135C",276.332101518913,0.332419418714899,0.0375789715283139,8.84588920866123,9.08023146864878e-19,3.12899868176411e-18
"YOL095C",167.490129565706,0.276405395768812,0.031290822393925,8.83343340386205,1.01510780210774e-18,3.4945086087559e-18
"YPL007C",315.000765853611,0.222034153559019,0.0251355580702921,8.83346822609216,1.01479169861967e-18,3.4945086087559e-18
"YOL076W",273.417836559237,-0.629426013944469,0.0713558049409609,-8.8209503692832,1.13492315997995e-18,3.90502046799698e-18
"YPL212C",783.087825139378,-0.561387265969203,0.0636637201378113,-8.81800913854831,1.16512746739709e-18,4.00694436215234e-18
"YGR056W",628.791535628628,0.315583293028495,0.035790573110653,8.81749761460406,1.17046088892601e-18,4.02327669508518e-18
"YDR200C",440.253272246006,0.314422599028037,0.0356598937857633,8.81726123238106,1.17293367469284e-18,4.02976464583841e-18
"YOL073C",708.287266870749,0.29242051029905,0.0331653137129159,8.81705847350904,1.17505883808107e-18,4.03505241904648e-18
"YGL070C",395.66641251326,-0.309774566227861,0.0351412058028786,-8.8151376468273,1.19538106622882e-18,4.10279094764975e-18
"YJL013C",393.127097809119,0.291760899952609,0.0331145087124094,8.81066672274906,1.24403714899446e-18,4.26766107166261e-18
"YOL031C",573.481635358535,0.219638935602905,0.0249338358263238,8.80887069012552,1.26412908261515e-18,4.33442666026161e-18
"YAL016C-B",53.1688695771426,0.775214102447646,0.0880060717621281,8.80864339159433,1.26669457179429e-18,4.34106128760762e-18
"YHR184W",36.3832853246338,0.72346263801878,0.082136092780621,8.80809658125681,1.27288743230313e-18,4.36011441363536e-18
"YAL037W",67.2117149495576,0.512476676036239,0.0582419054810876,8.79910558906166,1.37910878660705e-18,4.72161312570339e-18
"YDL108W",340.558408115249,-0.238942561415241,0.0271794061311788,-8.79130913538021,1.47827192938656e-18,5.05859951979445e-18
"YLR172C",1248.7037573005,-0.256369024897936,0.0291730452125904,-8.78787329295651,1.52417734587754e-18,5.2130953931281e-18
"YAL032C",628.66016439664,0.300520484448168,0.0341979470798811,8.78767616506916,1.52685340574563e-18,5.21965526244225e-18
"YLR104W",419.525352649441,0.350113142611362,0.0398571755117942,8.78419351385697,1.57490364770664e-18,5.38124645878918e-18
"YOL016C",3559.3915529182,-0.85625543019371,0.0975450156747209,-8.77805415551962,1.66327184770677e-18,5.68037037274856e-18
"YNL042W-B",10.6483602035056,1.01539857196979,0.115738465944174,8.77321609273414,1.73634367749048e-18,5.92698374790378e-18
"YJL123C",2117.91343344001,0.197077231505124,0.0224769106637702,8.76798571001068,1.81890912077865e-18,6.20574296162587e-18
"YBR125C",580.968413646912,-0.219083075090412,0.0250289296086322,-8.7531939446125,2.07397818487334e-18,7.07248132880283e-18
"YPL249C",808.410239097318,0.334363411509146,0.0382051284690386,8.75179393206631,2.09987584504237e-18,7.15725009560232e-18
"YKL172W",1505.10357806233,-0.652599879214383,0.0745921393677222,-8.74890953317768,2.15424273433925e-18,7.33892193266982e-18
"YER142C",396.959473161749,0.459581305007749,0.0525469144459314,8.74611401742037,2.20825982014513e-18,7.51922297809061e-18
"YFL048C",1118.3274175346,0.12675005468358,0.0144941616885764,8.74490414878419,2.23205045839233e-18,7.59647424915037e-18
"YBR031W",23822.5827457824,-0.365658923446351,0.0418190198393907,-8.74384251115147,2.25313466062451e-18,7.66444275612635e-18
"YKL084W",368.171472157983,0.463175791330015,0.0529883898801595,8.7410806853643,2.30891039316613e-18,7.85029533676485e-18
"YLR186W",714.331269287411,-0.529948800426445,0.0606282495969057,-8.74095498302976,2.31148116297546e-18,7.85515686430702e-18
"YKL121W",429.807731545406,0.248791559266042,0.0284906580579095,8.73239076332859,2.49345030081821e-18,8.46936621664201e-18
"YLL022C",659.585582136352,0.354628655544209,0.0406117357439115,8.73217184757672,2.4982825100207e-18,8.48159520783654e-18
"YPL181W",917.86466632244,-0.192345391138382,0.022036188100296,-8.72861450732481,2.57811340714812e-18,8.74830498187028e-18
"YBR201W",345.572516774485,0.298631801849919,0.0342142649198521,8.72828343819376,2.58566985983924e-18,8.7696241305385e-18
"YIL038C",827.650279264774,-0.300317911541739,0.0344520389605191,-8.71698513652251,2.85707633652078e-18,9.68536217476396e-18
"YDR003W",666.035431749948,0.335624392050559,0.0385081498464263,8.71567170557549,2.89039767195547e-18,9.79349801742787e-18
"YGL010W",244.212863496351,0.41421196428983,0.0475619957251068,8.70888527646829,3.06877670794524e-18,1.03927828992636e-17
"YLR248W",2195.71420217264,0.205463743212919,0.0236072771662249,8.7034070793593,3.22066104112971e-18,1.09017951170984e-17
"tL(UAG)L1",2.18518759482771,-2.52594794808345,0.290244324363973,-8.70283322031771,3.23699456525671e-18,1.09516990573919e-17
"YOR020W-A",477.715449731194,0.472113868544038,0.0542631051962938,8.70045801537144,3.30547330871885e-18,1.11778898480006e-17
"YGR085C",5584.88830678773,-0.281926480657032,0.0324150857042182,-8.69738501479096,3.3961959007543e-18,1.14790421093242e-17
"YBR071W",593.382804266924,0.382429973521276,0.0439750802457233,8.69651564896162,3.42230486907656e-18,1.15616138486713e-17
"YOR335C",3350.60272855009,-0.322398371947382,0.0370918212111993,-8.69189922251752,3.56430187817181e-18,1.20354185538072e-17
"YDL067C",553.94616634627,0.390080808288114,0.0448894655402346,8.68980736557184,3.6305455925608e-18,1.22530913748927e-17
"YKR027W",419.0064140669,-0.20937487434585,0.0241026432717516,-8.68680135971801,3.72787140637183e-18,1.25754015839638e-17
"YGL178W",610.856046166317,-0.361831488050425,0.0416713675988463,-8.68297607925022,3.85545495758621e-18,1.2999415956406e-17
"YOR245C",521.728174634364,0.244999067374332,0.0282207906357411,8.68150969037859,3.90549777857273e-18,1.31616995621504e-17
"YNL189W",1358.05533509112,-0.274862200927657,0.0316630534846415,-8.68084946579717,3.92823781320718e-18,1.32318578003579e-17
"YLR456W",90.9133115013483,0.408585783761123,0.0471352382542752,8.66837209047233,4.38342233000192e-18,1.47578790914735e-17
"YLR012C",4.94779124349449,1.5772976144064,0.182059743922913,8.66362645810517,4.5698909254438e-18,1.53781520145066e-17
"YIL145C",1003.5233926588,-0.213553474840764,0.0246581996427836,-8.66054610370802,4.69509498409908e-18,1.57917581658633e-17
"YJL110C",388.663567978755,0.28813807818955,0.0332807220966236,8.65780728413891,4.80925715038679e-18,1.61678395900454e-17
"YDL139C",234.812867394448,0.309818889277008,0.0357888667147423,8.65685107456576,4.84975669409165e-18,1.6296034572387e-17
"YNR016C",6470.88679233556,-0.325078106988264,0.0375751989213267,-8.65140082608474,5.08710886647397e-18,1.70852412417918e-17
"YDL185W",6992.79780856511,-0.225756259609702,0.0260999337863672,-8.64968706271668,5.16408426273348e-18,1.73353096776792e-17
"YKL206C",481.680059232305,0.210349603858092,0.0243331688916666,8.64456268702967,5.40117559539406e-18,1.81223654845459e-17
"YGL017W",475.220780900359,0.189009072661386,0.0218710400184903,8.64197918807669,5.52474947992994e-18,1.85279591667402e-17
"YMR022W",914.187109737615,0.259489610731367,0.0300296316659446,8.64111866632198,5.56652632672726e-18,1.86589745664641e-17
"YER105C",962.471949335687,-0.27216913223543,0.0315156086185009,-8.63601066792206,5.82100784970877e-18,1.9502500751944e-17
"YHR017W",528.144784278674,0.321460493886369,0.0372373002121442,8.63275511530052,5.98915691518568e-18,2.00561018293061e-17
"YOL006C",681.586916782327,0.556630644823711,0.0645453610481064,8.62386755275638,6.47299805712996e-18,2.16658199432862e-17
"YNL283C",1569.17247664526,0.44733187601591,0.0518783516991974,8.62270795744712,6.53890670438713e-18,2.18757884643855e-17
"YGR207C",771.845891363889,0.366095377225593,0.0424825688813545,8.61754330930472,6.84058940412204e-18,2.28739475703644e-17
"YMR055C",152.281373888967,0.275505576885192,0.0319928905323691,8.61146249372018,7.2134340449079e-18,2.4108977378248e-17
"YDR201W",305.324778062869,0.33274978526294,0.0386723448559972,8.60433435060605,7.67609208739461e-18,2.56428403792877e-17
"YLL058W",576.325631523585,0.383028901618166,0.0445362668021422,8.60038187124707,7.9451289408294e-18,2.65287161773086e-17
"YNL190W",2378.83832882578,-0.303183918755829,0.0352852891438473,-8.59236033237085,8.52007025772783e-18,2.84346503754029e-17
"YNL079C",4949.03166130952,0.290611473686872,0.0338368407171451,8.58861133390682,8.80267471870735e-18,2.93635733712694e-17
"YHR078W",514.747981191105,-0.230620363850169,0.0268713032125578,-8.58240339241875,9.29111542825182e-18,3.09778836433481e-17
"YNR031C",1170.74422828209,0.190726989801817,0.0222318449560507,8.57899963673092,9.57017787379981e-18,3.18928725368401e-17
"YGR165W",410.588032722134,-0.229837096995043,0.0267925261930163,-8.57840337037544,9.61990814601319e-18,3.20430902686506e-17
"YBL081W",662.219930270116,-0.665529882463184,0.0776038653208781,-8.57598883394966,9.82390789720367e-18,3.27067726654967e-17
"YNL273W",272.479435834267,0.285133498060227,0.0332567312956663,8.57370784654903,1.00205435296989e-17,3.33453079758225e-17
"YHR155W",383.486997221504,-0.293953704924848,0.034292547090345,-8.57194142361068,1.0175484653319e-17,3.38445467816914e-17
"YDL145C",3661.87266393782,-0.220567661988819,0.02573960604703,-8.56919338958838,1.04212398828688e-17,3.46452132272099e-17
"YHR175W",1441.32768601487,0.575664167210736,0.0672024851614656,8.56611427133391,1.07035669240615e-17,3.55666304402333e-17
"YGR274C",747.147579501441,0.278871535337202,0.0325560406989397,8.56589220771814,1.07242175026847e-17,3.56180595783812e-17
"YOR096W",7886.47926564563,-0.36728570150461,0.0428790488448347,-8.56562147247477,1.07494474461806e-17,3.56846411123208e-17
"YCR018C-A",47.3209253324445,-0.557613526144868,0.0651273907777352,-8.56188954426065,1.11032550038241e-17,3.68414027476283e-17
"YJL127W-A",29.5199510831737,-0.664830198903246,0.0777504469637544,-8.55082156907954,1.22215432947758e-17,4.05324304357087e-17
"YBR048W",9996.72464585746,-0.442966950208523,0.0518320355913962,-8.54620014734773,1.27207338549366e-17,4.21676709635236e-17
"YGL114W",748.673317465029,0.151986748781913,0.0178009971904628,8.53810307117753,1.36443189009804e-17,4.52074762431425e-17
"YLL036C",552.119802037375,-0.272455956834547,0.0319245047526148,-8.53438319390784,1.40905107541986e-17,4.66633797703979e-17
"YDR479C",1066.28495421654,0.318646027708446,0.0373628880677065,8.52840998616107,1.48372882240369e-17,4.91128506838913e-17
"YLR022C",288.351810007188,-0.308277173670039,0.0361571204148256,-8.52604328368017,1.51438617588964e-17,5.01035503171562e-17
"YOR051C",1319.13586978376,-0.388346832590845,0.0455515716491954,-8.52543213177376,1.52240382204577e-17,5.0344622069093e-17
"YDR142C",346.084707362395,0.232790867474529,0.0273166820482965,8.52193055741359,1.56915468368237e-17,5.18657225019352e-17
"YLL018C",4724.14967190239,-0.265175513799572,0.0311194888295321,-8.52120403558567,1.57903076156834e-17,5.21671151314686e-17
"YMR172W",466.416412221478,0.280226996502352,0.0328943759238175,8.51899416335945,1.60944954096704e-17,5.31465711729402e-17
"YPL280W",9.81023748852597,1.03494883370856,0.121498218028567,8.51822232870299,1.62020946885167e-17,5.3476232948436e-17
"YAL021C",1166.26925246561,-0.296103759070983,0.034768093759311,-8.51653706184814,1.64395060343774e-17,5.42338280051214e-17
"YFR039C",502.109241948834,0.232629720499723,0.0273237645974475,8.51382391581044,1.68289506790353e-17,5.54920140925086e-17
"YDR485C",649.290400391595,0.242978795735021,0.0285690107193876,8.50497758293499,1.81630685881721e-17,5.98338407796962e-17
"YHR205W",1054.01667880108,0.242705560060244,0.0285368372572796,8.50499156133117,1.81608803061636e-17,5.98338407796962e-17
"YJL014W",3073.65588646036,-0.205352784880536,0.0241474059278978,-8.50413437756847,1.8295552535645e-17,6.02414534710262e-17
"YMR069W",28.6218142747451,-0.708334486498336,0.0833119979523407,-8.50219060769068,1.86045999413716e-17,6.12297660594376e-17
"YLR449W",2322.21664486744,-0.449744645311525,0.0529207658726937,-8.49845307215379,1.92133894361494e-17,6.32031468074003e-17
"YGR254W",52233.4277380136,-0.487360277526726,0.0573732511151106,-8.49455570417149,1.98691484843534e-17,6.53290770366634e-17
"YJL127C-B",284.305609272571,0.398183785439176,0.0468854238956334,8.49269884656541,2.01892966784427e-17,6.63500275088677e-17
"YDL129W",88.5628111152974,-0.445384159668889,0.052444029056682,-8.49256183554305,2.02131199147717e-17,6.63966272009559e-17
"YBR177C",1255.06200987468,0.300749370861273,0.0354145669755717,8.49225040839053,2.02673735451741e-17,6.65430933993914e-17
"YPL064C",594.789127945204,0.159049074606137,0.0187352501154966,8.48929550583271,2.07893482642943e-17,6.82243387986971e-17
"YFR052C-A",251.395070145302,-1.30248466952288,0.1534676879639,-8.48702868208498,2.11987460595694e-17,6.95347149214555e-17
"YPR152C",308.405741369623,0.32635109664907,0.0384575724941578,8.48600354842071,2.13864917904569e-17,7.01171409415695e-17
"YLR393W",129.663848974594,-0.293096431489233,0.03454100974699,-8.48546216906049,2.14863024601102e-17,7.0410848375944e-17
"YOR226C",496.873760168805,0.425840456653266,0.0502034190108436,8.48229991191013,2.20785574096947e-17,7.23172539323254e-17
"YPL092W",611.712446780357,-0.760820245821751,0.0897062771088999,-8.4812375492759,2.22811179052987e-17,7.2946027949587e-17
"YNR014W",1016.62587757914,-0.485747780847665,0.0573010299414708,-8.47712128985856,2.30834265682593e-17,7.55367832331108e-17
"YGR286C",879.479648032616,-0.511159758834739,0.0603379514300603,-8.47161275316482,2.42018559702874e-17,7.91590395987784e-17
"YHR019C",6449.49862435574,-0.286751826728437,0.0338646415264483,-8.46758783802523,2.50526987040987e-17,8.19030534557074e-17
"YCR094W",448.041529190945,0.186559601952555,0.0220381062832778,8.46531909568447,2.55452329385134e-17,8.34736254303107e-17
"YKR090W",755.422632279308,0.160618238553468,0.0189743808276839,8.46500552572044,2.56140547942033e-17,8.36588079971964e-17
"YKL124W",403.402918400259,0.225869803604428,0.0266925792672996,8.46189502118048,2.63067281038845e-17,8.58804281627522e-17
"YGR145W",753.648287614362,-0.67798585037898,0.0801590718465663,-8.45800524832327,2.71989879825971e-17,8.87512001233086e-17
"YBR175W",333.29147615295,0.237063969907408,0.0280328649210436,8.45664439132832,2.75181468047396e-17,8.97500903603184e-17
"YNL003C",764.694989279511,0.244339012114472,0.0289053139558626,8.45308279604123,2.8371033697943e-17,9.2487957864743e-17
"YJR053W",50.6581655466911,-0.525400515883573,0.0621689389257909,-8.4511739296488,2.88388256445292e-17,9.39684403987616e-17
"YGL044C",538.89922118771,-0.217003629619981,0.0256950601033107,-8.44534430927528,3.03150614854047e-17,9.87318818954642e-17
"YLR355C",7855.10139532503,-0.411800679802568,0.0487676201621764,-8.44414138793584,3.06288303826656e-17,9.97066180542094e-17
"YHR022C",58.0508504741278,-0.475825333843691,0.0563609781125062,-8.44246054236075,3.10726330349748e-17,1.01103534237146e-16
"YFR031C",695.872034346055,0.3653350318771,0.043294090041564,8.4384504103531,3.21572337807719e-17,1.04583162295992e-16
"YJL073W",420.500313700232,0.247104740105891,0.0292898787384853,8.4365231523205,3.26916943069607e-17,1.0627115925563e-16
"YMR143W",8241.01798664427,-0.249755436817151,0.0296066789435406,-8.43578022693563,3.29000516511017e-17,1.06897996988124e-16
"YDR087C",594.091476989589,-0.491612524358819,0.0582962007715854,-8.43301137727726,3.36881937491872e-17,1.09407176397714e-16
"YDL103C",694.172756677691,0.233421267334967,0.0276824545584881,8.432101526322,3.3951222699872e-17,1.10209414563234e-16
"YLR063W",49.2306975465387,-0.774456399187769,0.0918988875054742,-8.42726631638099,3.53833949259204e-17,1.14804276185185e-16
"YNL155W",933.891924123326,0.253230331667358,0.0300538805076856,8.425878036036,3.58054992268465e-17,1.16119106065397e-16
"YJR011C",186.312558341035,0.396850237617853,0.0471160869778564,8.42281825747466,3.67534374310497e-17,1.19137201842174e-16
"YDL052C",1412.60540976852,-0.345950874990135,0.0411426060228735,-8.40857953426191,4.15005952990996e-17,1.34461928769083e-16
"YNL129W",176.99263090679,0.346223858589967,0.0411783433797169,8.40791129932891,4.17376594189308e-17,1.3516640879555e-16
"YBR240C",92.7075587195174,0.509195126424435,0.0605646635837821,8.4074623104286,4.18976932264136e-17,1.35609338953245e-16
"YDR016C",315.703712950657,0.375739998629042,0.0446914898980475,8.40741715002564,4.19138232814096e-17,1.35609338953245e-16
"YLR047C",178.437315387591,-0.330670406183928,0.0393346493617013,-8.40659346275729,4.22090987848006e-17,1.36500537873815e-16
"RPR1",55.3258985346279,-1.3011751697148,0.154829999107077,-8.40389573867354,4.31906179380528e-17,1.39609110095537e-16
"YGL129C",487.79133547217,-0.189695366670551,0.0225768213855426,-8.40221762980439,4.38124904805191e-17,1.4153721820606e-16
"YKR013W",2709.3956307216,0.437997942293422,0.0521291115560468,8.40217546816442,4.38282279179839e-17,1.4153721820606e-16
"YFL010W-A",179.973532480967,0.420612288499177,0.0500652755061392,8.40127781674945,4.41646154636385e-17,1.42556670167441e-16
"YMR053C",405.698289353136,0.348697912036499,0.0415102245732875,8.40028970262165,4.45378482022594e-17,1.43694041645996e-16
"YDR320C",413.075734314456,0.258327764745606,0.0307592841483408,8.3983672539252,4.52729370141351e-17,1.45997269949565e-16
"YCR024C-B",3035.93580375834,-0.87963751402499,0.104754287208893,-8.39715048865626,4.57443636527052e-17,1.47448475537863e-16
"YCR027C",235.232312773611,0.231912319932796,0.0276188658726663,8.39688063231857,4.58495717035606e-17,1.47718437613016e-16
"YGR132C",1786.53070807431,-0.296813534566535,0.0353573528778959,-8.39467636594738,4.67179268866331e-17,1.50445709361304e-16
"YBL016W",508.021737397496,-0.411916953641449,0.0490707990862541,-8.39433963399297,4.68520006760989e-17,1.50806930647471e-16
"YKR056W",332.80307255563,-0.622877560380783,0.074206115518472,-8.39388446664791,4.70338343205995e-17,1.51321471634265e-16
"snR82",106.444155010291,0.531967017453682,0.063378372363471,8.39351024041584,4.71838542772124e-17,1.51733225921816e-16
"YJR007W",1634.70229074537,-0.300509396017845,0.0358099790604849,-8.39177804349645,4.7884429436625e-17,1.53914237474866e-16
"YER182W",416.064070425273,-0.345592202107291,0.0411901913463431,-8.39015772472184,4.85490390377513e-17,1.55977663917367e-16
"YDL031W",779.971446342923,-0.721335621222531,0.0860195834824817,-8.38571395046844,5.04188033249511e-17,1.61909263475881e-16
"YPL127C",1323.71252222128,0.204771497964973,0.0244395148278181,8.37870552699731,5.35129727620534e-17,1.71765416068409e-16
"YBL028C",203.924171423303,-0.849156513673199,0.10140305829369,-8.37407202467031,5.56607113621874e-17,1.78575954207204e-16
"YGL127C",398.107034866711,0.452742631808837,0.0540717754293852,8.37299364064889,5.61726379668862e-17,1.80134425897537e-16
"YOR020C",1908.34946000273,-0.381200052932099,0.0455288561180596,-8.37271316335336,5.63065443606567e-17,1.80479775569423e-16
"YDL180W",620.314032555621,0.183695736067094,0.0219454057682388,8.37057824344055,5.73361763072642e-17,1.83694543450681e-16
"YER117W",10089.0050340138,-0.26189324352162,0.0313024837747868,-8.36653236228388,5.93386285726336e-17,1.90021608243062e-16
"YPL096W",508.150735286064,0.196322109238137,0.0234657457494222,8.36632729829059,5.9441938472066e-17,1.90263945318538e-16
"YAL019W",642.665198969045,-0.546968779798302,0.0653816407678432,-8.36578546170899,5.9715766604464e-17,1.91051604587237e-16
"YJR132W",536.549634803837,-0.367540508414349,0.0439389362861447,-8.36480214315625,6.02158879450725e-17,1.92562186949291e-16
"YAR018C",341.109983222852,0.244089662960238,0.0291885563933621,8.36251233773754,6.13965622638014e-17,1.96246671859922e-16
"YLR146C",451.965193095532,-0.303533533848303,0.0363007415455529,-8.36163452659519,6.18552101042127e-17,1.97620938082369e-16
"YIL167W",112.095329214576,0.366873795210776,0.0438982161860891,8.35737364943396,6.41299322118182e-17,2.04793405973269e-16
"YDR311W",505.54262466673,0.157700876729207,0.0188775396336426,8.3538893197798,6.60512413067692e-17,2.10831152710758e-16
"YKR072C",1533.9273665596,-0.323830982873437,0.038830568433719,-8.33958903862541,7.45491645271973e-17,2.37845689420646e-16
"YJR046W",538.770616434624,-0.330906807998786,0.0396964435314947,-8.33593084318116,7.6890854336414e-17,2.4520311815943e-16
"YPL112C",501.296418769792,0.230143280833413,0.0276101815540376,8.33544974642724,7.7204162658021e-17,2.46088268472442e-16
"YHR165C",1176.72335416942,-0.256613004543392,0.0307894446122075,-8.33444733334517,7.78610219197205e-17,2.48067161461025e-16
"YGL076C",14981.5327109993,-0.362683738463257,0.0435321544401144,-8.33139878161069,7.98927258985629e-17,2.54422487424425e-16
"YLR221C",690.469351824754,-0.462126177865512,0.0554894753843148,-8.32817709421237,8.20966431159548e-17,2.61320105341354e-16
"YML064C",363.975445086726,0.238950100278136,0.0287293172295481,8.31729130103989,8.99963716015749e-17,2.86333187835879e-16
"YMR189W",503.295197764923,-1.04852003117591,0.126087248690388,-8.31582925368278,9.11129192218389e-17,2.89751708472222e-16
"YOR308C",138.46477575898,-0.467804972845369,0.0562554071334058,-8.31573348560079,9.118653096969e-17,2.89851923234679e-16
"YIL044C",540.865474590297,-0.237354316102282,0.0285544485859036,-8.31234108367466,9.38322633684848e-17,2.9812419625843e-16
"YMR194C-A",39.2928567404564,0.594411873262764,0.0715250051062192,8.31054639395025,9.52624112015661e-17,3.02528459927483e-16
"YOR238W",306.003180566409,0.224852738251682,0.0270769912749322,8.30419953120309,1.00494638515788e-16,3.18997504002396e-16
"YGL090W",231.848587777782,0.252557524544589,0.0304180098260243,8.30289443619392,1.01605148607021e-16,3.22373939243936e-16
"YJR077C",2630.33986553083,0.32336043459655,0.0389491015438079,8.30212820783172,1.022627637205e-16,3.24310975686616e-16
"YHR014W",27.3032860775037,0.632657451279502,0.076247169313576,8.29745493472183,1.06365427477769e-16,3.37166652018618e-16
"YFR047C",1289.04199869881,0.385852503137793,0.046508292520504,8.2964237607236,1.07292322221663e-16,3.39948291990865e-16
"YNL194C",117.017763788893,-0.775695352888524,0.0935677435334139,-8.29020048572097,1.13057740610336e-16,3.58050848253065e-16
"YDR307W",451.994302209086,0.199036403716749,0.024011383003362,8.28925196390732,1.13962900794268e-16,3.60751527341855e-16
"YDR319C",464.343648226899,0.378253865723532,0.0456338937230873,8.28887992812597,1.14319876718412e-16,3.61715234929351e-16
"YNR046W",647.727341158254,-0.545099055815829,0.0657680808159261,-8.2882007358778,1.14974421593984e-16,3.6361915143527e-16
"YKR092C",709.219319639089,-0.549159722651619,0.0662679332425739,-8.28696015977168,1.16179531072583e-16,3.67261740787299e-16
"YNL198C",11.3427632110572,-0.98727178379532,0.119149106148701,-8.28601922169004,1.17101866699655e-16,3.70007504464032e-16
"YDR084C",649.271587841977,0.310978069741518,0.0375500993778396,8.28168433357179,1.21445163329166e-16,3.83555022716197e-16
"YBL032W",1361.9680344254,-0.209554793400429,0.0253254171671956,-8.27448535267838,1.29011628396841e-16,4.07265044251376e-16
"YPR067W",399.693407287348,0.310422631532034,0.037524291301069,8.27257812922881,1.31092902017936e-16,4.13645568466311e-16
"YLL059C",39.4641042126829,0.507301999741005,0.0613255032301642,8.27228433555647,1.31416435873894e-16,4.14476482359945e-16
"YML094W",182.280705496659,-0.270272688735553,0.0326821728560022,-8.26972826826344,1.3426467409046e-16,4.23265696480227e-16
"YFL033C",920.95831010111,-0.208141768390379,0.0251754041840015,-8.26766342534629,1.36609909211116e-16,4.30461887834568e-16
"YDL191W",6819.26942826705,-0.318930032964954,0.038599051005217,-8.26263922711072,1.42486392496669e-16,4.48773473165401e-16
"YER080W",1099.02429490374,0.333857366977715,0.0404105474723196,8.26163929618625,1.43685342500741e-16,4.52342744909741e-16
"YJR035W",343.52020200817,0.3323227435157,0.0402298495613706,8.26060119883724,1.4494057869232e-16,4.56085870336664e-16
"YKR020W",329.20811258405,0.337104567286617,0.0408127069864843,8.25979436743203,1.45923636463355e-16,4.58969500708176e-16
"YER013W",453.488193478103,0.257050575795793,0.0311356891805527,8.25581776286315,1.50865671220777e-16,4.74296870481759e-16
"YGL107C",470.997817996041,-0.183601768644912,0.0222446915947983,-8.25373405886396,1.5352076930787e-16,4.82423777583151e-16
"YBR084C-A",9791.89271852942,-0.237793912163415,0.0288123320326299,-8.25319907788489,1.54209852383648e-16,4.84368081049915e-16
"YLR263W",141.857064811425,0.478340597003823,0.0579645189057852,8.25229995924424,1.55374839130652e-16,4.87804727503211e-16
"YMR173W-A",100.402138809478,-0.556645491658791,0.0674732307434622,-8.24987162353608,1.58564770124091e-16,4.9759272666562e-16
"YNL238W",1135.19885399901,-0.193255194391433,0.0234362652680264,-8.2459893750685,1.63799225806815e-16,5.13784815343928e-16
"YOR098C",912.750311488323,-0.34092629181094,0.0413585639462752,-8.24318494843784,1.67686069210121e-16,5.25737061253042e-16
"YCR016W",409.613394269725,-0.529015169015764,0.0641826395653814,-8.24234049266341,1.68874169319599e-16,5.29221054058005e-16
"YOR369C",28153.2793618508,-0.437232648599344,0.0530562580895217,-8.24092509241044,1.70884194883897e-16,5.35276470325584e-16
"YML058W-A",92.8468633444895,-0.54775273385961,0.06647532924303,-8.23994014165852,1.72296833411164e-16,5.39455979097709e-16
"YPL247C",1128.1881831146,-0.346345482932125,0.0420363982677147,-8.23918073871067,1.73393840646088e-16,5.42643905840144e-16
"YNR055C",1149.30488362077,-0.205107821528135,0.024907249946568,-8.23486422500038,1.79761394088801e-16,5.62315855657153e-16
"YPL270W",1146.80820856227,0.206033366647512,0.0250204570297981,8.23459645050195,1.80163911589805e-16,5.63319042368668e-16
"YMR147W",99.0252882508927,0.436735255607147,0.0530819119394116,8.22757206081126,1.91046200478393e-16,5.9707357707387e-16
"YLR388W",3534.5934155874,-0.362365298132941,0.0440621725527628,-8.22395440667439,1.96900970940336e-16,6.15092189167066e-16
"YNL128W",52.8606457503439,0.457087089499873,0.0555841308497267,8.2233378936089,1.97916218346298e-16,6.17983294020073e-16
"YBR050C",229.695057286087,-0.615153125189875,0.074817753750403,-8.22202076852063,2.00102524789715e-16,6.24526692283404e-16
"YNL066W",2596.06664378166,-0.327886720065617,0.0398806039758788,-8.22170898574993,2.00623530488912e-16,6.2586905637343e-16
"YBR133C",577.895651759316,-0.191713630595325,0.0233234400742827,-8.21978361617056,2.03870682774877e-16,6.35710892620032e-16
"YBR252W",663.377795013374,-0.495133897129597,0.0602375728793856,-8.21968538010336,2.04037740746904e-16,6.35943795854428e-16
"YNL169C",633.417192810391,-0.207312714947735,0.0252237187839611,-8.21895917581979,2.05276900125065e-16,6.39516496543472e-16
"YBL092W",17907.1210136733,-0.364321239515721,0.0443414838484237,-8.21626179135349,2.0994488170601e-16,6.53763234077738e-16
"YMR074C",895.050127504805,0.210319392002771,0.0255987848938849,8.21599122281048,2.10418851367753e-16,6.54942943791583e-16
"YAL031C",525.146202373037,0.244319767603402,0.0297631164540581,8.20880998737246,2.23391424818981e-16,6.95006759999404e-16
"YKL175W",1458.25667002384,0.229102603805735,0.0279177726138835,8.20633533249002,2.280419420075e-16,7.09154819657469e-16
"YJR068W",814.258490157782,0.135975492840405,0.0165744160357833,8.20393868157051,2.32636794144467e-16,7.23117077961471e-16
"YBR052C",2310.98432804304,0.342397225670815,0.0417398070372908,8.20313389002765,2.34200113022328e-16,7.27647914331555e-16
"YIR026C",780.861507036679,-0.416852308625676,0.0508195765716806,-8.20259310971845,2.35256398920764e-16,7.30600048069218e-16
"YLR461W",21.7802289601404,0.682699192992914,0.0832463876952359,8.20094675449784,2.38501158975066e-16,7.4034286724226e-16
"YKL127W",1203.18115353123,-0.172383067771419,0.0210324820067576,-8.1960401875553,2.48435309458029e-16,7.70740516927685e-16
"YOR008C-A",8.24538900508194,-1.13144393074805,0.138048302118137,-8.19600033747464,2.48517639445092e-16,7.70740516927685e-16
"YNL314W",241.886447131914,0.271891402040581,0.033178499794226,8.1948069902756,2.50995586686791e-16,7.78075017712093e-16
"YPL079W",13626.7543019719,-0.561305134249712,0.0684990552998792,-8.19434854674123,2.5195399159696e-16,7.80694523917672e-16
"YCR036W",736.633801650947,0.272715948977819,0.0333175356551327,8.18535775876948,2.71495888825503e-16,8.40867833811782e-16
"YGR047C",352.957730328414,0.41716458569444,0.050978021905916,8.18322426210162,2.76348175856011e-16,8.55511326784457e-16
"YHR075C",226.230186126897,0.28345924340878,0.0346518815036428,8.18019775864066,2.83378414557261e-16,8.76881071562581e-16
"YGR041W",563.896733312826,-0.155974306554645,0.0190701381984198,-8.17898144899494,2.86253169563418e-16,8.85378738743996e-16
"YLR188W",885.155775707044,0.19426132723415,0.0237559004035236,8.17739272914852,2.90051450210258e-16,8.96723949123316e-16
"YMR027W",1535.51086335613,0.217094663098998,0.0265547362605332,8.17536506365737,2.94971386207216e-16,9.11525131973375e-16
"YDL153C",1145.34196327472,-0.564678068300655,0.0690800595981649,-8.17425566198636,2.97697963323205e-16,9.19538123589173e-16
"YDR032C",3298.37409577226,0.414842889305767,0.0507556142649038,8.17333994108747,2.99967233870783e-16,9.26132020269211e-16
"YHR114W",999.56499438828,0.225935602512718,0.0276544225884255,8.16996275334567,3.08484681860692e-16,9.52002256661079e-16
"YLR344W",6258.16338753585,-0.383360175471834,0.0469326102962984,-8.16831139481858,3.12735836146224e-16,9.64689171983311e-16
"YPR168W",93.2085174132287,-0.371697360499711,0.0455244400007953,-8.16478710102128,3.22002614692714e-16,9.92829378486044e-16
"YBR111W-A",270.172931484052,0.420553088628271,0.0515290941736136,8.16146868818088,3.30975194643748e-16,1.02003769701083e-15
"YGR245C",1480.80654474545,-0.670796259997359,0.0822122360352902,-8.15932387132027,3.36905158171217e-16,1.03784877584288e-15
"YJR117W",1562.47294326339,0.181468176129328,0.0222486249582002,8.15637714556575,3.4522331703113e-16,1.06299755713745e-15
"YDL148C",700.620979592803,-0.727849814153396,0.0892387487529238,-8.15620819794999,3.45706318042445e-16,1.0640089404212e-15
"YHR025W",2506.53699918401,-0.317930519195469,0.0389857163549584,-8.15505136036913,3.49031519320016e-16,1.07376318611184e-15
"YPR163C",4184.24881720982,-0.435888419041855,0.0534725241724538,-8.15163349379345,3.59041043862828e-16,1.10406323671084e-15
"YOR247W",2476.3881325363,-0.423403619804681,0.0519462147945145,-8.15080793623855,3.61500870885394e-16,1.11113102502051e-15
"YBL030C",4031.92372755792,0.308171315731768,0.0378142002447724,8.14961876059697,3.65073352247838e-16,1.12161090148432e-15
"YOR279C",216.573505866047,0.248516214431669,0.0305080819041206,8.1459140962285,3.76427308063607e-16,1.15597770562798e-15
"YNL247W",2436.99940960404,-0.282279345899003,0.0346728722531197,-8.14121610226867,3.91327207256059e-16,1.20119831562995e-15
"YER171W",481.314600934107,-0.38531779389937,0.0473434523319525,-8.13877685128839,3.99291123878892e-16,1.2250977664466e-15
"YMR124W",1316.94390485365,0.223845064370402,0.0275170991720482,8.13476242429591,4.12746966113337e-16,1.26581864663266e-15
"YKR087C",390.236400933499,0.219943583794203,0.0270509189404621,8.13072503297537,4.26730322292945e-16,1.30812033347592e-15
"YIL104C",167.692069986013,-0.54897573191227,0.0675620888016864,-8.1254996944169,4.45523113659669e-16,1.3651208889839e-15
"YBR117C",119.13799940836,-0.38479058529236,0.0473944645604672,-8.11889297328031,4.70455161612477e-16,1.44087357104177e-15
"YOR374W",9652.73370042807,0.544295941865619,0.0671093750051587,8.11057980831708,5.03787859087547e-16,1.54227630494342e-15
"YBR191W",11979.9267705169,-0.404947587486814,0.0499665037595282,-8.104381075684,5.30146969826689e-16,1.62224972766967e-15
"YDR243C",214.45070723379,-0.216110989577227,0.026673517947573,-8.10208049804285,5.40271740358263e-16,1.65249708234857e-15
"YEL026W",2527.71916893855,-0.411127901287554,0.050767079409085,-8.09831698165368,5.57247171850466e-16,1.70366197965828e-15
"YHR034C",338.601683861045,0.268105368158165,0.0331147216853099,8.09625914135645,5.66750256944382e-16,1.73194652421752e-15
"YLL002W",214.365952222818,0.245766695340318,0.0303750764266656,8.0910642622965,5.91456378488431e-16,1.80664470536506e-15
"YCR004C",2668.52258053915,0.311262859815231,0.0384884250630809,8.08718099805551,6.10614929870752e-16,1.8643387104923e-15
"YKL027W",491.863989289319,-0.272288459743384,0.0336766008037936,-8.08539024855238,6.19654578486791e-16,1.8911000766319e-15
"YDR182W-A",23.425254548612,0.642131001683334,0.0794656113770797,8.08061487926266,6.44410191601064e-16,1.96577942807857e-15
"YDR490C",702.853001810396,0.191205620664654,0.0236696961512865,8.07807668685519,6.57962275543645e-16,2.00623129633215e-15
"YHR192W",659.247121791091,0.218890221485962,0.0271061093152641,8.07530947876388,6.7305720458043e-16,2.05134964742641e-15
"YER172C",810.885548472691,-0.29331502581575,0.0363229809514663,-8.07519146646222,6.73708484056088e-16,2.05242606757795e-15
"YCL061C",365.514057901363,0.388910369020374,0.0481641126021932,8.07469188174485,6.76472448657869e-16,2.0599349000484e-15
"YLR101C",37.2814598266522,0.553289232278659,0.0685248271751288,8.07428862045311,6.78711648321846e-16,2.06583983143055e-15
"YLR281C",37.0537967020623,0.760005957589715,0.0941378825503014,8.07332751704517,6.84077879729711e-16,2.081253292947e-15
"YNL061W",1400.91503325145,-0.497632539772787,0.0617029681501234,-8.06496923392804,7.32543124498745e-16,2.22772058841601e-15
"YJL056C",263.41402742277,-0.269444344658938,0.0334230993823705,-8.06162054501325,7.52895988036216e-16,2.28860436098426e-15
"YDR339C",442.161293693325,-0.308160924020532,0.0382295003953177,-8.0608148375979,7.57875524608703e-16,2.30272417781594e-15
"YNL099C",508.93797359575,-0.176198906743295,0.0218605243564484,-8.06014091292007,7.62065511208601e-16,2.31443363240901e-15
"YDR473C",337.426192491758,0.362349520434521,0.0449633944039101,8.05876703123219,7.70678152059627e-16,2.3395586758953e-15
"YMR194C-B",159.973611424731,0.551385548411045,0.0684279206688955,8.05790301708937,7.76143562426994e-16,2.35511169118989e-15
"snR4",81.2666116206835,-0.499413916844907,0.062050077306495,-8.04856236323547,8.37722201196933e-16,2.54084464988585e-15
"YMR184W",304.623869485057,0.266743388863037,0.0331428429660822,8.04829534798861,8.39551499023589e-16,2.54527171764747e-15
"YJR005C-A",18.4169697128914,0.934006295478607,0.116074248939521,8.04662794730002,8.51064062133124e-16,2.57903876223e-15
"YBR001C",830.177872505248,0.225843051837576,0.0280795281688055,8.04297887342966,8.76804490399398e-16,2.65587281847772e-15
"YKL036C",47.0976841463802,-0.916897421296344,0.114037000442859,-8.040350217347,8.95820700204065e-16,2.71228035220096e-15
"YBR094W",414.357237493782,-0.276544222678248,0.0343948270394913,-8.04028531269328,8.9629533682338e-16,2.71252456880394e-15
"YNR030W",620.61024347664,-0.183465089112566,0.0228190411701523,-8.03999991693521,8.98385328718078e-16,2.7176550914868e-15
"YKL018C-A",561.762953659317,0.451418665558308,0.0561862524614965,8.03432593885234,9.4094754246266e-16,2.84515758886931e-15
"YGR088W",430.829367386667,-0.443428175345974,0.0552088764919673,-8.03182755241344,9.60312897827023e-16,2.90243823596973e-15
"YGR240C",10553.7807832281,-0.278672182633263,0.0347431161661672,-8.02093229923439,1.04945560757633e-15,3.17047031950988e-15
"YJR006W",664.832490932849,0.170915687366776,0.0213095734973618,8.02060573328397,1.05224966317247e-15,3.17751707497477e-15
"YAL044W-A",55.3847565966672,0.501587533254853,0.0625511520718733,8.01883764952103,1.06750488144024e-15,3.22217058689876e-15
"YGL160W",548.021230104744,0.222530687752496,0.0277528417291195,8.01830277146021,1.07216264404338e-15,3.23481148301433e-15
"YNL309W",405.231259260867,0.355500510654698,0.0443490800404142,8.01596133066885,1.09278885815791e-15,3.29559846185598e-15
"YLR450W",1761.92648374074,0.183064233896483,0.022843004764497,8.01401723563989,1.11021140189605e-15,3.34667491333375e-15
"YGR053C",126.519757273561,0.313269185701623,0.0391047054715138,8.01103554992447,1.13746560286592e-15,3.42733071148001e-15
"YBL023C",588.585002473638,0.185232791096204,0.0231249959328135,8.01006805079545,1.14644988551706e-15,3.45289040323051e-15
"YPR127W",720.926685568428,0.300822530011294,0.0375729667324228,8.00635553092234,1.1815780814471e-15,3.55713383942426e-15
"YFR052W",1396.36020257771,0.189968705023415,0.0237338855350762,8.00411313784509,1.20330720627433e-15,3.62096595944002e-15
"YGL045W",351.324402331299,0.302997520757979,0.0378690784331312,8.0011854868084,1.23226993989483e-15,3.70650001580423e-15
"YHR131W-A",6.67075076456485,-1.13269117499558,0.141662591321233,-7.99569713098849,1.28842748904884e-15,3.87372194851585e-15
"YNL113W",124.737126100664,-0.543097306472396,0.0679482737313317,-7.99280506550924,1.31902603837985e-15,3.96398702498701e-15
"YBR154C",716.520786459752,-0.504456953827136,0.0631705933896344,-7.98562949560502,1.39807011558554e-15,4.19970015087541e-15
"YOR066W",361.127012746721,0.321507635731135,0.0402684433625911,7.98410886748634,1.41541064757953e-15,4.24993559031186e-15
"YBR263W",2507.74381189936,-0.233091106288315,0.0291979463872959,-7.98313358057724,1.42664369413103e-15,4.281796789055e-15
"YHL009W-B",76.417558113912,-0.41283157283001,0.0517169134041072,-7.98252536078893,1.4336933856641e-15,4.30108015699231e-15
"YML020W",487.537172911999,0.218925201980494,0.0274259011724664,7.98242510259898,1.43485873760357e-15,4.30270139738702e-15
"YPR190C",502.653429414987,-0.466571138140188,0.0584955575160646,-7.97618072128049,1.50930901220932e-15,4.52398456641758e-15
"YKL190W",1297.48418473303,0.263116395155583,0.0330089601424164,7.97105979771472,1.57319360409966e-15,4.71341947964584e-15
"YLR014C",89.3594302278338,-0.537935019575678,0.0675193758835213,-7.96712073440485,1.62413972263841e-15,4.86394170959783e-15
"YOR228C",290.353034101584,0.272132214593165,0.0341589465444709,7.96664540690333,1.63039622602118e-15,4.88055565919819e-15
"YBR220C",452.837849318508,-0.237993464134763,0.0298811840444113,-7.96465975983556,1.65679003837819e-15,4.95740956724634e-15
"YGR094W",6690.03657183576,-0.212334899907381,0.0266649545267644,-7.96307001739886,1.67822432132747e-15,5.01936335896596e-15
"YKL087C",555.820063006959,-0.202021520535885,0.0253863307422148,-7.95788578457083,1.75003782629506e-15,5.2318760026233e-15
"YKL089W",179.192872362212,0.222563823829324,0.0279681250825698,7.95776703558972,1.75171773773243e-15,5.23462527095823e-15
"YKL055C",45.2063728634462,-0.468791920306963,0.0589299153993434,-7.95507539982292,1.79022449171067e-15,5.34737337328763e-15
"YGL003C",778.533697572088,0.267489848649678,0.0336326089022003,7.95328870940423,1.81624414702674e-15,5.4227410894532e-15
"YJR057W",289.369562607714,0.223057415143577,0.0280630066941146,7.94845034157927,1.88859013942683e-15,5.6362995708512e-15
"YOR217W",564.705375314244,-0.307459959434566,0.0387306822722024,-7.93840803716579,2.04792673708068e-15,6.10917486343174e-15
"YHL018W",27.2806790639317,-0.706735758145186,0.0890834078461798,-7.93341628067829,2.13198299754334e-15,6.35716887747333e-15
"YDR214W",1172.79397391102,-0.329790198518425,0.0415858980125738,-7.93033730854412,2.18551451408965e-15,6.51396858420228e-15
"YNL237W",429.415480339035,0.238149455517536,0.0300413244960828,7.92739533000915,2.23789997687805e-15,6.667218234879e-15
"YJL127C",217.612691048818,-0.331249742248505,0.0417896582783957,-7.92659609805314,2.25234358678111e-15,6.70734671063491e-15
"YGL224C",494.472903142793,-0.369924991115212,0.0466699212446783,-7.92641129981323,2.25569628024377e-15,6.71079045639002e-15
"YKL149C",274.43012291183,0.241104601921715,0.0304180305548169,7.92637121878145,2.25642409681088e-15,6.71079045639002e-15
"YNR054C",248.548653495888,-0.578431151780464,0.0729751030083364,-7.92641774982333,2.25557917850378e-15,6.71079045639002e-15
"YBR251W",431.923004420895,-0.156438778181064,0.0197378042730205,-7.92584504421799,2.26600017801078e-15,6.73636063281702e-15
"YDL234C",1404.76886012032,-0.50649351046943,0.0639144650178375,-7.92455213898882,2.28970064591814e-15,6.8038795628599e-15
"YIL160C",125.176371164295,-0.351139345340677,0.0443209831626228,-7.92264341366875,2.32513667977919e-15,6.90619760150118e-15
"YBR218C",3174.98417243999,-0.430248771025917,0.0543112599124995,-7.9219073856708,2.33894505850544e-15,6.94421592402326e-15
"YOR257W",434.168598142676,0.390805007492171,0.0493959872711003,7.91167520040269,2.53948231794042e-15,7.53635162026714e-15
"YDR049W",438.986020494097,0.291254686872235,0.0368243772332566,7.90929022444401,2.588604971691e-15,7.67882172774345e-15
"YMR316W",703.840807122977,-0.681024996277135,0.0861769130559049,-7.9026385620861,2.73060520951447e-15,8.09656195844407e-15
"YLR134W",708.049243205816,-0.356291831312604,0.0450921747307473,-7.90141157396112,2.7576245060223e-15,8.17315743605835e-15
"YPR026W",664.75148614261,0.388960992680376,0.0492302986891644,7.90084567912617,2.77017452343819e-15,8.20682082352493e-15
"YKL151C",1432.93216178357,0.491191652850126,0.0621788556619014,7.89965732918902,2.79671225303781e-15,8.28187692996357e-15
"YHR049C-A",73.1090587729276,-0.378702880744242,0.0479599074356951,-7.89623877510624,2.8744577700819e-15,8.50844443121834e-15
"YGL124C",378.225114449568,0.216104866265394,0.0273747588965375,7.89431121867264,2.91922892208777e-15,8.63725446006631e-15
"YDR321W",1442.00199399347,-0.28838588527947,0.0365449827260881,-7.89125794479037,2.99155603350687e-15,8.84744986713694e-15
"YKL166C",267.22674834182,-0.482485445970524,0.0611496218074383,-7.89024415375589,3.01595909043884e-15,8.91579147173527e-15
"YLR119W",188.663520446333,0.384524108232759,0.0487355709538099,7.89000930341411,3.02164009726587e-15,8.92875196123414e-15
"YOR368W",237.982183387314,0.26184136377549,0.0332027216906351,7.8861415704166,3.11673018167868e-15,9.20578605785402e-15
"YDL117W",656.1927115746,0.256570240436191,0.0325921909282416,7.87213848253047,3.48629942667949e-15,1.02929552112729e-14
"YGL262W",10.2778544632015,0.883227754593781,0.112230477962483,7.869767380738,3.55301270664072e-15,1.04854232684189e-14
"YMR072W",1527.86372051209,0.232189811012814,0.0295094812317956,7.86831219393432,3.59457656956183e-15,1.06035388523707e-14
"YCR076C",479.173376294907,0.350192805118159,0.0445102236574605,7.86769367445004,3.61238771379145e-15,1.06515158070467e-14
"YIL109C",2880.77261789596,-0.222973508327979,0.0283415513671985,-7.86737131779035,3.62170484535874e-15,1.06744168922495e-14
"YBR254C",220.092222389597,-0.225060428490408,0.0286081730400896,-7.86699759453436,3.63253625323379e-15,1.06980324042243e-14
"YPR097W",648.211499748647,-0.307046927586573,0.0390297965756914,-7.86698764855487,3.63282494714254e-15,1.06980324042243e-14
"YGL077C",1641.16424925043,-0.3171087154262,0.0403122444777714,-7.86631256915145,3.65247282372445e-15,1.07512934550418e-14
"YCR044C",842.719671738248,0.24989790077682,0.031776155080296,7.86432153749711,3.71103223664611e-15,1.09189986962857e-14
"YCL054W",741.312633196401,-0.863497514466267,0.109858576000117,-7.86008289844708,3.83879318761625e-15,1.12900859020666e-14
"YNL014W",164.816471740694,0.319694952019379,0.040675449466842,7.859653825829,3.85196515741854e-15,1.13239880908739e-14
"YPL223C",161.174942871804,0.615216854211462,0.0783058057140317,7.85659311722299,3.9472244879598e-15,1.15990783609062e-14
"tD(GUC)N",4.96654300207362,-1.2190356953735,0.155256452905934,-7.85175541857886,4.10253969198843e-15,1.2050335230094e-14
"YEL068C",202.852907380239,0.339737856750341,0.0432805173964772,7.84967179662214,4.17127421841143e-15,1.2247003408854e-14
"YOL107W",215.66758059982,0.366883768267241,0.0467887375982235,7.84128375973049,4.45963380830912e-15,1.30880557417768e-14
"YLR044C",113764.390227699,-0.445878419711183,0.0568790462679264,-7.83906287054975,4.5392124957426e-15,1.33159258769441e-14
"YOL118C",45.2637917492709,-0.735950517917017,0.0938904873714997,-7.83839277567126,4.56349663092139e-15,1.33814626507214e-14
"YDL098C",144.783507672216,0.343708121838613,0.0438527260858231,7.83778233457939,4.58573022157957e-15,1.34409334080781e-14
"YNR045W",540.507918336879,-0.195967630864316,0.0250051685142524,-7.83708499115367,4.61125949540681e-15,1.35100092025004e-14
"YOL164W",532.752342000349,0.238860962905972,0.030491670768831,7.83364626743048,4.73920928488117e-15,1.38789689180803e-14
"YJL076W",1080.42450668609,-0.375473924028045,0.0479545427907293,-7.82978842414554,4.88691656205306e-15,1.43054509054997e-14
"YLL001W",768.204711710608,0.19754678736583,0.0252919947143852,7.81064481456154,5.6896144387141e-15,1.66481068468111e-14
"YDR488C",272.901206484994,-0.417400045687244,0.0534556021243686,-7.80834990346063,5.79415423376163e-15,1.69467935001907e-14
"YHR171W",365.288391260947,0.262049645990095,0.0335632266470231,7.80764164143133,5.82679774661488e-15,1.70350329025237e-14
"YOR391C",7.96682823259116,1.06423657337569,0.136464930563662,7.79860854345445,6.2593501260631e-15,1.82918614677183e-14
"YFR006W",1096.94407304369,0.156535961037456,0.0200725022529256,7.79852751116969,6.26336998090832e-15,1.82958431559414e-14
"YGL213C",370.1781130314,-0.184556724366877,0.023666920342097,-7.79808786691191,6.2852242161073e-15,1.83518951348171e-14
"YER056C-A",4771.19433678748,-0.286313819961734,0.0367185342407947,-7.79752857464653,6.31313452713341e-15,1.84255749128078e-14
"YDR535C",22.9076536984754,0.623709056221738,0.0800426328011725,7.79221065567701,6.58468318881184e-15,1.920997616736e-14
"YIL052C",7799.28504365107,-0.318967536802937,0.0409373545826822,-7.79160109524688,6.61653423385221e-15,1.92947218128219e-14
"YDR461C-A",282.903117525853,0.641113773610516,0.0822894414610691,7.79096032525418,6.65017954816063e-15,1.93846258209509e-14
"YIL162W",1361.25959895054,-0.509342487385695,0.0654040853201225,-7.78762496092868,6.82804985629988e-15,1.98946776388593e-14
"YOR157C",2028.67914315343,0.20505961662865,0.0263444484328766,7.78378857128568,7.03843469213719e-15,2.04989944396635e-14
"YNR009W",279.340998332684,0.340434506301614,0.0437556404590552,7.78035706322662,7.23201364028437e-15,2.10538748048025e-14
"YDR515W",205.282053850229,-0.415011556163344,0.0533773438021676,-7.77505073503658,7.54171732169736e-15,2.19462061537981e-14
"YDR306C",534.42928576437,0.233928518401445,0.0300890998002235,7.77452698667002,7.5729845609392e-15,2.20278828483593e-14
"YDL221W",58.0614283360223,0.451728508952008,0.058157301020144,7.76735682413361,8.01408452672533e-15,2.33010861345033e-14
"YOR276W",464.177193101092,-0.326384725555697,0.0420588839377862,-7.76018512613144,8.48055029625206e-15,2.46469349048946e-14
"YGL099W",826.869451814367,-0.476169167693589,0.0613631330126324,-7.7598574961217,8.50248674557927e-15,2.47002621279803e-14
"YDR153C",938.969993387279,0.186655225639535,0.024066028866216,7.75596284194451,8.76756954860968e-15,2.54596020000749e-14
"YPL207W",1502.39122556058,-0.398197694173243,0.0513794095438268,-7.75014150043081,9.17902067969655e-15,2.66431523523232e-14
"YPL180W",621.564147961359,0.197952522874399,0.0255472485004155,7.74848699934083,9.29938890793464e-15,2.69811599794058e-14
"YBR009C",6469.30046410533,0.246913573325739,0.0318804325653583,7.74498817792197,9.5590739923784e-15,2.77229252053603e-14
"YIL163C",37.2719054906762,0.591247506782819,0.0763449587343139,7.74442106702034,9.6018321751656e-15,2.78352061162169e-14
"YMR168C",250.131444469478,-0.20353399648946,0.0263280797299081,-7.73068140849824,1.06972431650173e-14,3.0997693262266e-14
"YHR206W",989.003722806106,-0.369630940177175,0.0478911988032872,-7.71813922836702,1.18040224433834e-14,3.41904478429511e-14
"YOR262W",526.233033888732,0.226443782540904,0.0293401633147195,7.71787737211745,1.18282914370973e-14,3.42463358050524e-14
"YKL205W",498.442855848886,-0.402482827658204,0.0521610060730875,-7.71616304896898,1.19883932725553e-14,3.46952869615566e-14
"YPR056W",400.583883173005,-0.186689394497565,0.0242053765075305,-7.71272425526969,1.23160000967707e-14,3.56284288513724e-14
"YBR002C",444.954732418453,-0.276261303299928,0.0358327768559236,-7.70973749566548,1.26076794287446e-14,3.64568974661515e-14
"YLR410W",1356.62347814618,-0.226472496072821,0.0293913134408032,-7.7054227783647,1.30410817177512e-14,3.76943105065981e-14
"YDR152W",1177.16298425565,-0.30547997686691,0.0396548251149956,-7.70347557910152,1.32414421193542e-14,3.82573768324606e-14
"YPL005W",182.153676125875,0.293856784233684,0.0381479916426748,7.70307351920874,1.32831884613654e-14,3.83618928508811e-14
"YPR063C",1573.45989142092,0.369730498140075,0.0480178404398041,7.69985686056778,1.36218733957004e-14,3.93235213121161e-14
"YJL159W",33894.1368481807,-0.484342361332435,0.0629356596010297,-7.69583356085952,1.4057469861847e-14,4.05639899408285e-14
"YMR251W-A",3634.40789269986,-0.76369270230076,0.0992356868775158,-7.69574662433049,1.40670320396814e-14,4.05745771232537e-14
"YGL246C",492.789342971712,-0.359355112755768,0.0467053102962686,-7.69409539249924,1.42498715118143e-14,4.10847426125802e-14
"YGL023C",1909.01132002208,0.3647203244696,0.0474079401901187,7.69323288476514,1.43463038635228e-14,4.13454592299516e-14
"YLR423C",144.945305617863,0.385074110450883,0.050080188196682,7.68915062656245,1.48115006103878e-14,4.2668276862979e-14
"YKL143W",583.14125289419,-0.61325714352531,0.0798007843063237,-7.68485108080213,1.5317506396177e-14,4.408921017268e-14
"YOR329C",1328.69090537594,-0.33975965403603,0.0442116144792048,-7.68485064475168,1.53175585668919e-14,4.408921017268e-14
"YOR264W",530.06332676465,-0.282665973362008,0.0368386425570892,-7.67308330984122,1.6791035292049e-14,4.8310187206752e-14
"YDR454C",1789.92317162168,-0.210209616812795,0.0273998792371421,-7.6719176385217,1.69443746845454e-14,4.87310023822452e-14
"YKL117W",6927.40815142211,0.289733477965909,0.0377737732180061,7.67022866086881,1.71689999867671e-14,4.93563945339839e-14
"YBR089C-A",878.823224535142,0.399262047042451,0.0520607605043211,7.6691551021294,1.73132979130827e-14,4.97296954903591e-14
"YIL177C",1314.19827818431,0.394971898426764,0.0515013576456392,7.66915507634599,1.73133013929398e-14,4.97296954903591e-14
"YJR143C",2283.37555728391,-0.233510654945793,0.0304566933264946,-7.66697331330646,1.76102400399248e-14,5.056151070679e-14
"YKL014C",782.87304747452,-0.557651577122046,0.0727537439306691,-7.66491931540268,1.78943657668388e-14,5.13558600686474e-14
"YPL103C",317.068914050399,-0.27859463965929,0.0363480641039799,-7.66463487195142,1.79340661356869e-14,5.14483522267517e-14
"YDR017C",1038.80961340162,-0.293518329818313,0.0382966486287487,-7.66433461746763,1.79760672930278e-14,5.15473649781326e-14
"YJL132W",294.678517487712,0.260357292373414,0.0339753636709003,7.6631201035946,1.81469494117306e-14,5.20157146959888e-14
"YDR382W",13855.0322442805,-0.310713490085213,0.0405703348036857,-7.65863756335048,1.87915887493054e-14,5.38410688884593e-14
"YER125W",1822.25991644155,-0.210339343323871,0.0274740606611881,-7.65592483462092,1.91925962264449e-14,5.49671485104297e-14
"YER002W",1054.71094359247,-0.384777476717959,0.0502669898116957,-7.65467512893387,1.93801541941018e-14,5.54812314454847e-14
"YKL156W",1172.49529437657,-0.32770898769399,0.0428236319653093,-7.65252671607729,1.97068148682418e-14,5.63929427962779e-14
"YFR003C",687.672746241243,0.311196655526877,0.0406874362245122,7.64847049614289,2.03383865901719e-14,5.81760663370724e-14
"YJR066W",921.681978888601,-0.170885768179386,0.0223575840915951,-7.64330204369566,2.11720534552806e-14,6.05355432058169e-14
"YOL127W",14552.4524408837,-0.345206405117784,0.045198845706178,-7.63750489032069,2.21471629957939e-14,6.32973089356749e-14
"YGR220C",285.485989535449,-0.208328781028225,0.0273037256401139,-7.63004960473796,2.34663400829304e-14,6.70397309008198e-14
"YOR156C",250.89546486442,-0.243431019976353,0.0319894367527873,-7.60973135780961,2.74666225514979e-14,7.84353779622825e-14
"YLL063C",177.654096838936,0.240955651200056,0.0316990466626248,7.60135324461219,2.93049973056714e-14,8.36504587270097e-14
"YDR312W",242.149020105947,-0.398591505794623,0.0524496842293635,-7.59950248797637,2.97271368007424e-14,8.48202805110283e-14
"YOR159C",425.982438064894,-0.258595801385648,0.0340908244252778,-7.58549567941522,3.31218359609201e-14,9.44672081983989e-14
"YDR403W",60.3151108938795,0.383131078804861,0.050519882111174,7.58376826695167,3.35660451459886e-14,9.56945013789364e-14
"YDL044C",166.903793616825,0.232638352897934,0.0306784382365304,7.58312242312647,3.37336261453558e-14,9.61324569581021e-14
"YDR545W",1955.75378332244,0.37958642195084,0.0500778384195287,7.57992824632011,3.45746123496938e-14,9.84882937640223e-14
"YBL098W",204.683023235046,0.20450303843937,0.0269838911818853,7.57870823970177,3.49012372152015e-14,9.9377592318719e-14
"YBL108W",4.39657798534403,1.40426965856885,0.185314808636761,7.577751982689,3.51593696645933e-14,1.00071211302491e-13
"YDL007W",3517.85183870009,0.216986630160605,0.0286386410210545,7.57670833616306,3.54432350167256e-14,1.00837468219073e-13
"YMR052W",84.9903270921293,0.422724252572401,0.0558171426813244,7.57337678472457,3.63645613637137e-14,1.03415945885654e-13
"YJL048C",629.59571032321,0.34470656105471,0.0455229546140215,7.57214824866698,3.67102179586751e-14,1.04355842545614e-13
"YCR014C",207.728200484284,0.41078618923092,0.0542661645383916,7.56984011538722,3.73683859375143e-14,1.06139165503212e-13
"YOR234C",2970.96036222966,-0.343400817938699,0.0453641247038294,-7.56987642064459,3.73579441558095e-14,1.06139165503212e-13
"YKR037C",176.692420247344,0.235608240548497,0.0311305366826011,7.56839636112599,3.77859597502671e-14,1.07280962012614e-13
"YDR491C",45.1303424262061,-0.682970842690337,0.0902441171656496,-7.56803727645421,3.78905275197236e-14,1.07533504523206e-13
"YML125C",1740.14477345182,-0.306800760749577,0.040552728485381,-7.56547764375896,3.86441977704773e-14,1.09627235949624e-13
"YDL084W",4419.72521676037,-0.188026680774529,0.024872424281918,-7.55964431304844,4.04173046362198e-14,1.14610025708556e-13
"YOL144W",314.124990160262,-0.510959266116805,0.0676011212273656,-7.55844365951085,4.07920629959545e-14,1.15625094165149e-13
"YLR011W",306.402091327781,0.425655244108767,0.0563216743891806,7.55757439254213,4.1065516499842e-14,1.16352296749552e-13
"YPL206C",976.863982916992,0.30408290586461,0.0402518230806976,7.55451263052059,4.20431166603106e-14,1.19073162569411e-13
"YPL179W",1239.77755913771,-0.191182969862963,0.0253121377460854,-7.55301554458907,4.25294210959056e-14,1.2040093102192e-13
"YKR081C",814.862872143994,-0.566447173579228,0.0750559552548718,-7.54699839147621,4.45404085669536e-14,1.26042216598223e-13
"YCR037C",813.274979404038,-0.140911451456239,0.0186725389719518,-7.54645373443345,4.47269866145832e-14,1.26518201660396e-13
"YNR008W",652.375271638911,-0.204583851948262,0.0271156499708729,-7.54486254867658,4.52764774227264e-14,1.28019937189105e-13
"YMR169C",281.724875067908,0.242344232422315,0.0321342980633097,7.54160653968099,4.64216587316377e-14,1.3120407240038e-13
"YDL150W",348.469447115148,-0.604048858505163,0.0801178956716497,-7.53949980140217,4.71777523676176e-14,1.33286345938058e-13
"YMR246W",5587.63595281724,-0.440777561916959,0.0584769683166669,-7.53762677179231,4.78601293207755e-14,1.35158732720894e-13
"YJR097W",29.3973556468874,-0.859997818250807,0.114147037159297,-7.53412300181424,4.91627689253821e-14,1.38780510066116e-13
"YOR142W",2127.90670613987,0.256298192694679,0.034026275398141,7.53236108553573,4.98309280932588e-14,1.40608991771347e-13
"YDR414C",286.390732190364,-0.199246165465815,0.0264829386576821,-7.5235670799705,5.33016333898972e-14,1.50340739815421e-13
"YEL064C",233.829750957323,0.228490665770878,0.0303850524071687,7.51983780409642,5.48442379091044e-14,1.54628410321123e-13
"YMR082C",4.61602483163121,1.45084912564067,0.193020576286857,7.51655162133853,5.62398812878026e-14,1.58498396506967e-13
"YKL191W",921.140239417905,-0.450817778002532,0.0599881341959328,-7.51511584824549,5.68605608145336e-14,1.60182062687424e-13
"YMR047C",1594.24587843016,-0.201446671044813,0.0268090777593552,-7.5141216289888,5.72942995743637e-14,1.61337935611245e-13
"YMR067C",485.887328893028,0.178466097561738,0.023787949163219,7.50237426258178,6.26721224036396e-14,1.76409469643933e-13
"YLL020C",24.1562117692192,0.932281928034448,0.124274284437923,7.50180885974149,6.29431119029943e-14,1.77099846935887e-13
"YLR259C",5768.37472024815,-0.3238214608599,0.0431966118429212,-7.4964550932243,6.55668652444946e-14,1.84406808500141e-13
"YPL016W",383.862494629385,0.463549709116283,0.0618370542586256,7.49630969123377,6.56396027817161e-14,1.84536000470443e-13
"YNR020C",385.672731717452,0.216607350933327,0.0288963715662799,7.49600517962931,6.57921922382746e-14,1.84889487167559e-13
"YOR083W",209.713648407584,-0.486980212754121,0.0649929000196685,-7.49282171755297,6.74084377865052e-14,1.89354179583879e-13
"YKL176C",781.965624140442,-0.184743777974651,0.0246568200991226,-7.49260355682383,6.75206162045032e-14,1.89591942319741e-13
"YMR129W",813.533943369355,-0.265313513209083,0.0354123026086928,-7.49212826233885,6.77656488383516e-14,1.9020240205954e-13
"YNL295W",379.390915150138,0.176122971427032,0.023513628041339,7.49025080763343,6.87421244670523e-14,1.9286451791184e-13
"YLR099W-A",858.233681048719,0.76812209871862,0.102558821591709,7.48957609689146,6.90964135207523e-14,1.93779554822965e-13
"YMR288W",369.618612537515,-0.241752944525567,0.0322832743076035,-7.48848899966223,6.96710252456221e-14,1.95311485674311e-13
"YPR175W",240.745748823789,0.279238719450543,0.0372997038513011,7.4863521856301,7.08142152713619e-14,1.98435438397772e-13
"YOR118W",605.828367652724,-0.255167921702095,0.0340870565247577,-7.48577165988985,7.11279673520605e-14,1.99233545654572e-13
"YBR127C",5620.53625900458,-0.198455475043251,0.0265127014051558,-7.48529815994754,7.13848875760948e-14,1.99871879203503e-13
"YOL120C",17424.6248434082,-0.298583658282863,0.0398914264057739,-7.48490804128392,7.15972505299619e-14,2.00384987763735e-13
"YOR046C",1420.19315298686,-0.247610899108142,0.0330864047840199,-7.4837656349938,7.22227033498464e-14,2.02053357400932e-13
"YOL101C",421.168363366993,-0.518666829425127,0.0694305089578654,-7.47030141662774,8.00113332313573e-14,2.23752245856172e-13
"YKL060C",144717.098173309,-0.339084419278244,0.0454585559785901,-7.45919908758089,8.70499913402028e-14,2.43337064708606e-13
"YIL022W",1679.65576032143,-0.153727412558502,0.0206262883719145,-7.45298474386804,9.12518392251491e-14,2.54979266666052e-13
"YHR035W",102.895366685489,-0.356125920562941,0.0477858672172669,-7.45253651971516,9.15625004940322e-14,2.55743535862642e-13
"YLR294C",266.254506178646,0.402755067933529,0.0540811238927272,7.44723923882231,9.53136878893386e-14,2.66113033705635e-13
"YCR045C",284.610023899567,-0.278627479213708,0.0374162929233479,-7.4466885264265,9.57122277906941e-14,2.67117425350194e-13
"YLR296W",3.85617794803912,1.51968862952698,0.204121565494209,7.44501751124426,9.69315606145332e-14,2.70410775863477e-13
"YMR321C",315.871694536567,-0.289707583228258,0.0389237599134034,-7.44294959872304,9.84616612829429e-14,2.74520682621597e-13
"YPR133C",1366.52171336489,0.12371918616009,0.016622401453395,7.44291891318873,9.84845440922796e-14,2.74520682621597e-13
"YOR283W",580.132734131523,-0.259021964497936,0.0348118015257089,-7.44063659867316,1.00201243585403e-13,2.79192862033793e-13
"YDR391C",812.140082879563,-0.436813289217648,0.0587401597527456,-7.43636535985469,1.03493346551179e-13,2.8824906594048e-13
"YPL110C",775.656709474525,-0.356790267878561,0.0479938652330594,-7.43408071314903,1.05297663620716e-13,2.93155848778256e-13
"YDL079C",724.881168225342,-0.529851623400678,0.0712833419818867,-7.43303566680859,1.0613326782299e-13,2.95362792627845e-13
"YIR017C",2.73625692272464,1.9595257044382,0.263757824758943,7.42926093748719,1.09206125865733e-13,3.0379158649922e-13
"YLR257W",4754.76052803536,-0.307475886671989,0.0414263414642489,-7.42223126165612,1.15163496791674e-13,3.20234521571355e-13
"YNL142W",271.658492929109,0.334705483384192,0.0451644789493501,7.4108124608179,1.25527992378675e-13,3.48914100737657e-13
"YIR038C",1008.21126187884,0.413764957004523,0.0558486210470337,7.4086870767331,1.27555883959149e-13,3.54407692114101e-13
"YKL034W",723.569250335064,0.203015230984955,0.027413936964443,7.40554817968224,1.30609808743443e-13,3.62746483742882e-13
"YAL059W",110.967605355596,-0.748129495248781,0.101113286624547,-7.39892372430468,1.37292680088886e-13,3.81153267101605e-13
"YLR054C",108.392433573683,0.797549403667883,0.107883461760235,7.39269384440398,1.43883513895403e-13,3.99289799746009e-13
"YJL167W",3620.53641103588,-0.214931760639825,0.0290938968584136,-7.38752054033178,1.49592029131762e-13,4.1496419039975e-13
"YBR010W",5255.10340202731,0.324238102143895,0.0439166493998264,7.38303369166358,1.54722852952663e-13,4.29024100917875e-13
"YER087W",167.919244035487,-0.24365535445303,0.0330092649901568,-7.38142320120387,1.56606341924559e-13,4.34071925986549e-13
"YPL165C",415.327347803144,0.32032568290178,0.043414829548849,7.37825499329346,1.60377588758965e-13,4.4434595517323e-13
"YDR436W",904.276042638847,0.285040683347977,0.0386500721951186,7.37490688009574,1.64459962083168e-13,4.55473386541678e-13
"YPR137W",321.679887678825,-0.588570640751719,0.0798140230984708,-7.37427607208282,1.65240460324425e-13,4.57450972791984e-13
"YIL130W",359.280312602352,0.366535775262193,0.0497202531213442,7.37196116776896,1.68135998349526e-13,4.65279882892479e-13
"YOR162C",420.232171375852,0.228034536253238,0.0309601451500546,7.36542206595036,1.76587266159324e-13,4.88470601650037e-13
"YBR212W",2558.76159134415,0.349027221335972,0.0474093373772434,7.36199324109317,1.81184148069095e-13,5.00985084118764e-13
"snR85",25.229341478814,-0.812710522465177,0.110436296243462,-7.35908890563948,1.85169679302282e-13,5.11799775992056e-13
"YDR272W",750.163010089291,0.262420810492819,0.0356725384929798,7.35638173169154,1.88962146362202e-13,5.22072382706163e-13
"YJR093C",718.691336137902,0.199223385012841,0.0270857180653931,7.35529272407902,1.90509163361846e-13,5.26135415060694e-13
"YBR136W",361.834321210336,0.17691654183003,0.0240619995183675,7.35252869134932,1.94491768087136e-13,5.36918934755386e-13
"YLR291C",593.726780650508,-0.270172498440792,0.036766130870247,-7.34840713574865,2.00582746259312e-13,5.5351190701217e-13
"YBL042C",541.314219576612,0.262667099352944,0.0357455288283577,7.34825047949955,2.00817917890664e-13,5.53938848027734e-13
"YEL012W",930.156585120242,0.455819593430015,0.0620324382940612,7.34808442107706,2.01067499774879e-13,5.54405180596732e-13
"YCL039W",1049.71403171635,0.255978672323208,0.0348376149758013,7.3477668462957,2.01545656114474e-13,5.55501137849542e-13
"YGL181W",1691.48096573837,0.311063807828839,0.0423350922171367,7.3476586807321,2.01708770451849e-13,5.55728245122441e-13
"YKL065C",2257.33837994696,0.341863110013566,0.0465290972672378,7.34729728475262,2.02254698917265e-13,5.57009440818148e-13
"YLL009C",457.440780715918,-0.448233141325864,0.0610226281225041,-7.34535950215102,2.05206784651035e-13,5.64913519521143e-13
"YDL185C-A",14.8335042938981,-1.13016272023075,0.153878129232229,-7.34453119406681,2.06481534652556e-13,5.68195589961171e-13
"YLR240W",480.599662860257,0.198606953043119,0.0270461608562942,7.34325859031853,2.08455219425147e-13,5.73397597180238e-13
"YPL240C",1954.47626312697,-0.543725923361059,0.0741071375170108,-7.33702503670784,2.18393768335907e-13,6.00495644965144e-13
"YMR303C",19339.749690139,-0.643083788125769,0.0876717571641524,-7.33513059310183,2.21505389895891e-13,6.08808227318647e-13
"YML010W",2276.14607067891,-0.372748808905744,0.0508176012685528,-7.33503352383556,2.21665993652232e-13,6.09006530844221e-13
"YHL043W",109.617037162859,0.31689258723609,0.0432347352302384,7.32958315920146,2.30869686266931e-13,6.34039804526454e-13
"YGL036W",1239.35108687965,0.271460761158447,0.0370413631873529,7.32858452820474,2.32596239410585e-13,6.38526757712073e-13
"YKL170W",46.0469877971369,-0.585280984320549,0.0799113598669551,-7.32412744940127,2.40458081184066e-13,6.59846109586406e-13
"YKL096C-B",10.7749360404951,1.00730737398137,0.137595025440724,7.32081244038372,2.46474132722111e-13,6.76085419837345e-13
"YML019W",528.933283329671,-0.192598937607645,0.0263235108822675,-7.31661283591875,2.5430819665231e-13,6.97296668240205e-13
"YDR440W",389.569882816356,-0.20774916621161,0.0283995621631181,-7.31522426361241,2.56951892739463e-13,7.04265040410511e-13
"YGR098C",268.208457972586,-0.362924400081187,0.0496291129551135,-7.31273195250194,2.61764870183879e-13,7.17171162441706e-13
"YEL073C",76.6626081666451,-0.561503558203684,0.0768809982548985,-7.30354145951672,2.80290454712965e-13,7.67621233372618e-13
"YBR237W",543.671202350493,0.264969141744925,0.0363464967009259,7.29008751311579,3.09753754165008e-13,8.47973995000429e-13
"YGL021W",427.17559213122,0.320414771046171,0.0439704459079333,7.28704848063324,3.16818925741405e-13,8.6697070895452e-13
"YBL078C",452.049926061731,0.389386784066773,0.0534722637396698,7.28203290518064,3.28826839865215e-13,8.99472702611047e-13
"YER060W",576.092417806095,-0.204668699925105,0.028134118927514,-7.27475064893353,3.47060911543955e-13,9.48973143757001e-13
"YLR335W",1303.49450400275,-0.158086391752731,0.0217434314671772,-7.27053556341234,3.58065025332394e-13,9.78673163721132e-13
"YJR036C",303.861130995772,0.408806345780182,0.0562749696870221,7.26444364259622,3.74576750722859e-13,1.02339719393924e-12
"YOR319W",176.981137788386,-0.257192864510105,0.0354191437882331,-7.26140829512511,3.83080683370033e-13,1.04621598770435e-12
"YJR071W",15.301239620585,-0.803298859498951,0.110661959748493,-7.25903337808807,3.89866272533499e-13,1.0643256488474e-12
"YIL049W",255.590678146815,-0.375579265499087,0.0517646864626994,-7.25551125997299,4.0014748563755e-13,1.09196014213814e-12
"YDR510C-A",114.795831089764,0.590001007994055,0.0813264378050879,7.25472581755134,4.02476279456714e-13,1.09788002538014e-12
"YGL085W",233.022147293618,0.23242226560524,0.0320439004968052,7.25324514187692,4.06902651643997e-13,1.1095147550768e-12
"YOL086C",152718.274130496,-0.447115404712191,0.0616601660764724,-7.25128447039323,4.12837566172885e-13,1.12525203606505e-12
"YDL135C",667.898237246272,0.272066270833755,0.0375215232065204,7.25093886344346,4.13892488018236e-13,1.1276809576595e-12
"YDR146C",463.284684135154,-0.26622151687536,0.0367262820813217,-7.24880117965319,4.20476569360379e-13,1.14516660603094e-12
"YOR148C",282.004385330868,0.228721709235224,0.0315623661929848,7.24665913311852,4.27177223145791e-13,1.16295578543249e-12
"YER009W",2778.81910011868,-0.236187267043768,0.0326067230354739,-7.24351437544989,4.37204878150886e-13,1.189784816628e-12
"YLR243W",305.788172638397,-0.329062125649471,0.0455133410559949,-7.23001471688547,4.82941697635591e-13,1.31373116879536e-12
"YMR152W",802.432632253659,-0.264290877234556,0.0365595834283716,-7.22904509435566,4.86401917098667e-13,1.32262132670787e-12
"YOR389W",195.046160947602,0.255958832340415,0.0354189315750965,7.2266107688122,4.95196745307429e-13,1.3460045761712e-12
"YDL179W",187.220197211647,-0.310801188099181,0.043009018142726,-7.22641905164593,4.95895984000215e-13,1.34737326355228e-12
"YOL042W",311.798397332141,-0.212160226529296,0.0293607390010077,-7.22598387329469,4.97486784025544e-13,1.35116233057825e-12
"YGL092W",1034.29921117611,-0.29343165414407,0.0406387996830638,-7.22048033978616,5.18042594656804e-13,1.40643661838017e-12
"YBR111C",1761.01532253366,0.27033535814354,0.0374428035375162,7.21995504083113,5.20047648396288e-13,1.41132363390163e-12
"YBR197C",279.870003337546,-0.296604242049755,0.0410886710260508,-7.21863800028244,5.25108321722894e-13,1.42449597914189e-12
"YGR191W",1303.16537136622,-0.219773734146042,0.0304458523747439,-7.2185114557132,5.25597102371584e-13,1.42526035834122e-12
"YOR338W",57.0374543151212,0.352923289873114,0.0489339390795511,7.2122395317363,5.50390437151276e-13,1.49190478731753e-12
"YIR036C",873.849117863633,0.481594928646901,0.0667825516603162,7.21138855395183,5.5384166874907e-13,1.50066898439093e-12
"YER152C",1161.02038775171,0.380768850272669,0.052804983053477,7.21085072382382,5.56033844707598e-13,1.50601613721944e-12
"YLR354C",5851.53648464577,-0.200692604661015,0.0278554606498571,-7.20478498574191,5.8135512071465e-13,1.57397955411733e-12
"YDL242W",28.0625484411763,-0.575648281021113,0.0799067950298162,-7.20399661638684,5.8472817651793e-13,1.58186777812414e-12
"YJR049C",1101.67057965577,0.19613959757569,0.0272263310141773,7.20404073077478,5.84538925697199e-13,1.58186777812414e-12
"YHR151C",296.995312153447,0.208238635574661,0.0289072273917463,7.20368760215716,5.86055535772684e-13,1.58483596378434e-12
"YDR209C",261.307494704039,-0.323145133516538,0.0448705341533774,-7.20172245803797,5.94566231220843e-13,1.607219670968e-12
"YHL038C",231.181190756271,0.228392652957729,0.0317157931284304,7.20122785619367,5.96727306403082e-13,1.61242837699577e-12
"YPR086W",1039.50353282144,-0.190492950616412,0.0264590850879027,-7.19952900803462,6.04209017803858e-13,1.63200434977621e-12
"YFL034W",819.454322863456,0.179382734739615,0.0249288943969148,7.19577578866935,6.21066144704138e-13,1.67687859070117e-12
"YIR005W",67.1073797114354,0.514114457324134,0.0714700084895635,7.19342935854286,6.3183850250682e-13,1.70529521354741e-12
"YGR188C",99.7926707698167,0.343988797463257,0.0478530056133619,7.18844705894933,6.55323870791492e-13,1.76798779404366e-12
"YKL211C",1327.54089395822,0.236485004350305,0.0329075950926199,7.18633505987623,6.65536028931495e-13,1.7948357066954e-12
"YPL264C",133.237223602814,0.347231260828373,0.0483365289550499,7.18362009715835,6.78893450199756e-13,1.83014150533489e-12
"YIR022W",1030.43584186139,0.193870381568842,0.0269929002275771,7.18227311383072,6.85617832966729e-13,1.84754551075379e-12
"YJL006C",105.863469892815,0.344090117708277,0.0479348498015056,7.1782871779744,7.05901660054181e-13,1.90146045754031e-12
"YNL281W",939.519852376049,-0.3357245873313,0.046770273284827,-7.17816176285234,7.06549345874805e-13,1.90246079247088e-12
"YOR281C",763.689948971006,0.2214713637843,0.030857883578922,7.17714042889123,7.11845621757033e-13,1.91597228529991e-12
"YNL021W",476.51528083971,-0.241478544731182,0.0336479685084417,-7.17661586822396,7.14580935577709e-13,1.92258293921552e-12
"YCL045C",2127.28445466634,0.11906395269067,0.0166042921061466,7.17067321687237,7.46298524786907e-13,2.00713489967104e-12
"YER046W",277.249099602547,0.306768522413088,0.0427994085864882,7.16758788367778,7.63306680640065e-13,2.05207594541462e-12
"YGL165C",33.0274245484835,0.605592841309604,0.0846385291209826,7.15504921457185,8.36429088522835e-13,2.24778074725984e-12
"YOR380W",362.802331546822,0.306137868638608,0.0427882304317408,7.15472141637134,8.38430156340544e-13,2.25227921435999e-12
"YJL051W",300.369332676279,-0.181599749996398,0.0253825003120057,-7.15452566784774,8.39627357352641e-13,2.25461558321877e-12
"YLR106C",3060.28321412418,-0.379906967463174,0.0531111219498342,-7.15305859706773,8.48653553856155e-13,2.277964802456e-12
"YPL072W",196.20887882825,-0.230104668064822,0.0321925077062183,-7.14777084670465,8.81983814371676e-13,2.3665076235187e-12
"YIL002W-A",445.595606896501,0.298502817419976,0.0417829535285456,7.14412917736997,9.0568200795558e-13,2.42914710743053e-12
"YOR307C",350.301741305741,-0.258589860000513,0.0361981633693455,-7.14372874010233,9.08325686813719e-13,2.43528907854846e-12
"YPL053C",1128.36871097398,0.165585077331755,0.0231803962744142,7.14332384017621,9.11006528581503e-13,2.44152586581691e-12
"YMR076C",331.259064665855,0.34507385635187,0.048314158586948,7.14229257932459,9.17869631092201e-13,2.45896202726451e-12
"YIL040W",482.32869413112,0.339847641451253,0.0476075065843713,7.1385305770838,9.43338880341526e-13,2.52621088726231e-12
"YJL063C",941.803319433417,-0.391838829493253,0.0549684470593566,-7.12843186328574,1.01518830805623e-12,2.71756279197788e-12
"YCL016C",292.598868934414,0.318618154421049,0.0447124368093208,7.12594027875998,1.0337253474952e-12,2.76503458333506e-12
"YKL114C",611.803986605357,0.231247054077458,0.032451241392929,7.12598483606378,1.03339094856929e-12,2.76503458333506e-12
"YKR012C",18.6797239055203,0.629560570025318,0.0883570095365736,7.12519101005478,1.03936448113269e-12,2.77903862236839e-12
"YJR151C",330.676799623087,0.332102354532828,0.0466181035434982,7.12389242138415,1.04920948364024e-12,2.80427301819218e-12
"YAL013W",1315.42205189224,0.312927330679822,0.0439276195791693,7.12370334831923,1.05065051623096e-12,2.80703484837026e-12
"YPR094W",161.977816599281,0.285325721628307,0.0400672581750006,7.12116911973608,1.07015381074938e-12,2.85803296625658e-12
"YER147C",476.629496287643,0.293306894889952,0.0411966074576642,7.11968564866343,1.08173492761051e-12,2.88784217782024e-12
"YNL284C",460.955956081084,0.227586691995624,0.0319754688774695,7.11754041411372,1.09870009791389e-12,2.93199619152601e-12
"YJL044C",862.733172403896,0.170802300293939,0.0240006863770608,7.1165589854625,1.10654832439157e-12,2.95179589827042e-12
"YOR337W",204.634470614102,0.279491856349397,0.0392960328110298,7.1124700473822,1.13984279128826e-12,3.03943362432984e-12
"YBR039W",1636.03122110462,0.209788016054089,0.0295064713910933,7.10989847865761,1.1612834427596e-12,3.09540708610138e-12
"YBR065C",90.7286662743101,-0.417250820397865,0.0587082949169055,-7.10718682919395,1.18432069838076e-12,3.15559133450137e-12
"YKR057W",9312.11723297036,-0.48522383167215,0.0682735748214509,-7.10705178308163,1.18547965298888e-12,3.15745741231273e-12
"YLR118C",508.363441067133,0.197544825610339,0.027802925503393,7.10518127260494,1.20164714081367e-12,3.19928096075102e-12
"YGR033C",665.136103428791,0.159049842112331,0.0223935185083991,7.10249450316066,1.22524905443388e-12,3.26085803624942e-12
"YBR096W",649.847730932186,0.24985194595341,0.0351793368399713,7.10223581217496,1.22754538731202e-12,3.26570710650821e-12
"YGL064C",176.214200844247,-0.244353653022378,0.0344134409936516,-7.10052950146587,1.24279801049322e-12,3.30500745548312e-12
"YHR187W",315.997657427338,-0.270496527878803,0.0381011232068335,-7.09943710610318,1.25266035212634e-12,3.32994846501539e-12
"YGR174W-A",22.002481787033,0.72529623288541,0.102250659653281,7.09331592915679,1.30936075806388e-12,3.47933184842524e-12
"YPL106C",10236.0727571449,-0.231008090764276,0.0325694115173019,-7.09279289991339,1.31432073931057e-12,3.49116446379369e-12
"YBR030W",350.728732300493,-0.343193389966396,0.0483950779964368,-7.09149368437147,1.32672134906843e-12,3.5227444999368e-12
"YPL172C",439.178933951331,-0.218585762913952,0.0308312473823001,-7.0897476253082,1.34356791227699e-12,3.56610064611684e-12
"YLR467W",1172.19472120452,0.338845562380115,0.047806625572107,7.08783684949762,1.36224427887562e-12,3.61427817343301e-12
"YHL039W",414.821921428618,-0.443943366125723,0.0626384544936783,-7.08739335467684,1.36661538936651e-12,3.62447879652866e-12
"YDR396W",39.0600574834734,-0.539746897596721,0.0761964959012082,-7.08361836345499,1.40438332191427e-12,3.72321107869839e-12
"YHR039C-A",2593.66813855227,0.261817626064389,0.0369660151964711,7.08265753484252,1.41415854397231e-12,3.74768343927997e-12
"YOR086C",2799.30096481305,0.227126326743744,0.032088862586503,7.07804229992485,1.46205103176995e-12,3.87311325653564e-12
"YKL006W",10064.455637756,-0.366884506637148,0.051844001500023,-7.07670118088753,1.47626382419535e-12,3.90926016522498e-12
"YCL001W",838.531539800578,0.208351721136079,0.0294518221350253,7.07432362523671,1.50179438911388e-12,3.97533808883086e-12
"YDR263C",108.911416038527,0.453282459346043,0.0640753820548082,7.07420611176877,1.503067439304e-12,3.97717883151731e-12
"YBR226C",31.5459710296363,0.847969250120911,0.119923810523762,7.07089981895541,1.53932242590331e-12,4.07154625522254e-12
"YML099W-A",24.1247165815921,0.580598318464239,0.0822633684345003,7.05779898772955,1.69160516305643e-12,4.4726196419522e-12
"YOR193W",208.708339165888,0.244529835525624,0.0346896812499617,7.04906550635698,1.80123346086935e-12,4.76064966529193e-12
"YDR150W",1557.95482920486,0.143685571473858,0.0203896303697228,7.04699245981531,1.82826222103688e-12,4.83023230692207e-12
"YER107C",899.666739307435,-0.221537693995281,0.0314549273552708,-7.04302036666949,1.88116718910868e-12,4.96809976870475e-12
"YKL015W",611.522141399291,0.14894925194476,0.0211525850687916,7.04165715255857,1.89966793688856e-12,5.0150359453519e-12
"YJR145C",21510.0896933316,-0.472851671329881,0.0671604077816595,-7.04063133248291,1.9137073435588e-12,5.05016292081348e-12
"YNL096C",2590.97938454931,-0.359519388070275,0.051103294677168,-7.03515087121969,1.99045510259525e-12,5.25068328788058e-12
"YLL021W",1441.49983498518,0.261214003854577,0.0371309959188607,7.03493125865478,1.99359263964895e-12,5.25694573879089e-12
"YCR075C",408.23162522251,0.37619560327904,0.05348214513509,7.03404103049365,2.00636082065164e-12,5.28858891661047e-12
"YDR187C",11.7352353673024,-0.795906737499217,0.113163485993689,-7.0332469038962,2.01781832504133e-12,5.3167543696554e-12
"YPR042C",448.383365135765,-0.240386919643437,0.0341805240523442,-7.0328623187669,2.02339008718389e-12,5.32939584937303e-12
"YDR005C",557.06676038899,-0.282176692013863,0.0401270531003375,-7.03208110768268,2.03475455813416e-12,5.35727920946604e-12
"YGR171C",232.395092514284,-0.190741304736446,0.0271421079452365,-7.02750520045447,2.10258974843194e-12,5.53376545028819e-12
"YJL059W",247.432985140272,0.227221911705199,0.0323352203686438,7.02707169194186,2.1091301256543e-12,5.54885782007256e-12
"YDR224C",7232.43668921398,-0.219675781299844,0.0312629636584587,-7.02671006177646,2.11460133181778e-12,5.56112687913118e-12
"YLR097C",308.914836575209,0.242567718048758,0.0345328295118951,7.02426419952652,2.15197269887794e-12,5.65724781663788e-12
"YKL006C-A",216.434500356891,0.310566763379095,0.0442168359686486,7.02372199583205,2.16034456915132e-12,5.67708868649117e-12
"YDL015C",1578.92450405276,-0.208481471715377,0.0296868444555551,-7.02268885558047,2.17638524342765e-12,5.7170592907285e-12
"YHR125W",1.47569689248256,2.51666261292704,0.3583777691273,7.02237367863376,2.18130193668424e-12,5.72778941040083e-12
"YHL001W",5948.43189053271,-0.328080943358138,0.0467387297065119,-7.01946641293566,2.22717144745861e-12,5.84600663963117e-12
"YJL046W",211.050919112036,-0.298535666443947,0.0425416561107651,-7.01749047255363,2.25888557407765e-12,5.92699206460542e-12
"YKL046C",2421.59907110637,0.25111062638162,0.0357905790898519,7.01610962346289,2.28131089529049e-12,5.9835525767905e-12
"YPL043W",765.050766129133,-0.701228939644437,0.0999503009615597,-7.01577616973985,2.28675891092041e-12,5.99555792143451e-12
"YMR091C",937.230633272294,0.151903641837409,0.0216590840446179,7.01339177245381,2.32608914038388e-12,6.09635467512105e-12
"YPL187W",3.93499821447597,1.41094140695974,0.201363112989809,7.00695070715927,2.43568027928893e-12,6.38114867690423e-12
"YDR287W",534.034139983601,0.322354397893267,0.0460053705764211,7.00688623641869,2.436802413866e-12,6.38166018237634e-12
"YPL050C",1502.76939332955,0.165461723057262,0.0236325270033624,7.00144013518828,2.53344680488327e-12,6.63223621734651e-12
"YDR208W",776.31253889425,0.187672181521547,0.0268099949077006,7.00008269929368,2.55811465515511e-12,6.69426811126679e-12
"YLR422W",663.734026875717,-0.130710647206923,0.018712816078489,-6.98508694034456,2.84679635153703e-12,7.44688179343939e-12
"YMR088C",843.925514277722,0.12592214424195,0.0180351474359465,6.98204129958872,2.90921572037537e-12,7.60727316171075e-12
"YAL060W",1583.51849831707,-0.444625357038464,0.0637712166202479,-6.97219499019705,3.12033647416468e-12,8.15623258338034e-12
"YBL043W",107.550754492368,0.530126753432913,0.0760701290440479,6.96892144255397,3.19379965875319e-12,8.34508943093576e-12
"YOR154W",281.814376175877,0.328588184222792,0.0471550419140194,6.96825134461606,3.20904541353623e-12,8.3817441852037e-12
"YDR083W",319.941033133602,-0.827606659259188,0.118820850779829,-6.96516355359815,3.28022444413576e-12,8.56440853161726e-12
"YMR286W",363.364649962295,-0.197292275441046,0.0283325605629937,-6.96344670303953,3.32046817266728e-12,8.66619536346256e-12
"YDL081C",9156.32304343544,-0.24922822693781,0.0358027305302621,-6.96115137718759,3.37502871969289e-12,8.80525681511388e-12
"YLR289W",231.935225730738,0.202471312727811,0.0290997837100628,6.95782878474783,3.4555680646555e-12,9.01196444134587e-12
"YGL111W",574.697394981226,-0.394674961082367,0.0567322237143571,-6.95680400383261,3.48078674443313e-12,9.07429637842564e-12
"YMR235C",1707.00992061778,-0.26476783800295,0.0380950732057366,-6.95018583041021,3.64805348889593e-12,9.50675559085863e-12
"YOR265W",333.020948450807,0.19966330236183,0.0287300033870011,6.94964423332326,3.66208545374137e-12,9.53971182331039e-12
"YBR296C-A",7.7126782111864,1.14065051307686,0.164152258225243,6.94873482344488,3.6857660139475e-12,9.59776815659174e-12
"YMR281W",567.249023081442,0.207481310208937,0.0298645525726899,6.94741063687226,3.7205158289726e-12,9.68459413326139e-12
"YER083C",1083.20312074014,0.235944113680467,0.0339706476919553,6.94552885243758,3.77045153371026e-12,9.81086878669507e-12
"YJL036W",752.240838141247,0.21033999249639,0.0302948937741379,6.94308400830087,3.83631125190303e-12,9.97846730991779e-12
"YOL111C",830.928047708641,0.158278860550053,0.0227987233844671,6.94244400797852,3.85373715762422e-12,1.00200076775841e-11
"YFL046W",377.062343389299,0.216788845472772,0.0312356122882885,6.94043848002477,3.9088477393435e-12,1.01594626973877e-11
"YNL214W",141.218270814685,0.250731584676507,0.0361368537317217,6.93839000312332,3.96593605933351e-12,1.0303950856042e-11
"YIL074C",2035.04780920233,0.34249693271979,0.0494031802441859,6.93268998123046,4.12912457183139e-12,1.07238863361219e-11
"YJL108C",477.89051840214,-0.30672932599508,0.0442632320954115,-6.92966400044873,4.21841334286366e-12,1.09516500247422e-11
"YBR242W",377.790143900558,-0.234500810176421,0.0338472726539665,-6.92820401140772,4.26216806925562e-12,1.10610731838767e-11
"YER020W",1711.20420401851,-0.356518152771282,0.0514817902141683,-6.92513122189686,4.35571580925304e-12,1.12995867922785e-11
"YOR160W",474.969126979474,-0.179498166532296,0.0259221476059935,-6.92450985391327,4.37487588969887e-12,1.13450171376937e-11
"YEL048C",48.2205553815,-0.569407703283384,0.0822589819797677,-6.92213408893675,4.44889821357353e-12,1.15326295935443e-11
"YLR419W",352.733220574806,-0.405872011109604,0.0586500133741948,-6.92023731554991,4.50887665912899e-12,1.16837093707577e-11
"YJL019W",241.360581650441,-0.211120930614295,0.0305179670396254,-6.9179224926801,4.58314910544778e-12,1.18717011252852e-11
"YEL016C",407.137773238281,-0.165928291028177,0.0239948303518727,-6.91516833396685,4.67308133380285e-12,1.2100099655221e-11
"YBR098W",185.393099990835,0.218931194548116,0.0316670766277338,6.91352716645709,4.72749092764544e-12,1.22363815927966e-11
"YKL150W",2041.66495303611,-0.253444805893524,0.0366863830716385,-6.9084162752871,4.900940928806e-12,1.26805630570572e-11
"YOR109W",1050.90207080344,-0.208938710190684,0.0302475503888324,-6.90762417137177,4.9283752984029e-12,1.27467557962073e-11
"YGR285C",7102.94524067445,-0.214307739614896,0.031030979608501,-6.90625118248558,4.9762855464165e-12,1.28658377720907e-11
"YLR201C",423.679411531605,0.212777823797936,0.0308369956021446,6.90008282723684,5.19722277032778e-12,1.34320115516917e-11
"YER173W",252.363320186519,0.191120926522028,0.0277002075183654,6.89962074815917,5.21415524900951e-12,1.34707162812122e-11
"YCR043C",436.610246686658,-0.257437543906919,0.0373327542874192,-6.89575545176621,5.35792981548325e-12,1.38369642834217e-11
"YHL005C",32.6999209819423,-0.644345582987412,0.0934618924210752,-6.89420646528783,5.41663065561489e-12,1.39833153595458e-11
"YOR144C",155.143588550419,0.281989344624495,0.0409084097346898,6.8931876465824,5.45558327617259e-12,1.40785947737812e-11
"YPL239W",527.489555416584,-0.292270284639418,0.0424285554572725,-6.88852782022586,5.63727108045317e-12,1.45420050164556e-11
"YOR093C",415.732989974412,-0.225141524500684,0.032691783355604,-6.88679237996022,5.70644098761363e-12,1.47149236703071e-11
"YDR163W",340.460440977497,0.260672232116932,0.0378584805421443,6.88543830560633,5.76098779257152e-12,1.48453196793958e-11
"YNL130C",707.550910212259,0.159307644209838,0.0231369199095197,6.88543007594934,5.76132086904077e-12,1.48453196793958e-11
"YDR301W",662.879970399081,-0.182062501507909,0.0264641639633945,-6.87958636289208,6.00265983342456e-12,1.5461396540639e-11
"YLL017W",85.9871994179113,0.31986027074735,0.0465037788282791,6.87815654569649,6.06320224076878e-12,1.56114986640587e-11
"YER014W",349.269226581923,0.21252369698646,0.0308993896616266,6.87792539962008,6.07304563557973e-12,1.5630997832137e-11
"YOR090C",776.635501038222,-0.143902241240365,0.0209380337658008,-6.87276765573889,6.29680816743889e-12,1.62008685473904e-11
"YKL063C",671.066910357645,0.337533301122958,0.0491564914409821,6.8665051395746,6.57938067316038e-12,1.69215674018338e-11
"YMR269W",271.745574507599,-0.469519807444168,0.068399840431508,-6.8643406838693,6.67990420159559e-12,1.71736894802037e-11
"YMR278W",624.227992906357,-0.211638451959602,0.0308321610187567,-6.86421077753364,6.68598507026502e-12,1.71829067595277e-11
"YLR176C",352.863889390606,-0.235075197593345,0.0342507814185991,-6.86335283041725,6.72628170797321e-12,1.72800184923118e-11
"YDL057W",212.858009794755,0.370684865466259,0.0540485279543896,6.85837116191345,6.96501061148879e-12,1.78866460500188e-11
"YLR416C",16.6659253299965,0.717071006546712,0.104585527305912,6.85631200624238,7.06609615504443e-12,1.81394750288892e-11
"YBR072C-A",3.92099011925368,1.44074006796037,0.21020766867605,6.85388918984059,7.18687601791846e-12,1.84426542614121e-11
"YNR069C",86.906154755879,-0.390061766464687,0.0569181250872199,-6.85303259492414,7.23006035744769e-12,1.8546559448967e-11
"YEL057C",46.6994944415299,0.528142024515886,0.077089640863746,6.85101160932069,7.33295642790431e-12,1.88035027955759e-11
"YBR302C",728.898298325361,0.328781319502749,0.0480105492799047,6.84810576912862,7.4834230637156e-12,1.91821920304102e-11
"YLL066C",1131.75852236864,0.382494271432868,0.0558677477477714,6.84642368544607,7.5719008361998e-12,1.9401763028372e-11
"YLR466W",1285.37007435443,0.368956450564413,0.0539035818843795,6.84474830180684,7.66104487779827e-12,1.96228772260569e-11
"YLR157C-C",4.43570378663001,1.18871646332043,0.173678824185936,6.84433735023341,7.68306742804596e-12,1.96719669922263e-11
"YER091C",5401.4905064336,0.900972973777498,0.131712674812508,6.84044246356722,7.89489518705987e-12,2.02068228114897e-11
"YBR101C",788.413166167168,-0.264897728990186,0.0387355678799606,-6.83861741258293,7.99611142045272e-12,2.04582783834325e-11
"YGL030W",21201.9968051945,-0.3103703517618,0.0453877809225773,-6.83819180962453,8.01989731898044e-12,2.05115130167832e-11
"YHR131C",779.334941396774,-0.298803807093726,0.0437027923097736,-6.83717884605058,8.07678857543577e-12,2.06493462093855e-11
"YJR139C",4152.77220404153,0.201807956986386,0.029527388240026,6.83460234768829,8.22328097380673e-12,2.10160688584482e-11
"YDR023W",4043.51070756218,-0.283706036282383,0.041512306101036,-6.83426344929805,8.24274248071012e-12,2.10579896028531e-11
"YLR149C",728.625441660242,0.487102429377945,0.0712976766360201,6.83195375165784,8.37658581526135e-12,2.13919856595231e-11
"YDL056W",526.800836412104,0.228548991144476,0.0334935983361078,6.82366190849339,8.8748611701499e-12,2.26560693943204e-11
"YIL144W",396.678905882034,0.342004681747645,0.0501813514930737,6.81537406968503,9.40188008128384e-12,2.39925664787395e-11
"YDR133C",451.743214882691,-1.07577212179108,0.157946317154167,-6.81099845298101,9.69236740853657e-12,2.47246941859112e-11
"YBR159W",1810.8468257619,0.116281941516536,0.0170740800441432,6.81043670967343,9.73029136815345e-12,2.48122429887913e-11
"YLR029C",17654.8546822277,-0.267317452697749,0.0393143373551492,-6.79949022879148,1.04989985160248e-11,2.67625341661721e-11
"YHR072W",959.68011234569,-0.209590198052617,0.0308429289748217,-6.79540513884765,1.08008567353613e-11,2.75217981580172e-11
"YHL012W",66.8593236821399,-0.761897568480805,0.112129912848154,-6.7947753559085,1.08481432293239e-11,2.76320629426176e-11
"snR33",172.780745276706,0.452517594147,0.0666644730972471,6.78798726102413,1.13708688398795e-11,2.89528224713648e-11
"YHR133C",1077.35280510505,-0.136284918039072,0.0200947211827141,-6.78212535520557,1.18420649926325e-11,3.01414482344823e-11
"YDR286C",167.906792900212,0.31684843754647,0.0467256353780149,6.78104074954006,1.19313214794427e-11,3.03574088639923e-11
"YEL058W",2815.43713711397,0.324758291011313,0.0479089753678681,6.77865240318046,1.21301975516196e-11,3.08520170457705e-11
"YER029C",620.936066194091,0.212306775629673,0.0313207386663889,6.77847281608032,1.21452822268962e-11,3.08789764151331e-11
"YFR051C",2515.93251480855,-0.179635428577983,0.0265123684358008,-6.77553305028053,1.23948402589278e-11,3.1501836538471e-11
"snR191",6.87899921938823,-1.17053885813408,0.172792694510169,-6.77423812072793,1.25063544487858e-11,3.17735241254206e-11
"YOR376W-A",41.969720966095,-0.402909118038264,0.059491601436255,-6.77253777526866,1.26542748743908e-11,3.21374704943492e-11
"YDL004W",1194.26536059491,0.269272135000882,0.0397689299009702,6.77091728822991,1.27968422264967e-11,3.24875585285508e-11
"YIR017W-A",3.14430220396814,1.51734934747653,0.224179161489571,6.76846740524147,1.30153701937449e-11,3.30301598908713e-11
"YLR239C",396.02062615365,-0.152543258630752,0.0225443223193649,-6.76637143799717,1.32052270286953e-11,3.34996271527514e-11
"YAR019C",327.863857251667,0.198674775371376,0.029371142584879,6.76428486897403,1.33969260364408e-11,3.39734201697588e-11
"YLR330W",3955.51752738974,0.183372200157264,0.0271287558844123,6.75932950772087,1.38631785518361e-11,3.51428513731191e-11
"YJR112W-A",592.270367473198,0.559427822396722,0.082918730048421,6.74670031813127,1.51245208184416e-11,3.83262148822121e-11
"YJR094W-A",5610.42866353418,-0.286459358315645,0.0424728314768317,-6.74453170073919,1.53521369618248e-11,3.88886913105826e-11
"YHR203C",17593.839571458,-0.446697738848239,0.0662451926969209,-6.74309667860626,1.55045964546688e-11,3.92604437625577e-11
"YOR363C",418.60310161266,-0.18898753283946,0.0280326505825269,-6.74169330806192,1.56551268706691e-11,3.96270398913811e-11
"YNR024W",88.9332572591693,-0.364142718720257,0.0540812851040977,-6.73324825804974,1.65916609169557e-11,4.19822070610951e-11
"YER137C",26.0086509869103,0.529641595929349,0.0786671186460528,6.73269346894941,1.66550704853183e-11,4.21271713047085e-11
"YGR118W",10668.0425874671,-0.267226837983713,0.0396950423685114,-6.73199528301032,1.67352069060772e-11,4.23143222726189e-11
"YNL256W",626.885929400636,-0.318590627139849,0.0473426249931468,-6.72946688498933,1.70285834774541e-11,4.30403073576622e-11
"YPL263C",780.560005032494,-0.41525149206124,0.0617089103788115,-6.7291982553596,1.70600476584367e-11,4.31040103223255e-11
"YPL058C",643.101422016109,-0.31783993335067,0.0472691116413772,-6.72405133741602,1.76740115418348e-11,4.4638873611714e-11
"YOR263C",5.14150652151513,1.18750794744354,0.176609771061759,6.72390853747429,1.76913506764653e-11,4.46662814108778e-11
"YDR505C",707.832416249429,-0.223849169302635,0.0332963725670623,-6.72292961798705,1.78106628781582e-11,4.49510314941786e-11
"YGL191W",921.372203914407,0.281494015250978,0.0419094567104542,6.71671831004101,1.85862770404809e-11,4.68913585282929e-11
"YDR292C",1383.1536945809,-0.101145145926319,0.0150698240109013,-6.71176689609328,1.92281697097659e-11,4.84752649036023e-11
"YOR023C",931.597464726074,0.208298651655427,0.0310346386121288,6.71181173587182,1.92222604992606e-11,4.84752649036023e-11
"YLR220W",1307.87257624617,0.197355057197225,0.0294133119694346,6.70971896678313,1.94999601427537e-11,4.91424691006074e-11
"YGR100W",1061.10334249698,0.177661160233754,0.0264790045881406,6.70951053474738,1.95278321408566e-11,4.91947033625312e-11
"YMR089C",1452.1747285166,0.199609432775347,0.0297532423730924,6.70882958812803,1.96191620015511e-11,4.94067046015651e-11
"YLR325C",7498.97041241952,-0.265099041681557,0.0395156075008622,-6.70871735113203,1.96342555356284e-11,4.94266359644613e-11
"YAL031W-A",10.1403963788634,0.996806177177612,0.148658298769318,6.70535170541955,2.00921845935389e-11,5.0560925046241e-11
"YDL205C",714.46526023234,-0.293957373089917,0.0438459308295389,-6.7043250657112,2.02339386919596e-11,5.08990383244948e-11
"snR49",116.235297764875,-0.46910773251507,0.0700011566171642,-6.70142830754379,2.06392110874421e-11,5.18995501596197e-11
"YIL148W",12169.5829380301,-0.278361861902738,0.0415482487887554,-6.69972550029772,2.08811409486524e-11,5.24887387482555e-11
"YKL010C",865.505776109113,-0.150353543150633,0.0224541881283672,-6.69601333573426,2.14182186200905e-11,5.38191369340596e-11
"snR61",21.4055354816998,-0.729578761787621,0.108989562932564,-6.69402410796928,2.17115625231566e-11,5.45363400116502e-11
"YGL057C",127.062458784026,0.221863596562167,0.0331617582659635,6.6903447875948,2.22645393926526e-11,5.5904943004527e-11
"YOR175C",1393.31869634422,-0.222475149109117,0.0332845949768688,-6.68402752876296,2.32463107877268e-11,5.83488333115199e-11
"YOR125C",537.433722119512,-0.234360834986223,0.0350698541466065,-6.68268633244088,2.34601373219528e-11,5.88640836230486e-11
"YGL026C",3901.62470916121,0.272956398692129,0.040849102501908,6.68206599347879,2.35596878798126e-11,5.90923318952677e-11
"YGR237C",1147.08078286794,0.158986031045395,0.0237956603931322,6.68130358303823,2.36826043208214e-11,5.93789988160436e-11
"YNL085W",1099.15553479058,-0.286860070559702,0.0429416790973592,-6.68022482095589,2.38575964297887e-11,5.97959779465217e-11
"YCL042W",16.154794026993,0.609557972770243,0.0912703068101875,6.67860111435721,2.41233760095404e-11,6.04401178404969e-11
"YIL096C",130.516986948428,-0.638737211367972,0.095753990444597,-6.6706067120779,2.54748060695756e-11,6.38028518694172e-11
"YNL216W",697.83565640509,-0.380272964652695,0.0570228074837106,-6.6687871298046,2.57926035125756e-11,6.45753000669393e-11
"YPL066W",497.390866914549,-0.295851737781626,0.0443709305958848,-6.66769287478196,2.59855848245077e-11,6.50348060766032e-11
"YFR023W",11.0580065054467,0.748561422392879,0.112352496255026,6.66261496045212,2.68997750341786e-11,6.72983107232266e-11
"YER062C",1474.7673133921,-0.446077526324062,0.0669632320169069,-6.66152921369501,2.70992916765337e-11,6.77728380649962e-11
"YGL208W",555.057969619054,0.374963134132361,0.0562941010810563,6.6607890868079,2.72361267698377e-11,6.80903169245943e-11
"YGL112C",659.198662901242,-0.202575240591244,0.0304136081886129,-6.66067765899246,2.72567860983309e-11,6.81172313201482e-11
"YEL041W",172.516235947491,0.275135762829031,0.0413140253612244,6.65962128897905,2.74534064630237e-11,6.85837095420604e-11
"YLL007C",214.198324182881,-0.247613406113627,0.0372209281398795,-6.65253174727599,2.88093649310114e-11,7.19450408233635e-11
"YLR167W",43413.8078045544,-0.380253411904323,0.0571711550768585,-6.6511409712315,2.90829552141629e-11,7.26019385966323e-11
"YOR161C-C",18.7321033617749,0.627546192551527,0.0943713399526049,6.64975397050304,2.93583349804987e-11,7.32628257849704e-11
"YIR044C",13.1939801926178,0.679757337634968,0.102259380234194,6.6473837028759,2.98348546304297e-11,7.44249906269959e-11
"YJR091C",1677.38460612967,-0.240286383342194,0.0361691573103866,-6.64340563094047,3.06516759327774e-11,7.64349108283855e-11
"YDR070C",92.8661639633661,-0.588789710162682,0.0886607208481423,-6.6409307811873,3.11708406550607e-11,7.77013895402218e-11
"YMR137C",200.476948577166,0.235422999979345,0.0354668864248139,6.63782541155444,3.18344602412467e-11,7.93269123275365e-11
"YIL041W",2420.49296850759,0.237832829744438,0.0358365863909162,6.6365927588662,3.21016953352228e-11,7.99638829171523e-11
"YLL048C",1769.40758216923,-0.277113161447588,0.0417587172722763,-6.63605540468945,3.22188779780075e-11,8.02267540248034e-11
"YDL238C",299.10389251787,-0.49076306725863,0.073960011847819,-6.63551904600055,3.23362609768622e-11,8.0489933776463e-11
"YLR285W",712.713508561168,-0.122939356638563,0.0185283143249552,-6.63521540505063,3.240289874183e-11,8.06266562477411e-11
"tL(CAA)L",6.02962338005254,-1.01328952761209,0.15276773475585,-6.63287656409585,3.29207106123037e-11,8.18855103199823e-11
"YMR057C",21.8314819604462,0.605282049092448,0.0913137193292543,6.6285992240657,3.38887292447001e-11,8.42628749908849e-11
"YKL129C",1270.5013849851,0.327115517522337,0.0493518712412235,6.62822927064817,3.39737515902719e-11,8.44437832848455e-11
"YML077W",293.287082646678,-0.233256569210541,0.0351936032075757,-6.62781153253246,3.40700067224651e-11,8.46524706907876e-11
"YHR010W",11434.4089628337,-0.343333911669405,0.0518061277036085,-6.62728381541419,3.41919847926838e-11,8.49248972935166e-11
"YJL225C",983.222511897657,0.337196140597758,0.0508826045524388,6.62694340361939,3.42708952170776e-11,8.50901960222069e-11
"YMR304W",969.64657494341,0.276374073442686,0.0417177010435317,6.6248634639357,3.4756929049212e-11,8.62658458917897e-11
"YEL025C",671.035568517058,0.168619228740495,0.0254533367254054,6.62464141969225,3.48092124413975e-11,8.63644784356836e-11
"YJR075W",1101.23512316555,-0.139687408191181,0.0210862436147348,-6.62457527966572,3.48248008984429e-11,8.63720296058284e-11
"YHR141C",8506.94874273657,-0.374679252134701,0.0565599853794171,-6.62445807970544,3.48524403851313e-11,8.64094533855343e-11
"YPL209C",70.5013775291568,0.391909545262403,0.0591635561707073,6.6241715445841,3.49201049332974e-11,8.65460484037986e-11
"YKL033W",271.44553358666,-0.203401283784956,0.0307068931308279,-6.62396169219587,3.49697425849149e-11,8.6637883302317e-11
"YDR420W",930.370945046313,-0.260156602850213,0.0392873398301188,-6.62189407516896,3.54625149195582e-11,8.78271277773949e-11
"YKL069W",313.734331674532,0.331769812667103,0.0501280923815783,6.61844081641187,3.63007184018683e-11,8.98707106065671e-11
"YPL140C",354.535686591492,-0.148602350318388,0.0224706480915771,-6.61317598463437,3.76160814067283e-11,9.30937169249907e-11
"YOR197W",2223.74283394367,-0.309060309531017,0.0467521597498398,-6.61061031585981,3.82738775955513e-11,9.46876202822029e-11
"YGL037C",9326.26912735248,-0.363270910490666,0.0549553882807719,-6.6102873959271,3.83574624250064e-11,9.48603192514976e-11
"YOR249C",319.637593522641,0.230462070963129,0.0348666330113706,6.60981721085519,3.84794849352606e-11,9.51279187717304e-11
"ICR1",142.96182189378,0.229845205698041,0.0347771943650033,6.60907844622845,3.86719769216469e-11,9.55694763480039e-11
"YDL085C-A",323.961831090637,0.38620852249903,0.0584672564056333,6.60555234231614,3.96037944923709e-11,9.78371457050497e-11
"YJL052W",28941.1763880027,-0.528011804332088,0.0799446937081746,-6.60471358186087,3.98286617279476e-11,9.83573658525535e-11
"YDR182W",1015.00753483998,0.157579098286272,0.0238618882047135,6.60379836391759,4.00754522086064e-11,9.89313332578899e-11
"YLR418C",533.597793337947,-0.13902743261627,0.0210683169144321,-6.59888652619582,4.14257219759522e-11,1.02227991327753e-10
"YBL095W",177.324879136347,0.37320297704179,0.0565870139874132,6.59520534384095,4.24667669079812e-11,1.04759473364905e-10
"YMR167W",294.415765335118,-0.216663960217071,0.0328533688150153,-6.59487803022645,4.25605613897157e-11,1.04953246836745e-10
"YPL269W",232.562858072226,0.246728201774372,0.0374166762537963,6.5940705182048,4.27928285133985e-11,1.05488229256981e-10
"YCL051W",1339.43113309416,0.222036990221724,0.033692120987538,6.5901754984155,4.39306975006779e-11,1.08254421006502e-10
"YER178W",5412.86976511857,0.217944460081449,0.0330930258611265,6.58581240035419,4.52404764051004e-11,1.11442103774281e-10
"YLR075W",9632.09641380992,-0.301078572569695,0.0457405291813512,-6.58231502692032,4.63178872688769e-11,1.14055312534412e-10
"YBR257W",204.483443100667,0.270209841928427,0.0410753706763856,6.5783908332146,4.75566835768372e-11,1.17063913631221e-10
"YDR012W",13407.6177895099,-0.283182373879345,0.0430482755428432,-6.57825128436357,4.76013282620897e-11,1.17131931767151e-10
"YPR186C",170.985712959325,-0.247094088606843,0.03756525570826,-6.57772944568326,4.77686393432914e-11,1.17501636969833e-10
"YPR132W",11145.8077668696,-0.261094901810113,0.0397130880759775,-6.57453032387198,4.8806982896924e-11,1.20012884730472e-10
"YPL046C",85.2827158916068,0.318451016744612,0.0484847497271632,6.56806559870108,5.09730865241609e-11,1.25294430817154e-10
"YFR013W",925.054570065697,0.169964001343711,0.0258781802568768,6.56784981233545,5.10469877359533e-11,1.25431302841555e-10
"YBR210W",265.079268203018,0.269529792530084,0.0410491518136461,6.56602586464365,5.16758438824551e-11,1.26931211248913e-10
"YJR149W",138.806866177931,0.288442445060747,0.0439599100479285,6.56148851865857,5.3273277902035e-11,1.30808316103962e-10
"YOL054W",440.120751541509,0.260142971556757,0.03967606970672,6.55667190524912,5.50218850575092e-11,1.35053717868432e-10
"YBR105C",854.049978169597,0.197342602615256,0.0301037237774365,6.55542165063211,5.54848748671808e-11,1.36141612067192e-10
"YGL135W",15282.8484110435,-0.302033762856036,0.0460808070090762,-6.5544373560243,5.58520544416259e-11,1.369937281192e-10
"YOR349W",286.44916808844,0.238000471374537,0.0363163938660045,6.55352709998356,5.61937295580598e-11,1.37782702281781e-10
"YLR156C-A",3.42642124947405,1.35541014996845,0.206885302761133,6.55150526344244,5.69599799718723e-11,1.39611770062777e-10
"YOR223W",591.355410675628,0.287877784754421,0.0439600444642256,6.54862360270572,5.80697842976375e-11,1.42268077858282e-10
"YPL006W",821.971664485041,0.234889934759432,0.0358688111023974,6.54858434222629,5.8085049652815e-11,1.42268077858282e-10
"YDL177C",256.258582877939,0.366952611022803,0.0560667486887803,6.54492403438109,5.95256355527768e-11,1.45744665996041e-10
"YOR352W",351.913016928035,0.219378247662752,0.0335278452463304,6.54316571944815,6.02300235956203e-11,1.47416890314911e-10
"YLR085C",535.130468833394,0.172781490149275,0.0264141503021697,6.54124733041601,6.10078387099644e-11,1.49267579786107e-10
"YJR107W",366.47046153801,0.260141062921881,0.0397789150504037,6.53967215023983,6.16538370526382e-11,1.50794553501746e-10
"YML119W",449.9883881459,-0.241117633606451,0.0368708954054571,-6.53951120402584,6.17202183341717e-11,1.5090330370411e-10
"YLR384C",1773.24739125952,-0.250044992528445,0.0382555841306791,-6.536169769995,6.31142706661232e-11,1.54256923513049e-10
"YJL217W",1590.72178909291,-0.403333556011794,0.0617569044201261,-6.53098726043579,6.53375570160301e-11,1.59634166094878e-10
"YHR122W",293.318841941465,-0.173584436808626,0.026582402212389,-6.53005079908563,6.57473880070115e-11,1.60578491106163e-10
"YPR088C",1451.5961665514,-0.251152392757797,0.0385131425360296,-6.52121266195924,6.97412201380589e-11,1.70272447039197e-10
"snR11",165.229680756351,0.374631386617451,0.0574500096539344,6.52099780094283,6.98412090428892e-11,1.7045612345278e-10
"YDL112W",763.22846878788,-0.415459605336483,0.0637146411262701,-6.52063007799295,7.0012660007095e-11,1.70814019896828e-10
"YKL048C",208.373564655541,0.241934715324059,0.0371139471697916,6.51870075196362,7.09189763173054e-11,1.72963922049113e-10
"YLR010C",74.8450846373729,0.3410719632098,0.0523665047387349,6.5131702967663,7.35810078490571e-11,1.79392790028597e-10
"YEL031W",3898.8622187213,-0.136551187125394,0.0209661871023901,-6.5129241887681,7.3701713247384e-11,1.79623467507341e-10
"YBR275C",557.657681766897,0.295382081506813,0.0453667578066634,6.51098063400572,7.46617704072246e-11,1.81898899240531e-10
"YGL094C",709.49958162858,-0.139357345274349,0.0214042894999694,-6.51072044575686,7.47912201381814e-11,1.82149823364478e-10
"YLL051C",755.633451679872,-0.141130545086322,0.0216836365756505,-6.50861974161677,7.58444403309185e-11,1.84649565657134e-10
"YDR217C",582.412349316425,0.272473030747525,0.0418769209808023,6.50652016351526,7.69115835142469e-11,1.87181425413782e-10
"YDR532C",213.631958268873,0.340094738227352,0.0522810984129636,6.50511845678863,7.76321814133712e-11,1.88868398950905e-10
"YNL162W",7803.71323525023,-0.351099098077559,0.0539891393784993,-6.50314307876115,7.86589149753738e-11,1.91298703498922e-10
"YKR052C",555.450560052982,-0.228325720638522,0.0351128689437803,-6.50262218687108,7.89318615827101e-11,1.91894727046949e-10
"YER149C",89.8802362209331,-0.345735983880893,0.0532075320066114,-6.49787672613593,8.14615097285041e-11,1.97974759788475e-10
"tL(CAA)G1",1.78580493944261,2.17284111866375,0.334488539913398,6.49601065323886,8.24778192782918e-11,2.00373954033535e-10
"YMR078C",343.815593613244,0.242433011632903,0.0373216675821527,6.4957711522203,8.26091518658859e-11,2.00622225960009e-10
"YHR107C",1141.41693484171,-0.152537516404046,0.023483294369145,-6.49557570612695,8.27164780347214e-11,2.0081204205538e-10
"YGR203W",389.69183296084,0.49142573644587,0.0756675121014743,6.49454069253448,8.32871163894378e-11,2.02126117850292e-10
"YPL227C",518.738077344928,-0.16892307652714,0.0260143859535338,-6.49344854146726,8.38934303716802e-11,2.03525816810789e-10
"YIL099W",150.329762974922,-0.597061781189113,0.0919855289959915,-6.49082293384573,8.53687658837173e-11,2.07032037023386e-10
"YOR253W",528.657237817494,-0.252062089743991,0.0388429094089603,-6.48926904754062,8.62538162072822e-11,2.0910476217857e-10
"YOL026C",720.199407743536,0.357511528258285,0.0551398653218218,6.48372146307725,8.94873623341738e-11,2.16867472604994e-10
"YNL200C",699.992678525743,0.370101661792177,0.0571758598101959,6.47304059826625,9.60501314432844e-11,2.32690061571785e-10
"YIL103W",334.623648297948,-0.382799821249701,0.0591501192216832,-6.47166609783222,9.69281295134083e-11,2.3473449584939e-10
"YPL069C",180.838578978002,-0.273689184712867,0.0422950237415038,-6.47095474837852,9.73855988484276e-11,2.35759440250149e-10
"YML080W",134.724191931952,-0.47129067003415,0.072891258136397,-6.46566792896141,1.00852333328016e-10,2.44066191551279e-10
"YNL106C",474.295550561304,0.154491093704331,0.0239151655581124,6.45996337884123,1.04728322096613e-10,2.53357167124097e-10
"YLR412C-A",4.81661203847774,1.10543110409371,0.171140723258105,6.45919383212233,1.05262217141121e-10,2.54559313318095e-10
"YAR035C-A",3.07202755638458,1.55806609872166,0.241246601849843,6.45839604278212,1.05818515140034e-10,2.55814774135932e-10
"YLR025W",1599.93710731279,0.181294915604666,0.0280755184123344,6.45740224426336,1.06515511350683e-10,2.57409370182328e-10
"YJR133W",411.399637881307,-0.256990866759928,0.0398030744375679,-6.45655820288517,1.07110998856795e-10,2.58757623554048e-10
"YGL075C",158.154167367615,0.219295587046587,0.0339765603491903,6.45431982498526,1.08706021600758e-10,2.6251875086679e-10
"YDL045C",575.484429639127,0.208585567875516,0.0323453368137672,6.44870600904472,1.12809147336071e-10,2.72332040465936e-10
"YOR291W",922.818266233451,0.152275746848868,0.0236189174440846,6.44719417007006,1.13939777273024e-10,2.74965077646256e-10
"YGR149W",422.785849935042,-0.330961341932062,0.0513364046877507,-6.44691313980997,1.14151163422589e-10,2.75378682608454e-10
"YOR182C",4221.11981848293,-0.264615962077245,0.0410771369720398,-6.44192807929536,1.17965182456015e-10,2.84479958392176e-10
"YHR175W-A",87.4774119503268,0.724763859181722,0.112528962170496,6.44068731464537,1.18933672090197e-10,2.86715102360295e-10
"YNL171C",10.8166277874665,0.760634620081735,0.118131200929707,6.43889687140611,1.20344930785955e-10,2.90015697746342e-10
"YNL034W",31.1013067841115,-0.394333174228832,0.0612519210901658,-6.43789071771895,1.21145168617764e-10,2.91842017471415e-10
"YIL112W",1011.84417554448,0.168579303358533,0.0261884644963972,6.43715874910209,1.21730600994872e-10,2.93149768397935e-10
"YOR252W",317.191657080327,-0.486278198075839,0.0755495881362711,-6.43654333626179,1.22224950504878e-10,2.94237337141987e-10
"YKR017C",407.890077197273,0.180038458933455,0.027974814768433,6.43573372777473,1.22878283383888e-10,2.95706739286286e-10
"YJR017C",1007.30473199193,0.412394973610337,0.0640837569235162,6.43524963903925,1.2327055970922e-10,2.96547101187275e-10
"YHR164C",485.825498190805,0.173981524095962,0.0270463195744807,6.43272455673119,1.25336662014156e-10,3.01412126429431e-10
"YBR261C",963.857494755278,-0.432077757012962,0.0672210760264717,-6.42771259482383,1.29538359826655e-10,3.1140768415032e-10
"YDL132W",1750.68153862335,0.148975737867747,0.0231926616207538,6.42339979359836,1.33263882415678e-10,3.20251947794746e-10
"YLR437C-A",3.93382207425962,1.32768920012656,0.206756031579403,6.42152584369309,1.34915102561536e-10,3.24106936893292e-10
"YDR519W",614.344213076709,0.194007510360396,0.0302244333058544,6.4188965396687,1.37265652643562e-10,3.29638653104613e-10
"YEL039C",501.147316441817,-0.500216531548296,0.0780277680803505,-6.41075022206439,1.4480527423438e-10,3.47623540133788e-10
"YGL110C",542.050694510119,0.276061773185467,0.0430704357262087,6.40954214952325,1.45957293181015e-10,3.50266979278944e-10
"YPL176C",895.209614692253,0.16940928646394,0.0264362662941583,6.40821531221201,1.47232887597917e-10,3.53205028261902e-10
"YOR016C",475.991054718164,0.16217795397291,0.0253394144347123,6.40022500878091,1.55148141177256e-10,3.72063724139815e-10
"YIL050W",669.20262357565,0.195893663282102,0.0306165901638629,6.39828479375595,1.5713200805642e-10,3.76690068060046e-10
"YGL227W",1124.03872561537,0.207513958339635,0.0324379290400961,6.39726284878204,1.58186890082058e-10,3.79086925936292e-10
"YHL025W",1947.43109284453,0.413629493061345,0.0647258522889213,6.39048353067639,1.65362015161588e-10,3.96143867219044e-10
"YJR119C",142.534131992856,0.261647163840818,0.0409626810436365,6.3874521192129,1.68672395660619e-10,4.03933719695083e-10
"YNL070W",372.250616783979,-0.296590162846198,0.0464599861518125,-6.38377639367048,1.72773321243023e-10,4.136106803749e-10
"YDR056C",1289.44017513087,0.131639064764157,0.0206273739649199,6.38176556007712,1.75057822808048e-10,4.18933997230938e-10
"YJR085C",1832.94387867671,0.434449023708934,0.0680894269657396,6.38056513425402,1.76435663588046e-10,4.22041971410557e-10
"YML132W",568.195772412602,0.316894458854827,0.0496658721854435,6.38052741068555,1.76479133724182e-10,4.22041971410557e-10
"YDR408C",1403.11467044762,-0.334968529218288,0.0525117127268891,-6.37892980106063,1.78329749974369e-10,4.26319558532476e-10
"YEL063C",971.890656572707,0.148956061158642,0.0233598365822631,6.37658832218644,1.810763421956e-10,4.32735375222736e-10
"YGL121C",78.2147644061987,-0.645669112831512,0.101301970105317,-6.37370736383756,1.84512507740568e-10,4.40794106798685e-10
"YLR145W",210.61983754707,0.186429373273616,0.0292520970254356,6.37319687239893,1.85127987974008e-10,4.42111063892142e-10
"YBR097W",294.81256228912,-0.187181672186505,0.0293766730637543,-6.37177912489534,1.86847852462845e-10,4.46063614496078e-10
"YMR290C",1143.40969691983,-0.428525753445263,0.0672776801578716,-6.36950846758834,1.89634951131726e-10,4.52560359979873e-10
"YNL153C",1081.32161365342,-0.277860296204476,0.0436536039058247,-6.36511699707342,1.9514093062814e-10,4.65538914544264e-10
"YML024W",8488.56417300488,-0.225053772165616,0.0353634365442476,-6.36402437540321,1.96534929425843e-10,4.68702109143377e-10
"YPL229W",201.946487751366,0.243878267102149,0.0383257865187718,6.36329451406558,1.97471522745629e-10,4.70772657238108e-10
"YLR067C",279.279226657764,-0.341955056865233,0.0537582417532502,-6.36097918594144,2.00471612087012e-10,4.77759449366245e-10
"YJR079W",11.3864906101735,0.873761723182663,0.137382768112723,6.36005326712982,2.01683796261348e-10,4.80481985210858e-10
"YJR043C",276.564940477862,0.240669846840554,0.0378413365700271,6.35997215360465,2.01790328044695e-10,4.80569494495928e-10
"YLR109W",31258.7159123293,0.42225789907974,0.0664188496157983,6.35750094321571,2.05062412856386e-10,4.88193192432993e-10
"YBR090C",22.1639846482014,0.576632674363789,0.0907237134685518,6.35592010421477,2.0718269669512e-10,4.93070468975423e-10
"YBL113C",1068.96660601894,0.450816287845867,0.0709721638335955,6.35201554376827,2.12511843526519e-10,5.05578452895674e-10
"YDR349C",1503.43049096886,0.161244886292554,0.0253850942959801,6.35195144097173,2.12600442062896e-10,5.0561452283352e-10
"YBR295W",518.154678744122,-0.213603564657701,0.0336542943305257,-6.34699282533923,2.1956436651373e-10,5.21996085444417e-10
"YBR160W",746.041750433854,0.176929408257051,0.0278859643197932,6.34474770992474,2.22790243782318e-10,5.29482508954526e-10
"YDR236C",501.576062904233,0.233669832131298,0.0368503340132581,6.34105058714604,2.28203587225841e-10,5.42160696359529e-10
"YPL224C",1148.72486902512,0.24339091549854,0.0383996560086704,6.33836187083509,2.32220897635716e-10,5.51514618910626e-10
"YER028C",560.469528085209,-0.437590970997453,0.0690548290416966,-6.33686270851858,2.34490761552798e-10,5.56713411479661e-10
"YNL009W",162.603444761019,0.341444501636445,0.0539151242639909,6.33300036488075,2.40438994424105e-10,5.70638564843145e-10
"YMR296C",2894.94485470207,-0.235152007943987,0.0371323106928644,-6.3328137558963,2.40730084878498e-10,5.71132541140062e-10
"YPL244C",697.724567446685,0.116027024973882,0.0183227684680043,6.3323959573299,2.41383055443366e-10,5.72484442551697e-10
"YIL116W",916.460212123538,0.313523514045473,0.0495121363938516,6.33225582413782,2.41602454503803e-10,5.72807472196516e-10
"YMR237W",1146.41583427178,-0.148114590783205,0.0233997424544828,-6.3297530334497,2.45553904228011e-10,5.81975432223703e-10
"YLR223C",415.138718661126,-0.491396609244097,0.0776345522976685,-6.32961219844446,2.45778123067481e-10,5.82306392745906e-10
"YLR364W",80.2071165682176,0.337641806179467,0.0533878222946565,6.32432250778024,2.54346015796904e-10,6.02398458466351e-10
"YIL151C",808.995220303653,-0.151958551578071,0.0240287544611506,-6.32402947991979,2.54829076011877e-10,6.03335002868559e-10
"YHR037W",977.147437227449,-0.174758789497916,0.0276446633589744,-6.32161033139091,2.58851456304101e-10,6.12647740341608e-10
"YHR040W",382.481390932663,-0.386473909333341,0.0611550808653647,-6.31957155259393,2.62289481727613e-10,6.2057150573698e-10
"YKL077W",1455.16132311826,-0.145710966591938,0.023057628386429,-6.31942557794446,2.625373447919e-10,6.20944561625638e-10
"YPL168W",365.673878841171,0.219151176687429,0.0347055996713741,6.31457686259746,2.70901657587697e-10,6.40507524893989e-10
"YAL063C-A",6.08027104685925,1.09709012210442,0.173916213309293,6.30815322636628,2.82384583575635e-10,6.67428032241074e-10
"YLR149C-A",36.3445013082985,-0.60370208193143,0.0957927874016355,-6.30216635622321,2.93513881981079e-10,6.93494535840675e-10
"YHL019C",361.071013939379,-0.155927550741428,0.0247585018583614,-6.29793965860531,3.01627876745071e-10,7.12421245759799e-10
"YDL209C",236.972834198943,0.313911574131149,0.0498574871639941,6.29617720400977,3.0507560155239e-10,7.20317392554254e-10
"YDR079W",164.341718529822,0.51035051838898,0.0810688083978285,6.29527593257002,3.06853515040161e-10,7.24266867004288e-10
"YNL320W",421.721273570743,0.164321857312188,0.0261046179307982,6.29474285920581,3.07909851840488e-10,7.26511079479699e-10
"snR62",31.3966642167192,0.474546565214439,0.0754159663902658,6.29238857404194,3.12617723023365e-10,7.37366571776592e-10
"YMR158C-A",68.9055036150344,0.418952329498026,0.0666271122826531,6.28801572129825,3.21549356340421e-10,7.58173739179384e-10
"YGL148W",4851.70483227775,-0.292230046697631,0.0465411735135491,-6.27895741847929,3.40850919485251e-10,8.03409305257089e-10
"YOR008W-B",12.6459115894302,-0.728473724988005,0.116039077625431,-6.2778310539445,3.4332867878352e-10,8.08972605552545e-10
"YPR119W",242.780837223803,-0.352458530628697,0.0562268858393304,-6.26850527763275,3.64530270395362e-10,8.58635275974022e-10
"YGR174C",453.610461973585,0.228739458258764,0.0365067260918308,6.26567985536094,3.71202275483311e-10,8.74051869597332e-10
"YMR019W",485.051887518789,0.140772130620396,0.0224674848825856,6.26559365038263,3.71407704481329e-10,8.74236596702205e-10
"YOR210W",623.586834903852,-0.287518483721944,0.0459304425037771,-6.25986748763197,3.85304735782734e-10,9.06638108634356e-10
"YGL251C",209.223140987964,-0.263339733782677,0.0421172334703556,-6.25254111165754,4.03827392065778e-10,9.49898050691111e-10
"YHR001W",473.007933851926,0.152836558395265,0.0244527956856197,6.2502693090895,4.09745535083771e-10,9.63489757189809e-10
"YBR006W",585.396707687184,0.321364341372275,0.0514175627646073,6.25008895974904,4.10218963480573e-10,9.64273664583046e-10
"YER008C",1187.62674816975,0.143887148200117,0.0230278806446698,6.24838865635784,4.1470869510737e-10,9.74494664100424e-10
"YNL023C",567.362673995462,-0.394090846347778,0.0631111914623659,-6.24438926307991,4.25459224212364e-10,9.99415475503967e-10
"YDR405W",1045.9098870588,-0.257497528470521,0.0412470703905843,-6.24280769596915,4.29785182364573e-10,1.00923294017056e-09
"YDL210W",79.6462923233384,0.283351072675997,0.0453931190327951,6.24215913586561,4.31571533293831e-10,1.01308217072214e-09
"YNR051C",1670.45304050621,-0.3212703593182,0.051471447160467,-6.24171996401442,4.3278527224178e-10,1.01558507136491e-09
"YHR182C-A",37.6505315487445,-0.751834784481273,0.120551695507311,-6.23661725633447,4.47134189322277e-10,1.04889911191955e-09
"YMR287C",278.632685996012,-0.143888494090867,0.0230764338691769,-6.23530025941566,4.50912362062344e-10,1.05740177547658e-09
"YMR155W",433.151116038531,0.169474903358265,0.0271839459440184,6.23437464550862,4.53586370752829e-10,1.06331023583018e-09
"YJL074C",327.686474332511,0.317701799825027,0.0509756650078714,6.23242089683322,4.59281472956924e-10,1.0762943979947e-09
"YER069W",519.538940842329,0.481879808614943,0.077413657393784,6.22473895224638,4.82358467018097e-10,1.12961880339782e-09
"YMR035W",309.577680016649,0.367905339984756,0.0591037564579663,6.22473700544575,4.82364456352881e-10,1.12961880339782e-09
"YER074W",11801.9331315921,-0.280774588322278,0.0451249193330757,-6.2221626647092,4.90348256084928e-10,1.1479251081757e-09
"YOR225W",29.8410928028329,0.664959435756854,0.106938592475123,6.21814277115664,5.03073724433977e-10,1.17731563315021e-09
"YNR032C-A",243.275537690267,0.26004055926977,0.0418228764493142,6.2176631869144,5.04613259405801e-10,1.18051725824293e-09
"YNR035C",1929.4752454637,-0.212954915513882,0.0342506396437596,-6.21754564962357,5.04991272111096e-10,1.18100030858862e-09
"YBR084W",1992.82632658497,-0.337244366256055,0.0543809702723579,-6.20151432692399,5.59224282883214e-10,1.30738851872697e-09
"YCL068C",37.2141469758519,-0.391455512964474,0.0631349307299804,-6.20030003103475,5.63556226258779e-10,1.31706877725448e-09
"YNL294C",1437.89180293051,0.225088003125234,0.0363092014196883,6.19920004638775,5.67508623624661e-10,1.32585574267248e-09
"YBR170C",789.148596234599,-0.166749012054335,0.0269051676129975,-6.19765743342857,5.73097042945602e-10,1.33845764609243e-09
"YBR291C",291.753261835834,-0.20271899646425,0.0327329135607304,-6.19312411918783,5.89832444871946e-10,1.37707574870917e-09
"YMR275C",978.587406620424,0.150259008017127,0.024262610804221,6.19302717376921,5.90195490906409e-10,1.37745625589513e-09
"YKR029C",379.598843744583,0.259534614028907,0.0419331408584337,6.18924813920083,6.0451857529218e-10,1.41040677427539e-09
"YHR213W-B",24.3167063921829,-0.512358690197274,0.0828295579637477,-6.18569871423821,6.18279953130817e-10,1.4420248906862e-09
"YHR105W",128.811080401814,-0.268265294525376,0.0433746979961662,-6.18483371455607,6.21679664154071e-10,1.4494630842197e-09
"tM(CAU)P",1.79445124732835,1.90926833178535,0.308785441807098,6.18315526992393,6.28328571060462e-10,1.46446926599569e-09
"YBL106C",296.37603714863,0.212908410203733,0.0344383014590626,6.18231449239216,6.31685216496796e-10,1.47179448919812e-09
"YDR130C",219.478334248175,-0.181063401214385,0.0292893972876042,-6.18187528532772,6.33445617933171e-10,1.47539684691133e-09
"YDR377W",796.529465923645,0.216435279262455,0.0350533478639838,6.17445386678273,6.63925633338174e-10,1.54586675195581e-09
"YHR041C",669.477936576107,0.309708652610862,0.0501776478064995,6.17224334239809,6.73277680887517e-10,1.56711184344508e-09
"YOR199W",21.3455728706203,-0.743277244996335,0.120434434413098,-6.17163395683701,6.75878320981032e-10,1.57263340316134e-09
"YOR278W",231.930162188624,0.223002150536719,0.0361356683531111,6.17124743224847,6.77532946643679e-10,1.57595078974383e-09
"YGR060W",3744.74991139275,-0.278489026221921,0.0451279078241644,-6.17110430439233,6.78146647157543e-10,1.57684554734201e-09
"YDL002C",397.247497357501,0.252829850856029,0.0409951490313517,6.1673114217166,6.94608737782522e-10,1.61457837934931e-09
"YER059W",727.838055227482,0.131518512487369,0.0213340711471622,6.16471706596248,7.06092766468321e-10,1.64071842630253e-09
"YML054C-A",27.5677429654066,0.538407454429167,0.0873468536969444,6.16401658034767,7.09225119929464e-10,1.64744094153656e-09
"YGR083C",888.350955195957,-0.320191258932265,0.0519865571840652,-6.15911643847824,7.31519278555006e-10,1.69865437870193e-09
"YPL164C",339.948109600547,0.167060631136628,0.02713319035497,6.15705816201695,7.41086380823858e-10,1.72028986243165e-09
"YDR284C",988.376335762882,0.155329940418912,0.0252362173200824,6.15504052960044,7.50582979701689e-10,1.74174715714396e-09
"YNL124W",405.027312407759,-0.340175415919273,0.0552710747587269,-6.15467344183608,7.52323507003773e-10,1.74519789276313e-09
"YEL067C",95.7414116713012,0.396156642198557,0.0643748803369024,6.15390102669384,7.55998740237456e-10,1.75313281459578e-09
"YBL002W",2749.98720939857,0.257449605285776,0.0418845435607162,6.14664941764437,7.91367746205233e-10,1.83453432074849e-09
"YDR107C",400.579281268617,0.158496363356556,0.0258095205547514,6.14100378270599,8.20016309864429e-10,1.90030706611127e-09
"YOL092W",1007.79357497226,-0.19711090284031,0.0321214258251582,-6.13643067755507,8.43961662783384e-10,1.95513998932153e-09
"YPR011C",547.92529550283,0.175768793738732,0.0286556608220883,6.13382447642758,8.57911715889324e-10,1.98678848432492e-09
"YER075C",216.326492359464,-0.405558449488702,0.0661190018750899,-6.13376545300656,8.58230236914708e-10,1.98685782823059e-09
"YPR200C",43.8396771681283,0.359826889396043,0.0586780302214787,6.13222509409204,8.66583715440101e-10,2.00552231287566e-09
"YMR058W",5891.53513253359,0.364682067664052,0.0594704360394324,6.13215728605464,8.66953259815593e-10,2.00570335814192e-09
"YDR533C",221.261898118464,-0.26940104074439,0.0440202530562937,-6.11993394040412,9.36141585931597e-10,2.16504360736952e-09
"YGL167C",2021.52564421844,0.15040201570746,0.0245867067483854,6.11720867079268,9.52286348735256e-10,2.20164254904037e-09
"YGL145W",323.375071790416,-0.253735429985922,0.0414878414729636,-6.11589856154059,9.60143888503972e-10,2.21906366980525e-09
"YGL212W",182.871234823307,-0.295343084820578,0.0483942055885186,-6.10286048151698,1.04186782945746e-09,2.40713423013913e-09
"YBR196C-B",21.7243173865559,-0.472121372943049,0.0774295925723464,-6.09742809252059,1.07788579471699e-09,2.4895148261075e-09
"YGL180W",397.48378940805,0.248436845956826,0.040747264440922,6.09701901135046,1.0806467190661e-09,2.49505454754195e-09
"YLR252W",97.329878575791,0.339850283745469,0.0557551622803363,6.09540479923107,1.09160861879433e-09,2.51951905477673e-09
"YLL045C",10026.4695792578,-0.279640821914818,0.045878157077473,-6.09529326652326,1.09237001394747e-09,2.52043148325347e-09
"YBL048W",25.2531240360375,0.632811004759563,0.103853648057908,6.09329586965219,1.10609354725765e-09,2.55124089543347e-09
"YIR033W",1653.94995846349,-0.175334485060646,0.0288158188115838,-6.08466086655718,1.16738141135314e-09,2.69170161325062e-09
"YPR027C",367.350355827562,0.251529671044428,0.0413953683201474,6.07627571034336,1.23005847615259e-09,2.83527037439255e-09
"YLL006W",240.31013379369,-0.199604447110873,0.0328642905480298,-6.07359671492555,1.25076610359143e-09,2.88203635315494e-09
"YPL116W",637.619011088861,0.20006869135747,0.0329668185237936,6.06878978064176,1.28877707352322e-09,2.96862835436848e-09
"YGL080W",648.135551847557,0.275377670255151,0.0453946420407685,6.0663033758001,1.30887789731679e-09,3.01392117826961e-09
"YOR015W",476.06461013146,0.300348555143195,0.0495547414574964,6.06094485228638,1.35324228425002e-09,3.11503615080622e-09
"YMR238W",2285.8795027611,0.320012128787216,0.0528319258578381,6.05717326391462,1.38534348858503e-09,3.18786427770986e-09
"YIR030C",36.207820470674,0.387433340902859,0.0639781740025642,6.05571113810361,1.39798673265811e-09,3.2158832791016e-09
"YER103W",527.660831715587,-0.389246217817987,0.0643303056963916,-6.05074410271022,1.44178314798863e-09,3.31552337137665e-09
"YML113W",227.974957374447,-0.423257784691778,0.0699537086632477,-6.050541033204,1.44360186231894e-09,3.31859726947108e-09
"YDL099W",1161.22506602376,0.227101237338552,0.0375354735386203,6.05030963855797,1.44567698565175e-09,3.32225835988394e-09
"YLR363W-A",125.033108575188,-0.615050465108662,0.101676927992215,-6.04906616726023,1.45687819576893e-09,3.34688234163132e-09
"YAL030W",761.848988909083,0.331523164161309,0.0548301044578259,6.04637119406384,1.4814456578641e-09,3.40218590873726e-09
"YBR246W",712.338250919029,-0.137705809039381,0.0227860113749001,-6.0434363335336,1.50865924608316e-09,3.4635274789205e-09
"YML027W",176.870187356325,0.406608378647158,0.0673018039786291,6.04156730741232,1.52624313415623e-09,3.50272799288854e-09
"YIL105C",676.13877643784,-0.140957216468144,0.0233385920589573,-6.03966238032103,1.54437026467584e-09,3.54314870786177e-09
"YHR111W",511.627956732417,0.123635865893253,0.0204764172648489,6.03796378507551,1.56071079602994e-09,3.57944498023522e-09
"YLR459W",518.38478788928,0.191962362503407,0.0318106465209368,6.03453194128145,1.59424095853764e-09,3.65512787197192e-09
"YDR497C",6066.12466330621,-0.228802874735514,0.0379233624750977,-6.03329609513811,1.60648664096332e-09,3.6811527687155e-09
"YOR388C",32.4100726254901,0.376443510458421,0.062394518869281,6.03327851997841,1.60666144807409e-09,3.6811527687155e-09
"YMR146C",5423.57805413168,-0.269915440212812,0.0447427723977656,-6.03260427881513,1.61338164035559e-09,3.69532022416775e-09
"YKL224C",11.8993149288978,0.745994818974852,0.123683301963666,6.0314917788498,1.62452991005462e-09,3.71838046234245e-09
"YMR065W",150.063922317732,0.220967273769847,0.0366353789748984,6.03152689975578,1.62417682160317e-09,3.71838046234245e-09
"snR64",13.1806591862304,-0.941424599693394,0.156121576979734,-6.03007359972799,1.6388502552324e-09,3.7499116009555e-09
"YMR210W",669.404982416171,-0.119225987425843,0.0197728469235458,-6.02978356565675,1.64179404673188e-09,3.7553993394515e-09
"YDL019C",1667.78657991492,-0.223450940364868,0.0370804324079266,-6.02611474177688,1.67947971779917e-09,3.84032476155673e-09
"YPL271W",842.057899515566,0.374493231510083,0.0622002416094934,6.02076811632393,1.73591298276182e-09,3.96804810302628e-09
"YOR209C",2359.52767651762,-0.266356663494107,0.0442578116150707,-6.01829719487096,1.76261363225898e-09,4.02774472555694e-09
"YLR264C-A",454.256784417651,-0.653868991959483,0.108681587667128,-6.0163732053875,1.78368087475288e-09,4.07453311966608e-09
"YOL013W-A",9.24816689038212,-0.701695671254777,0.116691517931856,-6.01325343684831,1.8183641614413e-09,4.15238383135103e-09
"YER095W",1208.97135246801,0.356903285566572,0.0593768554833324,6.01081486483833,1.84593113657051e-09,4.21393762443234e-09
"YGL136C",241.631366134303,0.268806534418938,0.0447220603585758,6.010602648082,1.84834932235124e-09,4.21805935843165e-09
"YPL204W",1962.47610439793,-0.135596882611878,0.0225609910511101,-6.01023608868487,1.85253349706746e-09,4.22620713297198e-09
"YDL120W",551.404054442131,-0.14667526589262,0.024412358314374,-6.00823828668195,1.87550058225189e-09,4.27718499794776e-09
"YMR156C",180.935091305729,0.253125597389742,0.0421759966848788,6.00165063747014,1.95321613848158e-09,4.45294473955156e-09
"YHR021C",6492.94453140846,-0.287175402203952,0.0478739946075226,-5.998567793606,1.99065411293347e-09,4.53679363374609e-09
"YKR018C",2211.56889700786,0.148772845930581,0.0248078832330824,5.99699879803474,2.00997547817379e-09,4.5793121003397e-09
"YOR354C",599.960761972065,-0.141352118728056,0.0235721532503501,-5.99657219375819,2.01526040175282e-09,4.58983389549063e-09
"YDR418W",2435.51760049565,-0.190375161649523,0.0317566753205254,-5.99480769721751,2.03726376816632e-09,4.63841304359297e-09
"YMR090W",452.241645177793,0.294639212813704,0.0491526181537436,5.99437474301181,2.04269838757405e-09,4.64924905733797e-09
"YMR166C",286.07497278886,-0.191675193238614,0.0319885245625142,-5.9919985638609,2.07277757143863e-09,4.71615121591374e-09
"YPR025C",384.38795873632,0.296661138009021,0.0495241548106563,5.99023121430812,2.09542918786929e-09,4.76611495159565e-09
"YDR185C",236.908773847476,-0.232537370629092,0.0388432858358362,-5.9865525180302,2.14335402961444e-09,4.87351139164314e-09
"YNL116W",320.775215860597,0.233277213589807,0.0389746692386674,5.9853545430058,2.15919008590958e-09,4.90789823093016e-09
"YGL143C",339.743821669504,-0.182714246109858,0.0305312554239848,-5.98449829764685,2.17057859770424e-09,4.93215631854578e-09
"YGL205W",134.913380127362,-0.31444380988369,0.0525793832710562,-5.9803632207452,2.22640608219745e-09,5.05734275022416e-09
"YGR129W",152.683065639374,-0.234271442460501,0.0392157107162445,-5.97391805941331,2.31622172367654e-09,5.25962617662038e-09
"YBL080C",308.603419111237,0.191757250830148,0.0321037290414187,5.97305224520031,2.32855286906261e-09,5.28588410929644e-09
"YGL219C",649.597753710974,0.242795839658976,0.0406587866458157,5.97154661239659,2.35014892716373e-09,5.3331494276606e-09
"YGL091C",391.348659153596,0.138856945915172,0.0232550152095363,5.97105375610465,2.35726050576979e-09,5.34752506827841e-09
"YJL143W",1801.6185892014,-0.179663717071012,0.0301126568303138,-5.96638543332212,2.42566913573243e-09,5.50089986808887e-09
"YDL131W",2200.09422778885,-0.209714519735723,0.0351756289782528,-5.96192664715046,2.4928105499937e-09,5.65130083526725e-09
"YOL100W",415.058345610534,-0.205036355305055,0.0343931128384745,-5.9615527174873,2.49852282346215e-09,5.6623863197949e-09
"YGR269W",19.8707114469907,-0.457215962630522,0.0767147760107381,-5.95994652407671,2.52320489702807e-09,5.71644149918996e-09
"YEL017W",531.459696835281,0.147233064447972,0.0247059228801114,5.95942378523718,2.53128882601866e-09,5.73286959445344e-09
"YNL024C-A",532.84075455714,0.214103080233531,0.0359279928311623,5.95922742580343,2.53433195193759e-09,5.73787421541936e-09
"YGR097W",2375.83427288995,0.18835369996306,0.0316222779322638,5.95636090374391,2.57916430783475e-09,5.83745767897509e-09
"YPR096C",6.30078978754154,-0.8276266497564,0.138970489951616,-5.95541290848545,2.59416018904732e-09,5.86946858415735e-09
"YDL174C",1927.44086103369,0.271252314390833,0.0455598018031055,5.95376414417025,2.62044371190957e-09,5.92698914471005e-09
"YHR173C",56.6089485184587,0.291645554707404,0.0489900021084968,5.95316477148756,2.63006264905765e-09,5.94679190107123e-09
"YJL071W",253.376538066224,0.195154028854709,0.0327834228521742,5.95282651645895,2.63550625084146e-09,5.95714397145222e-09
"YOR019W",444.359348863307,0.381206390834169,0.0640756552630308,5.94931708882751,2.69263556119972e-09,6.08427825364624e-09
"YMR311C",2097.19734268391,0.177541131761186,0.0298649729193869,5.94479466766684,2.7680361034989e-09,6.25260123772636e-09
"YAL033W",255.35228349254,-0.216884527882477,0.03648800073706,-5.94399593020705,2.78156509212359e-09,6.28110057699932e-09
"YNR074C",411.838200630626,0.1626952259529,0.0273832314238594,5.94141806840012,2.82566955800718e-09,6.37860160881292e-09
"YNL031C",7940.00918049669,0.29376927046893,0.049481171817753,5.93699097408058,2.90300642377307e-09,6.55103219524012e-09
"YHR207C",415.11248798178,0.203729223625827,0.0343247312567249,5.93534795952445,2.93222945282396e-09,6.61480988948001e-09
"YGL197W",1145.96276862253,-0.202222667734407,0.0340834937957767,-5.93315547244349,2.97167204199269e-09,6.70159253492293e-09
"YHR156C",117.813256495349,0.291635240946646,0.0491548586696962,5.93298910503099,2.97468597093469e-09,6.70619283231348e-09
"YBR081C",707.602298619863,0.214178634959832,0.0361240782060857,5.92897163321248,3.04837737825729e-09,6.86782665225833e-09
"YLR292C",599.41033372559,-0.145613315672143,0.0245594604974333,-5.92901117218601,3.04764353767336e-09,6.86782665225833e-09
"YFR029W",429.486340987797,0.289332513934072,0.0488111250797113,5.92759362669014,3.07406084895146e-09,6.92342458129891e-09
"YJL186W",981.932519750906,-0.175419307424945,0.0295976884455546,-5.92679079474843,3.08912114341028e-09,6.95506836899274e-09
"YHR074W",1354.90125057129,-0.137091452686869,0.0231485763091049,-5.92224121502226,3.17583327569883e-09,7.14796080522603e-09
"YML130C",940.024323759906,-0.226614561913477,0.0382669662712593,-5.92193696012109,3.18171597426784e-09,7.15886094210264e-09
"YOR131C",631.565831176451,0.16054098863366,0.0271102615735991,5.92177940437138,3.18476644658664e-09,7.16338352981019e-09
"snR54",7.54913737935993,-0.930139193058804,0.157093567576848,-5.9209247546294,3.20136319410924e-09,7.19836237473616e-09
"YMR153W",311.079285584086,-0.204567656456846,0.0345845518287491,-5.91500093653939,3.31873694520924e-09,7.45984455362899e-09
"YKL004W",1226.32287470957,-0.192137798720138,0.0325082468244305,-5.91043250526025,3.41210641224114e-09,7.66721692176248e-09
"YBR060C",417.701632873069,-0.209835995833397,0.0355131260345869,-5.90868839958031,3.44842277242218e-09,7.74629389498424e-09
"YER099C",764.399564625889,-0.245320560121183,0.0415255273475466,-5.90770486953677,3.4690678108475e-09,7.79012781398728e-09
"YPL084W",957.889242135024,0.198646833906426,0.0336302086411024,5.90679754700189,3.48821986434944e-09,7.83058159962371e-09
"YNL336W",512.434513686227,0.290929738806942,0.0492564535605431,5.90642885910063,3.49603162303368e-09,7.84555988415479e-09
"YOL053W",516.037852704981,0.240009096883222,0.0406807729827516,5.89981652966585,3.63906004638517e-09,8.16387371109869e-09
"YEL007W",1151.70473564755,-0.200121008183243,0.0339220187981788,-5.89944275940284,3.64731279053636e-09,8.17972265890645e-09
"YLR122C",27.587390626903,0.394481185093038,0.0669066311669527,5.89599533278974,3.72429499495339e-09,8.34964866175645e-09
"YEL034C-A",25.348873647384,-0.652987646119148,0.110760305925298,-5.89550237031266,3.73543146538161e-09,8.37188985649492e-09
"YBR228W",299.567601565278,0.164719745853457,0.0279453584632939,5.89435079424069,3.76157307140024e-09,8.42499368789547e-09
"YCR092C",348.266247825927,-0.206085026415967,0.0349631152277075,-5.89435538205844,3.76146857216045e-09,8.42499368789547e-09
"YPL026C",653.209053506623,-0.212205953557179,0.036003052265267,-5.89411008804658,3.76705973374192e-09,8.43453862335385e-09
"YGR034W",10181.3527874565,-0.285557063346536,0.0484494039585698,-5.89392314486927,3.77132629434339e-09,8.44134640330112e-09
"YBR205W",822.462828584594,-0.175097123416612,0.0297297697403374,-5.88962258860147,3.87078585005281e-09,8.66115065895795e-09
"YGR292W",219.050288973405,0.328926964537186,0.0558884539956107,5.8854189196756,3.97046999654116e-09,8.88131446594732e-09
"YBR300C",12.6794268606455,0.658171246385001,0.111846918915082,5.88457199151554,3.99085399754112e-09,8.92401096884399e-09
"YHR126C",2.78118588854355,1.34511212103924,0.228791410812087,5.87920724936661,4.12235971536277e-09,9.2150800780106e-09
"YBR126C",8937.85292297628,-0.315061620634744,0.0535920244576413,-5.87889007409612,4.1302652830938e-09,9.22975542814049e-09
"YBR078W",10325.4905710397,-0.187299167192909,0.0318683088039728,-5.87728606324912,4.1704716627719e-09,9.31531903260391e-09
"YBR200W",546.896372736157,0.152591642101578,0.0259630811932617,5.87725474360033,4.17126050508611e-09,9.31531903260391e-09
"YJL062W",937.484388197587,0.185216964885965,0.0315201375576958,5.8761470995149,4.19925211031874e-09,9.37478948753065e-09
"YBL101C",1024.64142715977,-0.409533825514527,0.0697115166639241,-5.87469395464267,4.23625234790199e-09,9.45432655277316e-09
"YNL224C",548.172348708355,-0.168318446379343,0.028663690347842,-5.87218339078994,4.30092573122162e-09,9.59555206074558e-09
"YFR043C",160.454765063751,0.231510805117078,0.0394415423749989,5.86971987342533,4.36532076828265e-09,9.73606527036801e-09
"YOR057W",378.286195089832,0.252716182806994,0.0430691170399623,5.86768896544843,4.41911237373243e-09,9.85284607938724e-09
"YGR021W",672.462073121253,-0.335178319135464,0.0571366440817533,-5.8662584147553,4.45738927691421e-09,9.93497091989457e-09
"YGR112W",381.963737513401,-0.232502266285895,0.0396813263662739,-5.85923625989237,4.65000748053845e-09,1.03609389978988e-08
"YHR157W",28.9011547157068,0.457570541438615,0.0780981528137672,5.85891631175627,4.65897393914452e-09,1.03775592271142e-08
"YBR049C",659.718085800793,-0.162226882287083,0.0276956560919315,-5.85748471704717,4.69930047459405e-09,1.04639986311708e-08
"YKL138C",325.795113816758,-0.318607776665132,0.0544727983773913,-5.8489335256433,4.94734739607424e-09,1.10127665121148e-08
"YPR004C",1059.68745495953,0.123149692326974,0.02105995625866,5.84757588356025,4.98788317124882e-09,1.10994103536031e-08
"YMR187C",116.588578648938,-0.249035746598665,0.042592723479999,-5.84690825689062,5.00793517421495e-09,1.11404309125913e-08
"YNL162W-A",13.5539136782676,-0.641728112238883,0.109804292047863,-5.8442898749273,5.08733739171678e-09,1.13134101879748e-08
"YNL170W",33.1937225110549,0.456383486545142,0.0781054009484941,5.84317449245412,5.12153209155823e-09,1.13857760575972e-08
"YJR120W",53.6729959724616,-0.517924175196565,0.0886463214956651,-5.84259071846418,5.13951811551904e-09,1.14220730230305e-08
"YOL134C",3.04041741374044,-1.29053192837616,0.220886413318027,-5.84251384678008,5.14189109947766e-09,1.14236593158773e-08
"YDR325W",333.282290873862,-0.155247067014044,0.0266016682714126,-5.83598988717861,5.34721392261054e-09,1.18759896313463e-08
"YOR034C",416.104492625535,0.155848030204794,0.0267184540610371,5.83297333927953,5.44482707691213e-09,1.2088885657704e-08
"YGR186W",2263.26079813444,0.235260873170279,0.0403338976161377,5.83283260668939,5.44942314995378e-09,1.20951896800231e-08
"YDR031W",146.738507114127,0.281604928587502,0.0482988726827308,5.8304658669226,5.52728445939212e-09,1.2264052047346e-08
"YDL109C",174.914687099091,-0.216997055080816,0.0372185441087106,-5.83034775479114,5.53119834982267e-09,1.22687824222065e-08
"YER151C",935.862609035241,-0.212552133864926,0.0364609928499563,-5.82957613742492,5.5568339153234e-09,1.23216752035432e-08
"YBR248C",1161.784366151,-0.347530454338416,0.0596299217319135,-5.82812192678798,5.60546194496204e-09,1.24255008020166e-08
"YNL143C",39.9067258301321,0.399480534469813,0.068552525816696,5.82736419571166,5.63096387002618e-09,1.24780129530513e-08
"YMR261C",2028.6375883806,-0.197697926362064,0.0339279966275026,-5.82698496856743,5.64376934674563e-09,1.25023654930321e-08
"YOL041C",667.906005884709,-0.48100097436459,0.0825490511841399,-5.82685042971159,5.64831916524639e-09,1.25084198947319e-08
"YOR149C",279.876728867106,-0.201614133180754,0.0346038867450892,-5.82634357423348,5.66549200679591e-09,1.25424155841768e-08
"YLR368W",311.96081044907,0.148175363020834,0.0254343710977945,5.825792289147,5.68422784036429e-09,1.25798484991669e-08
"YOL055C",343.29873340234,0.171133437007034,0.0293798551144183,5.82485639703001,5.71617293914953e-09,1.26464815829192e-08
"YAR003W",523.184236394953,0.131660287253582,0.0226136334243597,5.82216421319344,5.80904296892698e-09,1.28478190944627e-08
"YGR137W",248.278166149233,0.404397279964017,0.069471465380378,5.82105585005031,5.84770232312037e-09,1.29291684311765e-08
"YOL131W",14.6244729955815,-0.571224682386565,0.0981345672759715,-5.82083050083852,5.85559299116009e-09,1.29424583448274e-08
"YDR025W",12440.4587029546,-0.415445647678366,0.0714163143432212,-5.81723730073449,5.98281804457924e-09,1.32194166357279e-08
"YNL092W",164.290958141462,0.396737483260159,0.0682367204694685,5.81413468482374,6.09483289589502e-09,1.34626000924726e-08
"YLR035C",250.358625043202,0.159687855040529,0.0274681854516517,5.81355675356148,6.11592235984044e-09,1.35048510094617e-08
"YJR106W",285.134797112155,-0.244268380054279,0.0420498458266056,-5.80901963497156,6.2839720134729e-09,1.38714803824177e-08
"YLR082C",226.933663733581,0.285750851597019,0.0491969002645554,5.80831007767562,6.31065610151648e-09,1.39259189932503e-08
"YLR126C",378.114218021048,0.2005653185628,0.0345683122091889,5.80199916469992,6.55288884494906e-09,1.44558281632407e-08
"YML034W",707.029222871169,0.167459337763851,0.0288814467548033,5.79816306245119,6.70452453193491e-09,1.47856026272812e-08
"YDR517W",2518.07945326445,0.294618431924058,0.0508149471339434,5.7978694959078,6.71626835343903e-09,1.48067587619045e-08
"tF(GAA)H1",3.1234660540866,1.32182592052248,0.228019787082153,5.79697901413371,6.75201365808251e-09,1.48807983469584e-08
"YGL221C",1149.5622335114,-0.260978376423429,0.0450379554084308,-5.79463197333723,6.84711628609085e-09,1.50855666015154e-08
"YPL174C",327.838465332981,0.236061105491734,0.040744804365678,5.79364925581981,6.88732201502368e-09,1.51692936895195e-08
"YNL191W",300.145155695498,0.233769345473953,0.0403617298896583,5.79185644701147,6.96126317209584e-09,1.5327245583588e-08
"YFR010W-A",5.11182528134307,1.02260382170866,0.176562509323918,5.79173815338461,6.96616903567157e-09,1.53331438013423e-08
"YML011C",204.559080397486,0.199061699536402,0.0343824099082537,5.78963778477365,7.05383728047407e-09,1.55211472278888e-08
"YEL011W",4929.10858249879,-0.42119997399014,0.0727549678053271,-5.78929503641811,7.06824487154469e-09,1.55478804921998e-08
"YKL208W",255.713497278224,0.282034364117878,0.0487222644854629,5.78861362656959,7.09697331424132e-09,1.56060879171356e-08
"YMR318C",3725.30766512413,-0.26436404815326,0.0456732137569926,-5.78816392382253,7.11599508162569e-09,1.56429202225392e-08
"YNL172W",319.666283642557,-0.174360448303777,0.0301318199132283,-5.78658868949467,7.18301699473175e-09,1.57852128977747e-08
"YHL034W-A",73.2843066377647,0.441918668839431,0.0763819205294722,5.78564489837507,7.22346638235457e-09,1.58690383032901e-08
"YNL007C",2341.46434349869,-0.366657857643849,0.0633780986859877,-5.78524545932637,7.24065234021742e-09,1.5901719732822e-08
"YMR130W",350.58973838386,-0.191103558008309,0.033051799109807,-5.78194116978053,7.38435336427301e-09,1.62121405972639e-08
"YLR068W",133.407605369226,-0.60847397277646,0.105319894378323,-5.7773887485183,7.58688542186471e-09,1.66514842618867e-08
"tH(GUG)E2",2.80428910196394,-1.25446250653022,0.217219709685693,-5.77508601012943,7.69137857222772e-09,1.68754434256813e-08
"YKL038W",1063.30478489982,0.193953785156733,0.0335971037071163,5.77293170409958,7.79040237375347e-09,1.70872635690642e-08
"YKL202W",27.5305033420807,0.585309303937575,0.101402763232819,5.77212380883268,7.82785639814956e-09,1.71639462742865e-08
"YGR012W",559.076023087192,0.183503014190645,0.0318018616030101,5.77019724446812,7.91787990855765e-09,1.73558112608785e-08
"YGL209W",1968.85797409777,-0.291439155475329,0.0505165884969094,-5.76917729694196,7.96594621606592e-09,1.74556141621941e-08
"YHR102W",653.395467682898,-0.157489613811263,0.0273181990692365,-5.76500718118766,8.16543643473279e-09,1.78870600869027e-08
"YJL136C",8494.30629388806,-0.363245951547421,0.0630121655058823,-5.76469557316692,8.18053666041325e-09,1.7914438583634e-08
"YHR172W",194.899455671559,-0.23038932374287,0.0399766245825812,-5.76310096583933,8.25823576893503e-09,1.8078840467128e-08
"YPL197C",33.5174836402639,-0.681771883608064,0.118403781234525,-5.75802458755655,8.51039616059662e-09,1.8624945189354e-08
"YPL160W",3234.1428666251,-0.25052629348496,0.0435189831280636,-5.7567129440441,8.57675720320261e-09,1.87642114216873e-08
"YBL029W",337.610649459941,0.242765784642828,0.0421790231244155,5.75560472149253,8.63321826910917e-09,1.88817369068668e-08
"YDR139C",465.097618669026,0.213553224335718,0.0371107380994725,5.75448604022114,8.69057860468638e-09,1.90011539197414e-08
"YMR108W",3424.05925993491,-0.226695708859141,0.0394098253153491,-5.75226373233502,8.80562851572206e-09,1.92465880415068e-08
"YIL071C",114.303814903492,-0.321458268400781,0.0558938407226635,-5.75122883388541,8.85970971291589e-09,1.93586484841085e-08
"YER088C",4374.68315535687,0.248416029081653,0.0432167484602926,5.7481425126163,9.02291753836241e-09,1.97090061077491e-08
"YOR021C",1117.60322016851,-0.210546131387514,0.0366367176738244,-5.74686120252366,9.09152977795994e-09,1.98525792963064e-08
"YJL179W",214.096838232323,-0.189659191324224,0.0330768143614264,-5.73390137429319,9.81464158112038e-09,2.14247962225789e-08
"YOR105W",11.8082771873058,0.714160538942939,0.124601193936247,5.73157059240011,9.95049201875073e-09,2.1714465150269e-08
"YGR287C",316.976118366671,0.245371855216285,0.0428549169683361,5.72564066330082,1.03044124572601e-08,2.24796830697832e-08
"YDL054C",570.453330235981,0.289292152519736,0.0505351500848883,5.72457293653599,1.03694252413037e-08,2.26143467806069e-08
"YGL029W",377.822911346897,-0.588328668727715,0.102858989329078,-5.71975937703865,1.06675014529773e-08,2.32570448080269e-08
"YFR011C",243.528169668444,0.171090173020919,0.0299138356655026,5.71943280474141,1.06880231143387e-08,2.32944093517639e-08
"YAL024C",262.444188651028,0.219858736021725,0.0384465758658129,5.71855181041559,1.07435759692852e-08,2.34080761229521e-08
"YLR349W",40.6706978054454,0.52184086485722,0.0913214615963373,5.71432887445321,1.10137816744172e-08,2.39892081076755e-08
"YLR361C-A",214.027086109882,0.270462072191405,0.0473502662870683,5.71194405859699,1.116928074455e-08,2.43202080728105e-08
"YKR082W",540.995909323388,-0.285238534077863,0.0499399799383239,-5.71162692556411,1.11901190714798e-08,2.43578785352951e-08
"YER048W-A",422.503805058091,0.190133644212222,0.0332983429947702,5.71000317469505,1.1297406610751e-08,2.45836423878067e-08
"YBR225W",418.884276811074,0.222540396358213,0.0389803982859453,5.70903341535254,1.13619584624467e-08,2.47162982666495e-08
"YML108W",128.850493245669,-0.290829748066437,0.0509754305097521,-5.70529263133537,1.16143377902172e-08,2.52573328129012e-08
"YGR271W",698.571452470171,-0.159096182223471,0.0278877425805704,-5.70487846995239,1.16426126926833e-08,2.53108267726949e-08
"YBR283C",3371.81801533692,-0.0904942406653228,0.0158870345222763,-5.69610650360421,1.22574324575673e-08,2.66390222444289e-08
"YER034W",266.938919585471,0.18869168952923,0.0331347820174959,5.69467121979545,1.23609884696167e-08,2.68556029073245e-08
"YCR042C",944.277824491179,0.196371735356164,0.034497800156354,5.69229731942761,1.25341343752258e-08,2.72231909064447e-08
"YBL046W",871.118757830391,0.241136043651085,0.042384222179184,5.68928792963701,1.27570210172746e-08,2.76985461065706e-08
"YCR039C",182.790340125566,0.304927518127399,0.0535990877324637,5.68904306075925,1.27753253930059e-08,2.77295445557521e-08
"YKR028W",1501.76455446776,-0.141480364283546,0.0248719548582932,-5.68834919046868,1.28273321197933e-08,2.78336532129772e-08
"YCR099C",88.0745473481566,0.306909970899348,0.053992651808476,5.68429148447878,1.31356077473254e-08,2.84935914745858e-08
"YML116W",391.442138827599,-0.356792833418679,0.0627755598666776,-5.68362646508345,1.31868129517028e-08,2.8595655802354e-08
"YGL012W",4266.63699790397,0.193255479661005,0.0340096954282727,5.68236431486384,1.32845299032787e-08,2.879848500758e-08
"YDR042C",26.3848323406583,0.661390885149651,0.116573235718548,5.67360836364273,1.39820584564071e-08,3.03010615273412e-08
"YCR067C",1111.46461633498,-0.118251498868871,0.0208463425293759,-5.67252978320947,1.40704048521575e-08,3.04829255528963e-08
"YGR015C",201.106413416054,0.24149764936333,0.0425768530801301,5.67204083657449,1.41106328231718e-08,3.05604614619496e-08
"YDR394W",3060.40209466095,-0.200906343182597,0.0354610136783234,-5.66555555927064,1.46548928482355e-08,3.17292255534909e-08
"YOR396W",1356.12407251745,0.319684169997669,0.0564302981678135,5.66511573351936,1.4692533479717e-08,3.18007208449706e-08
"YDR090C",503.483740555155,0.125747003380775,0.0222045498070106,5.66311879653931,1.48646173454477e-08,3.21630705290406e-08
"YIL143C",781.750821544194,-0.137512082625209,0.0242833246851357,-5.66281942066123,1.489058390814e-08,3.22091329587006e-08
"YNL076W",810.048030612206,0.165144705794099,0.02918241333867,5.65904895793055,1.52214132506246e-08,3.29143939166301e-08
"YBR166C",525.889693462653,-0.134346575836841,0.023740877340044,-5.65887157043842,1.52371522264243e-08,3.29380825993505e-08
"YDR256C",287.866996211035,-0.162818511713197,0.0287949838070554,-5.6544053924178,1.5638670805232e-08,3.37954326723234e-08
"YGR105W",677.370029427935,-0.206897034417981,0.0365934583665963,-5.65393498327677,1.56815549453407e-08,3.38774727953156e-08
"YJL172W",980.181356431288,0.298820868228684,0.0528694651751564,5.6520501434749,1.58545320836715e-08,3.42340964333168e-08
"YLR336C",211.050993529778,-0.495577340190699,0.0876813317268542,-5.65202797939391,1.58565771279372e-08,3.42340964333168e-08
"YBR114W",653.384045481547,0.176362002635829,0.0312073791665071,5.65129169273872,1.59246589313137e-08,3.43703061887444e-08
"YDL173W",757.989202395836,0.337236513292233,0.059675762707445,5.65114709878957,1.5938062330778e-08,3.43884547625844e-08
"YHL042W",42.3822287433986,0.351845457139823,0.0623029061807493,5.64733619518599,1.62952973653404e-08,3.51482212908423e-08
"YDR275W",424.657134140554,-0.232338493749202,0.0411525212281602,-5.64579002246442,1.64424429921801e-08,3.54545004701409e-08
"YPR182W",701.870679841554,0.510324570507254,0.0904115675410998,5.64446103951541,1.65699497767217e-08,3.57182542932776e-08
"YKL082C",500.913776535578,-0.52503449522883,0.0930343233276028,-5.64344938996353,1.66676538046108e-08,3.59176201704993e-08
"YPL037C",7130.57038988842,-0.267000845879557,0.0473128460812672,-5.64330552892424,1.66815931087489e-08,3.59364106864006e-08
"YNL329C",580.960894695703,-0.127996183669686,0.0227205957010857,-5.63348713887682,1.76601693638897e-08,3.80326137223587e-08
"YPR178W",383.270849763691,0.175155309697998,0.0311476772471766,5.62338271030709,1.87253918293993e-08,4.03140471374027e-08
"YGL164C",639.891153971395,0.113926686661081,0.0203005325381782,5.61200483025874,1.99995854281818e-08,4.30438092132016e-08
"YGR196C",684.074781021102,0.119697427652181,0.0213356979275991,5.61019508517436,2.020986612183e-08,4.34692059508902e-08
"YHR027C",4027.36132335561,-0.212922478724511,0.0379527572936641,-5.6101978856766,2.02095390692493e-08,4.34692059508902e-08
"YER147C-A",108.785573822691,-0.340796275980707,0.060751170395478,-5.60970716715729,2.02669254220922e-08,4.35783202782964e-08
"YCL041C",10.0090405659158,0.681529797341563,0.121639647874898,5.60285901223991,2.10844722361001e-08,4.53220703545268e-08
"YPL234C",3040.46163789586,0.161249476239205,0.0287816438180068,5.60251100523737,2.11268618046382e-08,4.53990148330007e-08
"YIR004W",1080.28069087205,0.112811122751756,0.0201410851910643,5.60104491300228,2.13063518181073e-08,4.57704312847641e-08
"YLR442C",627.402732878682,0.184357492172064,0.0329198868978514,5.60018607427525,2.14121839676469e-08,4.598343313077e-08
"YMR212C",790.177109546041,-0.221053549035253,0.0394985202270127,-5.59650204019735,2.1871974912954e-08,4.69562043266879e-08
"YLR154C-H",3.01442243195412,1.23516945248772,0.22076085842407,5.59505639407789,2.20550069061083e-08,4.73343898218689e-08
"YLR219W",1423.73876411103,0.168367945721566,0.0301149464582584,5.59084326963479,2.25969480959415e-08,4.84823894174375e-08
"YMR135C",1773.25751833518,0.194575358364689,0.0348090473563027,5.58979268731577,2.27340868100433e-08,4.87614291860274e-08
"YDL144C",911.891454048804,0.331775967484674,0.059382260984638,5.58712251745524,2.30862858135993e-08,4.95014256700814e-08
"YJR131W",410.189781614932,0.160019677932618,0.0286436234959574,5.58657245146382,2.31594953311963e-08,4.96429406461042e-08
"YNL094W",1172.79915835918,0.190508808099131,0.0341095709776652,5.58520094620583,2.33430147727605e-08,5.00207459416297e-08
"YBR281C",591.549116866661,0.185258448386101,0.0331817126942626,5.58314907048586,2.36202118926849e-08,5.059899156227e-08
"YLR440C",443.454702237018,-0.177098131656671,0.0317243369744876,-5.58240608146014,2.37213713889498e-08,5.07998886509859e-08
"YKR083C",221.260830954465,0.187548756083446,0.0336300348331504,5.57682312890653,2.44950695416453e-08,5.24404707071603e-08
"YGR166W",546.794682151379,-0.157654497233316,0.0282711895158736,-5.57650738907878,2.45395495647551e-08,5.25193654812989e-08
"YHR031C",270.759291761307,-0.30294100298228,0.0543312756842587,-5.57581244259373,2.46377268571298e-08,5.27130980147105e-08
"YLR036C",205.413599263806,0.287001289414866,0.0515446841342005,5.56800947053311,2.57665823368838e-08,5.5111189620828e-08
"YMR172C-A",11.4154675146588,0.604365330300222,0.108551341022803,5.56755287042712,2.58341705665806e-08,5.52385914133252e-08
"YPL213W",233.815099438197,0.165254416682552,0.0296842967469792,5.56706524298472,2.59065415988569e-08,5.53761375064048e-08
"YLR121C",1623.70783852453,-0.311014062905969,0.055891867696446,-5.56456736416675,2.62803594367213e-08,5.61577513103124e-08
"YMR112C",245.310214216526,0.212749761206679,0.0382844627418846,5.55707840648167,2.74327553468674e-08,5.86020851887005e-08
"YCL043C",11479.2679064732,0.296587832052537,0.053455185289822,5.54834541204009,2.88385708252168e-08,6.15860918522386e-08
"YOR179C",274.616454834363,-0.187705886495774,0.0338777930143157,-5.54067634855835,3.01305640282696e-08,6.43252506463987e-08
"YFL042C",1227.21929093845,0.250839261443891,0.0453056539926862,5.53659950443237,3.08400659365187e-08,6.57991490464615e-08
"YNL151C",851.221007061131,-0.277876854085857,0.0501887048124746,-5.53664126468531,3.08327168092545e-08,6.57991490464615e-08
"YBL006C",808.566434180929,-0.323996140108458,0.0586862663999914,-5.52081704942991,3.37426962091625e-08,7.19697842007695e-08
"YGR167W",2454.38328898253,0.138151129147671,0.0250243627860091,5.52066521449689,3.37718685746676e-08,7.20096980912316e-08
"YNL291C",552.106179388532,0.121025403218716,0.0219229943818969,5.52047777372301,3.38079157086924e-08,7.20642413790548e-08
"YLR081W",126.583282990509,-0.196040416110411,0.0355131877055191,-5.52021456750121,3.38585964613711e-08,7.21499339636459e-08
"YLR352W",443.850672068975,0.171483534809777,0.0310788427819124,5.51769369320206,3.43477423195596e-08,7.31696181528984e-08
"YPR082C",345.083904670616,0.238757694105973,0.0433091265478221,5.51287253143597,3.53023915739215e-08,7.5180008037875e-08
"YKL068W-A",195.624270414594,-0.372316600820187,0.0675739207152864,-5.50976762749778,3.59307712424854e-08,7.64945454559407e-08
"YHR084W",494.94139876907,-0.23195819029399,0.0421048387292296,-5.5090625518288,3.60749707237025e-08,7.67777970425631e-08
"RNA170",15.642595266465,0.504293723921001,0.0915567386592784,5.50799134291679,3.6295125132279e-08,7.72224772978185e-08
"YOL119C",541.797663606783,0.315030863354569,0.0572187290753839,5.50572982737043,3.67641984883709e-08,7.81963257931521e-08
"YNL115C",944.258631365164,0.273353332150919,0.0496644495836006,5.50400406010302,3.71260991760947e-08,7.89416901875886e-08
"YBR234C",2288.47263079225,0.203715822793865,0.0370545815760015,5.49772293005198,3.84726785989702e-08,8.17796826656098e-08
"YMR194W",2720.71343280679,-0.174846465161332,0.0318092105095968,-5.49672445056695,3.86910549325571e-08,8.22184917316839e-08
"YPR008W",1533.69374656849,0.178086628962493,0.0324023232944638,5.4961067866674,3.8826744787215e-08,8.24813754581843e-08
"YGR193C",1252.50383204739,0.130000211175574,0.0236666112569212,5.49297952986643,3.95208616376371e-08,8.39300223242231e-08
"YMR259C",395.879947399785,-0.395495278769305,0.0720035900917631,-5.4927161029787,3.95798775191589e-08,8.40294346960867e-08
"YFL061W",63.5373439224367,0.270353808495256,0.0492401328512482,5.49051744665231,4.00757899545578e-08,8.50477966844588e-08
"YOR241W",826.527531331356,-0.151229654589226,0.0275439762374645,-5.49048014293333,4.00842556631908e-08,8.50477966844588e-08
"YOL125W",380.476317088065,-0.32933804906532,0.0599960923041201,-5.48932499463307,4.03472650522141e-08,8.55794577586241e-08
"YOL106W",25.9327197865546,0.473418349897823,0.0862617250000114,5.4881623326888,4.06136745999319e-08,8.61180011150388e-08
"snR63",96.7966680795055,-0.348472299654532,0.0635384034237332,-5.48443588251021,4.1479088991805e-08,8.79259629644635e-08
"YKL086W",164.098904110736,0.395235882660387,0.0720727636325246,5.48384525221712,4.16178857936972e-08,8.81930266819345e-08
"snR18",16.0235357263643,-0.558697136864509,0.1019153624197,-5.48197174203951,4.20611427826751e-08,8.91049132488362e-08
"YOL160W",11.0086540963371,0.599602975027731,0.109413375851079,5.48016154664526,4.24937661213029e-08,8.99937187773517e-08
"YJR152W",214.14652340091,0.187760003491575,0.0342647323499437,5.47968685626938,4.26079257364814e-08,9.02077394513145e-08
"YMR255W",627.552782886596,0.272227610989787,0.0497217355912229,5.47502229664408,4.37456526649445e-08,9.25880167839357e-08
"YOR174W",458.610594817526,0.122719907583756,0.0224292866180446,5.4714137669018,4.46459569483414e-08,9.44644786691244e-08
"YKL214C",385.324918308254,0.187298463098442,0.0342441703282568,5.46949922579643,4.51308894576147e-08,9.54611901430651e-08
"YOR267C",2147.01969886335,-0.150263659778537,0.0274844467693632,-5.46722519246903,4.57135140982489e-08,9.6663865038834e-08
"YHR161C",1741.55123830935,0.248615780383664,0.0454779838235455,5.4667282821572,4.58417936307037e-08,9.69053574293506e-08
"YGR127W",410.991595715145,0.171804517779171,0.0314462316742709,5.46343738603632,4.67002039593079e-08,9.86896575383164e-08
"YML007W",1762.82439295666,0.111942924293513,0.0204907752533098,5.46308877578612,4.67920443459335e-08,9.88533983804088e-08
"YKL145W",4411.49979275355,0.155991651197574,0.0285565046922846,5.46256108296476,4.69313967174409e-08,9.91173823311597e-08
"YMR139W",857.349020809399,0.169434181053484,0.031051742105084,5.4565112797888,4.85580443270003e-08,1.02521353937871e-07
"YLR287C-A",5753.84087971177,-0.207426617535195,0.0380331770547544,-5.45383356316969,4.92953440031354e-08,1.04046120006618e-07
"YOL093W",479.105839053385,-0.229671258614687,0.0421268588094545,-5.45189613242995,4.98355627738607e-08,1.05154106557778e-07
"YGR029W",569.252675241471,0.217841116393104,0.0399580617419614,5.45174382581077,4.98782732576073e-08,1.05211982652765e-07
"YJR090C",786.575353789166,-0.115792016772248,0.0212452583429745,-5.45025223524942,5.02984310862188e-08,1.06065757436023e-07
"YLR004C",151.490150225909,0.23752003746708,0.0436236956571883,5.44474817845795,5.18787261329977e-08,1.09364675268123e-07
"YDR363W-A",912.372886353428,0.235426263598051,0.0433333379512294,5.4329131963713,5.54413813206971e-08,1.16839274684114e-07
"YBR076W",81.8400925841814,0.285362004512124,0.0525395631733326,5.43137375487287,5.59218709364121e-08,1.17815814381027e-07
"YDR354W",983.930830357095,0.255875073899535,0.0471214578490872,5.43011794582013,5.63168197376894e-08,1.18611594950747e-07
"YFL025C",354.940986538766,-0.186240515645232,0.0343180227560613,-5.42690110584353,5.73408777196878e-08,1.20694571415485e-07
"YPL049C",2441.99849737141,-0.242986136587018,0.0447740665008821,-5.42693919888271,5.73286461583768e-08,1.20694571415485e-07
"YGR147C",964.706638032461,-0.241622124393833,0.0445249138625095,-5.42667247240385,5.74143443916671e-08,1.20812274186011e-07
"YGL150C",1399.36755732012,-0.150903002525394,0.0278188914099865,-5.42447936912477,5.81237026575068e-08,1.22267550503188e-07
"YER091C-A",1.79636749078101,1.6166230178462,0.298208066091258,5.42112438149638,5.92253322391956e-08,1.2454685780906e-07
"YDR026C",644.486979813806,0.168006343986037,0.0310030135010744,5.41903270081197,5.99223576442758e-08,1.2597417782621e-07
"YER093C-A",197.123621583124,0.266630734967853,0.0492097365053726,5.41825162869431,6.01846726142441e-08,1.26487017994222e-07
"YCR028C",430.627658185496,-0.141151283044898,0.0260538810783563,-5.41766820153934,6.03813361619454e-08,1.26861611069574e-07
"YHR098C",1787.74515211854,-0.124643301378019,0.0230101638551979,-5.41688021703776,6.0647941233594e-08,1.27382878399419e-07
"YDR268W",195.078300618499,-0.213220651816894,0.0393630904539879,-5.4167660454946,6.06866642779782e-08,1.27425338076816e-07
"YNL204C",97.485113070737,0.428011062809724,0.0790218387174912,5.41636425773253,6.08231273944715e-08,1.27672936619188e-07
"YHR094C",2914.05829391952,-0.45314585974084,0.0836649002072473,-5.4162003255648,6.08788906437024e-08,1.27751039951811e-07
"YIL086C",28.8709178018514,0.416188324268576,0.0768727116020176,5.41399302295006,6.16345687287832e-08,1.29297381382594e-07
"YKL142W",1533.88691897226,0.287438187202791,0.0531141944041824,5.41170190807142,6.24285504000746e-08,1.30923109809477e-07
"YJL023C",221.572362287696,0.176366033354751,0.0325927178128601,5.41120977904955,6.26003851466131e-08,1.31243499310119e-07
"YJL020C",2185.33763308469,0.223106769311425,0.0412310553388681,5.41113409486525,6.26268521171016e-08,1.31259018820775e-07
"YIR023W",428.460631816964,-0.197053404046742,0.0364290685557321,-5.40923531287311,6.32944206726835e-08,1.32617798640117e-07
"YBR021W",192.722959034781,-0.221970843129806,0.0410377189601529,-5.40894690919192,6.33964180549651e-08,1.32791097751273e-07
"YPR003C",518.119319438374,-0.124193927914229,0.0229677834633769,-5.40731011820366,6.39783120183994e-08,1.33969184381594e-07
"YJL156C",432.934837872095,0.128772497634001,0.0238184396998665,5.40642037247817,6.42967921099689e-08,1.34595139457931e-07
"YNL022C",335.455741918416,-0.304310849816637,0.0562963065096497,-5.40552069369729,6.46203892167395e-08,1.35231422418617e-07
"YGL222C",166.328245578582,0.355870135895193,0.0658553752701845,5.40381304388846,6.52389428944695e-08,1.36477491135438e-07
"YPR147C",439.189609856967,0.183814674571325,0.034016021214541,5.4037676367849,6.52554685283752e-08,1.36477491135438e-07
"YHR048W",359.02485748946,0.14607574032732,0.0270430553730983,5.40159898029244,6.60494772058366e-08,1.3809615868879e-07
"YDL176W",342.614289099797,0.172624893348881,0.0319841019436996,5.39720932770743,6.76854036658454e-08,1.41473589629431e-07
"YJR116W",821.76666554851,0.319354241529092,0.0592036451108463,5.39416518917322,6.88428631626824e-08,1.43849199658594e-07
"YHR005C",590.898619155206,-0.193679562604657,0.0359280400358917,-5.39076338178127,7.01590043145285e-08,1.46554837592697e-07
"YGL206C",1977.64410541997,-0.174540652007463,0.0323941629691932,-5.38802784234466,7.12350189563005e-08,1.4875738717444e-07
"YDL113C",629.054408633416,0.216097578188903,0.0401124470936912,5.38729481360639,7.15260580054883e-08,1.49319863361973e-07
"YIL137C",968.428996055767,-0.107125501613782,0.019892036751943,-5.38534605328026,7.23053988188014e-08,1.50901082409048e-07
"YCR035C",648.594578753118,-0.155562649245337,0.0289179465772368,-5.37945005292286,7.47137191171866e-08,1.55879986703585e-07
"YLR183C",276.663357148019,0.170440959744919,0.0316843957573532,5.37933439066339,7.4761731707319e-08,1.55932906029958e-07
"YGR276C",734.319678019613,0.115438600043353,0.0214611462699214,5.3789577961707,7.49182670811924e-08,1.56212074153243e-07
"YOR321W",863.467828371239,0.139169817203047,0.025877486574344,5.37802683437676,7.53065944274721e-08,1.56974236340643e-07
"YAL012W",6070.35909399642,0.268884203210694,0.0500009816347543,5.37757848785513,7.54943057243205e-08,1.57317885869233e-07
"YLR274W",612.813592911881,0.126285976862577,0.0234845014775525,5.37741782525326,7.556168129834e-08,1.57363029564147e-07
"YOL032W",356.298331350061,-0.232543928477991,0.0432444975739842,-5.3774223663981,7.55597761213564e-08,1.57363029564147e-07
"YML090W",8.54209633833549,-0.781096958514395,0.145308433798217,-5.37544131539584,7.63953317196661e-08,1.59051061049259e-07
"YOR201C",443.009227341208,-0.214052095251612,0.0398227634922839,-5.37511906457941,7.65320921813898e-08,1.59287622330371e-07
"YCR022C",23.5024490063601,0.464468727737833,0.0864263200869358,5.37415832666052,7.69412297194108e-08,1.6009077262561e-07
"YIL107C",721.846269597849,0.165328341294807,0.0307777010094427,5.37169235753131,7.80011013384516e-08,1.62247003841462e-07
"YNL139C",529.657492797866,-0.236941513175315,0.0441567624240009,-5.36591679662022,8.05390647749924e-08,1.67475524305594e-07
"YML041C",219.308572257515,0.145358877491902,0.027096963519825,5.36439728331747,8.1219962569643e-08,1.68840411320046e-07
"YBL079W",745.540018496364,-0.249081260282034,0.0464558962179108,-5.36167161889779,8.2455332864919e-08,1.71356766306963e-07
"YOL068C",889.503300353721,-0.1361170357541,0.025389701890002,-5.36111201083856,8.27112094184809e-08,1.71836655656681e-07
"YGL031C",6910.74552380477,-0.251331905429523,0.0468967098376823,-5.35926520857062,8.35611131611621e-08,1.73550004257798e-07
"YJL008C",2674.90615734133,-0.174070438536719,0.0325004874048462,-5.35593317012111,8.51159673127664e-08,1.76726005714233e-07
"YHR158C",980.229989697315,0.184932051588963,0.0345405469981842,5.35405683061954,8.60038286884935e-08,1.78515634766439e-07
"YGR124W",7895.67101656832,-0.217787002257818,0.0406842527277134,-5.3531031702953,8.64585198382158e-08,1.7940533727731e-07
"YKR104W",62.5767260872232,0.445836364601869,0.0833329901994656,5.35005840465722,8.79258512007425e-08,1.82395144777678e-07
"YLR287C",217.158578231606,-0.33996005401805,0.0635505994264735,-5.34943898383485,8.82272996392702e-08,1.82965348800113e-07
"YGL216W",465.056357721686,0.194545986108897,0.0363935210622757,5.34562143014398,9.01073642200478e-08,1.86807950212294e-07
"YNL025C",316.588645570341,-0.189479223735832,0.035447439892304,-5.34535707829694,9.0238978111556e-08,1.87024492564137e-07
"YDR050C",51503.4328225827,-0.237792084244982,0.044499270516843,-5.34372994170721,9.1053194884606e-08,1.88655205170181e-07
"YPL097W",255.952809119904,0.18359079638004,0.0343624103146446,5.3427799359522,9.15318601881355e-08,1.89589908963692e-07
"YCR088W",2434.20479826205,0.197209892940628,0.0369281662525251,5.34036517253665,9.27595430446813e-08,1.92075023718084e-07
"YGL198W",588.077351372939,0.36287704712612,0.0679510146698994,5.34027415026763,9.28061298038619e-08,1.92113711274681e-07
"YMR070W",1098.96663819425,0.251875552109232,0.0471839384266746,5.33816295349433,9.38930540546987e-08,1.94305283188037e-07
"YPR051W",80.9769714414851,0.305816456847209,0.0572914476235196,5.33790765520233,9.4025323548209e-08,1.94520538650667e-07
"YGL250W",319.756220929332,0.260232067961098,0.0487655205275784,5.33639475485407,9.48128635629988e-08,1.96090887843571e-07
"YLR247C",735.846223206446,0.1953849627542,0.0366169197158312,5.33592023224514,9.50611890491797e-08,1.96545431412493e-07
"YML037C",50.5905300644758,-0.314663686796241,0.0589731278430843,-5.33571303244248,9.5169817488502e-08,1.96710955691485e-07
"YJL034W",4178.8486540905,-0.19264551168332,0.0361257403988425,-5.33263843332864,9.67959250620284e-08,2.00011988010824e-07
"YDR179W-A",93.0335917305568,-0.264979756141116,0.0496962049983262,-5.33199177180714,9.71413414164072e-08,2.00665507246314e-07
"YOL091W",39.6938839648886,0.448035956685773,0.0840645388455805,5.32966650193344,9.83932782837025e-08,2.03190678159356e-07
"YPR060C",382.181396628693,-0.24709093099553,0.0463878239466145,-5.32663336999587,1.00049824036828e-07,2.06549636729703e-07
"YPL004C",9182.20931094517,-0.158249835462567,0.0297102193074396,-5.32644454169143,1.00153840457935e-07,2.06702395549426e-07
"YNL176C",1095.97930884066,-0.305790679446007,0.0574313216457095,-5.32445833882097,1.01254304439305e-07,2.08910963759248e-07
"YJL027C",16.274899885404,0.540273261824425,0.101490917028264,5.32336565324331,1.01864692471064e-07,2.10107371978212e-07
"YNR044W",400.985422004499,-0.347986678292645,0.0653704891199836,-5.32329928959132,1.01901878547676e-07,2.10121124229035e-07
"YLR464W",15.8637569921984,-0.459657550360998,0.0864333376404466,-5.31805855135578,1.04880321734813e-07,2.16197908725805e-07
"YCL067C",118.44622525137,0.322098067870155,0.0605835491743772,5.31659290780509,1.0572824903226e-07,2.178805730581e-07
"YGL093W",618.779469596897,0.126200992329497,0.0237491195163425,5.31392299586747,1.07289971318721e-07,2.21032750607239e-07
"YCL065W",24.6013127927041,0.414353283676342,0.0779984244749576,5.31232888953257,1.08233038020302e-07,2.22908904208728e-07
"YOR357C",288.710776504131,0.179484228418945,0.0337901683094817,5.31172934017557,1.08589800863333e-07,2.23576787961737e-07
"YBL019W",212.773049306384,0.204389871913144,0.0384927703797254,5.30982493327628,1.09730586339667e-07,2.25858023004069e-07
"YGR251W",175.913031894412,-0.319441421802405,0.0601840871506541,-5.30773892113329,1.109934672355e-07,2.28389127888948e-07
"YGL084C",785.181221800309,0.150362304425564,0.0283480189697753,5.30415563027106,1.13195711805409e-07,2.3285105341507e-07
"YOR013W",51.5722454050979,-0.322405302598981,0.0607882764889303,-5.30374146497954,1.13452962082111e-07,2.33310526862405e-07
"YOL060C",1260.2801288244,-0.227885901902906,0.0430318694407079,-5.29574719538741,1.18530727745262e-07,2.43679922521986e-07
"YPR052C",634.270917163672,0.160775018247898,0.0303914593431089,5.29013814153526,1.222240102299e-07,2.51197704606824e-07
"YPL137C",967.928229839494,-0.131383862442718,0.0248566896694036,-5.28565405088675,1.25256411950234e-07,2.57353147203033e-07
"YMR190C",515.777385203775,0.130737065715553,0.0247366826124718,5.28514949897275,1.25602140616614e-07,2.57986497060081e-07
"YHR194W",577.870177185294,0.198523853868475,0.0375770918348738,5.28310851571097,1.27010106290054e-07,2.60800650702959e-07
"YCR096C",115.802271010128,0.308197175845931,0.0583521778208648,5.28167392127274,1.28008882247409e-07,2.62773152735067e-07
"YGL226W",296.802666837478,0.302292664783446,0.0572471423031726,5.28048480014159,1.28842513324212e-07,2.64405575033443e-07
"YFR020W",448.849502921765,0.172035753416947,0.032582873789107,5.27994413661762,1.29223279033621e-07,2.65107948792157e-07
"YDL149W",386.569003863612,0.205580116289948,0.038941661702699,5.27918191728577,1.29761926512793e-07,2.66133709872083e-07
"YNL101W",653.786093360113,0.167867007975165,0.0318198886497393,5.27553725353909,1.32367717003024e-07,2.71397180335265e-07
"YEL050C",562.187339080455,-0.138870311408092,0.0263247830620274,-5.27526897679957,1.32561511698875e-07,2.71713607635235e-07
"YMR306W",178.211795007601,-0.179281335420389,0.0339887598675006,-5.27472423587348,1.32955860285293e-07,2.72440802995309e-07
"YPL171C",82.9002409519823,0.44829270625367,0.085008572281918,5.27350000382285,1.33846251187723e-07,2.74183707059648e-07
"YBR037C",494.932698638827,0.196298157696088,0.0372418564249601,5.27090152156126,1.35755297552734e-07,2.78011666761026e-07
"YCR086W",131.166258939678,0.244904020280923,0.046496067391164,5.26719858306693,1.38521338289263e-07,2.83591856711739e-07
"YKR099W",301.454190099224,0.281296170022838,0.0534073194523373,5.26699660097858,1.38673773514117e-07,2.83819539430646e-07
"YOR387C",65.6722019993433,0.349867855261563,0.0664438430438212,5.26561738806735,1.39719006304197e-07,2.85873806360891e-07
"YCR105W",124.893726539879,0.245218153494587,0.0465711938232118,5.26544701485335,1.39848650787776e-07,2.86054058429542e-07
"YCR052W",1277.48188066168,-0.256475665858694,0.0487350330401163,-5.2626550113873,1.41989860109077e-07,2.90347545842291e-07
"YPL125W",581.506693257288,-0.213635715723593,0.04060464647347,-5.26136130413491,1.42992732302121e-07,2.9231144949528e-07
"YCL040W",20634.8614352192,-0.407726955147354,0.0775505874770094,-5.25756114056813,1.45978369477698e-07,2.98326231479356e-07
"YNL230C",240.185177023064,-0.180037028982607,0.0342632459964675,-5.25452343310287,1.48408250489373e-07,3.03202019174876e-07
"YHR152W",466.466176726939,-0.200195466680381,0.0381116273869993,-5.25287111588083,1.49746327324048e-07,3.0584499069299e-07
"YPR054W",208.615652431483,0.164822390990306,0.031380140150353,5.25244279345423,1.50095090499685e-07,3.06466399196421e-07
"YKR014C",1529.43490310777,0.128357359529174,0.0244791355122099,5.24354136056603,1.57523476974974e-07,3.21538434323361e-07
"YMR192W",452.733063042075,-0.238883675141309,0.0455772056408833,-5.24129708660831,1.59451754576474e-07,3.25377987628638e-07
"YPL129W",980.468931738686,-0.0929977519016667,0.0177460159970693,-5.24048619797396,1.6015406678952e-07,3.2671429625062e-07
"YGL153W",126.039388541858,0.184919325377345,0.0353004656778606,5.23843869553598,1.61940750432185e-07,3.30261275688862e-07
"YBL017C",2535.80778552009,0.156283293975797,0.0298375955368299,5.23779785750126,1.6250390541319e-07,3.31311634222628e-07
"YER186C",450.669496911471,-0.140164235846059,0.0267669239013608,-5.23647156328386,1.63675446330297e-07,3.33601375957399e-07
"YLR288C",357.43289911928,0.19879042276968,0.0379998169406036,5.23135211625897,1.68274625678478e-07,3.42873867356117e-07
"YDR424C",530.531647422193,0.295891213824886,0.056624922534119,5.22545904847107,1.73723568192974e-07,3.53871824558764e-07
"YCL010C",575.977301736314,-0.252875449435994,0.0485159436361334,-5.21221335675845,1.86600760177771e-07,3.79990012961832e-07
"YLR433C",447.436549159583,-0.215784479637084,0.041467697281507,-5.20367644656545,1.95384063919617e-07,3.97758509783136e-07
"YGL033W",8.10862249533186,0.759421781208123,0.146034721781241,5.20028231604901,1.98986047159883e-07,4.04971603516345e-07
"TLC1",1529.70918305959,0.207529909118817,0.0399097854978621,5.19997555812304,1.993147347574e-07,4.05400871138758e-07
"YDR530C",941.693440946259,0.228358986803093,0.0439151434853001,5.20000548055896,1.99282650128349e-07,4.05400871138758e-07
"YNL211C",52.0529259226376,-0.323679376963214,0.0622597908126816,-5.19885101986696,2.00524158275245e-07,4.07740351365936e-07
"YGL039W",764.654902682108,-0.206791287047861,0.0397931102353071,-5.19666057327638,2.0290034548842e-07,4.12450215142537e-07
"YLR117C",525.599818386671,0.221433304975944,0.0426154600306223,5.19607918855805,2.03535585123254e-07,4.13619393026448e-07
"YOR250C",425.832426324745,0.161412874019065,0.0310797163388714,5.19351181520233,2.06363839022891e-07,4.19243148914902e-07
"YGL049C",1642.80497977012,0.118159722776585,0.0227629320713053,5.19088324853968,2.09298839970288e-07,4.25080387373284e-07
"YER061C",391.933213961053,-0.398351463349008,0.0767905403038948,-5.1875069738089,2.13127946600771e-07,4.32729552446568e-07
"YLR394W",417.093257711028,0.155420809379875,0.0299716083124662,5.18560124500327,2.15319073265543e-07,4.37049475068769e-07
"YJL041W",1251.50725947666,-0.167266322759566,0.0322774307131376,-5.18214489393931,2.19348707093656e-07,4.45097509089249e-07
"YOR285W",2038.12246492866,0.266621592065984,0.0514613950150986,5.18100203050768,2.20697089606059e-07,4.47701668219716e-07
"YML110C",1377.17077520411,-0.143181666299251,0.0276369445521435,-5.18080665643433,2.20928397658878e-07,4.48038885973895e-07
"YMR292W",322.519469656816,0.404633069160906,0.0781365358647637,5.17853862706728,2.23630774609073e-07,4.5338571354048e-07
"YOR035C",767.50979635413,-0.192881468901671,0.0372572863071613,-5.17701335817894,2.25466078924083e-07,4.56972020427528e-07
"YIL088C",1519.13541869072,0.157716195482982,0.0304695636178652,5.17618819425783,2.2646502839518e-07,4.58861601089116e-07
"YPR070W",525.786603532801,-0.109427930821419,0.0211433647480149,-5.17552112095557,2.27275716908834e-07,4.60368729307831e-07
"YJL121C",1356.42135668906,-0.201129162705983,0.0388824949257298,-5.17274323806031,2.30681907966692e-07,4.66993512599433e-07
"YKR078W",340.371499310153,0.174443941636373,0.033723459542659,5.17277717061346,2.30640004441196e-07,4.66993512599433e-07
"YPL266W",775.573960239733,-0.302246271696856,0.0584538716207023,-5.17068011607653,2.33243536745374e-07,4.72040491032304e-07
"YGR288W",254.948234679136,-0.209828740954047,0.0406747799811548,-5.15869393887967,2.48678432875357e-07,5.03129888435743e-07
"YIL047C-A",25.0687195908116,-0.521716171010346,0.101144318620008,-5.15813619715404,2.49420168240077e-07,5.04482332060202e-07
"YOR261C",1929.49290683639,0.121941927012777,0.0236733367920264,5.15102404380313,2.59067969557884e-07,5.23842282057571e-07
"YPR169W",1089.65105929275,-0.160664272133256,0.0312163591435171,-5.14679727365394,2.64971413226669e-07,5.35621896672231e-07
"YIL057C",74.1472836316321,-0.765152466392597,0.148774907476009,-5.14302095275026,2.70355456757757e-07,5.46344972050824e-07
"YLR434C",5.34491186052945,-0.808208388381128,0.157181140190515,-5.1418916251754,2.71986002230422e-07,5.49478763308818e-07
"YLR290C",308.397091241078,0.328902906729667,0.0639660968792121,5.14183173237439,2.72072741330349e-07,5.4949276153108e-07
"YNR017W",2028.00486766399,-0.183552701382741,0.0357012738914179,-5.14134879167055,2.72773131889427e-07,5.50584289961509e-07
"YPL220W",14458.9169797629,-0.234830491038718,0.0456747451604781,-5.14136401229261,2.72751031447552e-07,5.50584289961509e-07
"YMR322C",4.3528318380995,0.876683048181446,0.170558483348944,5.1400729589501,2.74631810586894e-07,5.54173509932814e-07
"YDR251W",2320.19282471779,0.109119886080395,0.0212336148596754,5.13901598015811,2.76180914051213e-07,5.57136124594961e-07
"YER039C-A",49.4457017509063,0.383905697052182,0.0747066235512266,5.1388441720825,2.76433511241642e-07,5.57482344727213e-07
"snR14",15.9886990079985,0.577244633505837,0.11237680667932,5.13668834845138,2.79622091943459e-07,5.63747614357458e-07
"YPL091W",2156.01917640368,0.143638831767806,0.0279732444202467,5.13486493057065,2.82346727209211e-07,5.6907412670826e-07
"YOR111W",208.700482098402,0.215140012096567,0.0419272158519724,5.13127351112789,2.87788367435088e-07,5.79872083637864e-07
"YNL184C",24.5376017858807,-0.545704520570454,0.106483693484983,-5.12477077673318,2.97899944233532e-07,6.00070543021611e-07
"YPL217C",1336.83808037094,-0.426993833826237,0.0833226650141268,-5.12458205404068,2.98198466272873e-07,6.00496180254088e-07
"YFR038W",483.924074869733,0.193852816057832,0.0378336789331834,5.12381617447744,2.99412903997494e-07,6.0276545146864e-07
"YBR088C",92.0809132355502,0.256635438214233,0.050088580854698,5.12363165086882,2.99706212008734e-07,6.03179558515093e-07
"YAL064W-B",25.1192487758027,-0.449994093012291,0.0878462880806424,-5.12251687401065,3.01484106547873e-07,6.06580383863852e-07
"YLR138W",2398.70909345593,0.17654597578756,0.0344749322619891,5.12099558154067,3.0392676870574e-07,6.11316331445814e-07
"YPR171W",532.520343536178,0.169924934951419,0.0332085640712676,5.11690100742537,3.10596527533704e-07,6.24549384366107e-07
"YAL014C",1203.52742404388,0.245806788853397,0.048089269018939,5.11146860553425,3.19663953179841e-07,6.42594545297287e-07
"YOL024W",8.03242198702034,0.670656308458675,0.131353173113458,5.1057488187163,3.29487119103485e-07,6.62147931998685e-07
"YNL240C",542.55379592371,-0.242892272803907,0.0475865026124857,-5.10422618745209,3.32150810372629e-07,6.6730619475213e-07
"YOR183W",4.2181597813448,-0.883335082974549,0.173076195975462,-5.10373525369015,3.33014073094382e-07,6.68845359759282e-07
"YOR378W",62.8361244698549,-0.299559961919377,0.0587387849532824,-5.09986650485928,3.39893118293877e-07,6.82462560353848e-07
"YDR144C",787.07900550083,-0.203761856939738,0.0399572423924625,-5.09949748129204,3.40556401224263e-07,6.83594991961822e-07
"snR38",4.47718609020021,-1.06308814660704,0.208492349158322,-5.09893121209817,3.41576643736673e-07,6.8544307552521e-07
"YLR113W",3477.84708548806,-0.196026302109216,0.0384644512815708,-5.09629789527602,3.46359957471075e-07,6.94839250346256e-07
"YLR053C",42.8605514710203,-0.375071827070675,0.0736334054602833,-5.09377265286179,3.51007649129586e-07,7.03957956381358e-07
"YHR081W",552.943602846239,-0.231849117000347,0.0455362935088858,-5.09152368659749,3.5519748869134e-07,7.12153380792044e-07
"YJR062C",514.937201290215,0.15337291907269,0.030139195408743,5.08881929303921,3.60299738557742e-07,7.2217283841923e-07
"YGR181W",492.455828119651,0.149363375290587,0.0293594845428498,5.0873977393095,3.6301000680462e-07,7.27393450771189e-07
"YDR410C",364.321328118527,0.170807987987615,0.0335993178091182,5.08367428642437,3.70202563732703e-07,7.41589948006883e-07
"YHR086W",743.204802027141,-0.181268137499588,0.0357018373270168,-5.07727755967382,3.82881348654298e-07,7.66765004504027e-07
"YHR054C",228.805166425052,0.470819377496639,0.0928022092661223,5.07336389100936,3.90844063361103e-07,7.82483680209711e-07
"YPL078C",1653.94453681781,0.15870979366459,0.0312999838633069,5.07060305071423,3.96557118788115e-07,7.9369062873726e-07
"YGL061C",174.799304991966,0.149919802574273,0.0295678817166292,5.07035992672945,3.97064062279773e-07,7.94474300725439e-07
"YDR467C",44.1970088825905,0.393633157610029,0.0776359796678429,5.07024139186684,3.97311448794009e-07,7.94738327991502e-07
"YML013W",563.499429827515,-0.159373308860177,0.031449763888435,-5.06755183999277,4.0296477899011e-07,8.05812519124864e-07
"YER134C",191.872860001743,-0.237300797909582,0.046882923489124,-5.061561443894,4.15836678569689e-07,8.31311130067454e-07
"YGL229C",259.962778864732,-0.285163075085811,0.0563797339059463,-5.05790033634293,4.2389786153447e-07,8.4718048669516e-07
"YDR356W",371.681139038912,0.308600643179023,0.0610413093458734,5.05560327073629,4.29032388354713e-07,8.57193265763843e-07
"YDL091C",427.35024147149,0.178511522808474,0.0353161252320567,5.05467464608598,4.31125087071521e-07,8.61124521174186e-07
"YBR236C",548.248031187796,0.12264976137362,0.024294407206628,5.04847722072256,4.45345559960543e-07,8.89270353923532e-07
"YJR060W",607.701237266348,-0.198677710954603,0.0393694069398536,-5.04649997034835,4.499769627996e-07,8.98257868621411e-07
"YGR030C",164.727597510852,0.263589804495899,0.0523030012168868,5.03966882135235,4.66338110574325e-07,9.30648664146154e-07
"YDR170C",2236.82677774853,-0.135476294669413,0.0268838264956386,-5.03932335270022,4.67180599761781e-07,9.32059817258726e-07
"YJL005W",1669.41423622337,-0.153281888834251,0.030435824405423,-5.03623252626399,4.74783761172716e-07,9.46954286116497e-07
"YKR046C",1632.58487188681,0.18086152328165,0.0359274330076446,5.03407864522818,4.80152534083421e-07,9.57384939810123e-07
"YKL071W",98.2675590354613,-0.251383633764098,0.049937486226625,-5.03396652012629,4.80433615050158e-07,9.5766804852934e-07
"YGR150C",426.436131937597,-0.184929801385078,0.0367436971006814,-5.0329666303952,4.82947217748359e-07,9.62399882546297e-07
"YHR096C",450.691690701882,0.190029797540438,0.0377610534023469,5.03242839959087,4.84305511820655e-07,9.64827386830212e-07
"YJL189W",4.28975356170238,0.97172088939274,0.193149314357396,5.03093108368331,4.88103589542359e-07,9.71831467321903e-07
"YOL148C",529.90560099122,0.137793800747862,0.0273893072604021,5.03093413198792,4.88095828137758e-07,9.71831467321903e-07
"YPL119C-A",39.3354492472444,0.653570324067752,0.130062902467284,5.02503259322658,5.03347043823565e-07,1.00189199095844e-06
"YGR279C",4672.89979933339,-0.243680489294233,0.0485010675596076,-5.02422939443037,5.05457931410241e-07,1.00580284906344e-06
"YDL058W",1028.70744130688,0.325983331785852,0.0649041227990146,5.02253659286496,5.09934776762169e-07,1.0144180693463e-06
"YOR336W",524.525761943333,0.169299234248847,0.033741816809681,5.01749017261786,5.23508785375286e-07,1.04112015809036e-06
"YCR031C",15683.1928057118,-0.292722325294584,0.0584173113985973,-5.0108832174295,5.41807886127015e-07,1.07720106727823e-06
"YCL001W-A",9.85861683884906,0.595718086752461,0.118888868926883,5.01071372054879,5.42285356976333e-07,1.07783911165764e-06
"YPL013C",566.225371126383,0.17061022168119,0.0340537841952792,5.01002240170539,5.44236999802502e-07,1.08140598662056e-06
"YML089C",2.98986472467481,1.10965535173589,0.221562123543351,5.00832603510758,5.49054704386252e-07,1.09066406223293e-06
"YDR294C",1743.38434334412,-0.101282891312572,0.0202235586966278,-5.00816363884865,5.49518062606858e-07,1.09126964552876e-06
"YCL032W",715.520460704809,0.166194893188035,0.033190456168293,5.00730970208241,5.51960773695428e-07,1.09580447718945e-06
"YJL015C",21.6203720734443,-0.46694786178367,0.0932622053794393,-5.00682843477572,5.53342062082631e-07,1.09823006556325e-06
"YBR227C",635.167071613807,0.154513980336629,0.0308619210156247,5.0066222468265,5.53934862665079e-07,1.09908977793921e-06
"YKR086W",437.081586271735,-0.205691050033129,0.0411088962111348,-5.0035653834319,5.62795652229301e-07,1.11634919781006e-06
"YMR094W",45.5317156746364,-0.289515132356584,0.057872663348906,-5.00262326983534,5.65553951414666e-07,1.12149739501439e-06
"YEL059C-A",107.503186910823,0.339495543222312,0.0678849475553446,5.00104302129027,5.70209857027474e-07,1.13040451069224e-06
"YLL062C",150.253051892659,0.522470813722457,0.104581965897569,4.99580218480671,5.85916967622632e-07,1.16120849800858e-06
"YLL033W",62.1436373665081,-0.281230803676148,0.0563110198573514,-4.9942409920575,5.90676033549257e-07,1.17030345064364e-06
"YOL166C",0.647231032043038,1.99966784809174,0.400725358945639,4.99012054877967,6.03416234905222e-07,1.19520160452315e-06
"YLR345W",1078.71140791772,0.188676358284382,0.0378107868388124,4.9900140689669,6.03748950734045e-07,1.19551668846819e-06
"YGL041W-A",81.7753768920419,0.210155950929558,0.042116332552077,4.9898920013916,6.04130590964912e-07,1.1959284412862e-06
"YOR151C",3599.82331336952,-0.160149530791777,0.0321184470366611,-4.98621650694931,6.15731433082655e-07,1.21854294819606e-06
"YIL017C",1274.72220895991,0.15499730158306,0.0310884852725302,4.98568200490668,6.17436244963866e-07,1.22156567430351e-06
"YLR040C",132.034773643886,-0.228605115547848,0.0458831900489915,-4.98232828414406,6.28237335908972e-07,1.24257801141433e-06
"YBR289W",553.3525432543,-0.18140353431889,0.036414271623965,-4.98166038283474,6.30410036751881e-07,1.2465172610674e-06
"YHL031C",206.710875349925,0.291090127915109,0.0584374591239786,4.9812249245393,6.31830492383872e-07,1.24896725238672e-06
"YPR164W",428.671490876792,-0.14827949889438,0.0297684631897956,-4.98109351325899,6.32259758734377e-07,1.24945707201096e-06
"YDR158W",5118.48824032781,0.200939922711553,0.040341108815831,4.98102131076523,6.32495734078278e-07,1.24956474293514e-06
"YOR360C",407.156999542166,-0.164707237631117,0.0330693717665326,-4.98065819919225,6.33683758615987e-07,1.25155269020972e-06
"YML121W",446.574722334113,-0.139490964767609,0.0280081420682166,-4.9803719371269,6.34621863555146e-07,1.25304603687329e-06
"YKL022C",493.491367126851,0.123756353151432,0.0248523803585266,4.97965793884096,6.36967532445518e-07,1.25731693259386e-06
"YKL025C",706.372985636452,-0.0967357386974793,0.0194294330306702,-4.97882457737073,6.39715908873508e-07,1.26238006093267e-06
"YGL177W",12.0417544030131,-0.498559644852645,0.100158474032402,-4.97770807382065,6.43415989492403e-07,1.26931779015908e-06
"YBR178W",1.95689953015153,1.39238644628522,0.279728958009972,4.9776271151576,6.43685086130044e-07,1.26948490919661e-06
"YGL159W",270.467609960856,-0.172970389517771,0.0347539986674941,-4.97699246560519,6.45798344296421e-07,1.27328797264629e-06
"YKL186C",705.843866958684,0.193487763181618,0.0388871414320113,4.97562320233551,6.50380520634999e-07,1.2819553062044e-06
"YIL045W",398.591535812635,-0.212588678133576,0.04272724962196,-4.97548239155358,6.50853510246069e-07,1.28252044019582e-06
"YOR025W",422.968986196939,-0.172441020858875,0.034659041121244,-4.97535463418168,6.51282939695354e-07,1.28299943914235e-06
"YPR179C",353.639725257917,0.18620319086934,0.0374362189249672,4.97387813770787,6.5626572634477e-07,1.29244551655713e-06
"YNL308C",1263.94484962715,-0.363267224159644,0.0730428554484474,-4.9733436888435,6.58078390199704e-07,1.29564475737059e-06
"YDR500C",8207.18073378625,-0.257222544035381,0.0517468005850448,-4.97079125911641,6.66802094051231e-07,1.31244494498077e-06
"YOL005C",855.06468840678,0.28624157796404,0.0575921442531722,4.97014969100188,6.69012312419214e-07,1.31641891140505e-06
"YBR058C-A",603.990546767115,0.201354695355077,0.0405585226454548,4.96454708459756,6.88615792086859e-07,1.35460563671944e-06
"YML097C",229.634454177137,-0.165660859826597,0.0333943422164819,-4.96074630704463,7.02228557399085e-07,1.38098932239152e-06
"YGR001C",420.487027495103,-0.169317924403493,0.034132821301002,-4.96056047961447,7.02900717557514e-07,1.3819164592757e-06
"YIL139C",182.21441361208,0.205167939455284,0.0413833047296436,4.95774662742964,7.13154836100781e-07,1.40167600529657e-06
"YAL016C-A",24.4184028680179,-0.622827508309384,0.125782649107065,-4.9516170372532,7.35993341232415e-07,1.44615129976746e-06
"YJL169W",30.6011274020897,0.44788065459045,0.0904967157217513,4.94913711529091,7.45432206073274e-07,1.46427981135934e-06
"YBL091C-A",489.216387648056,0.258501159595932,0.0522455444994801,4.94781252779373,7.50521405225681e-07,1.47385621077547e-06
"YLR216C",1705.3993262543,-0.231805389862885,0.0468532375164672,-4.9474785980673,7.51809670156519e-07,1.47596509239453e-06
"YJL180C",370.273412516872,-0.15445223832775,0.031231629782166,-4.94537875240649,7.59959597761119e-07,1.49153986048612e-06
"YJL030W",378.534155994078,0.206685759160877,0.0418122211401618,4.94319013735316,7.68544614952783e-07,1.50795943971214e-06
"YGL238W",1048.20068581042,-0.202025302474594,0.0408867860921947,-4.94109030773542,7.76869129539798e-07,1.52385867717422e-06
"YDR523C",51.0241606760299,-0.631331104285365,0.127888754495245,-4.93656464774498,7.95106889379196e-07,1.55918853129472e-06
"YJL221C",136.960882662947,0.24879063992457,0.0504034817637422,4.9359812302399,7.97487773875826e-07,1.56341210795418e-06
"YBL004W",1179.24332649333,-0.361132018332236,0.0732035796540412,-4.93325627023895,8.0869937519312e-07,1.58494027845279e-06
"YOR390W",119.883954084383,-0.204312876059676,0.0414248808384761,-4.9321294817077,8.13379676614228e-07,1.59365938346299e-06
"YBR274W",332.181555941228,-0.133885059083542,0.027153797287488,-4.93062011423478,8.19689977697932e-07,1.60556628633009e-06
"YDL198C",934.889559832718,-0.306173495671011,0.0621049055456365,-4.92994060583549,8.22546205360199e-07,1.61070268029152e-06
"YOR316C-A",4.70006480977514,-0.818630771847848,0.166146246431083,-4.92716982437164,8.34292382041237e-07,1.63323942290416e-06
"YPL031C",988.460957966027,0.214143720440148,0.0434826269976967,4.92481101593727,8.4441923272728e-07,1.65259420617604e-06
"YPR077C",1.34678398997291,1.78327252797537,0.362158914070707,4.9240056193321,8.47903998210133e-07,1.65894260519374e-06
"YGR031W",460.339048935338,0.274206896294064,0.0556936564050158,4.92348525835645,8.50162840384975e-07,1.66288953296891e-06
"YGL228W",1904.36985737467,0.13281582656318,0.0270032362674379,4.9185151456582,8.72031709457507e-07,1.70517986924594e-06
"YCR068W",368.203594600497,-0.32049303490423,0.0651664633177016,-4.91806703306503,8.74029846015797e-07,1.70841486448972e-06
"YIL025C",3.56644383282874,0.978051095767198,0.198870386136271,4.91803286939369,8.74182362759226e-07,1.70841486448972e-06
"YMR247C",527.134142491894,-0.209071648907642,0.0425174088079645,-4.91731868825641,8.77376552680959e-07,1.71417070522372e-06
"YJR113C",703.501495978188,0.253798019406059,0.0516690678478794,4.91199144821567,9.01559860901856e-07,1.76091904746362e-06
"YDR245W",1397.46429599971,-0.130309763274809,0.0265348135370859,-4.91089802054512,9.06602315978165e-07,1.77026572476168e-06
"YLR210W",166.868455919766,0.184103556877446,0.0375151705558241,4.90744288643158,9.22715127440226e-07,1.80121736672128e-06
"YNR062C",69.1314603238329,-0.22970394453205,0.0468327198816033,-4.90477480515244,9.35345868847804e-07,1.82535609609329e-06
"YMR105W-A",24.7701473921408,0.356378189731702,0.0726741164906606,4.90378427617349,9.40077287503955e-07,1.83406974340174e-06
"YOR192C-C",25.8587007310238,-0.381057123212857,0.0777859590349647,-4.89879057789301,9.64283533021132e-07,1.88076264160071e-06
"YKL165C",407.665357995043,-0.165767465588429,0.033848092548532,-4.89739459766451,9.71156957250122e-07,1.89363229982076e-06
"YPL034W",95.7186056806091,0.244436775671458,0.049913013414049,4.89725542402648,9.71844789813381e-07,1.89443696995049e-06
"YDL140C",4622.48175058891,-0.280745040594267,0.0573519174785708,-4.89512910704627,9.82412102715377e-07,1.91449400713144e-06
"YDR257C",420.212881454802,-0.18562058030335,0.0379257449741461,-4.89431599642637,9.86482242295265e-07,1.9218817878333e-06
"YCR020C-A",210.372667261079,0.200177975033813,0.040915628825111,4.89245749807366,9.95846259648862e-07,1.93957609552544e-06
"YGR055W",1475.46982819398,-0.465073707100342,0.0950731504129735,-4.89174604060326,9.99453525813702e-07,1.94605133631995e-06
"YNL033W",83.5647391335227,0.245304976041178,0.0501496672830417,4.89145769715064,1.00091907771714e-06,1.94835392990742e-06
"YFL001W",276.138187978651,-0.209588158498231,0.0428492447908624,-4.89129177237975,1.00176335445716e-06,1.9494462112599e-06
"YLR425W",480.837470033821,0.171058342601066,0.0349765549935175,4.89065725977785,1.00499827899372e-06,1.95518879651647e-06
"YGR028W",536.53804133067,0.168472862015919,0.0344573298075088,4.88931855593772,1.01185638909995e-06,1.96797492625795e-06
"YLR267W",273.824439598786,-0.38819881635517,0.0794006948068545,-4.88911107515469,1.01292332610859e-06,1.96949367417612e-06
"YNL234W",426.007740112128,0.23060852877524,0.047194945491838,4.88629717381753,1.02750073289018e-06,1.99727344606124e-06
"YBL093C",959.25798983909,-0.187863964817358,0.0384695513775939,-4.88344568860183,1.04247873333986e-06,2.02581599747247e-06
"YFL017C",394.092041817262,0.118484683926378,0.0242713683284106,4.88166477980094,1.05193968723316e-06,2.04362436416486e-06
"YGL230C",18.9859913037869,0.50225533988937,0.102945280832458,4.87885734856351,1.06702199802008e-06,2.07234032619697e-06
"YJR155W",277.992004451829,0.351668805078517,0.0720811167043982,4.87879240995525,1.06737331730136e-06,2.07243803993792e-06
"YDL118W",9.9602465529101,0.562186841464308,0.11529860720589,4.87592049104638,1.08302227759715e-06,2.10211879094649e-06
"YDR071C",1509.39462484807,0.137772541331568,0.0282559610447014,4.87587525738764,1.08327051129675e-06,2.10211879094649e-06
"snR13",15.275797531298,-0.571029533496382,0.117120592343497,-4.87556903590136,1.08495243708788e-06,2.10478938555932e-06
"tK(UUU)O",4.75996907344646,0.847818272724398,0.173995256264114,4.87265165113159,1.10110274383962e-06,2.13551898347487e-06
"YOR104W",257.255495442752,0.150750442496445,0.0309484812609927,4.87101261044591,1.11027752661344e-06,2.15270649696805e-06
"YMR234W",398.474876017961,-0.164716557721893,0.0338364055632507,-4.86802764596219,1.12717564615921e-06,2.18485482089138e-06
"YBR182C-A",5.7908702306733,0.751381671929427,0.154479057925309,4.86397109110233,1.15053725165124e-06,2.22950998525718e-06
"YDR469W",432.717360440993,0.185245034788359,0.0381121468308283,4.86052479831751,1.1707497667149e-06,2.26803943270458e-06
"YNR060W",451.102862354746,0.175773101572503,0.0361707356778855,4.85953902452609,1.17659389041098e-06,2.27871981307442e-06
"YDR304C",2354.33081421785,0.14558305101796,0.0299839091819199,4.85537259783811,1.20160589337847e-06,2.32650634868131e-06
"YMR059W",121.253517160477,0.230884707342637,0.0475536720284211,4.8552445582887,1.20238258836658e-06,2.32735567076297e-06
"YDL061C",4413.0765670281,-0.36882614424504,0.0759682257553647,-4.85500537333524,1.20383479160766e-06,2.32951167515985e-06
"YGL161C",1644.81563654501,0.208336948363901,0.0429602114549607,4.84953265610252,1.23752695563075e-06,2.39403570933344e-06
"YJL087C",292.14626754443,-0.29630173108734,0.0611154463372555,-4.84822984769265,1.24568021972548e-06,2.40845501623418e-06
"YOR117W",2668.50743862461,0.0948333570619409,0.0195602473826674,4.84826982024644,1.24542929599157e-06,2.40845501623418e-06
"YKL066W",178.520031986983,0.489756241685652,0.101101325242063,4.8442118885489,1.27115222654723e-06,2.45701377871355e-06
"snR31",106.036662207744,-0.287506003971511,0.0593629490279579,-4.8431893745054,1.27771403748999e-06,2.4690039708444e-06
"YDR442W",6.54320912741948,0.715671341510587,0.147836584883737,4.84096235091883,1.29211853511702e-06,2.49613807920333e-06
"YOR167C",6270.09239422515,-0.177564502796227,0.0366815293526261,-4.84070609731856,1.2937859818853e-06,2.49865820063963e-06
"YNL065W",272.88025214307,-0.327158910857041,0.0676150810114443,-4.83854941772039,1.30790178490011e-06,2.52521138223143e-06
"YLR309C",871.808535085531,0.296729230865613,0.0613841038982016,4.83397511769014,1.33833321783776e-06,2.58324199742443e-06
"YBL109W",7.68985428289595,0.651620944413984,0.134839938074452,4.83255149564211,1.34794229663702e-06,2.60106017722698e-06
"YDR375C",541.880663052262,-0.105781243505993,0.0219094010166541,-4.82812119900425,1.37827205629982e-06,2.65884088193451e-06
"YJR073C",1591.79288516754,-0.400391267130166,0.0830146516486115,-4.82313976121903,1.41315876944064e-06,2.72537762677838e-06
"YDL246C",126.643034330053,0.256575652840644,0.0532051631524294,4.82238259669595,1.41853524107453e-06,2.73498043539573e-06
"YOL013W-B",2.31612479137898,1.22500430155792,0.254194622836166,4.81915898884873,1.44164637520422e-06,2.77876128031384e-06
"YLR232W",2.70178799935649,1.080234783555,0.224273011886598,4.81660621787704,1.46020451083374e-06,2.81374420853352e-06
"YNL313C",371.259311754136,-0.322211778968362,0.0669456020828075,-4.81303877990082,1.48652429233137e-06,2.86344629996254e-06
"YPL087W",1089.67583356177,-0.299744848185339,0.0622782020437801,-4.8129977801001,1.48682941501323e-06,2.86344629996254e-06
"YLL067C",1050.94604403393,0.269196431660478,0.0559450830281829,4.81179787551424,1.49578588477877e-06,2.8798897697712e-06
"YGR106C",2429.79741944468,-0.100185245806664,0.0208351001236103,-4.80848401074558,1.5207919023925e-06,2.92721617220363e-06
"YML054C",179.01761877717,0.215381301312801,0.0448023436117399,4.80736684623709,1.52931210975413e-06,2.94279314579574e-06
"YKL005C",570.748304824629,-0.17775309696558,0.0369756339099123,-4.80730357182407,1.52979605139985e-06,2.94290187591171e-06
"YBR222C",1620.42287903068,-0.198283769740934,0.0412656748936125,-4.80505335856331,1.5471023954506e-06,2.9753631264462e-06
"YGL173C",3020.92416504098,-0.132604369300761,0.0276043246040551,-4.80375344091125,1.55718564578293e-06,2.99391878559494e-06
"YCL001W-B",20.9967982510998,0.489665385728529,0.10198758251873,4.80122553781094,1.57697536511811e-06,3.03112099074209e-06
"YNL310C",409.663328029993,0.260691588609728,0.0543077930582139,4.80026113987518,1.58458869379013e-06,3.04490459300727e-06
"YNL266W",11.1968145287206,0.620789245282617,0.129370633842916,4.79853291927431,1.59832041191434e-06,3.07043416183879e-06
"YKR089C",1953.38575132615,0.119524901200615,0.0249095419389977,4.79835805464932,1.599716168344e-06,3.07225824799119e-06
"YNL042W",546.711183540518,0.171531305541821,0.0357669862616143,4.79579979949028,1.62027041437673e-06,3.11086497573447e-06
"YGR046W",483.012842038973,0.203975307003438,0.0425417866657314,4.79470475949112,1.62914586389265e-06,3.12703353022048e-06
"YEL003W",354.814884430146,-0.185081130784953,0.0386107547537112,-4.79351237668214,1.6388634349099e-06,3.14480901598513e-06
"YPL051W",306.137580452331,0.127151947026831,0.0265539244864977,4.78844274380179,1.68080503296789e-06,3.22439193423904e-06
"YJL029C",528.076117329325,-0.14059470769699,0.0293825984741842,-4.78496508130545,1.71017061900944e-06,3.2798118974596e-06
"YMR242W-A",4.23598146683415,-0.81104551573789,0.169512307294289,-4.78458189074047,1.71343629841368e-06,3.28515982026684e-06
"YGR066C",96.6059651331049,0.260498339649679,0.0544818653696231,4.78137703036362,1.74098487404503e-06,3.3370492365813e-06
"YPR010C-A",167.675924304785,0.300707917601313,0.0629486294149682,4.7770367742083,1.77897249754137e-06,3.40891334416152e-06
"YHR029C",376.579555094248,0.221163652756394,0.0463646930067091,4.77008772007594,1.84145711038149e-06,3.52766616721663e-06
"YNL196C",125.450959997276,0.288355502457074,0.060519831642331,4.764644821903,1.89186597858372e-06,3.62322594229456e-06
"YBR219C",1.16416093242959,1.74923701023631,0.367345759618293,4.76182714632105,1.91847978563205e-06,3.67317389434835e-06
"YOR007C",4268.74915777411,-0.125721249561407,0.0264384790615434,-4.75523759399147,1.98213165024523e-06,3.79398843812578e-06
"YDR520C",216.700503495646,0.227128966711842,0.0477688424808454,4.75475131730307,1.98690837819247e-06,3.80207453692472e-06
"YKR095W",1743.55489353108,0.275324659524262,0.0579286425231222,4.7528242943785,2.00594661806743e-06,3.83743886229349e-06
"YJR072C",1868.07248861919,-0.190520015572828,0.0401078125371571,-4.75019711923519,2.03218458787629e-06,3.8865530243134e-06
"YPR066W",257.29958425124,0.258007639102047,0.0543212566311095,4.74966256495414,2.03756347076315e-06,3.89575798283929e-06
"YLR411W",100.321794096739,0.247425577381904,0.0521461647151638,4.74484707999924,2.08663910170346e-06,3.9884814589751e-06
"YKL100C",1565.88070310865,0.127166274423179,0.0268257574428717,4.74045419571073,2.13239656794706e-06,4.07481275889967e-06
"YNL235C",11.2230155688259,0.535620207426027,0.113022741268597,4.73904810141822,2.1472453278562e-06,4.10204885746113e-06
"YJR099W",308.516535768388,0.191931388616328,0.0405284001399061,4.73572576153441,2.18272574508295e-06,4.16867316363276e-06
"YPL189W",64.513106969338,-0.269126533130845,0.0568784969575884,-4.73160416548137,2.22752461187823e-06,4.2530523995512e-06
"YOL126C",2505.61419229111,0.308165904592854,0.0651455536672444,4.73042114534674,2.24054544580231e-06,4.27672730644549e-06
"YHR060W",347.6732384885,0.144877635872052,0.0306286296170297,4.73013770722211,2.24367592507975e-06,4.28151572732097e-06
"YOL151W",327.458961970242,-0.128002163518639,0.0270651620202467,-4.72940688191278,2.25176703468226e-06,4.29576504122675e-06
"YKR043C",2803.51361978412,-0.229140113724999,0.0484694492637436,-4.72751634701163,2.2728277099846e-06,4.33474204521994e-06
"YDL192W",5583.52491145189,-0.127385053020842,0.0269750447111013,-4.72232963411615,2.33158378888226e-06,4.44557030918149e-06
"YAL047C",209.509024811536,0.142387333596472,0.0301754557191562,4.71864733118447,2.37417993682466e-06,4.5255340157912e-06
"YDR323C",161.474307103949,0.154865090916973,0.0328256765666559,4.71780347322022,2.38404622070327e-06,4.54308282024412e-06
"YGL176C",304.761513505234,0.170420156076089,0.036123977740323,4.71764647019643,2.38588621883961e-06,4.54533110589671e-06
"YMR087W",274.372022673556,0.129871293289117,0.0275504520316172,4.71394419010167,2.42967236233999e-06,4.62746727931143e-06
"YPL038W",225.994479888095,-0.16585023344376,0.0351911601711248,-4.71283790125919,2.4429052304243e-06,4.65138343790689e-06
"YPR180W",433.724955919367,0.106842317279246,0.0226728986383785,4.71233603534017,2.44893108418556e-06,4.66156773973393e-06
"YGR005C",1291.20434300209,0.0884862322244885,0.0187839687395835,4.71073144611987,2.46829311881428e-06,4.69712496490778e-06
"YPL146C",688.698171335335,-0.444747203309166,0.0944465507218939,-4.70898301642336,2.48955811613732e-06,4.73628284874426e-06
"YNR048W",236.580387939167,0.182302629319998,0.0387176413622757,4.70851588334673,2.49526925015319e-06,4.74583668157588e-06
"YGL200C",3462.81211598185,0.199122408094673,0.0423085460589787,4.70643467201859,2.52086717718185e-06,4.79319815379648e-06
"YAR002W",774.606311674052,-0.170308177346423,0.0361966981941431,-4.70507493343634,2.53772726506101e-06,4.82392385973082e-06
"YIL147C",900.118072287908,0.154761316593565,0.0329046658504661,4.70332436429749,2.55959288838595e-06,4.86414491761999e-06
"YPL123C",379.878520652903,0.276477332030434,0.058788011544598,4.70295430592496,2.56423823040345e-06,4.87162809501318e-06
"YER017C",1322.74879719242,0.0895375073466447,0.0190573246034345,4.69832514321072,2.62303618942927e-06,4.98195976944014e-06
"YCR054C",105.814802280132,-0.247844136599334,0.0527538659416181,-4.69812272855262,2.62563649312094e-06,4.98552323638656e-06
"YJL163C",658.207235941312,0.267621090723747,0.0570413005907722,4.69170737609445,2.70934457701986e-06,5.14304863875978e-06
"YKL068W",706.72805078831,-0.227265678299699,0.0484453130002997,-4.69117989387937,2.71634001086987e-06,5.154906553153e-06
"YMR325W",8.88388941267409,0.635228338094943,0.135414110859868,4.69100549463639,2.71865669240911e-06,5.15788132467255e-06
"YLR360W",416.550817114569,0.128053219689262,0.0273191924113476,4.68729886891063,2.76834546893421e-06,5.25070483570579e-06
"YDR291W",453.928899703384,-0.156858824840972,0.033466504136901,-4.68703944096794,2.7718556430019e-06,5.25591465218068e-06
"YPL105C",1731.09468274791,-0.145215902255038,0.0309843924204286,-4.68674357994817,2.77586398545963e-06,5.26206595261275e-06
"YLR453C",83.1405395111382,-0.221857663647234,0.0473609403274491,-4.68440157888191,2.80779042576724e-06,5.32112223545484e-06
"YJL096W",337.02375696973,-0.160616513160827,0.0343380432468392,-4.67750919894399,2.90380551553652e-06,5.50156878769096e-06
"YJL111W",3280.76465139678,-0.088705272352218,0.0189668037495308,-4.67686983656445,2.91287018868555e-06,5.51722455270977e-06
"YPR201W",70.9117323365581,-0.204809371949025,0.0437969717695102,-4.67633636925568,2.92045428659362e-06,5.53006814169336e-06
"YFL062W",311.521825197094,0.240783749968747,0.0514954225816405,4.67582821729466,2.92769610171833e-06,5.5422567116664e-06
"YOL050C",5.2161150098,0.969848770717276,0.20747219575922,4.67459635816853,2.94532324717503e-06,5.57409306124246e-06
"YGR119C",1110.68748735124,-0.108568809674921,0.023243108762724,-4.67101069754654,2.99721327827899e-06,5.67073740614204e-06
"YGL001C",1524.02373050515,-0.156808190894273,0.0335925235554593,-4.66794912372071,3.04221204658227e-06,5.75429393975794e-06
"YPR113W",2671.39335343445,-0.195881945574736,0.0419653357609036,-4.66770828883077,3.04577918302033e-06,5.75945885061658e-06
"YBR123C",502.717071500325,0.135674943439706,0.0290698312617032,4.66720780792576,3.05320491507292e-06,5.77191538722599e-06
"YNL029C",350.781688067084,-0.174043218797176,0.0372992064396319,-4.66613730988785,3.06914644752599e-06,5.80045931683131e-06
"YNL298W",619.766820199276,0.149572858129773,0.0320567848164242,4.66587210745912,3.07310808495875e-06,5.80635267973134e-06
"YMR092C",1646.37665541833,-0.134712967178581,0.0288921422525336,-4.66261608437041,3.12214867972435e-06,5.89739195059043e-06
"YFL003C",64.8201648639899,0.292517149064759,0.0627535619857743,4.66136327259112,3.14121716770714e-06,5.93178283040692e-06
"YGL201C",834.176435656158,0.149687433443752,0.0321277252574234,4.65913575406853,3.17539744946832e-06,5.99468369607607e-06
"YBR171W",727.762723225227,0.244922781941556,0.0525704160198742,4.65894699880182,3.17831015380307e-06,5.99853766692273e-06
"YNL163C",780.200829633261,-0.224174825396546,0.048152856661641,-4.65548341133259,3.23221431659168e-06,6.09860114270587e-06
"YAL028W",472.494015103081,0.192672707497835,0.0413979199743839,4.6541639680703,3.25297869184359e-06,6.13609816255976e-06
"snR43",109.20409640554,0.240661117128948,0.0517185999091297,4.65327981716043,3.26696429749407e-06,6.16079134161782e-06
"YAR014C",986.816551832306,-0.14008073568774,0.0301107231609518,-4.65218769203788,3.28431928601214e-06,6.19182318844293e-06
"YPR002W",157.932659795227,0.338958841991598,0.0730205758866896,4.64196341751099,3.45113973061335e-06,6.50454340138869e-06
"YDR230W",24.175945493266,0.380293629374189,0.0819830155623689,4.63868798635346,3.50627924426623e-06,6.60665916715189e-06
"YER096W",47.9436436293866,0.27288177814382,0.0588294262149624,4.63852523644735,3.50904093480299e-06,6.61005385393121e-06
"YLL031C",712.334729644685,-0.139267233052638,0.0300272621436774,-4.63802635039646,3.51751949532721e-06,6.62421272574612e-06
"YLR153C",4538.45890384473,0.146171395012387,0.0315241857238464,4.63680160664123,3.53841737965569e-06,6.66174559992601e-06
"YDL049C",318.46646237337,-0.281786561595214,0.0607814795070089,-4.63605960040378,3.55113613464987e-06,6.68386339176172e-06
"YOR229W",382.00093511492,0.229484080514208,0.0495675407194082,4.62972496080189,3.66151745285203e-06,6.88973699450294e-06
"YAL055W",421.733211040501,0.291564232686096,0.0629963954360876,4.62826850120179,3.68735746637914e-06,6.93646343060667e-06
"YDR483W",2931.43782836915,-0.108076997201617,0.023358150588599,-4.62695009999502,3.71089877189702e-06,6.97884131234936e-06
"YBR195C",230.890314911548,-0.192815203384505,0.0416810149222132,-4.62597189018417,3.72845867812097e-06,7.00995030007179e-06
"YLL064C",91.4554666139344,-0.27436027946417,0.0593216257635911,-4.62496224492485,3.74666640969845e-06,7.04225995926121e-06
"YJR089W",447.942167170752,0.227661161415034,0.0492515784882548,4.62241350232714,3.79300986514258e-06,7.12742164888283e-06
"YML095C",82.714445147354,-0.213557425622218,0.0462121722686413,-4.62123754712855,3.81457689041188e-06,7.16599233028262e-06
"YFL027C",316.878665543283,0.126234882339853,0.0273344544886163,4.61815992678488,3.87157828339282e-06,7.27109014761581e-06
"YDR439W",219.282845547546,-0.138895168784728,0.0300798615695173,-4.61754680830989,3.88303112151987e-06,7.29061065493982e-06
"YLR421C",1067.2611271746,0.192634565078016,0.0417187397393773,4.61745887535027,3.88467633867932e-06,7.29171117551994e-06
"YGL024W",9.56330788880972,0.634097695902927,0.13738159494372,4.61559422252081,3.91972152774366e-06,7.35548724952715e-06
"YDR166C",410.473395809825,-0.210947047843705,0.045718922554817,-4.61399866960511,3.94994952543311e-06,7.41019141215449e-06
"YDR175C",561.025275975154,-0.111316225709981,0.0241307614654171,-4.61304239692201,3.96817320729685e-06,7.4423515478722e-06
"YDL050C",45.9438112858065,-0.290159830006882,0.0629469036515264,-4.60959655161443,4.03451133634799e-06,7.56470875565248e-06
"YOL057W",1016.68486326719,0.123451248202759,0.0267871835175007,4.60859381211562,4.05401449839962e-06,7.59920768349615e-06
"YBR293W",401.463166977659,0.12698978722522,0.0275594804308811,4.60784402462553,4.0686567811267e-06,7.62457864400036e-06
"YMR305C",4178.29493032738,-0.173061118713365,0.0375628838153058,-4.607237281469,4.08054269947737e-06,7.64477183289843e-06
"YKL075C",245.517044513926,0.138147751845823,0.0299881489559772,4.60674488607565,4.09021303248861e-06,7.66080433315671e-06
"YHR012W",787.893611849607,0.186181590773682,0.0404181351280353,4.60638745909235,4.09724642511118e-06,7.67189057299169e-06
"YKL179C",983.149204658588,0.169446527377792,0.0368047772115508,4.60392753918405,4.14596767590463e-06,7.76100800668934e-06
"YML103C",908.03818888353,-0.165759644066478,0.0360094981082343,-4.60322006066987,4.16008250201559e-06,7.78531340755023e-06
"YER022W",578.26726566963,0.121136441675507,0.0263187183977156,4.60267251030055,4.17103821858546e-06,7.8036951453698e-06
"YFR005C",327.377549063021,-0.199169444317809,0.0433204812924848,-4.59758152207696,4.27423407042779e-06,7.99459428820846e-06
"YDR330W",957.595997727026,-0.130342116761597,0.02836132249782,-4.59577005873459,4.31153964588506e-06,8.06218100540973e-06
"YCR106W",135.194435940311,-0.225729673821753,0.049141299353315,-4.59348199563889,4.3591064477077e-06,8.14891335662979e-06
"YGR037C",2778.72352365924,0.137895399050068,0.0300317596191471,4.59165233069296,4.39750494378489e-06,8.2184640439628e-06
"YEL020C",564.18868736903,0.223647454521265,0.0487385811144615,4.58871492372815,4.45982982742079e-06,8.33268069519461e-06
"YBR200W-A",2.39858280240888,1.15681437078787,0.252189432059094,4.5870850389829,4.49477630254971e-06,8.39569583370992e-06
"YNL019C",93.2776926568977,0.231607817543152,0.0505075935336575,4.58560389318117,4.52676105279767e-06,8.45314614822673e-06
"YDR162C",498.373525769667,0.135633659092825,0.0296103105026784,4.5806226544148,4.63593635372305e-06,8.65466968421453e-06
"YER132C",404.433298976168,-0.174149222553887,0.0380230817861807,-4.58009225904409,4.64770865774303e-06,8.67429496030381e-06
"YLR361C",282.58317507161,-0.120464089167202,0.0263109948434825,-4.57846956695528,4.68390293825453e-06,8.73947743357247e-06
"YLR187W",346.41494212387,0.261414618331921,0.0571315545498652,4.57566086537614,4.74719026320054e-06,8.85516254731393e-06
"YIL029C",133.350879825692,0.318577960662181,0.0696271189071695,4.57548675950423,4.75114016085541e-06,8.86013001286281e-06
"YBR147W",186.381043083292,0.593355501637403,0.129754803136876,4.57289816864415,4.81023951976899e-06,8.96791202101529e-06
"YPL149W",497.872514434226,0.310251927363974,0.0678855891810981,4.57021779005727,4.87217616621915e-06,9.08092390482373e-06
"YLR102C",253.157551056725,0.169003336558995,0.0369798928831548,4.57014132228545,4.87395429704008e-06,9.08177952236021e-06
"YOR112W",516.406221094006,0.11246279154897,0.0246269008941024,4.56666439811361,4.95546423181375e-06,9.23116104871149e-06
"YPR107C",289.02631215095,0.133170791325696,0.0291645424998705,4.56618825158279,4.96672770544834e-06,9.24964031701699e-06
"YJL166W",656.177229787708,0.237888894883758,0.0521036129708972,4.56568904380262,4.97856303002084e-06,9.26917427303772e-06
"YLR225C",1163.37126928412,-0.146344511796475,0.0320709765692723,-4.5631448571694,5.03930193980422e-06,9.37972258868668e-06
"YPL246C",1360.97600887545,0.117041255465209,0.0256755112968752,4.5584780809975,5.15256409072091e-06,9.58794696340904e-06
"YBR056W-A",12.2084309957882,-0.744012730192081,0.163233249146883,-4.55797292574009,5.16496934468041e-06,9.60843392005529e-06
"YER145C-A",17.0884490060733,-0.432386627257472,0.0950778820138,-4.5477099205335,5.42328155620028e-06,1.00862489234033e-05
"YDL072C",2641.0477735258,0.20432173028953,0.0449304409745689,4.5475122402021,5.42837641487063e-06,1.00929980060449e-05
"YHR181W",595.860069981144,0.109132349139002,0.0239994579146446,4.54728392312598,5.43426658369473e-06,1.0098495392372e-05
"tH(GUG)M",1.73235198456278,-1.26932045885339,0.279135508068303,-4.54732709441894,5.43315237329501e-06,1.0098495392372e-05
"snR80",4.59233747410106,-1.03220642116792,0.227010079575959,-4.546962950262,5.44255745295565e-06,1.01111732497571e-05
"YHR071W",1839.87652410278,0.410646702605618,0.0903393196731222,4.54560322228986,5.47781432385822e-06,1.01688492116987e-05
"YJL085W",324.613594650523,0.118030633086904,0.0259656881275735,4.54563855604368,5.47689538161011e-06,1.01688492116987e-05
"YLR312W-A",322.713550641859,-0.126588393168179,0.0278485872642138,-4.5455947896807,5.47803365667255e-06,1.01688492116987e-05
"YIL030C",1514.51065723004,-0.122380792258786,0.0269267803621613,-4.54494709775107,5.49490531952227e-06,1.01974186320514e-05
"snR9",110.356435595199,-0.369384893091912,0.0812830673800857,-4.54442610248258,5.50851276306182e-06,1.02199165652602e-05
"YJL130C",4637.82080570627,0.160095041095056,0.035235683826342,4.54354857660999,5.53150508945338e-06,1.02598094129544e-05
"YEL023C",238.392573633808,0.162134625275191,0.035693051780111,4.54247023409569,5.55988490242494e-06,1.03096707657408e-05
"YBR216C",366.265990322108,-0.14280630752101,0.031445615090716,-4.54137427775018,5.58887106765903e-06,1.03606293217104e-05
"YCR064C",2.84442360121418,-0.919209966242966,0.202464598960082,-4.54010217571023,5.62269739409857e-06,1.04205307021181e-05
"YLR306W",171.805872816488,0.179815607675536,0.0396149366577743,4.53908608333589,5.64985689382645e-06,1.04680475548964e-05
"YDR493W",172.877180533236,-0.175020959079795,0.038574541678263,-4.53721422122353,5.70021967236365e-06,1.05585182793177e-05
"YNL276C",2.29198296771161,1.11304873254254,0.245398977035632,4.53566981406335,5.74209547607484e-06,1.06332241400687e-05
"YOR298W",112.778232903137,-0.398240935953294,0.0878039784552258,-4.53556823915867,5.74485992264904e-06,1.06354828092064e-05
"YGR255C",979.317230402294,0.129662425073696,0.028610766264701,4.53194520811099,5.8443010582835e-06,1.08166701038392e-05
"YOR039W",673.973544768866,-0.104690811853047,0.0231120782365819,-4.52970134409382,5.90671214366383e-06,1.09292429747717e-05
"YGR229C",1240.72639794264,-0.148871594734342,0.0328722112605444,-4.52879769950337,5.93202595389762e-06,1.0973132373075e-05
"YBR192W",370.763413171056,-0.209001453793978,0.0461693718097264,-4.52684205137805,5.98716552135596e-06,1.1069182227319e-05
"YJR086W",294.624390903206,0.275917730546048,0.0609511888901694,4.52686379987167,5.98654963343717e-06,1.1069182227319e-05
"YGL257C",564.137121445955,-0.170864637936346,0.0377767434224181,-4.52301131481199,6.09659797190578e-06,1.12684770567977e-05
"YJL098W",363.699265607151,-0.343376298107913,0.0759397471226427,-4.52169398922755,6.13467029027689e-06,1.13327622614855e-05
"YML032C",942.890865619565,0.137979831302358,0.0305149883690967,4.52170682922801,6.13429810296877e-06,1.13327622614855e-05
"YMR162C",880.386866832803,0.110652669208182,0.0244735840305695,4.5213103675362,6.14580013216442e-06,1.13502773363605e-05
"YBR080C",1217.98835108824,-0.082719890213239,0.0182968785795366,-4.52098372154874,6.15529219246045e-06,1.13647591164093e-05
"YPL029W",265.882175123303,-0.155748769039085,0.034451042345863,-4.5208724739148,6.15852815737465e-06,1.13676853521513e-05
"YGL170C",14.7070242320235,-0.701015513301068,0.155249650194318,-4.5154080052589,6.3194976140875e-06,1.16616834824424e-05
"YKR011C",607.584975713334,0.24339850931344,0.0539108920456231,4.51482993654528,6.33675960934154e-06,1.16904045847579e-05
"YDR029W",33.8006070825291,-0.466867530449678,0.103417834489523,-4.5143812259671,6.35018986973985e-06,1.17120431966673e-05
"YJR159W",134.336593156729,0.265568271444223,0.0588447654975551,4.51303134949627,6.39075713777634e-06,1.17837072559159e-05
"YOL102C",281.625478586901,0.13173283388531,0.0292276210557063,4.50713500199809,6.57088288230461e-06,1.21125913372603e-05
"YAL008W",457.591748850013,0.204919184467521,0.0454691005680565,4.50677893134934,6.58191446862169e-06,1.21296790996949e-05
"YBL100C",35.7699201452657,-0.434665321091254,0.096513376947872,-4.50367953994628,6.67868934963096e-06,1.23047300434062e-05
"YMR103C",659.445484599413,0.233988898575002,0.0520383586064868,4.49646962050479,6.9091045879652e-06,1.27258387073677e-05
"YNL331C",212.980175283989,0.137801114070233,0.0306842749158706,4.49093597447071,7.09108666327017e-06,1.30575372229514e-05
"tS(UGA)I",2.64449023408255,0.99055491050532,0.220674293626321,4.48876438767571,7.16374759049553e-06,1.31878080643213e-05
"YKL032C",2638.55822684631,0.197058961557364,0.0439072807278396,4.48807027651834,7.18712222301459e-06,1.32273019260774e-05
"YKR005C",63.1187999891173,-0.315184358102666,0.0702522666942589,-4.48646531896775,7.24144982506204e-06,1.33237258272454e-05
"YPL070W",936.288344043606,0.119241195321455,0.026581408073204,4.48588709044571,7.26111884646338e-06,1.33563460480631e-05
"YOR329W-A",8.59045338727563,-0.538324606482215,0.120013945708963,-4.48551710638417,7.27373101752903e-06,1.3375971702908e-05
"YOR299W",1009.07261254137,-0.128174789238986,0.0285806495034241,-4.48467027397787,7.30267709206882e-06,1.34256159623215e-05
"YGL258W-A",26.4408872607847,0.329003829785441,0.0734122663427459,4.48159205778219,7.40882616900518e-06,1.36171297847306e-05
"YJR055W",55.0602387668536,-0.292310660219787,0.0652285323169255,-4.48133124933026,7.41788736338612e-06,1.36291982083951e-05
"YMR001C-A",7.78713718010871,-0.846434732891486,0.188881972824182,-4.48128913646713,7.4193514720501e-06,1.36291982083951e-05
"YKL220C",231.475069100656,-0.123820724315673,0.0276518844715895,-4.47784035995415,7.54019517771227e-06,1.38474910105492e-05
"YML099C",417.026962815892,-0.142699264294792,0.0318840870645657,-4.47556375083984,7.62099540482196e-06,1.39884173186348e-05
"YNR027W",492.675149329398,-0.170233233776433,0.0380361367507824,-4.47556582551543,7.62092139602832e-06,1.39884173186348e-05
"YOL036W",722.531702805125,0.1195108780989,0.026710305543025,4.47433586659619,7.66491783231107e-06,1.40652876533747e-05
"YLR342W",9582.07300587867,-0.10450192615137,0.0233585649272398,-4.47381619876416,7.68357957887019e-06,1.40957754864165e-05
"YGL042C",124.787145375677,0.214078584226133,0.0478527500877827,4.47369448638625,7.68795665612682e-06,1.41000483690552e-05
"YPL139C",544.383878651528,0.103130211208946,0.0230622875068423,4.47181187808662,7.75596427261519e-06,1.42209890857405e-05
"YNR023W",336.796453976192,0.116477341886626,0.0260562238122532,4.47023109434038,7.81351261797741e-06,1.43226928580337e-05
"YER065C",894.046742242252,0.219645956556121,0.0491811660805316,4.46605833209531,7.96738946689036e-06,1.45992256358409e-05
"YKL193C",560.009645490666,0.190369331061107,0.0426261182110414,4.46602550386105,7.96861146543066e-06,1.45992256358409e-05
"YIR003W",1214.6916070951,0.131336437980143,0.0294251056528329,4.46341432141972,8.06638615997007e-06,1.47744263664256e-05
"YER119C",917.322026846966,0.275130472232446,0.0616685496128528,4.46143899864161,8.14111217182258e-06,1.49073290699464e-05
"YPR161C",638.763803748367,-0.169305506770608,0.0379811987728087,-4.45761356252443,8.28771335739833e-06,1.51717379595021e-05
"YDR376W",451.207839744537,0.127646267528976,0.0286455566668365,4.45605819476898,8.34803796450085e-06,1.5278107757998e-05
"YNL138W-A",219.131141057526,0.309659616074344,0.0695744166969927,4.45076841136821,8.55635756444894e-06,1.56552011244302e-05
"YLR443W",500.108181608657,-0.126972029978711,0.0285288758527536,-4.45064960267111,8.56109299767549e-06,1.56597038493612e-05
"YOL062C",1560.78845533213,-0.187750532954217,0.0421981397011768,-4.44926089831826,8.61662952990834e-06,1.57571034032985e-05
"YOR189W",391.549242433169,0.134871386081888,0.0303257459490364,4.44742188068664,8.69070488056274e-06,1.58883438934345e-05
"YEL013W",809.556233140515,-0.128783185537278,0.0289603590071716,-4.44687807583418,8.7127255855936e-06,1.59243736811287e-05
"YCL014W",317.458023112614,0.242315909385141,0.0545272719889476,4.44393971211794,8.83263645415273e-06,1.61392521196501e-05
"YGR168C",240.990607417048,-0.207372658534296,0.0467150037579872,-4.43910182708355,9.03350721966593e-06,1.65019095801008e-05
"YKL120W",570.326254900348,-0.133567634296017,0.0300976090827777,-4.43781544004593,9.08764869405207e-06,1.65964088218962e-05
"YEL052W",1224.1492192326,0.122993488505088,0.027774890548373,4.42822585712375,9.50113815746832e-06,1.73469467552823e-05
"YDL025C",769.002720381818,-0.204861526881903,0.0462661484340125,-4.42789239683714,9.51583501906502e-06,1.73691739412149e-05
"YPL258C",156.26848101756,0.17312674925288,0.0391017603664074,4.427594758665,9.5289714053804e-06,1.73885417773772e-05
"YEL004W",160.720939510455,-0.225325738847494,0.0509247326217073,-4.42468182447455,9.65845271921803e-06,1.76201502310059e-05
"YHR076W",540.980001943262,0.110172486784118,0.0249026599453553,4.42412525512831,9.68338298600495e-06,1.76609514857335e-05
"YPR085C",301.873623332521,-0.102329538667041,0.0231339436307797,-4.42335039369994,9.71819353359708e-06,1.77197464191779e-05
"snR39B",22.2463551112213,-0.380803964351879,0.0861366137098037,-4.42093028679786,9.82768787297048e-06,1.79146494586714e-05
"YCL057C-A",1318.33276582814,0.354982723302835,0.0803006778793334,4.42066907375628,9.83957629987765e-06,1.79315730081148e-05
"YGR111W",408.865007041265,0.173596671056125,0.0393184901287183,4.41514082783484,1.00944253171374e-05,1.83911400657557e-05
"YKL140W",1048.70176458193,0.0874811916724477,0.0198182141101996,4.41418137810029,1.01392925718701e-05,1.84679971844777e-05
"YJL187C",521.580372866386,0.127932255941378,0.0289826575134893,4.41409680536836,1.0143256612509e-05,1.84703310703847e-05
"YMR181C",696.158814579778,0.169863585132559,0.0384946288754726,4.41265678082143,1.02109801371292e-05,1.85887356541868e-05
"YPR157W",359.561646313019,0.218372597796734,0.0495264513015671,4.40921148311356,1.03747674467188e-05,1.88819122047736e-05
"YER027C",950.36603985494,-0.153931383879342,0.0349284653144607,-4.40704687404667,1.04789517160474e-05,1.90664858786961e-05
"YDL122W",1413.60224706411,-0.190926327423464,0.0433236240276611,-4.40697960312743,1.04822054691281e-05,1.90673671479385e-05
"YBR278W",176.828875749745,0.177913470760831,0.0404221496700411,4.40138568119478,1.07561735093081e-05,1.95553880674905e-05
"YDR097C",439.190548283531,0.136882913146526,0.0310995623926133,4.40144177652603,1.0753392552318e-05,1.95553880674905e-05
"YLR262C",292.911839155589,0.126109396962665,0.0286585314142944,4.40041379439855,1.08044644862819e-05,1.96379984128962e-05
"YJL207C",572.8864099183,-0.152864536363195,0.034767288018191,-4.39679207314682,1.09862494999381e-05,1.99631374523816e-05
"YDR034C",467.27865604447,-0.160944033947713,0.0366097587335857,-4.39620580728009,1.10159491750681e-05,2.00118232375577e-05
"YER045C",622.00280607259,-0.125116431064434,0.0284862462991657,-4.39216981242272,1.12224989049424e-05,2.03816684148057e-05
"YLR358C",27.6971834907002,0.365790176998406,0.0832860534695807,4.39197394713878,1.12326161697669e-05,2.03946630614043e-05
"YPL009C",1505.71301208255,0.199522609891233,0.0454390773540519,4.39099166421435,1.1283486681706e-05,2.04816255743595e-05
"snR50",23.0512476707455,0.353324577389622,0.0804840884058191,4.38999290900929,1.13354357163627e-05,2.0570499448381e-05
"YEL075W-A",10.1503716522968,-0.471338695555296,0.107398509754132,-4.38868934619608,1.14035824939387e-05,2.06887129040232e-05
"YDR219C",412.536296090229,0.211367666319619,0.0482050049783601,4.38476598881185,1.16110529303331e-05,2.10595625461916e-05
"YIL102C-A",88.2756414671919,0.231246598627638,0.052742309415232,4.38446099898791,1.1627331095727e-05,2.10835329455044e-05
"YPR117W",791.487128080047,-0.155265919715928,0.0354218960015743,-4.38333170277015,1.16877946750042e-05,2.11875898729341e-05
"YFR033C",1465.9124253498,0.322801840027462,0.0737455203130152,4.37723998227037,1.20191614518021e-05,2.1776822788331e-05
"YMR086C-A",48.0111379996625,0.338580565503551,0.0773498345833383,4.37726295508438,1.20178951379091e-05,2.1776822788331e-05
"YCR082W",715.509266242119,0.145561027569407,0.0332752976395158,4.37444704916921,1.21740667887671e-05,2.20516837255095e-05
"YIL172C",125.982351352669,0.223892522840666,0.0511950280590002,4.37332552260034,1.2236804975421e-05,2.21594955959426e-05
"YER078W-A",5.35074220959011,0.71215992046596,0.162874380808698,4.37244898141727,1.22860533683491e-05,2.22428286723859e-05
"YLL029W",1880.27572996255,0.0703246437734484,0.0160873046852012,4.37143730100048,1.23431296866661e-05,2.23402859865131e-05
"YCR075W-A",337.742973412761,0.326819993472006,0.0747676059688973,4.3711442841698,1.23597081165262e-05,2.23644127154488e-05
"YMR222C",471.430089679489,0.136533118389773,0.0312511609504981,4.36889748211409,1.24875366327766e-05,2.25897765939745e-05
"YNL008C",516.001758605602,0.145553731265436,0.0333409759887847,4.36561099214365,1.26767911327543e-05,2.29261116230663e-05
"YDL159W",288.403598655295,0.125231623790292,0.0286931519706893,4.36451261674626,1.27406496527442e-05,2.30355495953634e-05
"YLR316C",330.648496939607,0.218625507871558,0.0501044975281445,4.36339088619245,1.28061827513284e-05,2.31479570078488e-05
"YBR047W",91.7550244163859,-0.352356553650068,0.0808119607714859,-4.36020299824721,1.29941841056776e-05,2.34816161594724e-05
"YHR198C",328.639509900157,0.148055116771003,0.03399776140339,4.35484898591707,1.33158683807159e-05,2.40566134351164e-05
"YKL018W",290.159968160533,-0.111204528672957,0.0255381877988888,-4.35444086905005,1.33406983509551e-05,2.40951490415335e-05
"YDR417C",6.49751963684856,-0.638022003068469,0.146536538131968,-4.35401307552303,1.33667728676586e-05,2.41359116689823e-05
"YLR094C",537.878416681295,0.179182608899525,0.0411574708632178,4.35358648482113,1.33928224779886e-05,2.41766079603962e-05
"YML105C",730.415878612385,-0.112698656705066,0.0258906332984316,-4.35287369783622,1.34364566589056e-05,2.42490181118125e-05
"YML128C",1611.9499531083,-0.30280078565769,0.0695846901287834,-4.35154320723831,1.35182674427152e-05,2.43902702681065e-05
"YDR331W",474.280900537124,-0.0996266191351054,0.0229004286602052,-4.35042595111896,1.35873334393043e-05,2.45084597143332e-05
"YNL090W",68.3068064556951,0.214547659742488,0.0493340552630145,4.34887540865373,1.36837420315809e-05,2.46758941559546e-05
"YMR251W",181.151903784148,-0.251171923710402,0.057761992702147,-4.34839436730628,1.3713784278822e-05,2.47235938098166e-05
"YEL024W",468.169395831247,-0.228172509858809,0.0525201914574962,-4.34447216445252,1.39610943886624e-05,2.51628625303509e-05
"YNL089C",11.4508341835168,0.487037418376177,0.112109612682891,4.34429668180008,1.39722580740335e-05,2.51763927871554e-05
"YOR136W",3262.34976160663,-0.162495250191295,0.0374146328854462,-4.34309353478926,1.40490283335388e-05,2.5308100490951e-05
"YMR274C",197.264139001599,-0.169687667801513,0.0391028989558583,-4.33951631036529,1.42796668693251e-05,2.57168470822138e-05
"YIL134C-A",6.9306138643265,-0.579225752727989,0.13348988729629,-4.33909837261572,1.43068474412634e-05,2.57590597889901e-05
"YEL019C",40.8700891131435,-0.267789136855769,0.0617223900598516,-4.33860608113355,1.4338926895411e-05,2.58100684117398e-05
"YLR234W",103.991465756665,-0.214954730568053,0.0495628232122132,-4.33701546111853,1.44430468690832e-05,2.59906894128693e-05
"YDR212W",2158.98102715611,-0.128438076590595,0.0296305175479375,-4.33465518726773,1.45988770777395e-05,2.62642458009502e-05
"YHR189W",161.480189967555,-0.289816457927246,0.0668743499145412,-4.33374617170265,1.46593187612333e-05,2.63660944804313e-05
"YDR043C",234.632401539252,-0.289195376465968,0.0667596590121353,-4.33188816038439,1.4783603622189e-05,2.65808900715802e-05
"YDR258C",1242.66689312359,-0.321718138805423,0.0742681459843088,-4.33184556503397,1.47864646295065e-05,2.65808900715802e-05
"YMR062C",872.11485132777,0.314023153244885,0.0725567937705214,4.32796347421386,1.50494419133399e-05,2.70465694527134e-05
"YCL005W-A",276.604445900553,0.176912447786178,0.0408921554260941,4.32631750375494,1.5162282823867e-05,2.7242253977642e-05
"YBL058W",2440.68959879724,-0.0851036364792851,0.0196787272750413,-4.32465145178484,1.52773216865489e-05,2.74417844539236e-05
"YDL053C",620.405716363044,-0.108389429591464,0.0250800788730864,-4.32173400011822,1.5480775358861e-05,2.77999839190813e-05
"YJR004C",395.306953600398,0.180446614179268,0.0418093893785259,4.31593517297216,1.58928619606477e-05,2.85325566099242e-05
"YJL191W",2433.36726700593,-0.25863334934721,0.0599329280983738,-4.31537983464932,1.59328704564431e-05,2.859692729213e-05
"YCR060W",361.802287076242,0.261731976370309,0.0606667891414496,4.31425463708092,1.60142281076214e-05,2.87354601305639e-05
"YNL122C",166.017525137343,-0.20030575358794,0.0464438320605296,-4.31286017327089,1.61156046638777e-05,2.89098327542464e-05
"YML102W",534.072470770973,0.258836726196885,0.0600237967912959,4.31223514728443,1.61612418915105e-05,2.89841496283016e-05
"YBR185C",295.993029182504,-0.154520978405865,0.0358673426968243,-4.3081245162761,1.64644692967857e-05,2.95202789344712e-05
"YDL062W",2.13509151711841,-1.1421135737448,0.265159069784508,-4.30727704193934,1.6527655249435e-05,2.96258543067846e-05
"YDR183C-A",16.0611143607354,-0.947219791118667,0.219978181499512,-4.30597154982286,1.66254424904819e-05,2.97933814541822e-05
"YMR170C",343.133257442817,0.193589048353589,0.0450296198924957,4.29914906711995,1.71455127945661e-05,3.07173706975248e-05
"YML025C",499.47866753002,-0.112247884847725,0.0261103970220079,-4.2989727330884,1.71591579117257e-05,3.07338195167095e-05
"YNL232W",687.905370617587,-0.177168886900413,0.0412517244340342,-4.29482377600297,1.74832155590243e-05,3.13060960010097e-05
"YLR293C",7131.74465476497,-0.13132887147994,0.0305935881055031,-4.2926926723027,1.76519257971016e-05,3.15999763684463e-05
"YDL224C",880.081194059931,0.090400043065113,0.0210829754425713,4.28782186420304,1.80433698323228e-05,3.22923320237958e-05
"YJL197W",810.150883361651,-0.139351765042792,0.0325009325169534,-4.28762359264928,1.80594778707983e-05,3.23127612111347e-05
"YNL084C",1105.41842264258,0.156434924551378,0.0365285277663942,4.28254118402483,1.84770919047093e-05,3.30513841943163e-05
"YMR020W",796.240803067903,0.180975388666618,0.0422974603008921,4.27863487261909,1.88043034338011e-05,3.36279556212261e-05
"YHR213W",14.120048257596,-0.4668416446919,0.109120611329377,-4.2782169106692,1.88396390140921e-05,3.36823979776745e-05
"YGL188C",38.6775923008398,0.35432402157885,0.0828227029353659,4.27810260980448,1.88493133113823e-05,3.36909455215128e-05
"YER003C",1388.8235703306,-0.0890985858679671,0.0208317705470768,-4.27705295940243,1.89383760728323e-05,3.38413494060344e-05
"YKL198C",1064.98701123782,-0.194498887162064,0.0454967833648491,-4.27500303927714,1.911346873558e-05,3.41453638413254e-05
"YPL238C",3.99013683093239,-0.7542434201009,0.176510716499028,-4.27307437792342,1.92796110278322e-05,3.44332352598249e-05
"YMR150C",461.522931070789,0.173181427818079,0.0405441173321252,4.27143169499606,1.94222018261177e-05,3.46789054908766e-05
"YHL044W",164.510806870474,0.143650987265091,0.0336324947578793,4.27119630283854,1.94427168031473e-05,3.47065349208372e-05
"YMR113W",440.503131976545,0.100818165378483,0.0236306418115777,4.2664167220836,1.98637593595838e-05,3.54397468750283e-05
"YPL228W",579.730205695197,0.121298974337221,0.0284309135719098,4.26644659273513,1.98611012350082e-05,3.54397468750283e-05
"YPL133C",310.234725749731,-0.151495171970307,0.0355139113064582,-4.26579800414036,1.9918893971672e-05,3.55289080297828e-05
"tW(CCA)P",1.46047708547659,-1.31771370013642,0.309154388437285,-4.26231601238852,2.023190589172e-05,3.60778741425776e-05
"YPL073C",2.13467912632352,-1.06920004513324,0.251378807989874,-4.25334201272969,2.10603539995807e-05,3.75454524306353e-05
"YDR110W",269.009016070029,-0.178575648952537,0.0419919984698654,-4.25261134167471,2.11292103435842e-05,3.7658455401392e-05
"YCL034W",1709.85683346888,0.208626050545186,0.0490968689359801,4.24927403857921,2.14464423140084e-05,3.82139635952245e-05
"YAR050W",296.412559874744,-0.25818466798112,0.0607715969788329,-4.24844303616125,2.15261365838221e-05,3.83460414953726e-05
"YIL071W-A",27.8900255694773,0.329066599373686,0.0775154983726664,4.24517169188094,2.18426106830397e-05,3.88997347523871e-05
"YFL031W",2402.52838545601,-0.280559483742469,0.0661127008523919,-4.24365485186979,2.19908500121231e-05,3.91536080510648e-05
"YGL231C",1179.30474018198,-0.182429695657715,0.0430004702095939,-4.24250466956553,2.21038940739008e-05,3.93447028693916e-05
"YKL102C",12.9416454757341,-0.494349075059641,0.116567397051997,-4.24088628177162,2.22638920667255e-05,3.9619254815044e-05
"YIL030W-A",14.6004403297202,0.746040464391596,0.176087891253572,4.23675051748603,2.26777872370773e-05,4.03453656659632e-05
"YOL085C",16.1358307142059,0.456841442905546,0.107934273460387,4.23258922545313,2.31016215353941e-05,4.1088779196897e-05
"YHR005C-A",1546.7031884506,-0.111832976761705,0.0264613999208904,-4.22626834166159,2.37598634008312e-05,4.22486207424387e-05
"tN(GUU)K",1.53995021852465,-1.30140539022225,0.307990863625054,-4.22546751843448,2.38445218340487e-05,4.23882088374451e-05
"YPL109C",264.56612586941,-0.150735070718465,0.0356812840846713,-4.22448559756907,2.39487165966835e-05,4.25624454744879e-05
"YML074C",5388.68566798311,-0.186823168317313,0.0442530196231036,-4.22170441494067,2.42461930752267e-05,4.30800101478544e-05
"YLR144C",465.61879327024,0.0990622462385514,0.0234687292329361,4.22103153755454,2.4318690683447e-05,4.31976742403335e-05
"YDR409W",475.502911513894,-0.108462398092631,0.0257056797880981,-4.21939427343408,2.44959562933399e-05,4.35013306885852e-05
"YPL085W",1476.69451822719,0.129665513923051,0.0307466487752359,4.21722428583783,2.47327945300451e-05,4.39105957553793e-05
"YIL153W",1570.55533005355,0.27499889487448,0.0652427179759384,4.21501285363218,2.49763963700304e-05,4.43316548099148e-05
"YLR343W",289.180070058816,-0.227367003706574,0.0539501003577956,-4.21439445336861,2.50449239761771e-05,4.44418303030875e-05
"YCR046C",748.307301932711,-0.22389569314763,0.0531358538771579,-4.21364628232462,2.51280711409358e-05,4.45778845156771e-05
"YBR229C",897.748777468697,-0.104902929756711,0.0249043829097338,-4.21222762824248,2.52864532155871e-05,4.48473030369183e-05
"YLR168C",239.119138079617,-0.156834589080665,0.0372566891591589,-4.20956860687955,2.55858742733266e-05,4.53666609250203e-05
"YIL061C",184.356603541191,-0.167548910975002,0.0398039288753526,-4.20935610400891,2.56099482823321e-05,4.53976554901793e-05
"YPR095C",775.397139268831,0.0869865784385589,0.0207027260274121,4.20169683564289,2.64921758304553e-05,4.69494544640114e-05
"YER139C",132.832424265028,0.190699493561398,0.0454223292540949,4.19836447608432,2.68849672683986e-05,4.7633298930243e-05
"YLL006W-A",3.40905314107786,-0.822189970941794,0.19591640450033,-4.19663668817691,2.7090798718002e-05,4.79856313798415e-05
"YIL064W",511.611377135295,-0.198998897105217,0.0474383064376794,-4.19489884965952,2.72993384989713e-05,4.83425785919284e-05
"YDR351W",728.415398932584,0.14477304914972,0.0345220579506674,4.19363901643997,2.74514712813794e-05,4.85994805277185e-05
"YFL013W-A",9.03986268168087,0.562610279186473,0.134181794878014,4.19289576278175,2.75416015444591e-05,4.87465107027252e-05
"YKR010C",303.175884856406,0.194931934546444,0.0465044540684637,4.19168310758936,2.76892578326977e-05,4.89952557641028e-05
"YFL028C",610.851134359699,0.109566217979703,0.0261547420736714,4.18915306719838,2.79997494848451e-05,4.95319309360633e-05
"YNL241C",4755.17880104327,0.21423893484259,0.0511504105437008,4.18841085663531,2.80914611998325e-05,4.96814051787431e-05
"YCR012W",40820.2780275522,-0.224766234984668,0.0536774199966049,-4.18735168342452,2.82228333092471e-05,4.99009263826826e-05
"YDR183W",177.868887184763,0.126387452949725,0.0301944818338572,4.18577982709432,2.84188719510851e-05,5.02346427171299e-05
"YKR065C",830.537534072958,-0.163913362163178,0.0391852403436713,-4.18303832579786,2.87638878171577e-05,5.08314598616865e-05
"YMR099C",1130.12615823139,0.13173735221373,0.0315026020865802,4.18179272466668,2.89219579334107e-05,5.10976854943631e-05
"tP(AGG)C",2.32912186833903,1.02732218367797,0.245900648858904,4.17779370833396,2.94350436540834e-05,5.19908351868558e-05
"YJR140C",390.525429422771,-0.147186547830735,0.0352414929786193,-4.17651283729755,2.96012044452675e-05,5.22709137229205e-05
"YJL205C",122.409407891104,0.266492063748924,0.06381114806447,4.17626185756257,2.96338670399729e-05,5.23151729667214e-05
"YGR242W",18.0998186733099,-0.369391114406065,0.0885912897449781,-4.16960985069082,3.05121521255347e-05,5.38518757714192e-05
"YER068C-A",2.14703033099752,1.08227944327117,0.259842274062678,4.16513997645398,3.11161594163889e-05,5.48864997421185e-05
"YER100W",848.121958742139,-0.0923275504255465,0.022166972908318,-4.16509510826809,3.11222795923356e-05,5.48864997421185e-05
"YNR076W",91.8415056258099,-0.219618730235861,0.0527278639959726,-4.16513610816164,3.11166870198091e-05,5.48864997421185e-05
"YLR199C",316.201848403591,0.125826025530279,0.0302126654078252,4.16467808555844,3.11792176826163e-05,5.49728332253044e-05
"YNL150W",57.5988343186212,0.280489083825498,0.0673735734822404,4.16319143142132,3.13830040900206e-05,5.53179680388612e-05
"YML081C-A",523.847853284015,0.198490942969368,0.0476879236679049,4.16228947923261,3.15072573551574e-05,5.55227711518451e-05
"YFL044C",393.167710396587,-0.24422414033966,0.0587210499104449,-4.15905609167624,3.19565424600122e-05,5.63001010330562e-05
"YAL058W",270.856871691196,-0.157987765204169,0.0379931989483205,-4.15831700350026,3.20600914287241e-05,5.64680812194335e-05
"YDR350C",564.93719737081,0.183439346840812,0.0442121201164707,4.14907374623896,3.33823264367225e-05,5.87819226385766e-05
"YLR045C",752.559171026879,0.0984701654031867,0.0237379174057916,4.14822259762188,3.35066528335645e-05,5.89857593349761e-05
"YKL050C",100.539997811455,-0.233353181912278,0.0562618464171546,-4.14762750909517,3.35938379139858e-05,5.91241242427895e-05
"YDL130W",10751.5574072586,-0.213463240442799,0.0514899336144086,-4.14572762981899,3.38736293778498e-05,5.96013131271392e-05
"YKL012W",735.719335762568,0.155117562818907,0.0374251328972956,4.14474313944563,3.40194825583468e-05,5.9842651357746e-05
"YJR112W",224.962817335365,0.188362177170458,0.0454741020338167,4.14218574410513,3.44011555184942e-05,6.04985838428691e-05
"YFR002W",760.930907547169,-0.139794912994047,0.0337515429184831,-4.1418821454083,3.4446734566699e-05,6.05632705545767e-05
"YMR316C-A",18.4137158186988,-0.449893418684122,0.108641225037794,-4.14109301996194,3.45654738210314e-05,6.07565195960687e-05
"YKL189W",358.052843588086,0.139063226396499,0.0336077746301966,4.13782905671925,3.50607421523845e-05,6.16113347930493e-05
"YOR386W",349.892349469532,-0.181751167384744,0.0439307419340187,-4.1372205290255,3.51538213662047e-05,6.17591375622147e-05
"snR8",90.1675723467509,-0.395842165901111,0.0956846222175374,-4.13694653045889,3.51958082292926e-05,6.18171274639488e-05
"YNL093W",78.9330311890935,0.467626047586809,0.113062880315604,4.13598208608765,3.53439764446108e-05,6.20615347669333e-05
"YLR381W",291.655733194857,0.124257836663415,0.0300725272530428,4.13193861685974,3.59716493098948e-05,6.3147579168441e-05
"YOL058W",737.636869423932,0.253865572949306,0.0614569686759784,4.13078579075011,3.61525339860539e-05,6.34489412424117e-05
"YPR005C",267.215651966297,0.204131392509816,0.0494428605921315,4.12863232557993,3.64927402548902e-05,6.40296933371353e-05
"YPR068C",215.894580557747,0.125870104288053,0.0304876114160825,4.128565618678,3.65033270514573e-05,6.40319507641487e-05
"YKR075C",3886.38693766973,0.234809178655185,0.056999986855769,4.11946022460214,3.79760969729312e-05,6.65984278295037e-05
"YPR204W",1243.5607771697,0.249798052418469,0.060662778494673,4.11781422838066,3.82482815728627e-05,6.70586754848891e-05
"YDL186W",135.476793757458,-0.215088238734526,0.0522671007701783,-4.11517447046246,3.86886660627282e-05,6.78135096338808e-05
"YKL207W",2339.25966866883,0.149450590373527,0.0363230650397288,4.1144818095627,3.88050156673084e-05,6.80001356246929e-05
"YKL095W",197.39998691827,-0.161047873076323,0.0391516130213469,-4.11344158383753,3.8980371499334e-05,6.82900401457797e-05
"YLR370C",944.897010534892,-0.158567948280868,0.0385608310319738,-4.11215069896671,3.91990280396282e-05,6.86556367470975e-05
"YDL087C",308.980402409897,0.162141770631147,0.0394439284577855,4.11069021192141,3.94478161348219e-05,6.90738082625251e-05
"YOR292C",466.604246266601,-0.152162121154794,0.0370253403935595,-4.10967514511391,3.9621610621967e-05,6.93604854137409e-05
"YFR054C",21.9491397542912,0.359099086604328,0.0873967494431483,4.10883801620016,3.97654860216184e-05,6.95946546158725e-05
"YDL164C",480.585207282856,0.145761082922219,0.0355307211098936,4.10239585263107,4.08893925413026e-05,7.15434479407543e-05
"YBR082C",4259.85957609557,0.118735644246634,0.0289490370498191,4.10154037394401,4.10408878089627e-05,7.17902725011962e-05
"YOR059C",764.446507702833,0.0956602871497718,0.0233349419220584,4.0994439784461,4.14143898607892e-05,7.24252156950809e-05
"YLR051C",329.440842416799,-0.238655657805383,0.0582553779661595,-4.09671460622944,4.19055001823758e-05,7.32654567688312e-05
"YGL060W",282.541677100762,-0.121362074988865,0.0296431188075711,-4.09410614910967,4.23800134129013e-05,7.40762610682472e-05
"YKL123W",12.0142493453203,0.691988434948924,0.169030181482423,4.09387500433395,4.24223067174733e-05,7.4131365926346e-05
"YGR278W",256.769717657315,0.185612004537808,0.0453506756223793,4.09281674397401,4.26164518738162e-05,7.44328440261859e-05
"YJL009W",135.444221540912,0.170258703542185,0.0415991171666621,4.0928441548426,4.26114125445983e-05,7.44328440261859e-05
"YER120W",2159.84872109304,0.0903546490469481,0.0220826494596506,4.09165798750933,4.28300004167904e-05,7.47868508418976e-05
"YIL126W",1564.99489002074,0.200577098985268,0.0490672434962882,4.08780042841496,4.35482528482398e-05,7.60217344980048e-05
"YGR148C",5208.43979219769,-0.229164014578154,0.0560652643757284,-4.08745088656645,4.36138968048047e-05,7.61170290243549e-05
"YGL211W",625.100362737698,-0.148818549205888,0.0364155481570305,-4.08667606935793,4.37597422584353e-05,7.6352211213717e-05
"YPR202W",40.7927934083995,-0.241851812303695,0.0591890577244146,-4.08608992273136,4.38703810903917e-05,7.65258611115649e-05
"YBR194W",117.230406471521,0.16860121332818,0.041296375109412,4.08271217223017,4.45131406106712e-05,7.76273994692176e-05
"YJL144W",203.927430504216,-0.32402165488316,0.0794493497974067,-4.07834243715531,4.53579258991493e-05,7.90806077021127e-05
"YPR103W",3249.94406088327,-0.131355839696887,0.0322117140613453,-4.07789040492312,4.54461782889263e-05,7.92144145618374e-05
"snR24",19.6853703105397,-0.388224977301251,0.0952293683656308,-4.07673582177581,4.56723327740935e-05,7.9588461440049e-05
"YDL147W",2287.48411767621,0.158912310376157,0.0389884707154234,4.07587954747076,4.5840744715152e-05,7.98617225110885e-05
"YNL282W",138.186665704842,-0.249270746203155,0.061175899758216,-4.07465598688931,4.60824167573128e-05,8.02624435552993e-05
"YER163C",763.185368582474,0.235678833247261,0.0578478590881351,4.07411504872097,4.61896450806092e-05,8.04288584673734e-05
"YOR106W",472.799507575821,0.158652102444121,0.0389431119961538,4.07394515517379,4.62233712932159e-05,8.04672342234619e-05
"YNL207W",480.852584321821,-0.224164323777723,0.0550491979644228,-4.07207247456351,4.65966748695218e-05,8.10965890992561e-05
"YOL122C",856.500290341176,-0.0919035429402128,0.0225739841873783,-4.07121499587116,4.67685587921404e-05,8.13751648430342e-05
"YML012W",3479.15559114353,0.177544968323355,0.0436193415698917,4.07032664715659,4.6947264660393e-05,8.16654666970201e-05
"YDL236W",1604.19168299536,-0.100980847936033,0.0248097802967127,-4.07020323148176,4.6972142905374e-05,8.16881040423087e-05
"YMR236W",1192.72056323786,0.250990823043778,0.0616930477586694,4.06838099530442,4.73409289391965e-05,8.23086605420121e-05
"YOR102W",23.3076838717234,0.382326723108755,0.0940016022969767,4.06723623604714,4.75740087537409e-05,8.26930195075755e-05
"YLR405W",394.694616810783,-0.187055244124875,0.0459947859440867,-4.06687932741481,4.76468996918874e-05,8.27988148355995e-05
"YHR077C",1183.97151742871,-0.167766023880094,0.0412682506329308,-4.06525649396492,4.79796659936861e-05,8.33560434939513e-05
"YNR077C",1.40477041430812,1.34969257707993,0.332019252584284,4.06510335341865,4.80111813881111e-05,8.33897537480184e-05
"YGL207W",2144.08377390194,0.133202996199673,0.0327721607357127,4.06451674864753,4.81320827549922e-05,8.35786607233597e-05
"YKL076C",28.1105115418229,0.472481606130798,0.116314856221908,4.06209164914745,4.8634974563335e-05,8.44306101534447e-05
"YDL151C",4.80524722368846,-0.768616656533572,0.189225512879081,-4.06190816893033,4.86732247779332e-05,8.44757127794479e-05
"YPL033C",5.54242842403436,0.642662500045739,0.158312036595149,4.05946707444121,4.91848424288461e-05,8.53421472083179e-05
"YDR178W",1155.83248703229,0.219848274766261,0.0541706053063965,4.05844227737105,4.94011406187803e-05,8.56958561754352e-05
"YKL047W",305.720717592571,-0.160941398890681,0.0396894856920853,-4.05501346475689,5.01314149734479e-05,8.69407536756144e-05
"YBR140C",1125.6116287697,-0.121359936810797,0.0299437313709112,-4.05293299313699,5.05794928848964e-05,8.76957462887212e-05
"YNL305C",1158.14991079647,0.303999885501054,0.0750602330974757,4.05007915584634,5.1200311036136e-05,8.87497838579547e-05
"YIL003W",294.807590244506,0.179083413472793,0.0442190714250748,4.04991348079828,5.12365725582692e-05,8.87902849392609e-05
"YMR253C",388.71313954116,0.0899991382415552,0.0222250236555238,4.04945072889436,5.13379846725656e-05,8.89436397761988e-05
"YAR020C",43.415103651215,0.23506721601653,0.0580566262865402,4.0489300025177,5.1452329365248e-05,8.91193176552786e-05
"YBR145W",1753.97325960536,-0.35987756802303,0.0889563073491646,-4.0455542585695,5.21994732665963e-05,9.03906874850392e-05
"YBR095C",392.345918097834,0.109827703066991,0.0271495205576698,4.04529070167922,5.2258236224956e-05,9.04696898186628e-05
"YER153C",167.319391017711,-0.279760289903059,0.0691593032322687,-4.04515772756552,5.22879080795517e-05,9.0498302445378e-05
"YJR130C",654.106935923226,0.199378554915874,0.0493131355042862,4.04311250698194,5.27462947592161e-05,9.12687206376483e-05
"YDR458C",541.329448214431,0.174775929235738,0.0432414282499402,4.04186300751941,5.30282108879072e-05,9.17334753676485e-05
"YLR272C",316.199985294882,-0.134306273647963,0.0332436336299533,-4.04005997488042,5.3437534651834e-05,9.24171822965695e-05
"YNR043W",1554.92738776192,-0.174748481962337,0.043254531742134,-4.04000401632172,5.34502861154597e-05,9.24171822965695e-05
"YHR123W",654.162083876627,0.121773316398599,0.0301643238682427,4.03699804214089,5.41395204971534e-05,9.35853875528247e-05
"YDR063W",547.328343251695,0.182882435946622,0.0453137469654777,4.03591510730621,5.43898815050591e-05,9.3994561787734e-05
"YOR163W",709.393939800744,-0.129952755684849,0.0322093099929896,-4.03463333157815,5.46876295501498e-05,9.44854026230316e-05
"YPL141C",368.920808225313,-0.163064262756357,0.0404269821146308,-4.03355022380814,5.49404314532113e-05,9.48983619055092e-05
"YPR136C",1.74166227404154,-1.2413323121554,0.307897329435275,-4.03164364703056,5.53881263050636e-05,9.56476673213853e-05
"YML004C",1588.24680282767,0.139535659141181,0.0346447635249149,4.02761182193765,5.63462710305588e-05,9.72778525690564e-05
"YLR200W",489.727572241053,-0.0898414852499824,0.0223260008810031,-4.02407424996688,5.71998701494468e-05,9.87267751263326e-05
"YAL026C-A",22.7569370864392,0.655417539370002,0.162950146942242,4.02219667590921,5.76578808319196e-05,9.94923582776358e-05
"YLR015W",294.256482490636,-0.169303802527715,0.0421756374407514,-4.01425592596091,5.96336151571851e-05,0.000102875830708399
"YNL168C",558.355886505562,-0.191480299679602,0.0477165349937248,-4.01287100383092,5.99846966899646e-05,0.000103455570318238
"YOR042W",1809.38777451478,0.176846231014243,0.0440709738568186,4.01275977219826,6.00129789590083e-05,0.000103478427280935
"YMR245W",160.404577151169,0.251264513108412,0.0626261655365749,4.01213312288246,6.01725498060079e-05,0.000103727592742705
"YJR037W",4.68751664698198,-0.657444257960405,0.163893290051329,-4.01141656107154,6.03555084373983e-05,0.000104016940072963
"YCR051W",2059.47462478944,-0.264953775047236,0.0660821873363157,-4.00945830831525,6.08581966043295e-05,0.000104857027933135
"YPR016W-A",92.7584813724457,-0.249018813543336,0.0621131848520019,-4.00911359056338,6.09470957969403e-05,0.000104983926585423
"YNL246W",758.126394317018,-0.0875085175905489,0.0218327095803292,-4.00813821429624,6.11993020008576e-05,0.000105391994566259
"YLL041C",1073.49795028659,-0.252548683164242,0.0630224049918519,-4.00728412692111,6.14209573007449e-05,0.000105747259568799
"YOR053W",3.29565000257828,0.79516207356976,0.198439882852935,4.00706784411408,6.14772081483425e-05,0.000105817644525334
"YMR063W",94.130772010901,-0.226994105124053,0.0566758536447274,-4.00512900161973,6.19836453940848e-05,0.000106662683963578
"YNL242W",611.532752058548,0.163157166575984,0.0407489217855934,4.00396279033982,6.22901664383782e-05,0.000107163367298409
"YOL039W",8446.74992170444,-0.158501086799897,0.0396462940967327,-3.99787900511385,6.39126047165985e-05,0.000109927125524302
"YGR169C-A",565.602930740186,0.188081619281366,0.0470556510161644,3.99700387136832,6.41492523142863e-05,0.000110306593952013
"YBL097W",141.670171329877,-0.276822415317336,0.0693582421869487,-3.9911971034558,6.57406134353638e-05,0.000113014762422592
"YPL276W",15.1613117791799,0.357213162746768,0.0895042504656023,3.99101898388669,6.57900132809944e-05,0.000113071453180141
"YHL046W-A",9.17733676715456,-0.493729972389147,0.123723592258219,-3.99058872586482,6.59094864019718e-05,0.000113248518561911
"YGL126W",2047.532855675,0.382074851442825,0.0957456195566235,3.99052043542178,6.59284680160271e-05,0.000113252869832921
"YER084W-A",1.60673109673268,1.21274637634575,0.304059423157671,3.98851765142262,6.64874564663245e-05,0.000114184619049799
"YGL103W",490.130553792252,-0.41766016229781,0.104730854501782,-3.98793807502738,6.66500544626197e-05,0.000114435317948912
"YMR209C",429.900160772046,-0.124367676491757,0.0311876769973405,-3.9877184986353,6.6711754030871e-05,0.000114512696709685
"YHR068W",3646.85556284852,-0.195621790649688,0.0490596338161767,-3.98742867471596,6.6793275465543e-05,0.00011462405323536
"YFR034W-A",3.52470840807744,0.772170570252881,0.1936582367428,3.98728493680551,6.68337409091612e-05,0.00011466491556431
"YGR218W",1748.43412926414,-0.128051491221278,0.0321430632827737,-3.98379862226461,6.78223512667944e-05,0.000116332059908291
"YGR016W",72.878579725656,0.221445190230645,0.0556063980435784,3.98236890037545,6.82317633915846e-05,0.000117005153412468
"YBR138C",231.347896342162,0.216414643425395,0.0543904100174867,3.97891178529114,6.92314204506791e-05,0.000118689823158099
"YNL267W",931.987343439222,-0.0758689628530211,0.0190691683050688,-3.97861939436836,6.93166005519414e-05,0.000118806272043843
"YGL038C",1050.56951057854,0.0985455286136985,0.0247790177677172,3.97697477508921,6.97975657760725e-05,0.000119600856238989
"YMR284W",323.03519979974,0.215596747009603,0.0542211943272141,3.97624489251416,7.00120283054961e-05,0.000119938495865474
"YNL080C",858.138903587227,0.146077460640612,0.0367582103306284,3.97400905339763,7.06728748550989e-05,0.000121040483427203
"YGL065C",400.898716940498,0.159351320943402,0.0401044135875964,3.9734110709622,7.08506180350007e-05,0.000121314723991788
"YPR174C",251.80970387488,0.133606771286083,0.0336341550325539,3.97235402990701,7.11658458378763e-05,0.000121824179163048
"YIL092W",172.919485468781,-0.18659499477771,0.0469952115288455,-3.97051079689638,7.17187057744504e-05,0.000122740066929429
"YHL049C",53.3506228480436,-0.227116367599017,0.0572093384344955,-3.96991774094827,7.18974493454022e-05,0.000123015392331783
"YDR470C",410.560489462786,-0.0919489008392206,0.0231676783156153,-3.96884398974264,7.22221442558118e-05,0.000123540239304662
"tH(GUG)G1",2.92597026165908,-0.814417043654294,0.205219790968214,-3.96851122307418,7.2323051787701e-05,0.000123682119115331
"YJR044C",697.900812805844,0.16426715971887,0.0414044302276554,3.96738123953581,7.26667020316031e-05,0.000124238947973079
"YIL054W",6.43129714282329,0.538350605487688,0.135800397000866,3.9642785836941,7.36182405204232e-05,0.000125834554613484
"YDL181W",308.792897319574,0.334453511886074,0.084368700559091,3.96418944074914,7.36457527188037e-05,0.000125850336924538
"YJR038C",9.78402742053992,-0.545006376548198,0.137488396473655,-3.96401725910471,7.36989206943614e-05,0.000125909942675106
"YHR127W",308.804876151239,0.126119006958508,0.031819175451658,3.96361644097651,7.38228299877825e-05,0.000126090345935471
"YPR101W",205.876266868228,0.178690318800805,0.0450847379884779,3.96343256661426,7.38797389826976e-05,0.000126156250718222
"YDR254W",288.306770620526,0.162870173071001,0.041130767482214,3.95981361498859,7.50082821472456e-05,0.000128051580110039
"YDR188W",3694.79532053378,-0.173594681100663,0.0439059121905275,-3.95378828134483,7.69234821922914e-05,0.00013128859070251
"YPL282C",10.9667036856204,0.445540532237623,0.112783190875911,3.95041609283626,7.8015445141222e-05,0.000133119291151751
"YDL045W-A",400.385294274918,-0.142452240453658,0.0360821287058282,-3.94799989809493,7.88068381871037e-05,0.000134436343141281
"YGL053W",471.95639479685,0.211351328479783,0.0535789795094238,3.94466879389908,7.991034941172e-05,0.000136285052192146
"YAR070C",4.50351584541655,-0.616183909090117,0.156397366882981,-3.93986114581556,8.15287840103351e-05,0.000139010816718959
"YJR080C",594.245900967309,0.137884773532266,0.0350103802300319,3.93839691618054,8.20278213881874e-05,0.000139827073596848
"YBR250W",22.0822743980526,0.319500119044818,0.0811373780454305,3.93776736125147,8.22432720225101e-05,0.000140124951218753
"YJL216C",173.250308033354,-0.144253455747922,0.0366329913344413,-3.93780170532508,8.22315047767805e-05,0.000140124951218753
"YFL047W",415.319259461944,-0.108278554251161,0.027501950024292,-3.93712279149369,8.24644152024342e-05,0.000140466971466789
"YDR357C",159.175851307807,0.220454111463457,0.0560732350349961,3.93153901903232,8.44037936156507e-05,0.000143734879803056
"YML081W",887.166251243407,-0.154157513343812,0.0392332544418968,-3.92925632952817,8.52089719272773e-05,0.000145070171048295
"YKL112W",461.852642273769,0.161268741773177,0.0411272111231188,3.92121754354802,8.81026786682678e-05,0.000149959689154765
"YER164W",1167.50941810412,0.135906392868694,0.0346653829848383,3.9205218914828,8.83574086717458e-05,0.000150356094588475
"YIL118W",958.489566250924,0.11705001725702,0.029884208315942,3.91678494606728,8.9737733031904e-05,0.000152667232993491
"YBR256C",1220.57307487229,0.20054076164158,0.051319292145747,3.90770708746417,9.31761697529639e-05,0.000158477749196926
"YPL001W",198.64999907503,0.148258585605663,0.0379460077850525,3.90709311096659,9.34131633283336e-05,0.000158841597805774
"YOR394C-A",10.7367128678472,0.590728979756462,0.151240803932808,3.90588362660984,9.38816878795283e-05,0.000159598869395198
"YBR063C",148.428711431235,0.222248926919712,0.0569422011455841,3.90306174416209,9.49834594182821e-05,0.000161432021252746
"YDL188C",1136.39024790345,-0.139238705516609,0.0356759328693336,-3.90287497250831,9.50568114139625e-05,0.000161516818012125
"YHR008C",2940.02115599188,0.185162562287913,0.0474675273252191,3.90082594821698,9.58650577719836e-05,0.000162849968605997
"YMR228W",125.706305092716,-0.137074864733365,0.0351656189706701,-3.89797958192326,9.69985926443649e-05,0.000164734906353343
"YLR402W",20.409476867285,-0.368713038881728,0.094597220706848,-3.89771534646193,9.71044610794934e-05,0.000164874035642987
"YLR241W",1150.62930978948,0.0895169917895394,0.0229856182200845,3.89447831824339,9.84102932890139e-05,0.000167050017084532
"YIL027C",483.179629583329,0.11788324800868,0.0302734857095117,3.89394366872138,9.86275622195253e-05,0.000167377561222931
"YLR427W",942.944268057283,-0.0583541643320807,0.0149907621479671,-3.89267495248693,9.91449522551747e-05,0.000168214143981488
"YGL052W",66.2835164265499,0.193022997084139,0.0496057315998091,3.89114303648092,9.97730915955339e-05,0.000169238170888212
"YHR001W-A",305.555485690589,0.247597609058365,0.0636563483462511,3.88959806037863,0.00010041038971501,0.000170277224923115
"YHR119W",529.037222627031,-0.140899214056602,0.0362669768314306,-3.8850553965803,0.000102306557875764,0.000173450049488951
"YNL328C",28.3118774940561,-0.267747543126508,0.0689293775416895,-3.8843748873921,0.000102593505485657,0.000173893718677684
"YDR393W",354.347263956258,-0.109318566233501,0.0281611113588213,-3.88189815524654,0.000103644285659711,0.000175631530092817
"YGL066W",657.631638612696,-0.101791615318997,0.0262337535344182,-3.88017731375911,0.000104380342541068,0.000176835299801982
"YOR184W",1929.03765591943,-0.211080418522101,0.0544128783371763,-3.87923640455324,0.000104784881658017,0.000177476976682767
"YCR089W",553.806687257001,0.271850740635481,0.07011288833738,3.87732907717833,0.000105609471256854,0.000178829613773595
"YLR245C",136.664330761117,-0.190645316561455,0.0491982244856928,-3.87504464956649,0.000106605150787944,0.000180471222811654
"YBR221W-A",18.0612313241262,0.405441912371764,0.10477123393695,3.86978273650717,0.000108932385694477,0.000184365652779369
"YDL218W",68.3487633623329,-0.310131862647937,0.0802126126475393,-3.8663727861687,0.000110466043545796,0.000186915387026987
"YBR149W",3080.11950958718,-0.189309562520258,0.0489821491209835,-3.86486844529162,0.000111149090766595,0.000188024936100247
"YLL027W",1122.77546222352,0.159331590369127,0.0412379896722017,3.86370896437105,0.000111678270857991,0.000188873715268304
"YKL115C",21.5851823504856,0.307004151582114,0.0795041992903583,3.8614834728528,0.000112700637138297,0.000190555964316595
"YCR071C",314.878080375252,-0.112104602385122,0.0290349871274807,-3.86101780906314,0.000112915671898016,0.000190872673954786
"YLR271W",235.196700877483,0.236969659519888,0.0613972817968507,3.8596115753783,0.000113567395516685,0.000191927225854781
"YOL142W",493.472304758875,0.143418220772747,0.0372005242746392,3.85527418145878,0.000115599995420952,0.000195314348091597
"YHR067W",129.283323588702,-0.14051455160686,0.0364618887390595,-3.85373760016811,0.000116328266066514,0.000196496592705581
"YML053C",510.17776228355,0.158222247710409,0.0410716002540588,3.85235166712973,0.000116988845530631,0.000197563944439145
"YMR304C-A",231.478004084584,0.345158679945637,0.0895998127579967,3.85222546031306,0.000117049175097312,0.000197617354228787
"YBR042C",520.094906939662,-0.0986036026746029,0.0256025022650505,-3.85132678258581,0.000117479611351112,0.000198295445979996
"YLL004W",129.914232834835,-0.197336642545577,0.0512504704449077,-3.85043572932089,0.000117907869158034,0.000198969529204182
"YPL166W",104.711845468275,-0.214568293039376,0.0558587958519617,-3.84126241475076,0.000122403173692216,0.000206504741698336
"YNL335W",67.3576178556048,0.202007765138536,0.0526207276818015,3.83893902722291,0.000123567108693068,0.000208417330561434
"YDL046W",2458.44073014093,0.174781527045221,0.045579535659706,3.83464913618534,0.000125743659376242,0.000212036515994472
"YMR324C",0.600498301229715,1.58614650732391,0.414058386584109,3.83073150723808,0.000127762860076154,0.000215388661024564
"YNL212W",834.072642527608,0.104243821440484,0.0272255231768217,3.82890057845541,0.000128716989210248,0.000216944056477983
"YNL312W",745.901278697219,0.107536414871959,0.0280986102327588,3.82710795947434,0.000129657657303508,0.000218476008451947
"YDL203C",394.111031849753,-0.0966643706102485,0.0252627029764915,-3.82636690540203,0.00013004841127962,0.000219080820078342
"YPL277C",126.202148712529,0.206957240705459,0.0540913974076883,3.82606570774308,0.000130207548219557,0.000219295246940228
"YFR016C",1308.31340369785,0.145500591884975,0.0380303475618262,3.82590749791159,0.000130291211434791,0.000219382487338845
"YIR030W-A",2.72491621248073,0.884227164178337,0.231194521561036,3.82460258231032,0.000130983200723623,0.000220493725423508
"YGR120C",176.208607917829,0.151832215830933,0.0397051655904522,3.82399150269363,0.000131308442053397,0.000220987197149264
"YLR466C-B",18.2402204035593,0.423879538676119,0.110872349507498,3.82313120051138,0.000131767619782205,0.000221705782551437
"YNL226W",2.00555217853338,1.00546831681123,0.263082568074718,3.82187358200665,0.000132441584453889,0.000222785318584174
"YAL062W",534.235333952676,0.182170593297931,0.0476839404639493,3.82037624251416,0.000133248252741538,0.000224087498809352
"YMR268C",159.814171595148,-0.232998084029486,0.0610047955821875,-3.81934046013782,0.000133808970660656,0.000224975522099785
"YNL140C",7.62848753581594,0.469064314977265,0.122826409853408,3.81892066646812,0.000134036857280589,0.000225303652924037
"YEL076C-A",13.7659829978805,-0.419275202823016,0.109813592579117,-3.81806289163104,0.000134503641104542,0.000226033089822986
"YDR508C",2212.56748548907,-0.190537749273401,0.0499322887626837,-3.81592260228609,0.00013567503069586,0.00022794597031259
"YJR118C",480.813320002788,0.201597577935706,0.0528913560549459,3.81154110940694,0.000138103081828813,0.000231968704169646
"YLL010C",766.121304868551,-0.10834590241426,0.0284288112604599,-3.81113024465261,0.000138332854008617,0.000232297975573007
"YBR206W",58.4727849274029,0.238602159156516,0.0626962280784391,3.80568602720408,0.000141411680038689,0.000237410245566051
"YMR183C",1456.14865498523,0.13176198499574,0.0346286686728566,3.80499713230445,0.000141805833623507,0.000238013935762518
"YGR146C-A",11.0357884361807,0.402014833094753,0.105662447803768,3.80470868743603,0.00014197117546718,0.000238233376332326
"tP(UGG)H",1.83721995187927,1.05882721293822,0.278395317529761,3.80332263607498,0.000142768220885106,0.000239512475826987
"YFR010W",1598.622650376,0.115237878529512,0.0303002917299648,3.80319369716002,0.000142842580751006,0.000239578847374099
"YOR373W",361.702554646891,0.134288299435468,0.0353183403205047,3.80222564868103,0.00014340202629391,0.000240458585249286
"YJR014W",1534.02205933966,0.0999333109407154,0.0263014963049322,3.79952949376402,0.000144971059279137,0.000243030373298481
"YER026C",1983.35056244869,-0.127456443377194,0.0335484079360037,-3.79918008688602,0.000145175576599077,0.00024331398366228
"YDR353W",6098.18867664729,-0.0993523539674033,0.0261535018853104,-3.79881647983845,0.000145388694122499,0.00024361186639898
"YPL216W",258.705411585689,-0.12808271992469,0.0337320865679605,-3.79705891204329,0.000146423000672112,0.000245285245651458
"YDR206W",951.826350917338,-0.106379160526483,0.0280296306541863,-3.79523946779495,0.000147501016911191,0.00024703101470045
"YNL179C",71.6011634575118,-0.201331959079344,0.0530496021969061,-3.79516435075335,0.000147545683805833,0.000247045727870419
"YNL272C",715.022000337158,0.0966789869516946,0.0254871362934669,3.79324635920264,0.000148690503798472,0.000248902046839893
"YDR014W-A",5.08487456058902,0.634670334244541,0.167339860245435,3.79270266697772,0.000149016543639769,0.000249387190802093
"YNL218W",295.975668637745,0.123323012485779,0.0325293226633102,3.79113373377659,0.000149961174906105,0.000250907093372669
"YPL136W",1.75672084831473,-1.14364243314677,0.301722862906928,-3.79037379576881,0.000150420746186945,0.000251614877914752
"YPL192C",56.8527273308343,-0.320685900708229,0.0846756189302613,-3.7872283044349,0.000152337116314892,0.000254758573191167
"YER007C-A",1007.39819341479,-0.0845840360699961,0.0223442173584372,-3.78550005637396,0.000153399799425787,0.000256473438330874
"YOL115W",522.847654136343,-0.18211199006155,0.0481517227661759,-3.78204516058299,0.000155545133461961,0.000259997145881428
"YDR527W",541.638122912343,0.128770239743906,0.0340594404096073,3.78075030579725,0.000156356430525874,0.00026127145165349
"YOR012W",41.3839472532897,-0.200043403200551,0.0529116334349309,-3.78070738350117,0.000156383391759482,0.00026127145165349
"YPR071W",153.702790417761,-0.154761229387169,0.0409435814374153,-3.77986546252019,0.000156913121928525,0.000262092878330397
"YDL042C",248.254581005456,-0.203328274257704,0.0538020039857902,-3.77919518223532,0.000157336064077772,0.000262735581172801
"YOR198C",2539.02716710073,-0.0849819584927279,0.0225152501470703,-3.77441769190319,0.00016038184851488,0.000267756796077824
"YPL170W",874.965297199624,-0.258760083667303,0.068605568611886,-3.77170671277655,0.000162134760960341,0.000270617655566532
"YOR124C",1409.84700625158,0.123426990885241,0.0327258303040192,3.77154650435509,0.000162238913432599,0.000270725864998412
"YMR061W",668.747665663631,-0.147009745257355,0.0389983531029522,-3.76963983246325,0.000163483295113628,0.000272736245906792
"YPL193W",334.981388765717,-0.186741243297526,0.0495630522003457,-3.7677510768036,0.000164724833698945,0.000274740910856889
"YDL235C",423.335796220217,0.146162596893656,0.0388010593720985,3.76697438830138,0.000165237944932178,0.000275529971145082
"YKL040C",588.564654402513,0.079471280445728,0.0211000083888661,3.76640989809571,0.000165611812741379,0.000276086520756512
"YER140W",366.571459998785,0.109999859801224,0.0292093885133972,3.76590765502574,0.000165945122513909,0.000276575204189848
"YAL002W",486.448012777985,-0.138461834853998,0.0368218840734054,-3.76031369220463,0.000169700422094613,0.000282765587154262
"YNL280C",1393.66213158976,-0.120674668318733,0.0320961052561755,-3.75979164311577,0.000170054928944038,0.000283287729441012
"YKL065W-A",13.1314665895824,0.402776619071253,0.10718335656663,3.75782800588886,0.000171394619781109,0.000285450400869118
"YCL059C",1244.66620544311,-0.214790961567097,0.0571601994972219,-3.75770139811244,0.00017148133766105,0.000285525758112776
"YMR306C-A",2.22966075138163,0.898312910023593,0.239084361713747,3.75730517707024,0.000171752989373519,0.000285839819153174
"YOL038C-A",29.2423789810047,0.321245498122347,0.0854980432209411,3.75734327968413,0.000171726848395175,0.000285839819153174
"YNL288W",1001.11093608431,-0.133945532730442,0.0356722660604954,-3.75489273665115,0.000173415728427915,0.000288537286183227
"YOR255W",3.62996307693443,0.744894606236299,0.198409220825008,3.75433461781133,0.000173802554079184,0.000289111037650442
"YKL134C",247.795460908391,-0.0906505949684702,0.0241502784324955,-3.75360454836392,0.000174309781804332,0.000289744772506717
"YKL177W",0.739543224488722,1.46671430538076,0.390741779482015,3.75366644264431,0.000174266725787435,0.000289744772506717
"YOR132W",1464.80267326948,0.140808438310394,0.0375125084656587,3.75363962768042,0.000174285378068695,0.000289744772506717
"YML051W",861.012477472529,0.113304864644647,0.0302169530216096,3.74971177814049,0.000177037931845226,0.000294208583334391
"YJL131C",303.654839376812,0.151748310016059,0.0404707576279403,3.74957917544135,0.000177131566519648,0.0002942931552818
"YNL104C",4248.57704193717,0.27031553086655,0.0721019388736337,3.74907436733854,0.00017748845266427,0.000294814956958625
"YHR070C-A",43.4012303430809,-0.237461710442753,0.0633461361315569,-3.74863764302205,0.000177797750752152,0.000295257480445868
"YFL012W",10.105492202177,0.419784110613044,0.112107980147325,3.74446234836621,0.00018078048344931,0.000300138323739691
"snR70",89.9675399881372,0.245599183296935,0.0656504434475457,3.74101331841219,0.000183279807080921,0.000304214433884315
"YER104W",124.916983503196,0.153637538011379,0.0410925551725166,3.7388168578559,0.00018488835415078,0.000306736462247739
"YPR048W",179.274619453539,-0.252866160164642,0.0676322021439513,-3.73884262450053,0.000184869407620395,0.000306736462247739
"YPR203W",25.0853785375599,-0.277740202225206,0.0743457010074044,-3.73579371048696,0.000187124026331284,0.000310370735073691
"YGR260W",2605.32050961084,-0.0859861721721902,0.023029951527777,-3.7336670929802,0.000188711896293864,0.000312929047683828
"YCR038C",241.854825085287,-0.157805281009984,0.0422826017677745,-3.73215635775408,0.00018984759336128,0.000314736498986856
"YMR025W",66.3115513747711,0.256083654854509,0.0686479104118655,3.73039256866071,0.000191181651368658,0.000316871851149063
"YBR086C",2876.67070785307,-0.095834447995349,0.0257414446533835,-3.72296307708403,0.000196898325539046,0.000326268344485278
"YJR074W",585.76998681293,0.227671051611079,0.0611581960817108,3.7226580605304,0.000197136420778621,0.000326584277444852
"snR66",14.7092729197974,-0.368583064912807,0.09903991227676,-3.72156089842676,0.000197995101616152,0.000327927898635364
"YOR381W",337.80799388633,-0.131246525971622,0.0352780697998543,-3.72034316832618,0.000198952257756383,0.000329433933297907
"YDL222C",75.8468661826623,0.26746316577518,0.0719142977900374,3.71919317847017,0.000199860158811222,0.00033085770459612
"YBR176W",234.497319014907,-0.133014756918238,0.0357775584908566,-3.7178265518658,0.000200944152939855,0.000332492307856501
"YNR015W",678.718506120357,0.183576378316589,0.0493771416790025,3.71784133455935,0.000200932397966056,0.000332492307856501
"YHR186C",639.179959469855,-0.0917236581322578,0.0246736219606397,-3.7174784585165,0.000201221138286704,0.000332870624003833
"YDR145W",1323.58150885826,0.0985728492312694,0.0265184599632088,3.7171407905296,0.000201490170652251,0.000333235605318461
"YJR082C",287.306507477785,-0.144816436734489,0.0389690365883907,-3.71619237765892,0.000202247614255119,0.000334407978901656
"YHL014C",256.958772993673,-0.128993177963564,0.0347374699110688,-3.71337285915753,0.000204515230894231,0.000338076198008831
"YER183C",386.244162240148,0.104000528852703,0.0280469939348126,3.70808112607089,0.000208835757206133,0.000345135426875715
"YKL059C",543.046504108379,-0.0878594135900018,0.0237014231230408,-3.70692566154777,0.000209790490143298,0.000346630075506745
"YEL005C",205.547324002426,0.138361364792405,0.0373282074370842,3.70661690694923,0.000210046299913207,0.000346969475744345
"YIL095W",445.377943522196,0.133487101085656,0.0360155430048083,3.70637480234115,0.000210247093629658,0.000347217855514558
"snR32",39.021629415097,-0.394313209452112,0.106395471985325,-3.70610893578723,0.000210467802404977,0.000347498997495988
"YKL116C",417.934370728363,0.09749352149653,0.0263074283836358,3.70593127062067,0.000210615412179414,0.000347659341370239
"snR37",77.0272908685981,-0.53878156874781,0.145400397808185,-3.70550271436382,0.000210971870324134,0.000348164268260226
"YKL053C-A",545.897937327767,0.167104549960671,0.0451055756550061,3.7047426517463,0.000211605457757004,0.00034912618659405
"YGR039W",16.4815115201134,0.380396838353737,0.10268294812507,3.70457651732405,0.000211744185018159,0.000349271373706283
"YPR197C",1.52971058768447,1.08979860233271,0.294374569609462,3.70208134411377,0.000213838031486305,0.000352640681864243
"YGL098W",371.94103897525,0.113670047081213,0.0307099905330775,3.70140286949226,0.000214410732581706,0.000353500453502166
"YLR209C",666.993567128357,0.131639513556575,0.0356078076809677,3.69692834605306,0.000218223904100908,0.000359701120357852
"YML107C",220.333002044345,-0.114751629000607,0.0310474436225408,-3.69600893380144,0.000219015268686071,0.000360919129943417
"YIL128W",522.958754688891,-0.133831746119054,0.0362120410001178,-3.69578025493284,0.000219212517160688,0.00036115773645641
"YEL076C",6.35693569324114,-0.536738251051324,0.145249202358563,-3.69529224488496,0.000219634011336802,0.000361765590443513
"HRA1",2.55064872340489,-0.851126005034451,0.230476663920762,-3.6928945020094,0.000221716017345457,0.000365107576996765
"YPL185W",26.4476959203336,0.297415733840903,0.0806312106692022,3.68859318088478,0.000225497441950892,0.00037124364064881
"snR46",62.0985683182893,0.238015927207757,0.0645286011941033,3.68853380986519,0.000225550057927955,0.00037124364064881
"YEL049W",34.7414147354903,0.244114786993237,0.0662639211566976,3.68397738515906,0.000229622622475953,0.000377856538180435
"YDL102W",398.2653566994,-0.127841688177162,0.034740437130288,-3.67991017780558,0.000233316121250233,0.000383842651089093
"YPR185W",686.114674068285,0.108488037666665,0.0294900388090027,3.67880281098668,0.000234331353518866,0.000385420776153224
"tW(CCA)K",1.15117851288039,-1.19654290412869,0.325337447127795,-3.67785176496661,0.000235206578550618,0.000386767922933128
"YGL175C",47.5050596790922,-0.236322009963914,0.0642617115703567,-3.6774932411375,0.000235537314923113,0.000387219296381478
"YNL135C",5163.86941985897,0.14531253567364,0.0395524562050822,3.67391938746319,0.00023885811786641,0.000392584898904329
"YFL064C",33.3023009593459,-0.233469489026205,0.0635684607298593,-3.67272522168434,0.000239977485754799,0.000394330546401382
"YML052W",1391.42382535461,0.123380155374851,0.0336206982982842,3.66976778055642,0.000242770907980679,0.000398825507384151
"YDR453C",257.047540693282,-0.305548397607188,0.0832891457897729,-3.66852600912023,0.000243952879941457,0.000400671655151939
"YCL005W",556.565917264865,-0.189520094468321,0.051683131914898,-3.66696226498787,0.000245448999354815,0.000403032759493895
"YDR006C",994.773447662296,0.115311303823667,0.0314528418570898,3.66616486826848,0.00024621522169024,0.000404098164800311
"YDR112W",22.2731479291448,0.358593194484383,0.0978106789595393,3.66619676193762,0.000246184531883456,0.000404098164800311
"YMR207C",542.626032688758,0.152781802465639,0.0418445776273172,3.65117324940806,0.000261045064717116,0.000428335383836355
"YML029W",729.925603358781,0.122416176265928,0.0335492606414256,3.64884870561863,0.00026341817258538,0.000432126308851642
"YER006C-A",10.570233545711,-0.561397783801828,0.15388328968526,-3.64820498021627,0.000264078913840412,0.00043310703234665
"YPL059W",570.955293532304,-0.0976909113762676,0.0267906199804573,-3.64645952380083,0.00026587833545389,0.000435954355703747
"YML046W",284.264502313393,-0.193690280766242,0.0531302892310747,-3.64557173637513,0.000266797974885911,0.000437358108830833
"YIL142W",3353.16226197061,-0.161459244708227,0.0442963152527929,-3.64498138923749,0.000267411152247507,0.000438258934354699
"YCR013C",844.198098325836,0.349124223622797,0.0958254328643787,3.64333573235104,0.000269127432202147,0.000440861853607371
"YDL158C",58.1108358116443,0.474509832327411,0.130238943964585,3.64337899158982,0.000269082184661531,0.000440861853607371
"YCR001W",26.4569906095462,0.300085086837764,0.0825075431420986,3.63706244798663,0.000275765091237855,0.000451627652990635
"tA(AGC)H",1.28374083681416,1.16915253035342,0.321642866043234,3.63494003375865,0.00027804530213121,0.000455253722990102
"YOR170W",26.014405413257,0.511686313247873,0.140929711487066,3.6307908946144,0.000282554042481326,0.00046252605384782
"YFL051C",89.2619850280224,-0.233583642574236,0.0643641412471286,-3.62909592279624,0.000284415550501866,0.000465462577895257
"YKL132C",162.73543444509,0.149852347938546,0.0413019815731868,3.62821206708955,0.000285390799905089,0.000466947637202123
"YKL092C",374.386783353612,0.192399652684909,0.0530939187013063,3.62376063758456,0.000290350328644116,0.000474949397176228
"YMR176W",426.128966292786,0.113405375284352,0.0312980506946373,3.62340058781308,0.000290754984933864,0.000475498354220821
"YHL032C",1530.58918810919,0.148827373451735,0.0410966555942751,3.62139865883558,0.000293014584556564,0.000479079889497018
"YDR472W",418.843152003612,-0.105623989480674,0.0291706809330418,-3.62089557398825,0.00029358500269789,0.00047989856210232
"YCR023C",551.457114600959,0.0826165613270837,0.0228179809430848,3.62067798781826,0.000293832032861675,0.000480188356575513
"YNL158W",324.03037266903,-0.132820308949956,0.03669570373007,-3.61950570363682,0.000295166305457242,0.000482254393230448
"YNR061C",665.157867442335,-0.108846455776922,0.0300847611461001,-3.61799301807093,0.000296896403714129,0.000484966011760802
"YMR204C",225.570331736583,0.113214268110587,0.0312936510371857,3.61780311207716,0.000297114274011591,0.000485206778123768
"YBL059W",168.117208835946,0.161545814882294,0.0447111360594977,3.61310020544597,0.000302557709864798,0.000493979092345064
"YMR218C",466.106119494204,-0.143827083235845,0.0398100170112714,-3.6128365178825,0.000302865666414503,0.000494364654638182
"YML124C",2699.05269124019,0.112959442044232,0.0312829851412355,3.61089076167912,0.000305147175367028,0.000497970680825312
"YHR213W-A",12.6990493686792,-0.346435511815146,0.0959693331847969,-3.60985640223274,0.000306366562161545,0.000499842128076359
"YDL138W",523.073213468159,0.134524428551248,0.0372827804217629,3.60821878168513,0.000308306456297784,0.000502887929782099
"YKL074C",314.576311340472,-0.171515616908047,0.0475675753902833,-3.60572544429252,0.000311282114493508,0.000507621354402605
"YOR173W",439.632231756065,-0.316125471003669,0.0877136426184432,-3.60406273832251,0.000313281382228315,0.000510760671712515
"YHR212C",7.1081092860576,0.486792545083899,0.135170632393983,3.60131884021258,0.000316607004480264,0.000516060422785657
"YKL106W",353.393779247399,0.105890147623846,0.0294051635604473,3.60107324028894,0.000316906279030891,0.00051642597186454
"YDR504C",47.8848889238455,0.604117212240658,0.167873744336017,3.59864024377424,0.000319885334297614,0.000521157247193344
"YJL120W",8.6535749992437,-0.455649791364374,0.126650832339632,-3.5976849338225,0.000321062203787637,0.000522950857127486
"YMR052C-A",13.69732823221,0.463259591944859,0.12881145359358,3.59641614950262,0.000322631516312318,0.000525382684439524
"YOR067C",755.14760894136,0.100440432144493,0.0279602704728515,3.5922553840106,0.000327828335749757,0.000533719104194154
"YBL013W",47.1721389102154,-0.231715559711446,0.0645181385866096,-3.5914793077979,0.000328806286623404,0.000535184700567881
"YDL027C",490.548798306614,0.203711341185636,0.0567466937433188,3.58983630142541,0.00033088569048312,0.000538441970923252
"YDR041W",704.610685869896,0.135023283629147,0.0376461937296413,3.58663838896504,0.000334968329530464,0.000544956745939802
"YPL191C",177.592423610658,0.161756576349211,0.045140216189194,3.58342493689549,0.000339118248398802,0.000551577873901666
"YPL008W",389.703075500575,0.121913703168779,0.0340391723448754,3.58157072485733,0.000341534651459877,0.000555376966296943
"YER087C-B",811.490222597881,0.130733707466936,0.0365069881541194,3.58105979367636,0.000342203320659401,0.000556332907376617
"YJL068C",902.205455278692,0.182026858577153,0.0508336868179413,3.58083133393559,0.000342502708060979,0.000556688183427724
"snR77",12.3145721246745,-0.418619282679118,0.117088996798119,-3.57522307071166,0.000349929404602442,0.000568624958859526
"YDR068W",802.371687901679,0.112602127992009,0.0315222226324621,3.57215064765292,0.000354061630387193,0.000575203946487924
"YNL260C",150.884244475458,0.190289718815536,0.0532787064702617,3.5715904424547,0.000354819974780197,0.0005762999590379
"YDR371W",330.289369272789,0.146989895318249,0.041195350249268,3.56811859660935,0.000359553762060643,0.000583850861270643
"YDR229W",822.053061599933,0.0732121328689477,0.0205187913620298,3.56805289245387,0.00035964391505471,0.000583859550849252
"YPR047W",347.171028535409,0.126923388896728,0.0355880903689965,3.56645685623246,0.00036184034808673,0.000587286845020541
"YLR277C",421.680338792096,-0.12942918833141,0.0363487177737386,-3.56076352230837,0.000369777995534216,0.000600028635223446
"YLR140W",11.4376093357212,0.379133680052014,0.106533497465876,3.55882130100397,0.00037252287475478,0.000604340243328619
"YDL066W",1672.9378519102,0.153565678583666,0.0432403107752405,3.55144715267861,0.000383118921955643,0.000621383693207209
"YDR525W",3.5466865722565,0.660804420919291,0.186134171781179,3.55015102598216,0.000385010209817201,0.000624304120252338
"YJL114W",3.76156591773773,-0.629842853091399,0.177437371834532,-3.54966288431477,0.000385724757700876,0.000625315506656588
"YOR084W",549.329692516756,0.171403904289271,0.0483148847996854,3.54764178782409,0.000388696473153763,0.000629984749920823
"YHR199C-A",99.9474117678122,0.182841693417509,0.0515865602730244,3.54436683604819,0.000393557253317766,0.000637712800445474
"YML111W",863.794323672989,-0.0883561585903138,0.0249375204591341,-3.54310119705388,0.000395450922732726,0.000640630494827017
"YER012W",2006.81937164744,0.0815292210039507,0.0230174881892341,3.54205551594827,0.000397021906765345,0.000643024189150647
"tN(GUU)F",0.757499508124797,-1.43261134237791,0.404712636158968,-3.53982360416143,0.000400394555326713,0.000648334081238104
"YDR047W",1417.07613485475,0.0880951696061703,0.0249084191717943,3.53676277079548,0.000405063328360706,0.000655585570231185
"YEL059W",58.4158865430319,0.321353213951363,0.0908592572425015,3.5368241355273,0.000404969229566485,0.000655585570231185
"YMR273C",901.89568168528,0.144077611354679,0.0407514381603647,3.53552212777636,0.000406970159476105,0.000658516932548292
"YMR294W-A",91.7131423427084,0.482936674929253,0.136713772448317,3.53246542963931,0.000411704051387234,0.000666020299295373
"YJL080C",4423.06582089804,-0.10233727976541,0.0289737783543075,-3.53206539078104,0.000412327381482772,0.000666871980622242
"YBR033W",248.278646565174,0.127460313881876,0.0360969484761106,3.53105509642266,0.000413905522005255,0.000669267148662795
"YGL261C",15.9493454338795,0.327257325183226,0.092735566830289,3.52893001432906,0.000417243458487187,0.00067450603702378
"YPL205C",47.710500896733,-0.375185493962832,0.106592234443204,-3.51982014377177,0.000431839524960135,0.000697937823791203
"YDR295C",374.146304552853,-0.150729053953511,0.0428303517722814,-3.51921120692402,0.000432831981647636,0.000699377656335126
"YML057W",1334.10579766774,0.112725866045829,0.0320628667343453,3.51577627103064,0.000438470304632676,0.000708321925714682
"YKL026C",208.40737975875,0.202417822851544,0.0576008603232472,3.51414582552424,0.00044117055066757,0.000712516828840305
"YJR040W",720.159809846284,0.0955450929848316,0.0271913905022752,3.51379944974999,0.000441746192916733,0.000713279206902371
"YNL088W",873.897189901415,0.228942328507048,0.0652120356307174,3.51073734001347,0.000446865698410401,0.000721376397082206
"YPL030W",322.214795622541,-0.220396527116652,0.0627878068821415,-3.51018036878332,0.000447802823689483,0.000722719747093786
"YPL243W",1231.01290588608,-0.130605283687103,0.0372224095912494,-3.50878100373725,0.000450165408081608,0.000726362511048013
"YIL174W",1.42685488816008,1.11908169426501,0.319000141402246,3.50809153044824,0.000451333736830698,0.000728077033289445
"YNL054W",694.667648803949,0.0974656393274366,0.0277936410618726,3.50676038128521,0.000453597410349273,0.000731557313247774
"YOL004W",2354.37285816865,0.104074544817292,0.0297042356576482,3.50369374983378,0.000458852723904036,0.000739859719924892
"YOR080W",346.129244942077,-0.13998004100011,0.0399548695446751,-3.50345383667421,0.000459266252353502,0.000740353113428672
"YOR045W",1102.4896007499,-0.220024733291284,0.0630765008881213,-3.48822033868908,0.000486247194354694,0.000783663842025297
"YML098W",523.337258555008,0.138234194595774,0.0396568196462079,3.4857609820709,0.000490739268686136,0.00079071843316266
"YCR097W",233.318770103805,0.384816648143726,0.110432262026791,3.48463973372536,0.000492800073106137,0.00079385318281136
"YEL053C",498.49770215061,-0.134535075144845,0.0386131094346782,-3.48418133412533,0.000493644912828998,0.000795028122766702
"YLR066W",866.337051763403,0.122214689231357,0.0350843203914568,3.48345608145561,0.000494984327359777,0.000796998852636123
"YBR062C",426.430625006347,0.138370151766276,0.039727790670996,3.48295612288592,0.00049590963558786,0.000798302043727476
"YDR358W",971.33159744595,0.125021676512244,0.0359005003332298,3.48244941858158,0.000496849074089459,0.000799627366784928
"YPR020W",210.568785343373,0.249360936326922,0.071625788934926,3.48144069384664,0.000498724208992432,0.000802457625359406
"YPL122C",313.320683612636,-0.17342817388931,0.0498337799579593,-3.4801328343067,0.000501165234722119,0.000806196878752754
"YNR047W",470.001025767209,0.0925589456996465,0.0266140294387943,3.4778253294004,0.000505499211206851,0.00081297875943919
"YBR165W",282.893107861618,0.121137230449718,0.0348598996520474,3.47497358451528,0.000510903658231733,0.000821478675134395
"YDR227W",401.401750588025,0.154285824326044,0.0444106909906991,3.47406943878346,0.000512628352350321,0.000824059352307252
"YKL085W",2923.63025652939,-0.226728683804027,0.0652731776766342,-3.47353525405566,0.000513649879914888,0.000825508735577498
"YBL089W",361.625297857962,-0.111750199326178,0.0321751489730415,-3.47318358711594,0.00051432341203412,0.000826398294481894
"YOR027W",3439.67760041188,-0.130962447424441,0.0377614711250284,-3.46815003554348,0.000524054613239163,0.000841837613661138
"YJR024C",651.777785047497,-0.100570389289647,0.029087511458762,-3.45751094699965,0.000545190091745673,0.000875585206827376
"YJR009C",100372.63735918,-0.195183264204122,0.0564567021238881,-3.45722043373722,0.000545778207879804,0.000876325317456261
"YER019C-A",2565.54919255428,0.160396319651681,0.046401493857053,3.45670594455011,0.000546821192115305,0.000877590654478758
"YNL037C",3744.81233761833,-0.183357807118457,0.0530433746081607,-3.45675229890534,0.00054672714545283,0.000877590654478758
"YGL220W",853.95698039773,-0.166930399003261,0.048305893045262,-3.45569429483168,0.000548877448709282,0.000880685442638874
"YKL169C",15.6750536836453,-0.296157768419311,0.0857055217815688,-3.45552727832526,0.000549217614675091,0.000881025926616496
"YOR135C",26.0007297563227,-0.533168950737548,0.154340228445142,-3.45450409208805,0.000551305849716435,0.000884169758979188
"YKR001C",2181.80796659047,0.0969392010040565,0.0280731766135015,3.45308984226012,0.000554204390190361,0.000888611370857158
"YLR295C",643.790026659398,0.169841553900411,0.0492630413326932,3.44764653796754,0.000565493554429633,0.000906501309021659
"YMR084W",69.4350628172087,-0.315269710451326,0.0914624639061764,-3.44698466438358,0.000566880759519059,0.000908513507748771
"YOL097W-A",35.660632589361,0.244965163000801,0.0710751220585993,3.44656689859546,0.000567757975576311,0.000909707624352549
"YPR195C",90.3260350829772,0.301762113328505,0.0875903273340255,3.44515339208331,0.000570735410798471,0.000914265542891454
"YOR280C",299.02804324152,0.101223519684325,0.0293949743823864,3.44356550094422,0.000574097511130556,0.000919437395704554
"YLR379W",64.7083871132614,-0.228169417986055,0.0662817114043085,-3.44241892902034,0.000576536645913964,0.000923129024911079
"YOR082C",5.23734165397108,-0.578228736123244,0.168000389624714,-3.44182973274595,0.000577793809688399,0.000924926849501192
"YGL119W",350.103488738984,-0.0920121262457673,0.0267352851729476,-3.44159883279909,0.000578287174969276,0.000925501441111917
"YLR077W",747.219148554427,0.114617386090458,0.0333436635234456,3.43745629540272,0.000587205473992617,0.000939556051229181
"YFL037W",4277.38305044567,-0.135655933543767,0.0394802504765678,-3.43604541273822,0.000590272020825169,0.000944243230339518
"YJL128C",1118.6520280319,-0.0698134067604522,0.0203215441715003,-3.43543808340909,0.000591596632485206,0.000946142349514667
"YDR122W",1897.60767386547,0.104587225869382,0.0304622904304995,3.43333427629156,0.000596206551628507,0.000953293568964764
"YHR072W-A",1364.81229083781,-0.148489704025364,0.0433330345241769,-3.42670910670974,0.000610943166151544,0.000976629602728902
"YPR021C",303.450358281518,-0.184637067065134,0.0540192522673702,-3.41798635329617,0.000630862699813531,0.00100823808918667
"YJL203W",156.518160414778,-0.106425866858728,0.0311398929477609,-3.41766964444175,0.000631597187159642,0.00100917768243076
"YKR025W",733.207498574787,-0.136836180569072,0.0400521369237566,-3.4164514325304,0.000634429793799466,0.00101346847570982
"YPR100W",86.8615084992698,0.175503937468987,0.0513927506248229,3.41495513151651,0.00063792518932357,0.00101881580340821
"tA(UGC)O",1.83624880129853,0.92075014812394,0.269688278831985,3.41412742189497,0.000639866426094447,0.00102167911494904
"YDR296W",929.201189324011,-0.143314392294818,0.041990299548899,-3.41303572097466,0.000642435208052366,0.00102554287211698
"YPR130C",11.0031774693796,0.417076198782818,0.122223929594504,3.41239395727604,0.000643949757058189,0.00102772231741902
"YDR416W",362.711158612272,-0.0875410047921882,0.025670973677565,-3.41011626172537,0.000649351921646748,0.00103610381935987
"YLR006C",1002.7977553844,0.0922064398383024,0.0270617389775339,3.4072621835149,0.0006561806286538,0.00104675709645074
"RUF23",7.81079889731592,0.423498420041697,0.124314390065235,3.40667254868452,0.000657599694638437,0.00104853494617546
"YDR462W",415.489859842417,-0.14474295131687,0.042487743449205,-3.40669895754555,0.00065753607580083,0.00104853494617546
"YGR227W",420.00749553202,0.0972526247027911,0.0285817191041611,3.40261634887569,0.000667439301955866,0.00106397767862147
"YIL132C",73.6433933077224,0.160210768458742,0.0471304499352992,3.39930487993812,0.000675573637694861,0.00107619724561062
"YIR009W",159.064118753404,-0.166429014731985,0.0489593079276105,-3.39933348277842,0.000675502984417111,0.00107619724561062
"YOR176W",1067.00093493869,-0.0771877235698408,0.0227067433607967,-3.39933042547642,0.000675510536080731,0.00107619724561062
"YIL010W",406.875199861595,0.15774361875345,0.0464075946211764,3.39909060232718,0.000676103153877435,0.00107679162952721
"YBR285W",101.5407706473,-0.255232901689451,0.0750926315501507,-3.39890740836527,0.00067655616302322,0.00107726391822731
"YDL094C",23.2742858876896,0.472049293631618,0.138920658207016,3.39797766382722,0.000678859624657575,0.00108068173774969
"YPR035W",17648.6572568435,-0.231018124380506,0.0680087507020533,-3.39688822387869,0.000681568010694715,0.0010847424303359
"YOR205C",231.303907674094,-0.153253870711995,0.0451184058987363,-3.3967040204381,0.000682026938447203,0.00108522197162214
"YML127W",876.404762726752,-0.0736111302102935,0.0216768621725937,-3.39583882686493,0.000684186342863062,0.00108840641650004
"YPL225W",1171.76276341001,0.118491199973429,0.034897455984317,3.39541082956531,0.000685256913302079,0.00108985766876526
"YDR337W",465.355973992471,0.0922985360032744,0.0271850754051337,3.39519146545551,0.000685806222759478,0.00109047940963026
"YHL029C",449.715253107878,0.149833571861955,0.0441851787210369,3.39103690873198,0.000696287235203131,0.00110688931294702
"YEL009C",8688.36406818264,-0.12447515400635,0.0367300041497556,-3.38892294971816,0.000701677240776591,0.00111520032381044
"YAL064C-A",45.4769848951683,-0.278918708203149,0.0823203107754036,-3.38821252708981,0.000703497307666401,0.00111783497883295
"YNL177C",811.710750674621,-0.0692760186577988,0.020460988652041,-3.38576106149633,0.000709811581909036,0.00112760792372951
"YDL106C",667.258179947064,0.108074980341096,0.0319222921515971,3.38556453991006,0.000710320038539266,0.00112815535532707
"YLR380W",780.366799986833,-0.0936498836329572,0.027727234051688,-3.37754149795032,0.000731369166869573,0.0011613184303268
"YMR054W",1968.93128485236,0.0773375647153494,0.0229002395340859,3.37715090710017,0.000732408558551395,0.00116270069763116
"YLR098C",264.458139440807,0.117233095429051,0.0347305198803857,3.37550649494477,0.000736799529245166,0.00116940174247417
"YIL136W",2031.17302118589,0.243250319554945,0.0721588026598515,3.37104151660609,0.000748845715924855,0.00118797298482549
"YPL182C",20.5123615999025,-0.26411131475458,0.0783465355932043,-3.37106564770031,0.000748780123250058,0.00118797298482549
"YOR268C",13.7580178085904,0.346751781181153,0.102892395764687,3.37004283556743,0.000751564996210865,0.00119201220891772
"YIL087C",453.775999884657,0.215231708092133,0.0638923438897747,3.36866195523277,0.000755340063419341,0.00119772370719534
"YGR121W-A",13.4503911969407,0.314593734443746,0.0934008611588025,3.3682102128466,0.000756578859474181,0.00119941180001836
"YMR117C",44.4363163321496,-0.246483349669314,0.0732003902363117,-3.36724092417534,0.000759243272482126,0.00120335863974204
"YLR018C",480.043870022208,-0.141164276645469,0.0419404239381235,-3.36582855847462,0.000763141230392694,0.00120925831329199
"YMR110C",1196.78895280337,0.133179147794181,0.0395911990465816,3.36385739763747,0.000768612463875416,0.00121736756700765
"YPL081W",864.97719989042,-0.185353987034961,0.0551008123105522,-3.3639066152109,0.000768475411439844,0.00121736756700765
"YFL032W",6.7435061189279,-0.617396314602506,0.183605933549168,-3.36261635268543,0.000772075816812661,0.00122257175684342
"YML050W",149.816898701085,0.114250725165782,0.0339912582176675,3.36117964313538,0.000776103298150784,0.00122866663779447
"YDL237W",744.339850993224,0.105997149149164,0.0315603491023118,3.3585543938549,0.000783512995133283,0.00124011194746958
"YAL020C",484.349070517173,0.198750326325345,0.059200685591379,3.35723014590032,0.000787275515886795,0.00124578072325456
"YIL009C-A",220.738428896378,0.148178483757317,0.0441507765103296,3.35619201901576,0.000790236814102542,0.00125017933481066
"YMR206W",294.948151320064,0.319027275114194,0.0950744206744819,3.35555318508316,0.000792064248282359,0.00125278252915783
"YHL026C",238.235411619501,0.170000698495231,0.0506934696042735,3.35350292300569,0.000797955709887011,0.00126181099278183
"YDR233C",3765.04667520688,-0.0896034194527185,0.0267351366400455,-3.35152277914694,0.000803684268160531,0.00127057776952589
"YKL187C",376.548861277703,0.159865023164692,0.0477534997246131,3.3477132374927,0.000814812759271884,0.0012878755389318
"YBL029C-A",279.218858778945,0.216292638666515,0.0646150597943036,3.34740290197151,0.000815725585462538,0.00128902241356658
"YER168C",401.155631655942,-0.115366692156186,0.0344683078814568,-3.34703672001987,0.000816803899579087,0.0012904302084906
"YBR208C",956.68434296513,-0.139035291459399,0.0415650249597156,-3.34500680786672,0.000822805507212694,0.0012993553450685
"YNL015W",539.267795701093,-0.316980824523065,0.0947626259511557,-3.3449983191311,0.000822830690558992,0.0012993553450685
"YCL026C-A",30.1119956893343,0.248826597955391,0.074414028663751,3.34381302052258,0.000826354119384118,0.00130462006694787
"YNL052W",1166.82101560312,0.192536406070831,0.0576866720515307,3.33762373913407,0.000844980883633464,0.00133372154603769
"YER021W",2103.37526773058,0.0883483663400235,0.0264798682103937,3.33643527369769,0.000848601862828711,0.00133912991647391
"YPL175W",450.743067666067,0.0814225971721255,0.0244063080488653,3.33612920926445,0.000849536697801842,0.00134029792950634
"YDR374C",3.8542037735513,0.615288950348514,0.184476695970366,3.33532074125694,0.000852010656243818,0.0013438930969619
"YGR069W",10.9660890070275,0.388777511516759,0.116652663667536,3.33277868926154,0.000859833080590131,0.00135592092530075
"YIL065C",592.782007918865,0.17088631136731,0.0512983439206125,3.33122472007611,0.000864647712931472,0.00136320116865885
"YOR017W",321.575520469761,0.11904053740384,0.0357603949285578,3.32883732524932,0.000872093257114353,0.00137462501722352
"YGL194C-A",51.8758449303103,0.19175927076456,0.0576230291452202,3.32782350405935,0.000875272996476173,0.00137932125903833
"YOR202W",927.147430860663,-0.301941972025772,0.090760745401924,-3.32679035070343,0.000878524424577773,0.00138412829821921
"YNL222W",183.332448550634,0.122652210756138,0.0369435335735584,3.31999131896586,0.000900202473191067,0.00141795791075738
"YML085C",2829.6828508621,0.11172407601324,0.0336771964118024,3.31749931458326,0.000908271385073477,0.00143034045888172
"YJR061W",266.817542470904,0.133786668401365,0.0403314432897829,3.31718028140235,0.000909309215218815,0.00143164736949041
"YBR137W",266.758559998975,0.154522709703544,0.0466067413995222,3.31545834494082,0.000914929755390988,0.00144004543241136
"YHL007C",1090.71179741223,-0.112772089644292,0.0340144400285865,-3.31541808565762,0.000915061549281003,0.00144004543241136
"YDL065C",659.452963481095,0.0961022492350283,0.0290186531591722,3.31174051076359,0.00092717503320673,0.00145877516079258
"YHR120W",224.153761877091,-0.131312454017273,0.0396534166625042,-3.31150415448161,0.00092795862095331,0.00145967445859345
"YOR351C",43.1947216673388,-0.194907734538557,0.0588623500382012,-3.31124622805686,0.000928814419917906,0.00146068690752279
"YMR075C-A",5.53775641039871,0.532544386334815,0.161207597065152,3.30346953884305,0.000954963436480217,0.00150146683264816
"YLR270W",885.414178505682,0.134077791956895,0.0405982178139189,3.30255363847344,0.00095808762260217,0.00150603499580273
"YMR243C",2089.0283197843,-0.0761348241875059,0.0230696985457175,-3.30020888814948,0.000966128884277705,0.00151832854787765
"snR161",4.60881451420089,-0.538366797649337,0.163299186584534,-3.29681248822783,0.000977887642214043,0.00153645742050289
"YMR196W",1743.76089097579,0.197010984872736,0.059805887177234,3.29417377070081,0.000987114534711962,0.00155060086048183
"YHL034C",2358.21864956028,-0.0810373221640694,0.0246440630934918,-3.28831012388824,0.00100790746350728,0.00158290211821341
"YNL201C",381.427987187203,-0.170610800890001,0.0518950203548776,-3.28761410484668,0.00101040233801678,0.00158645840302064
"YKL007W",1372.93731723493,0.123896786275044,0.0376915338263952,3.28712508346582,0.00101215864892253,0.00158885369307606
"YPL151C",537.027451552202,-0.0814907186323843,0.0248035376752488,-3.28544741074186,0.00101820547776471,0.00159798147125827
"YMR241W",1183.60194855058,-0.117159265209774,0.0356622150482894,-3.28524924913193,0.00101892191455793,0.00159874142701261
"YCR095C",252.952590525431,0.244055577124391,0.0743116460434735,3.28421707926661,0.00102266118914747,0.00160424294538171
"YDR425W",270.942770200527,-0.140141476093287,0.0427105443566956,-3.28119152317284,0.00103369527061047,0.00162118267383897
"YDR169C-A",5.95901889681016,-0.484121336353458,0.147562468195971,-3.28078909408399,0.00103517118675979,0.0016231276749809
"YGL108C",94.9088055715607,-0.163360575075799,0.0498114427919188,-3.27957926772404,0.00103961999939202,0.00162973217117806
"tP(UGG)N1",1.85218317091501,0.889449605984429,0.271414457160826,3.27709000945881,0.00104882928446645,0.00164379458765116
"YHR022C-A",2.36352685090807,-0.725569809583358,0.22141571925101,-3.27695708343457,0.0010493231755609,0.00164419437044534
"YKL219W",305.165763160865,0.165613141683434,0.0505433239470914,3.27665710820281,0.00105043853444549,0.00164556753348287
"YLR132C",230.829464669554,0.144154850520667,0.0440130051665627,3.27527852222605,0.00105557846954666,0.00165324334914211
"YJR126C",1670.24263846544,-0.0516354719649166,0.0157882474994512,-3.27050053951279,0.00107357337440825,0.00168104450370725
"YHR079C-A",2.07263366081558,-0.811545426233387,0.248210551915692,-3.26958471334063,0.00107705481501319,0.00168611241504452
"YDR007W",381.705966007614,0.0837063058533829,0.0256099376134961,3.26850877642399,0.00108115824380879,0.00169215151366755
"YJL083W",327.119633817751,0.103859667929268,0.0317769540825045,3.26839594693724,0.00108158939172464,0.00169244158227821
"YMR031W-A",17.7182779946748,0.340804063471849,0.104287744280116,3.26792055791765,0.00108340771175494,0.00169490163495404
"YGR182C",281.063293211316,0.167574105306015,0.0513480168773973,3.26349712212117,0.00110046301874411,0.00172119215903072
"YJL031C",321.180439024388,0.102930385639664,0.0315630726898756,3.26110156165753,0.00110980281979721,0.00173540595373695
"YML036W",201.303148725806,-0.118119902656626,0.0362217875127966,-3.26101804376429,0.00111012975739163,0.0017355230199004
"YER184C",220.335575574381,-0.188490227758538,0.0579021949210412,-3.25532094276519,0.00113264292028522,0.00177031702750596
"YDR249C",127.075270849223,-0.172754025769842,0.0530888220722501,-3.25405648546386,0.0011376965577388,0.00177781225602171
"tR(UCU)G3",0.658941564198888,-1.50071352931818,0.461254559731533,-3.25354730409959,0.00113973747558978,0.00178059734954292
"YPL161C",328.493779306117,0.0954171501157157,0.029328050996629,3.25344326926747,0.00114015488765831,0.00178084537239734
"YBL047C",3847.82385133485,-0.102730664802149,0.0315772022475711,-3.25331750408797,0.00114065967562634,0.0017812297270781
"YML073C",8525.22928897989,-0.156558741646477,0.0481353348717364,-3.25247018772488,0.00114406596617197,0.0017861438043297
"YPL128C",254.811445877846,-0.107260940207922,0.0330018316581966,-3.2501511224842,0.00115343696579635,0.00180036579222577
"YFR021W",533.397768684764,-0.109638800285453,0.0337477424788343,-3.24877435443913,0.00115903379035071,0.0018086916696656
"YCL002C",345.916325323125,-0.0970063849946557,0.0298684765903384,-3.24778482428644,0.0011630719099138,0.00181458193966837
"YHL017W",819.929937712897,-0.109643363795069,0.0337982087911226,-3.24405841956535,0.00117839574925991,0.00183807311591629
"YDR318W",245.436438658507,0.167842373910797,0.0517587817222745,3.2427806127934,0.0011836931943396,0.0018459179259407
"snR67",14.0694675638951,-0.376679456997337,0.116196240211534,-3.241752541318,0.00118797126770559,0.00185216987729913
"YOR166C",278.798675741812,-0.108477822868554,0.0335021758827092,-3.23793365685661,0.00120398803929925,0.00187671669698332
"YGR102C",286.930204470594,0.0969057510770399,0.0299529939893688,3.23526092621774,0.00121531613963104,0.00189394559107282
"YDR125C",109.355586261427,-0.140948269625405,0.0435722417502028,-3.23481794747796,0.00121720314370095,0.00189645703651981
"YOR034C-A",59.922175792563,0.228780619584224,0.0708542434054197,3.22889086931841,0.00124271307049701,0.00193576459058189
"YMR153C-A",21.5932879020661,0.247278379160457,0.0766064535665605,3.22790532191399,0.00124700239440857,0.00194200666941936
"YEL020W-A",97.8041328231975,0.173634178773916,0.0538206373247281,3.22616355741553,0.00125461639060086,0.00195342239920555
"YNL299W",136.849748912847,-0.299931734865449,0.092985369998048,-3.22557983983658,0.00125717765730152,0.00195696770755618
"YLR195C",689.652288228623,-0.0975399650473392,0.0302506801556745,-3.22438915572754,0.00126241717787045,0.00196467953653662
"YMR037C",880.796025735412,0.0929944545438179,0.0288539611986802,3.22293545428596,0.00126884141858501,0.00197423122417125
"YER129W",963.650994239791,-0.0930685905364994,0.0288819760802546,-3.22237613790306,0.00127132119617038,0.00197764266507751
"YOR293C-A",6.70208004226205,-0.604279975134157,0.187567642503078,-3.221664286388,0.00127448372213791,0.00198211439505749
"YML079W",605.408086694329,0.079723289666377,0.0247736620381122,3.21806641035666,0.00129057932673068,0.00200669346534344
"YGL043W",564.642415084412,-0.093959449781929,0.0291996737780949,-3.21782532558346,0.0012916645323643,0.00200792736629673
"YDR248C",267.8355355309,-0.150474955349534,0.0467936669057867,-3.21571198197605,0.00130121353507849,0.00202231494108699
"YML129C",839.491218295039,-0.26800628761984,0.0833683122593594,-3.21472607944935,0.00130569051999526,0.00202881499213888
"YLR337C",1576.42133971809,-0.181984321672411,0.0566183687788036,-3.21422756602873,0.00130795967753125,0.00203188230591214
"YJL160C",187.041077614038,0.322769082405377,0.100453664771008,3.21311405752248,0.00131304134887362,0.00203931641935368
"YDL020C",1122.98001068154,-0.123721647146339,0.0385262743081176,-3.21135768688307,0.00132109386832647,0.00205136023532425
"YNR068C",115.824722154128,0.19349028498338,0.0602713238164614,3.21032080816074,0.00132586906412758,0.00205831082446864
"YER046W-A",3.16019019492629,0.91639965201537,0.285500379079477,3.20980187476481,0.00132826491248216,0.00206113482579121
"YNL118C",1528.6585451125,0.0974754431037278,0.0303681010014588,3.20979711899158,0.00132828688773211,0.00206113482579121
"YJL223C",29.5582806319152,0.246265786586028,0.0767308284332933,3.20947644661652,0.0013297694094658,0.00206297034343669
"YIL120W",223.337822866466,-0.0934911765506226,0.0291313344665501,-3.20929947984268,0.00133058820990133,0.00206377558575595
"YMR039C",1955.28529971926,0.073373150846492,0.0228714343648532,3.20806949297615,0.00133629205164169,0.00207215558007951
"YML120C",1152.1848777824,-0.203876949297723,0.0635532525288658,-3.20797034274718,0.00133675282403527,0.00207240333111524
"YMR160W",425.349878714264,0.102950783276453,0.0321075261403913,3.20643773133741,0.0013438938685184,0.00208300524195165
"YDR511W",277.192109602947,0.171170951609197,0.0534111518979627,3.20477925539228,0.00135166100187054,0.00209457258561302
"YML031C-A",0.721767286976493,-1.29064915859074,0.402893730661268,-3.20344810645826,0.00135792510110023,0.00210380610285218
"YMR005W",575.400545454114,-0.0994891586021064,0.0310939439192309,-3.19963137711117,0.00137603457182099,0.00213138313318054
"YCR066W",210.865914699302,0.123091858015598,0.0384804873479418,3.19881234617945,0.00137994959204921,0.0021369664735175
"YLR034C",704.240987997082,-0.106935048037398,0.0334366828671881,-3.19813566621273,0.00138319191255103,0.00214150580569234
"YOR216C",663.912598670057,0.122999498942116,0.0384723545142797,3.19708789584123,0.00138822618112831,0.00214881682937688
"YLR116W",550.066539374796,-0.106155330743142,0.0332829795772436,-3.18947798819438,0.00142529993143601,0.00220570690670644
"YPR092W",6.31839077546968,-0.46063079332225,0.144453627058624,-3.18877969838244,0.00142874716369077,0.00221054476899122
"YJR018W",4.87987720864538,0.525975468143673,0.164995396390215,3.18781905223427,0.00143350212555362,0.00221740331036546
"YLR357W",503.981472609513,-0.102852424981388,0.0322676950656837,-3.18747356363766,0.00143521577253628,0.00221955538946817
"YOR123C",1650.22893764813,0.0891585535243309,0.0279749487561264,3.18708549930071,0.0014371428497186,0.00222203649681396
"YPR154W",875.030495788959,0.176742972950485,0.0555174325687684,3.18355811449956,0.00145476907574696,0.00224878425831115
"YGR222W",295.008045465988,0.107038466859724,0.0336417913684154,3.18171127356248,0.00146407694318695,0.00226266436674347
"tW(CCA)G1",0.683532619407013,-1.30672318116717,0.41108534633941,-3.17871505954455,0.00147929433452352,0.00228566909631832
"YGR209C",3778.6257267416,-0.169283402054298,0.053257729552164,-3.17856963632839,0.00148003661603713,0.00228630291707777
"YPL261C",15.995390015938,-0.336833759053129,0.105978079251647,-3.17833425017366,0.00148123882139433,0.0022876467665545
"YMR165C",723.952103785532,-0.086903590959253,0.02736268534016,-3.17598912091078,0.00149326551137948,0.00230570375551642
"tK(UUU)P",3.9062323537941,-0.555447273968351,0.174906660985369,-3.1756782208244,0.0014948666588261,0.00230765850807572
"YIL089W",64.3049536716787,0.16063589688098,0.0505878187430383,3.17538689890807,0.00149636841327541,0.00230945898350173
"YML049C",918.663087006903,-0.0693211196410848,0.0218435990655498,-3.17352096754117,0.00150602023499695,0.00232383445046034
"YIL168W",53.8767587299697,0.161917781569652,0.0510399281041821,3.17237479722047,0.00151197738107048,0.00233250375726423
"YDR129C",4250.00866823916,-0.115758695207932,0.0364929400838919,-3.17208465368424,0.00151348882239739,0.00233431239744759
"YOR208W",965.63257996155,0.132376522311634,0.0417412838600656,3.17135722886282,0.00151728430905025,0.00233964221003606
"YDR124W",154.764365219727,0.136705852939739,0.0431114626380254,3.17098619658432,0.00151922362003283,0.00234210806626199
"YCL052C",873.420051558005,0.0664092971230813,0.0209763142338794,3.16591830111993,0.00154594207191618,0.00238276497988424
"YJL042W",1586.43444637901,0.0961580599746971,0.030380199973483,3.16515559669217,0.00155000038484742,0.00238848537369617
"YLR143W",375.938748620047,-0.109999322801236,0.0347575706797317,-3.16475865976964,0.00155211634625944,0.00239121079525537
"YOR345C",0.960819958667302,-1.13279672985821,0.358048231491095,-3.16381043174174,0.00155718186044961,0.00239847810049117
"YJR096W",766.382831703909,0.157875000560197,0.0499284147835906,3.16202709908754,0.0015667498341891,0.00241267560017713
"YMR277W",889.914060401971,-0.116911686760517,0.0369797080117475,-3.16150919102381,0.00156953865146281,0.0024164296993116
"YOR235W",1.3581262561068,0.998102295051837,0.316019247433715,3.15835919222353,0.00158659935304168,0.00244214990961144
"YBR182C",89.5780292678945,-0.201706182108094,0.0638893292924497,-3.15711847881194,0.00159336591938526,0.0024520170663763
"YMR125W",955.814349837864,-0.110223953349473,0.0349241219256135,-3.15609805693165,0.00159895096492694,0.00246006198737921
"YCR032W",498.949384511678,-0.0923454273210275,0.0292670425101846,-3.15527020842274,0.00160349523860448,0.00246650239450219
"YOR110W",626.823249811502,0.0745759955125659,0.0236705118173847,3.15058652250155,0.00162942986104447,0.00250583528999132
"YCL058C",29.8805242926236,0.559705216736529,0.177808242801288,3.14780241859785,0.00164502844227274,0.00252925878183292
"YML030W",638.898965424041,0.0925716068166214,0.0294392549827099,3.14449556794117,0.00166373431473529,0.00255744826009208
"YNL081C",675.741431454538,-0.102473381626864,0.0326195990478716,-3.14146662184525,0.00168103968675594,0.00258347282216844
"YDR476C",1967.75419843797,0.257870376593159,0.0821133713717354,3.14041881712242,0.00168706458737042,0.00259215346664703
"YNL187W",169.884241287923,-0.190013508149882,0.060527878799963,-3.13927254543072,0.00169367842211583,0.00260173492553938
"YGL116W",457.149958342609,0.117471859154146,0.0374211802792854,3.13918102735986,0.00169420749593649,0.00260196712235617
"YBR016W",1768.15120728789,0.193043222011419,0.0615550720300872,3.13610585845895,0.00171207393518843,0.00262865783620862
"YER137W-A",0.663919091815205,1.28266711874008,0.409014639618997,3.13599317602642,0.00171273188863208,0.00262865783620862
"YLR454W",830.855558799618,0.147653110264466,0.0470825283235869,3.1360488810134,0.00171240659779756,0.00262865783620862
"tV(AAC)O",1.72312187297083,-0.854055452328154,0.273078998460089,-3.12750323951761,0.00176297876997274,0.00270517246072261
"YDR332W",298.851598619903,0.101861337381923,0.0325767456721996,3.12681132753076,0.00176713293414194,0.00271094256942229
"YJL222W-B",10.8834052906858,-0.331695572840131,0.106183845889464,-3.12378563859348,0.00178540476871743,0.0027383630725372
"YJL058C",170.243728408248,0.108461582272649,0.0347614782098362,3.12016599575902,0.00180749151153871,0.00277162117081158
"YIL111W",852.466092831043,0.1670145931335,0.0535586000119211,3.11835247927178,0.00181865159904852,0.00278811317289002
"YML100W",5775.97970919035,-0.305782871417969,0.0980687343872272,-3.11804647351292,0.00182054094103982,0.00279038833015564
"YBR235W",819.259416914306,-0.0623902813292804,0.0200626527438903,-3.10977227815899,0.001872316314035,0.0028691070158315
"YBL067C",793.941749860176,0.106734560265705,0.0343289413900549,3.10917132727622,0.00187612892610612,0.00287430966983547
"YFR050C",2185.69534962679,-0.0871104733007527,0.02801916278909,-3.10896060515668,0.00187746749809899,0.00287572051711047
"YNR037C",497.005772950874,-0.218707469214409,0.0704467791526517,-3.10457726875617,0.00190551148978045,0.00291802638059128
"YNL017C",4.30955494943693,0.523017586928451,0.168505751798859,3.10385598915795,0.00191016282931096,0.00292449879470891
"YGL095C",758.361084823391,0.0825942348644949,0.0266214482017443,3.10254476911152,0.0019186452535396,0.00293683249680305
"YNL274C",490.256481987613,-0.261016154006577,0.0843185447823219,-3.09559604806298,0.00196417747134157,0.00300585949993036
"YEL062W",247.101131770081,0.0951478970743279,0.0307703121589616,3.0921979791036,0.00198680293544892,0.00303980849123684
"YGL258W",36.7105555626631,0.196215986858671,0.0635118041621228,3.08944123769185,0.00200533371377854,0.00306747892009892
"YHR003C",408.490102737685,-0.0985695486601772,0.0319199567501556,-3.08802262583569,0.00201493129390669,0.00308147533508387
"YGL058W",517.543417281814,-0.0650910943263072,0.0210808017742698,-3.08769538385178,0.00201715121572371,0.00308418523656624
"YPL203W",1074.68018123836,-0.115633424474723,0.037466700990228,-3.08629853759695,0.0020266523056626,0.00309802422834969
"YDR008C",17.8717687155063,0.286704606896072,0.0928981339372954,3.08622568338771,0.00202714897144578,0.00309809559786996
"YML092C",1738.96100915426,0.0746059908302053,0.0241945718774633,3.08358383888987,0.00204523473449684,0.00312504242055276
"YJL079C",2162.10590726616,-0.15909729154513,0.0516073984429744,-3.08283882437769,0.00205036171291808,0.0031321811389929
"tI(AAU)N1",1.40380412086998,1.00176178776802,0.325264931179218,3.07983336579271,0.00207116438037584,0.00316325793231758
"tV(AAC)M2",1.52096442710225,-0.866312944809313,0.281483224021389,-3.07767167233911,0.00208624633484928,0.00318558572087764
"YDR369C",228.875808457769,0.110759900512542,0.0360003623983904,3.07663293182555,0.00209352931468513,0.00319552313013183
"YOL138C",583.27909199654,0.10063343667098,0.0327091833610853,3.07661110215014,0.0020936826201924,0.00319552313013183
"snR36",16.1303848441584,0.339197822639801,0.110264066121764,3.07623176407469,0.00209634828132914,0.00319888251705477
"YKR030W",433.234881998044,0.167832952213786,0.0545730116480754,3.07538373172603,0.00210231878345423,0.00320728225661033
"YDR265W",370.923737398096,0.074305306861647,0.0241659556479449,3.07479281780301,0.00210648827952456,0.00321293128146358
"YOL077W-A",373.774262763664,0.155950091665931,0.0507251137826754,3.07441580780039,0.00210915242824339,0.00321628227429805
"YML100W-A",9.20862433796658,-0.363306207293366,0.118183174631672,-3.0740941629436,0.00211142778039849,0.00321903903189628
"YKR105C",86.3747027253928,0.145175287004198,0.0472268504171208,3.07399891633614,0.00211210199756313,0.00321935405207486
"YIR014W",95.290755285358,0.153156458531992,0.0498247752636406,3.07390164273871,0.00211279076685447,0.00321969110885194
"YHR032W-A",100.680018184573,-0.21231342929706,0.0691161588160873,-3.07183490711644,0.00212747355715085,0.00324134884730773
"YCL004W",223.426596974278,-0.0995854842557475,0.0324505164276752,-3.06884127646168,0.00214890729017904,0.0032732802417882
"YIL100W",2.11284184662264,-0.813327673671161,0.265283802172705,-3.06587762618717,0.00217032122160098,0.00330516735472743
"YGL226C-A",628.237660022301,0.117681675588621,0.0383856432562255,3.06577317991238,0.00217107945712231,0.00330559090276141
"YNL038W",341.552657114867,0.117797223137723,0.0384413425449883,3.0643368659631,0.00218153114594797,0.00332076982972623
"YKL131W",4.24677293242618,-0.505570458808948,0.164998911830586,-3.06408359424846,0.00218337891572508,0.00332211355464468
"YOR040W",245.842200148649,-0.100497476987132,0.0327981245449318,-3.06412267108309,0.00218309373310429,0.00332211355464468
"YHR153C",18.9069842629411,0.302039125292487,0.0986329873334643,3.06225263431731,0.00219677960348482,0.00334176481882303
"YNL252C",418.627461327238,-0.0947248199649187,0.0309452450693333,-3.06104604286333,0.00220565173880396,0.0033537792008978
"YOL049W",1373.64648292213,0.0632417951976064,0.0206600848573862,3.06106173494233,0.00220553614359236,0.0033537792008978
"YDR484W",267.822621983575,0.124290719643141,0.040607914905985,3.06075108586338,0.00220782556371961,0.00335634334427235
"YLR451W",528.212855970309,-0.119921356662859,0.0391931641856327,-3.05975185098271,0.00221520449885189,0.00336681743368549
"YCR047C",415.540268003638,-0.236377352896887,0.0773699148305411,-3.05515849945823,0.00224941611118171,0.00341806001445289
"YNL077W",472.123215270793,0.110428008070844,0.0361818159992869,3.0520305579195,0.00227298959892794,0.00345311857648254
"YDL069C",83.0750268790133,0.253722269512579,0.0831641405693152,3.05086143830354,0.00228185852806636,0.00346582747975665
"YOR099W",2611.58008334547,0.0640936118717573,0.0210123056614741,3.05028933541894,0.0022862100363138,0.00347167095280558
"YAR069C",2.38311203848429,-0.706188699732751,0.231601381619547,-3.04915581588719,0.00229485423046058,0.00348402896950851
"YER090W",1863.59796200417,0.0999676846272265,0.0327913774104931,3.04859668978825,0.00229912912990381,0.00348974957217543
"YFR044C",2652.81954278455,-0.106912519516235,0.0350837225745515,-3.04735392001376,0.00230865708679818,0.003503439286446
"tL(CAA)G3",0.625650691607494,1.27710771295458,0.41922048895078,3.04638667864472,0.00231609765881695,0.00351395601166917
"YNL072W",295.16437753877,0.145081974466026,0.0476478317890423,3.04488093200899,0.00232772443754629,0.0035308179670646
"tD(GUC)L2",0.540401954059144,-1.37050552567402,0.45022023263808,-3.04407804519025,0.00233394583745535,0.00353947513014979
"YGL182C",4.03355507843807,0.529650323351407,0.17401151173982,3.04376600177655,0.00233636790216675,0.00354236798203437
"YEL036C",1567.26679062529,-0.117332733993538,0.0385781994834571,-3.04142587172457,0.00235460535447671,0.00356923334777018
"YPL042C",476.933398063409,0.102592267693836,0.033761155068029,3.03876651989875,0.00237548879099721,0.00360009692406246
"YDR157W",37.6222382764636,-0.261251473690427,0.0860664866076821,-3.03546111834787,0.00240168187637326,0.00363899201558756
"YJL149W",368.780878945752,0.0896398660489303,0.0295498854741275,3.03350976190466,0.00241726890434564,0.00366180338975131
"YBL091C",3396.04724403482,0.130510743733348,0.0430298430123078,3.03302858195459,0.00242112667362103,0.00366684055166757
"YDR406W-A",11.9294349702542,-0.691464951005453,0.228125281840244,-3.03107549249928,0.002436843123161,0.00368983173586178
"YCL028W",1647.8600547056,-0.142070989925456,0.0468830309654334,-3.03032860717142,0.00244287792514829,0.00369815622573571
"YJL204C",265.343729190958,0.124109369113082,0.0409613696971647,3.02991257447313,0.00244624537981672,0.00370243997362896
"YJL134W",755.581303379278,-0.101251954766154,0.0334514650216584,-3.02683170081183,0.00247131511800555,0.00373956144779521
"YDR246W-A",69.6608567715469,-0.23228594473196,0.0768495815996998,-3.02260519701862,0.00250608961485201,0.0037913484944531
"YCL017C",1132.42627566116,0.109954592244035,0.0363860442455038,3.02188914799722,0.00251202521691386,0.00379865882241422
"YJL193W",188.725703998053,-0.135808368747944,0.0449408368690767,-3.02193679978827,0.00251162981405808,0.00379865882241422
"YOR158W",526.223419867109,-0.142850409716983,0.0472832864837403,-3.02116075975611,0.00251807629533686,0.00380697305520296
"YNL117W",68.7641608805753,-0.245918253288174,0.0814336908689829,-3.01985886509586,0.00252892499657166,0.00382253536803423
"YKL168C",571.490175001592,0.0721997552484468,0.0239545734591354,3.01402800478221,0.00257804007652561,0.00389591877236147
"YNL050C",261.998171428391,0.183489215331137,0.0608993511739588,3.01299130112241,0.00258686332575549,0.00390839455734618
"YMR097C",300.703153179638,0.0968102418696655,0.0321317427388016,3.01291600199324,0.00258750526113581,0.0039085067404388
"YPL219W",273.073156065556,0.0771680363499856,0.025634734375312,3.01029202098164,0.00260996623964385,0.00394156998463433
"YML060W",139.131406084037,-0.161727073888052,0.0537448031243838,-3.00916673773575,0.00261965303506309,0.00395533139175645
"YPL254W",412.611599202339,-0.11034448648557,0.0366905193862205,-3.00743866076234,0.00263459287665939,0.00397701643407145
"YPL028W",5557.70462243192,0.109814762231871,0.0365397919473409,3.00534722228659,0.00265277826125173,0.00400359016412059
"YHR082C",1765.62730856355,-0.0759641001909366,0.0252899954513957,-3.00372138606867,0.00266699434379252,0.00402416306311889
"YML065W",497.985318328471,-0.141462630843133,0.0471023921017249,-3.00330035335833,0.00267068712711547,0.0040288520749759
"snR35",46.097096753424,-0.268652533883115,0.0894787404879849,-3.002417472776,0.00267844585223873,0.00403967134559992
"YBL011W",1473.08104294655,0.0673188215043499,0.0224344735689918,3.00068647910668,0.00269371758233394,0.00406181461987937
"YEL033W",263.397863025171,-0.455091093017016,0.151730788275537,-2.99933255596478,0.00270571801127054,0.00407901653330364
"YHR210C",303.274855080765,0.172035558100354,0.0573732159996846,2.99853433527763,0.00271281586937759,0.00408882164200191
"YDR121W",449.363467782985,-0.12894363961219,0.0430366314803278,-2.99613689958823,0.00273423651359404,0.00412020538325562
"YLR412W",437.909493437248,0.0902293386442255,0.0301372556977112,2.99394674648754,0.00275394007120491,0.00414898848801878
"YPL083C",165.867407200622,-0.149074760788015,0.0498216175688451,-2.99217022775342,0.00277001757638388,0.00417229731205492
"YGR217W",408.068092459771,0.11916641427163,0.0398312716535906,2.99178031040562,0.0027735577843761,0.00417671595481833
"YBR294W",372.980683030288,-0.09274137792254,0.0310150418370369,-2.99020644272651,0.00278788957423475,0.00419738021399656
"tV(AAC)K2",1.32180026715906,-0.920446019358846,0.307942192062895,-2.98902210571668,0.00279871882382367,0.00421276324924049
"YDR065W",111.183776999398,-0.160473542270229,0.0537057904946746,-2.98801192184558,0.00280798600874868,0.00422578878037916
"tP(UGG)O3",1.42011212644109,-0.963416507318448,0.322509161398177,-2.98725314698577,0.0028149652475958,0.00423536619967157
"YHL046C",27.8433099266942,-0.230276733855405,0.0770953980427591,-2.98690634851756,0.00281816038408115,0.00423924715848781
"YNL103W-A",13.5876720843461,-0.359242767511507,0.12061307417781,-2.97847285595179,0.00289688687331573,0.00435672042874155
"YLR262C-A",1442.9210663061,0.108161370645979,0.0363296113602142,2.97722344380569,0.00290871934741408,0.00437356032036383
"YGR270W",1388.04088816215,0.121504050726156,0.0408960998688606,2.97104249832568,0.0029679070740618,0.00446158083076757
"YKL083W",19.6212273290743,0.308651916360634,0.103901140110195,2.97063069792388,0.00297188918643915,0.00446561699009898
"YMR149W",1797.73098030154,-0.0588067245224327,0.0197956074440622,-2.97069562975558,0.00297126097167591,0.00446561699009898
"YNR041C",570.34245672045,0.138798845750683,0.046781367480123,2.96696854382587,0.00300751727117527,0.00451816635654412
"YPR153W",46.1355080555145,-0.176134139891448,0.0594353743959447,-2.96345638740463,0.00304205166197005,0.00456905010747465
"YKL105C",973.283379420246,0.089173399712629,0.0301104632641119,2.96154193744714,0.00306102803770433,0.00459614666505905
"YML016C",1070.8051842095,-0.0948002832956593,0.0320108820807044,-2.9615017498316,0.00306142753899213,0.00459614666505905
"YBR155W",525.705077533108,-0.183389620746486,0.06200424183625,-2.95769475305913,0.00309948885112435,0.00465227397863335
"YPL021W",2.16124641695985,0.726569535865617,0.24634912694338,2.94934893774805,0.00318444208776159,0.00477874537363526
"YOR073W",243.721540793816,-0.145957564719796,0.0494892992274953,-2.94927523723562,0.00318520165799081,0.00477884362938913
"YNL048W",509.382447895554,-0.107551989266073,0.036513579127141,-2.94553401329338,0.00322397698769924,0.00483596548154885
"YHR086W-A",7.21567131531839,0.39420269971191,0.133847001200945,2.94517393871299,0.00322773152420824,0.00484054270184572
"YDR378C",801.706070731262,0.0885719722335934,0.0300827414086381,2.94427861578335,0.00323708442881377,0.00485351182325409
"YJL067W",29.1549665942538,0.275519958614742,0.0937104407752713,2.94012018655927,0.00328084959452252,0.00491805997350044
"YDR137W",498.303680248831,0.0823993994265434,0.0280419148325569,2.93843697616816,0.00329871718449617,0.00494376748264173
"YOR350C",200.362420532295,0.133247371044637,0.0453520082627906,2.93806991462295,0.00330262536361732,0.00494854747083901
"YNL323W",651.820927876435,-0.0814168043212283,0.027719969267059,-2.9371174093609,0.00331278656118186,0.0049626926618227
"YKL016C",1193.57848539756,0.135879115843046,0.0462665662515474,2.93687487211137,0.00331537846016606,0.0049654950398615
"YJL070C",521.260622725201,0.140211742424558,0.0477640349474772,2.93550874792591,0.00333001221763414,0.00498632755946304
"YML104C",358.270744032539,0.114873246787156,0.0391399480209672,2.9349361099207,0.00333616372505764,0.00499445254338375
"YHR182W",231.24513791583,0.098205523215165,0.0334721061954446,2.933951112659,0.00334676917656733,0.00500924038710132
"YPL143W",293.321545882421,-0.25448925048779,0.086746057626363,-2.93372698946089,0.0033491865915174,0.00501176911162732
"YBR215W",450.945897657693,0.138688256875058,0.047278654741124,2.93342223111996,0.00335247629626193,0.00501560176005289
"YJL171C",2187.6305847006,0.133345963117521,0.0454668203321471,2.93281918866095,0.00335899449336892,0.00502426180465893
"YIL067C",612.200871401377,-0.0757851081643343,0.0258451023980342,-2.93228121124018,0.00336481914965972,0.00503188093948897
"YBR179C",448.117022821565,0.0774756720632377,0.0264525201449099,2.92885787965824,0.00340209937092313,0.00508652642102187
"YPL196W",616.044803933676,0.108684017270642,0.0371175422921241,2.92810381719977,0.00341036151384721,0.00509777225854061
"YJL137C",171.057647522751,0.123516336931352,0.0421847387579446,2.92798629476139,0.00341165083263452,0.00509788505256934
"YML059C",655.681385059716,-0.0807999170939733,0.0275959586031758,-2.92796196196187,0.00341191783910523,0.00509788505256934
"YOR147W",413.85666034036,0.10648701125988,0.0363988464324973,2.92556005744201,0.00343836801249569,0.00513629068475436
"YNL227C",104.036466585897,-0.259884261086855,0.0890756378408863,-2.91756834288495,0.00352772331776783,0.00526862799193741
"YPR143W",248.602819481386,-0.327030650908697,0.112102007495581,-2.91725954079447,0.00353121805158241,0.00527270359686509
"YGR204W",6566.10909862925,-0.177359423418512,0.0608215752555812,-2.91606099765128,0.00354481190294102,0.00529185384903489
"YEL050W-A",25.6763259123022,0.234418216711739,0.0804873884855791,2.91248382041541,0.00358566775597517,0.00535168491218059
"YPL101W",481.109035808533,-0.0828126694771157,0.0284710234462455,-2.90866500227747,0.00362975576102241,0.00541631305042031
"YER143W",952.053791070749,-0.090272666372447,0.0310408383941537,-2.90819034029213,0.00363527001239015,0.00542336598814869
"YDR177W",1244.27286922715,0.0637449558549835,0.0219306030392351,2.90666680441665,0.00365302076761211,0.00544866724111988
"YKL153W",729.554114481169,-0.320916459734966,0.110449495215362,-2.90554935637524,0.00366609024808538,0.00546697668574136
"YCR102W-A",4.60527637932242,0.496186723943407,0.170994170142033,2.90177567768106,0.00371054138931072,0.00553206528051197
"YGL048C",3096.32508219924,0.0658461228579972,0.0226979375658908,2.90097382931157,0.00372004945673202,0.00554482720706208
"YPL154C",9104.49481447883,0.138111368658037,0.0476095385183556,2.90091802937322,0.00372071193850789,0.00554482720706208
"snR10",23.5848550174601,-0.249889547364752,0.0862050780013533,-2.89877989972736,0.00374617769784289,0.00558156967099076
"tI(AAU)E1",0.662633950726696,1.21656798797237,0.419696277276605,2.89868663088137,0.00374729215509641,0.0055820221739158
"YMR001C",508.468398738528,-0.128490489933731,0.0443354085297508,-2.89814606867802,0.00375375719887875,0.00559044307036128
"YMR151W",25.4015173659354,-0.241584944264083,0.0834066884255491,-2.8964696815619,0.00377387106194593,0.00561918301502979
"YGL223C",398.599820080415,0.0773301674215834,0.0267025206791169,2.89598754929757,0.00377967395796294,0.00562660652985401
"YCR015C",108.476804078103,0.126163961462941,0.043628864643222,2.89175440375667,0.00383097290167036,0.00570173982447048
"YMR232W",48.8947205032534,0.25054045626099,0.0867132705784176,2.88929773481925,0.00386103308969119,0.00574523726443135
"YPL041C",123.492767469229,0.10214014143922,0.0353626050691115,2.88836586670017,0.00387249151882585,0.00576104237405272
"YPL167C",342.294915590623,-0.0934273327061824,0.0323560787769515,-2.88747389169835,0.00388348834150443,0.00577615407890646
"YOL059W",3155.78419858546,-0.122804049177679,0.0425781277086083,-2.88420500821719,0.0039240320659262,0.00583519671142589
"YLR301W",1537.87542943872,0.109800205122587,0.0380706689985508,2.88411546239881,0.00392514808611024,0.00583559589135587
"snR79",4.05764651912844,-0.594675310104024,0.206352164572021,-2.88184672711039,0.00395351995245823,0.00587650796042204
"YFL024C",708.936330970587,0.0808400828286726,0.0280598545766248,2.88098723419672,0.00396431696569791,0.00589128476339955
"YNL166C",605.778789100712,-0.0959278301304999,0.0333127997196722,-2.87960876713258,0.00398168928815422,0.00591582450344018
"YCR008W",1174.71904325479,-0.0853618926834321,0.0296611196847188,-2.87790527096689,0.00400325331553572,0.00594529747141144
"YPR118W",1207.27787423978,0.0818534871136994,0.0284414320751534,2.87796644337073,0.00400247712137298,0.00594529747141144
"YMR180C",335.770106609924,0.0983777447136306,0.0341884222015642,2.87751637480157,0.00400819107305143,0.00595134689194719
"YJR122W",267.626600691519,-0.117202934150762,0.0407424370405773,-2.87667951806697,0.00401883527635818,0.00596586478605564
"YOR295W",118.867152635939,-0.140093441987363,0.0487731865868723,-2.8723454789618,0.00407437277726324,0.00604700508115055
"YJL222W-A",2.28204436006124,0.698511183372869,0.243316829992875,2.87078860674505,0.00409449238475429,0.00607555604936063
"YLR436C",1083.83131852378,-0.0713302500244494,0.024887569796586,-2.86609944673,0.00415563679493164,0.00616495568478869
"YLR389C",1425.59009566786,0.0672662765897367,0.0234710590821511,2.86592421561796,0.00415793769985668,0.00616704029804249
"snR69",13.3625290336051,0.274971620470321,0.0960860661089424,2.86172211648834,0.00421346150524462,0.00624804705225268
"YOR314W",1.17044167582123,-0.936162427777133,0.327278287991059,-2.86044770499016,0.00423043317521102,0.00627186313766749
"YPR089W",951.38603551502,0.0845216884041748,0.0295537544913907,2.85993065377858,0.00423733654440416,0.00628074534084449
"YJR146W",64.8018904258239,0.155141457461712,0.0542752006587623,2.85842254986976,0.00425753027840547,0.00630931897693105
"YJR114W",17.7169308017081,-0.255414708963258,0.0895555205638815,-2.85202640055077,0.00434414924944184,0.00643629601515108
"YPL279C",113.164744763309,-0.124585164726632,0.043740282413564,-2.84829356035428,0.00439543595130795,0.00651088135214184
"YHL006C",141.776467069481,0.202759667806288,0.0712089289804129,2.84739106049552,0.00440791778783646,0.00652796600758314
"YGR282C",10942.3391976918,0.103219603302124,0.0362643040109529,2.84631419566052,0.00442285317262461,0.00654867614914418
"YDR531W",716.183261850229,0.0846695918872155,0.0297909891595031,2.84212086526863,0.00448144983280631,0.00663401034161932
"YDR221W",544.241624686307,0.0771677823759315,0.0271525377151879,2.84200995079614,0.004483009231268,0.00663489220921759
"YDL213C",1174.13078042516,-0.137667178452905,0.0484890489419841,-2.83913958835572,0.00452353638248424,0.00669343391218654
"YBL090W",287.201316434524,-0.101994616546203,0.0359280853828543,-2.83885476944668,0.00452757583736253,0.00669797156000022
"YNL244C",3100.95641749723,-0.0933195255510228,0.0329074582245332,-2.83581688121543,0.00457086455151348,0.00676055906276483
"YDL206W",384.876488502794,0.110068575220148,0.0388901119459738,2.83024578003415,0.00465122583289909,0.0068779402619223
"YBL082C",627.413127460872,0.168990777972621,0.0597266518383309,2.82940316879051,0.00466349097508079,0.00689459638467495
"YNR064C",83.4770086872828,-0.127764714111829,0.0452252990508954,-2.82507173624316,0.00472700316891196,0.00698699373507059
"YAR047C",7.89503725187682,-0.379799835695129,0.134592845574379,-2.82184267725616,0.00477485945191976,0.00705621535232187
"YDL073W",598.602781132015,0.141675265105041,0.0502213117576989,2.82101880947629,0.00478713959016138,0.00707284465198736
"YPL118W",840.823217643564,-0.0693826888239237,0.0246005269118846,-2.82037409493066,0.00479676929123354,0.00708555172069146
"YLR182W",728.023615465962,0.109664884603475,0.0389120703937309,2.81827421398639,0.00482825555906596,0.00713053185846613
"YDR267C",738.780057763234,-0.107507534722016,0.038169077836932,-2.81661336386789,0.00485329117786236,0.00716596820921774
"YNL167C",979.762609997379,0.0707264876218961,0.0251345327486808,2.81391694562566,0.00489418714249959,0.00722480241769075
"YEL043W",1192.14490877972,0.108058604773385,0.0384122967387011,2.81312532568547,0.00490625251581585,0.00724106078700796
"YDL028C",366.756198587031,0.100388351726678,0.0356972063742325,2.81221871185815,0.00492010360030031,0.00725994712560387
"YDR316W",344.094461571338,0.150886795856216,0.0536916220403361,2.81024841720859,0.00495032744177128,0.00730297930931975
"tA(UGC)A",1.08772725556233,-0.991414640318308,0.353110784842032,-2.80765890727984,0.00499030523594254,0.00736037950931113
"YAL010C",341.893044305556,0.0913941201112298,0.0325728567403883,2.80583679962915,0.00501861033599421,0.00740054233525812
"YLR340W",20285.2613981094,-0.139849302465813,0.0498482256939072,-2.80550211204219,0.00502382521377549,0.00740664595221505
"YNL010W",1969.4454258923,-0.0738190668395192,0.0263211032583237,-2.80455823280032,0.00503855851033468,0.00742677699500198
"YDR238C",2850.81119808432,-0.0959723407674798,0.0342514500076349,-2.80199351402895,0.00507878946945584,0.00748447463553157
"YBL099W",3950.7297246231,0.0924230914440429,0.0330255117214237,2.79853624142598,0.00513348082451105,0.00756345291606218
"YLR023C",772.194115433209,-0.058104213313101,0.0207687462842021,-2.79767553216721,0.00514717906441136,0.00758201280669067
"YIL007C",392.473830814777,0.143208605456932,0.0512138720424588,2.79628545442151,0.00516937200426063,0.00761307513354748
"YOR366W",0.778990091485,1.08725757544209,0.389227537818575,2.79337269283572,0.00521615562644838,0.00768033179813881
"YOR322C",1142.83252914186,0.0704825587576494,0.0252577354778897,2.79053357017492,0.00526212429961755,0.00774636001771795
"YBR280C",460.483304019906,-0.135161820346367,0.0484422511396053,-2.7901638996265,0.00526813654240051,0.00775355282052748
"YKL119C",236.756190754745,0.0988802174534771,0.0354641727382583,2.78817211339618,0.00530063744307512,0.00779971976823514
"YLR401C",652.152470649946,-0.17730419920031,0.063596676008452,-2.78794758356155,0.0053043125359128,0.00780345978841018
"YIL175W",9.19325464448061,-0.314155900363358,0.112690745259261,-2.78777019036123,0.00530721772596003,0.00780606580714266
"YAR062W",10.1686825574904,-0.323370065385948,0.116135232401518,-2.78442690214758,0.00536224061917234,0.00788531111982092
"YMR297W",7528.53552292131,0.131907538473885,0.0474129792134301,2.7820976589575,0.00540087854752932,0.00794043322650851
"YDR093W",1882.15275931257,-0.103792450202011,0.0373318364848481,-2.78026638855919,0.00543143231732338,0.00798364891220569
"YER118C",784.816945703851,0.0810686699852381,0.0291635353449696,2.77979569439346,0.0054393107656146,0.00799352286472924
"tR(ACG)J",0.377429786973854,-1.36346865582327,0.491060862831587,-2.77657773002138,0.00549344978103487,0.00807136187418375
"YBL018C",267.346118063483,-0.143518301916536,0.0516914109067851,-2.77644388881823,0.00549571202349658,0.0080729629361583
"YDL219W",196.790392058438,0.198483208462845,0.0715085243814961,2.77565800972122,0.00550901226699835,0.00809077420185231
"YHR149C",536.670616660647,-0.159564900724014,0.0574927002926875,-2.775394091975,0.00551348533141075,0.00809561665744573
"YNR071C",89.260704127926,0.164388872978658,0.0592326259536421,2.77530955840647,0.0055149187589956,0.00809599480931444
"YER089C",1737.72512219278,-0.133470128490696,0.0481012940055066,-2.77477209813558,0.00552404029098587,0.00810765666242544
"YMR188C",335.521115583747,-0.134764646938207,0.0485788801817491,-2.7741406642971,0.00553477409290995,0.00812167937546568
"YGR010W",340.145563019047,0.0845442146780649,0.030495290959908,2.77236950417081,0.00556498272427229,0.00816426721854139
"YOR180C",158.425316482678,0.12837571689843,0.0463243561290471,2.77123586004758,0.00558439598861935,0.00819100263775974
"YDR002W",4313.75272087401,-0.0726295757727596,0.0262412682062163,-2.76776164939904,0.00564427181793367,0.00827706314514873
"YGR101W",431.397555521137,0.0803862512820845,0.0290459429605122,2.7675552276395,0.00564784752699447,0.00828054306289543
"YNL183C",588.50346643793,-0.0814630702495149,0.0294588492422701,-2.76531746299936,0.00568674221659825,0.00833579309373621
"YER189W",22.4097904963831,-0.201598975460323,0.0729256134903925,-2.76444675349741,0.00570194123306718,0.00835629318639156
"YDR202C",313.075494312607,0.081920083134657,0.0296485775645667,2.76303586424195,0.0057266473694413,0.00839071443681705
"YLR020C",668.851609436777,0.0849560171324331,0.0307788202343836,2.76021031623321,0.00577641612633858,0.00846183511273216
"YDR426C",1.22544592704184,1.07959213989291,0.391397577689849,2.7583005144411,0.00581027561146991,0.0085096250978452
"YPL089C",1675.88413548189,-0.106956929371176,0.0387964135259792,-2.75687672262681,0.00583563478638428,0.0085449480017558
"YMR317W",438.632619616051,0.122520186195039,0.0444685528373484,2.75520965665733,0.00586545369874748,0.00858678475778787
"YJL124C",1051.46760054201,-0.0854326117401729,0.0310276346511372,-2.75343617716092,0.005897326749803,0.00863161026198844
"YKR049C",693.193603613893,0.239353720936981,0.0869589390827792,2.75249127302637,0.00591437227527596,0.00865471904681722
"YNL126W",156.03759461189,-0.171126343852936,0.062175622931798,-2.75230606118171,0.00591771859021314,0.00865777571050095
"tV(AAC)G3",2.01874342022725,0.706815549805022,0.256982885224862,2.75043822154364,0.00595156128079655,0.00870543858472152
"YDL134C",1895.6973176665,-0.101818122095482,0.0370244852078996,-2.75002127710226,0.00595913951211154,0.00871467195006117
"YKL165C-A",5.49154190824428,-0.426766517713806,0.155287901878356,-2.74822772767007,0.00599183766598862,0.00876062907843102
"YPR114W",1566.46714541342,0.0491200754079582,0.0178807454805039,2.74709326082157,0.0060126034780868,0.00878912419248995
"YER058W",320.82688479349,0.147258157101952,0.053641143851435,2.74524640096788,0.00604654799399154,0.00883686753101926
"YOR062C",641.457634016116,0.16523233830455,0.0602158540016206,2.74400057998187,0.00606954306837363,0.00886859168628023
"YIR002C",557.201242635908,0.0853939861573824,0.0311242009213735,2.74365232293372,0.00607598518872922,0.00887612094725243
"YNL181W",505.850882079044,-0.08869607795894,0.0323467880893011,-2.74203663479889,0.00610595311465247,0.0089161160539517
"YOR071C",410.613592943732,-0.0713790690962483,0.0260313639148939,-2.74204107512817,0.00610587057292769,0.0089161160539517
"YPL155C",480.47968895772,0.0879832149563807,0.032096261239214,2.74122940054108,0.0061209755824098,0.00893615710027386
"YDR538W",58.7135685379858,0.1456268369987,0.0531349553104101,2.74069745891306,0.00613089309580596,0.00894873838554675
"YCR017C",2746.92169735033,0.0558442228640589,0.0204108398154238,2.73600809026287,0.00621894970367236,0.0090753430923663
"YJL002C",1985.5141669067,-0.0629068442316297,0.0230217382721827,-2.73249758501687,0.00628561322745511,0.00917068172727875
"YBR273C",857.043082244917,-0.107274718848281,0.0392820980535252,-2.73088058336675,0.00631653546556803,0.00921228692006038
"YMR314W",2727.2530994557,0.0658627115284706,0.0241178804595355,2.73086648882657,0.00631680559907118,0.00921228692006038
"YLR229C",1271.80381016956,0.121965396186426,0.0446659314718342,2.73061351610536,0.00632165579860764,0.0092174079147424
"YLR438C-A",1262.42471949789,0.20105365570161,0.0737302704195016,2.72688075817001,0.00639361393800958,0.00932035400448782
"YMR283C",238.95200875243,-0.0708362885791784,0.0259985606702018,-2.72462346965105,0.00643748554392659,0.0093823217548549
"YKR088C",812.067265642925,0.0687786192790872,0.0252509828825256,2.72379968728599,0.00645356352726706,0.00940376399687486
"YDR075W",204.073451019003,0.16000298610536,0.0587892053874531,2.72163886296562,0.00649590871683624,0.00946346413783696
"YER071C",149.144353441266,0.145060696154203,0.0533562338660424,2.71872067504607,0.00655349244653491,0.00954471306745757
"YHR130C",52.275146933725,0.216277367599239,0.0795525716429247,2.71867223312415,0.00655445219795779,0.00954471306745757
"YOR203W",33.5990359184857,-0.310220467569647,0.114168066402673,-2.71722625550557,0.00658315876980883,0.00958448892580541
"YJL099W",427.776438684088,-0.0698188840145353,0.0257335750406455,-2.71314358398545,0.00666482212204357,0.00970133198948626
"YMR175W-A",8.37100637714629,0.365461812078891,0.134708671343458,2.71297911585139,0.00666813088552113,0.00970409662794609
"YPL100W",504.902580451025,-0.0622371211374526,0.0229473745468743,-2.71216739894674,0.00668448261423202,0.00972583744695425
"YOR055W",5.89212171768025,-0.385692367554758,0.142249961795855,-2.71137062313079,0.00670056840924401,0.00974718223064547
"YFR032C-B",16.7062799128263,0.269525239169522,0.0994313618684228,2.71066627374755,0.00671481721049983,0.00976584632325546
"YGL263W",80.2101734440796,0.125375829218711,0.0462603162875512,2.71022421116585,0.0067237739248027,0.00977680749150298
"YIR013C",7.45909779940406,0.355623011687745,0.131330859993528,2.70784042459838,0.00677225762173175,0.00984522671571434
"YPL249C-A",68.868986357017,-0.127734124257339,0.047291594218373,-2.70099002515153,0.00691334118776007,0.0100482064761934
"YDR114C",3.50317567381594,0.508629516864059,0.188568541721622,2.69731903434314,0.00699002659775652,0.0101575207103321
"YDL193W",554.398056608163,-0.0709484264782025,0.0263231868727858,-2.69528255910201,0.00703289635024583,0.0102176601332438
"YFR032C-A",7859.987882398,-0.171647401477624,0.0636998893076566,-2.69462636973518,0.00704675997371703,0.0102356418605573
"tN(GUU)O1",0.369611864926631,-1.3557767092668,0.50343713638701,-2.6930407220189,0.00708036205382468,0.0102822806877416
"YML091C",853.993182186385,0.172310598435645,0.0639906057933856,2.69274835421946,0.00708657341939074,0.01028913074494
"YLL042C",35.1726685251473,-0.19792743159861,0.0735290804530827,-2.69182519866956,0.00710621802098715,0.0103154777724007
"YGR201C",247.737117174782,-0.156392702511729,0.0581042215035318,-2.6915893280185,0.00711124514589653,0.0103205992473646
"YER077C",388.214983351356,-0.0982746665028358,0.0365326143903,-2.69005293332988,0.00714406861962693,0.0103660510950751
"YER040W",489.86106218806,0.111273441715953,0.0413666119978986,2.68993365281173,0.00714662260417395,0.010367571982667
"YOR254C",1957.18685386042,0.0635070699974572,0.0236240781834375,2.68823483838541,0.00718308597607413,0.010418274056303
"YLR373C",535.439023882717,-0.0760252482750088,0.028290831800696,-2.68727511480021,0.00720375923012601,0.0104460577715707
"YCL031C",822.151502959312,-0.101597672310784,0.0378395757262578,-2.68495801976667,0.00725389167849994,0.0105165391043319
"YFR017C",1550.16514615517,-0.218922990757932,0.0815939431912521,-2.68307894183748,0.00729477689037266,0.0105713615849749
"YLR334C",1.38938174238057,-0.815428190396643,0.303912400204276,-2.68310272910401,0.00729425803450737,0.0105713615849749
"YPL242C",556.792006161858,0.128082478773903,0.0477411452566871,2.6828530837551,0.00729970503313559,0.0105762771786908
"YNL045W",1156.61529429834,-0.0793423824949158,0.0295815327756564,-2.68215927472863,0.00731486238696459,0.0105960083177469
"YFL065C",15.5977325939123,-0.241125242292865,0.0899819388404776,-2.6797071212295,0.0073686600855085,0.010671692193674
"YAL051W",508.725962711261,0.0663903494845966,0.0247773087736912,2.67948186346576,0.00737361976292592,0.0106766292466341
"YML023C",341.226816562268,-0.093852223623147,0.0350357316000301,-2.67875735248144,0.00738959220342762,0.0106975067957526
"YOR043W",1493.11504064409,0.0605482985147639,0.0226063189594805,2.67837937805312,0.00739793727374863,0.0107073361634979
"YFL038C",5986.26275775034,0.157773133594958,0.0589201141896424,2.67774656863603,0.00741192761811703,0.0107253303175149
"YPR045C",611.363650602817,-0.0928409756938485,0.0347009103396141,-2.6754622511405,0.00746262767201805,0.0107964260394714
"YJL094C",690.214187435693,0.135938027483236,0.0509238273359988,2.66943854369601,0.00759781758777536,0.0109897004394608
"YOR358W",537.846626419686,0.153036192332553,0.057356294139158,2.66816736732077,0.00762662556922312,0.0110290520991601
"YOR010C",209.051377139095,0.126068836420223,0.0473355100051176,2.66330364680962,0.00773775557402296,0.0111874101484981
"YDR239C",333.803669824315,-0.0804525599749436,0.0302185538191035,-2.66235639390801,0.00775956720000327,0.0112160768565147
"YGL128C",227.825177033012,0.134557611111762,0.0505418446613216,2.66230114894748,0.00776084097958405,0.0112160768565147
"YJL097W",850.400967541955,0.055818375576067,0.0209762145942349,2.66103187137531,0.00779015828373127,0.0112560838999979
"YJL088W",28.4258170822841,0.221087468505828,0.08313466975959,2.65938950795344,0.00782824023568598,0.0113087356321229
"YKL053W",4.21873234743979,0.487046177784496,0.183237747637148,2.65800133468654,0.00786055817356225,0.0113530402821431
"YDL223C",476.95431794552,0.119027720823434,0.0448262061072178,2.65531552098648,0.00792342587128635,0.0114414402524762
"YOR365C",90.1717654586687,-0.150463503686445,0.056714048029128,-2.65301999972155,0.0079775143906447,0.0115171286600102
"YKL215C",582.606024215363,0.0644826760199516,0.0243426020754062,2.64896397764722,0.00807389369609462,0.0116538276934196
"YER158W-A",39.4604797901853,-0.187527399526937,0.0709304072147539,-2.64382240128928,0.00819756556000108,0.0118298551416071
"YIL141W",11.2179958216946,0.318495122533987,0.120604574268111,2.64082124966466,0.00827053421361965,0.0119326546648724
"YMR026C",428.740125892923,0.0550610314307321,0.0208730862537734,2.63789603326045,0.00834221534101205,0.0120335538702845
"YDR366C",75.2624209804389,-0.178355128564034,0.0676629874215731,-2.63593340111923,0.00839061979192347,0.0121008414887711
"YEL030C-A",1.0622893386668,-0.902934046887487,0.34255841042848,-2.63585426426423,0.00839257680465822,0.0121011290680779
"YGR024C",655.671685406698,0.0625668422631225,0.023751472061685,2.6342300847977,0.00843283218602245,0.0121566268008301
"YLR162W",805.896049779798,-0.670221138025788,0.25453270749171,-2.63314347547109,0.00845986018502657,0.0121930369214796
"snR5",32.9934122393711,-0.267606483046426,0.101712933437397,-2.63099759295738,0.00851346389658734,0.0122677268581004
"YBR129C",407.581711317087,0.084724604841157,0.032215645269375,2.62992108749404,0.00854046900786794,0.0123040655198097
"YAR060C",4.09267885979624,0.450465467692379,0.171586768298127,2.62529256865371,0.00865745419104478,0.0124699941642978
"YKR036C",500.681637875935,0.0831605138262061,0.0316867196691191,2.6244595431332,0.00867866022881939,0.0124979242157334
"YIL098C",337.417559997646,-0.0944689573469442,0.0360109544290497,-2.62333944891883,0.00870724724837455,0.0125364695326346
"YOR181W",1785.97624182332,-0.123766480704527,0.047188330350877,-2.6228196629175,0.00872054177908914,0.0125529856050656
"YMR138W",197.608012955023,-0.114883867938991,0.0438386815243716,-2.62060499869556,0.00877738961501562,0.0126321754806402
"YMR060C",342.695891379837,-0.0672004544043813,0.0256618724394176,-2.61868866206189,0.00882684670504929,0.0127006979235662
"YLR227C",245.159412401958,0.116378579400437,0.0444765428276986,2.61662827192495,0.00888029915048725,0.0127749393337035
"YJL174W",2583.78984866999,0.124586052489358,0.047652242205905,2.6144845808309,0.00893621939601134,0.0128526990895212
"YBR130C",676.239537813859,-0.102798911798102,0.0393208806363955,-2.61435934634055,0.00893949596046944,0.0128547263341337
"YHR042W",4742.53167815881,0.132211789363668,0.0505755301561676,2.61414539710061,0.00894509608994044,0.012860093251042
"YDR067C",365.835153305942,-0.127079279360441,0.0486205830273356,-2.61369303796695,0.00895694692420327,0.0128744424996116
"YFL056C",135.725437835995,0.0977499539563782,0.0374008947527062,2.61357260575445,0.00896010435112278,0.0128762927275058
"tD(GUC)O",2.78638473736073,-0.5843102871494,0.223641400011828,-2.61271073745066,0.0089827293764491,0.0129061126370726
"YPR072W",1203.63009399117,0.113414035684767,0.0434592951626375,2.6096611843413,0.00906319380279772,0.0130190046593495
"YBL063W",290.561773266918,-0.104633622838575,0.0401042268743009,-2.60904226296467,0.00907960278334118,0.0130398550611815
"YBR128C",141.014317805565,0.101523990999164,0.0389146468696404,2.60888891884995,0.00908367237407467,0.0130429789980196
"YMR290W-A",1.0648307182628,0.920692337407357,0.353023805795751,2.60801770954801,0.0091068242713623,0.0130734956439386
"YLR320W",329.421804991151,0.103129021919086,0.0395522284875331,2.60741368723617,0.00912290673223048,0.0130938530021695
"YFL063W",0.618309900234086,1.08789498486317,0.417354961967382,2.60664202896956,0.00914348948450564,0.0131206596708673
"YGR135W",3301.97412937353,0.0843564888396551,0.0324007633246052,2.60353399685478,0.00922681161976233,0.0132374657224554
"YLR154W-E",44.2348986936251,-0.461426331898682,0.177423810043933,-2.6007012913567,0.00930334216921066,0.0133444814239615
"YBL083C",3.63083431809606,0.47635515623292,0.183188673317044,2.60035267250664,0.00931279975917424,0.0133552648077306
"YGR121C",606.32748518423,0.101681801124794,0.0391291817144111,2.59861813280253,0.00935998327293004,0.0134201342844905
"YNL316C",228.501113668837,-0.0806361356133606,0.0310553599858859,-2.59652876830307,0.00941710194151856,0.0134992185857496
"YDR242W",262.982345229274,0.0660836283767965,0.0254540508463043,2.59619299009892,0.00942631032762435,0.0135096058712934
"YER135C",10.1370504186896,0.312575187494128,0.120406457811726,2.5960001911433,0.0094316012779084,0.013511919110984
"YLR026C",612.943126138225,0.063844449261137,0.02459347722595,2.59599115141681,0.00943184941864765,0.013511919110984
"YPL250C",576.787551051054,0.288349060758601,0.111179460667739,2.59354613727023,0.00949917929757187,0.0136055438867864
"YOR150W",458.067196025844,-0.0809660970999214,0.0312216010959991,-2.59327178164148,0.00950676108385851,0.0136135711444189
"YLR205C",257.919080948344,-0.136779688364597,0.052834284421784,-2.58884339707649,0.00962988776320836,0.0137870195986046
"YOR006C",433.020826162803,-0.0907802032255796,0.0350757367561462,-2.58811964112693,0.00965014566103665,0.01381315028612
"YLR237W",436.264246807359,0.0708942160148623,0.0273990923386894,2.58746585976335,0.00966847762275299,0.0138365139124204
"YPL257W",55.7383971684132,-0.159272248287614,0.0615797249197643,-2.58643974936781,0.00969731225313181,0.0138748950255221
"YFR032C",61.6008356315804,-0.428673337098107,0.165817701164663,-2.58520853978321,0.00973201150478197,0.0139216495346819
"YPR172W",363.53195620835,-0.104239327019788,0.0403233987785263,-2.58508285951579,0.00973555977644196,0.0139238323765689
"YNL055C",6532.81333569679,-0.168464067162896,0.06520079993522,-2.58377301091816,0.00977260880058145,0.0139739172569062
"YNR036C",2003.89597601353,-0.162200489877858,0.0630334179681848,-2.57324598770332,0.0100749571961183,0.0144032558752647
"YOR384W",592.876155886853,-0.0776846541669097,0.0302130967985041,-2.57122448205163,0.0101339615028535,0.0144846014006947
"YLL016W",343.997922188467,0.103579107100544,0.0403063153161734,2.56979846180536,0.0101757694860832,0.0145413393340977
"YGR253C",3109.19618604429,0.104124605390344,0.0405220690594897,2.56957770930899,0.0101822552031071,0.0145475881040449
"YLR120W-A",35.2723964495785,-0.189915206480893,0.0739378631185675,-2.56857851269441,0.0102116576906417,0.0145865691286448
"YMR002W",2160.81779538081,-0.144606902177565,0.0563801620416807,-2.56485432004719,0.010321913219778,0.0147410023891664
"YCR020W-B",81.6529600036491,-0.156233097012322,0.0609277690656337,-2.56423465700872,0.0103403609319948,0.0147642855696359
"YMR066W",309.112998283492,0.142821006996708,0.0557309145621617,2.56268909489017,0.0103865010938704,0.0148270910286746
"YGR109C",31.4538784960353,0.196699778079772,0.0767803413930866,2.56185078772629,0.0104116039031053,0.0148598451229022
"YGR262C",717.288732100282,-0.0927541577530397,0.0362588853940355,-2.55810835730481,0.0105243292956975,0.0150176180727207
"YJL168C",590.389046779046,0.114733720585519,0.044877216430116,2.55661401736414,0.0105696426106974,0.0150791523776734
"YNL032W",503.287320961177,0.0554518685248703,0.0216949211288373,2.55598387270293,0.0105888026343061,0.0151033573932458
"YJL060W",886.880966758567,0.146977190639209,0.0575286350490108,2.55485273575487,0.0106232732120785,0.0151493860946894
"YOR364W",1.02171971197931,-0.883351754179408,0.346620689522333,-2.5484680542201,0.01081971959079,0.0154263345169992
"YKL173W",570.219108657614,-0.117430474198884,0.0461029719091508,-2.54713458451852,0.0108611536361715,0.0154822034751638
"YNL174W",0.387372630240946,-1.32338024002788,0.519788918369901,-2.54599548635647,0.0108966597302681,0.0155296009610631
"YDR303C",522.819923499212,-0.158354130426379,0.062215959807864,-2.5452332635454,0.0109204760589133,0.0155603223645732
"YMR224C",387.579146740075,0.0675797250794031,0.0265728703572567,2.54318499171649,0.0109847054729177,0.0156486027686817
"YML131W",479.05608360169,0.124424540339244,0.0489324952508083,2.54277938824688,0.0109974640719995,0.0156635374711867
"YHR043C",1089.94675581559,-0.102047307392154,0.0401340392216679,-2.54266227300291,0.0110011504797718,0.0156655472705747
"YCL011C",2970.20512940722,-0.0518626883324825,0.0204056517883811,-2.54158450170226,0.0110351268004348,0.0157106799050855
"YGR027C",13198.4658698557,-0.0840457484285753,0.033157952068129,-2.53470866523626,0.0112540878615961,0.0160191017008661
"YJL206C",230.428544500964,0.0821507457339551,0.032433227898323,2.53291920222972,0.0113117023287846,0.0160977822516912
"YNL105W",2.43436488535326,-0.558100465668941,0.220523847865762,-2.53079415705039,0.0113804614145379,0.0161922870095255
"YPL183W-A",211.968618722095,-0.104585056731463,0.0413268569943486,-2.53068015179002,0.0113841606936602,0.0161942037966634
"YEL030W",150.460798508767,-0.111708780071985,0.0441644056987602,-2.52938488143453,0.0114262650612454,0.0162507405384578
"YML112W",266.491850053157,-0.11972637075141,0.0473685019335374,-2.5275524001033,0.0114860682399047,0.0163324204526525
"YLR404W",173.497452506578,0.0960451683137457,0.0380177070196671,2.52632722599656,0.0115262066934306,0.0163861104861181
"YEL053W-A",4.79776135426396,-0.418828596714533,0.166097725316104,-2.52157936490371,0.0116829317553187,0.0166054882608111
"snR83",61.2807703530148,-0.306220823640755,0.121591780596889,-2.51843358274326,0.0117878112873318,0.0167511002504188
"YJL162C",189.440934892271,0.126485214547165,0.0502324665926081,2.51799728595803,0.0118024230507031,0.016768403364443
"YOR296W",232.221607544924,-0.0929697105794185,0.036931035293944,-2.51738706590399,0.0118228865222357,0.0167940114927981
"YBL009W",281.896371744294,-0.14586162586715,0.0579563698916652,-2.51674882570806,0.0118443232973654,0.0168209913164936
"YJL072C",210.155845206539,0.0951881547696944,0.0378806636729888,2.51284284751245,0.0119762671549968,0.017004866851341
"YGR204C-A",42.2108975798285,-0.226687653478965,0.0902382620393126,-2.51210127894759,0.0120014639917231,0.0170371298109306
"YBL073W",1.5016612095083,-0.688385993056868,0.274259342380104,-2.50998192835602,0.0120737340324354,0.0171361902315641
"YAR064W",22.6097012215092,-0.217051626482559,0.086504871916775,-2.50912603733326,0.012103029161856,0.0171742283139692
"YBR288C",468.096916992847,-0.102069596881701,0.0406808057096869,-2.50903577500669,0.0121061222974221,0.017174621071276
"YPR043W",2.83377313797583,0.607298550805459,0.242050711338611,2.50897238618685,0.0121082949426251,0.017174621071276
"YGR068C",410.87463439209,0.0832176266176725,0.0331854739301773,2.50765219724641,0.012153622895221,0.0172353642911631
"YGL210W",563.435268656374,0.105778155931273,0.0421865157753204,2.50739256341132,0.0121625549523512,0.0172444791694683
"YPL038W-A",5.54788559825727,0.444367071634793,0.17749051032649,2.50361031030554,0.0122933351768571,0.0174263151518759
"YJL095W",556.684563517195,0.0823107627586567,0.0328782257896094,2.50350378652943,0.0122970364539214,0.017427973648672
"YAL023C",3802.05303270365,-0.0785828769848681,0.0314121156228055,-2.50167412881341,0.0123607640586436,0.0175146862613216
"YCR108C",0.59950554351219,1.14176047533591,0.456698345273111,2.50003199519614,0.0124182090535855,0.0175924628259129
"YMR272W-B",15.2669446535336,0.277656988719163,0.11106990405497,2.4998399978967,0.012424940903411,0.0175983785476208
"YGL202W",3637.40021457671,-0.0783792902729175,0.0313879623474634,-2.49711304624563,0.0125209034004197,0.0177306499201748
"YKL091C",721.883533248347,-0.127513402046767,0.0511270308976906,-2.49405059922083,0.0126294539468258,0.0178806889623474
"YIL164C",282.59352467612,-0.176105120265921,0.0706596704145755,-2.49230033529274,0.0126918666748589,0.0179653581530435
"YDL245C",69.6136944623222,-0.144209276858822,0.0579441326051998,-2.48876409698609,0.0128187990942799,0.0181413014931382
"YER170W",213.846140066882,0.0886334860505619,0.0356161414710678,2.4885763137077,0.0128255708303029,0.0181471547814705
"tP(AGG)N",1.40288350944996,0.741330159317955,0.298170355275751,2.48626379585042,0.012909223448817,0.0182617636008024
"YKL088W",1015.79144151711,-0.0944503432378852,0.0380191943625346,-2.48428050150794,0.0129813509368018,0.0183600248972638
"tA(AGC)K2",0.704762260163024,1.08998641472982,0.439033245704725,2.48269675564137,0.013039203596308,0.0184380605382174
"YDL023C",3.59452629521531,-0.485337950562733,0.195572198548477,-2.48163059046673,0.0130782778658614,0.0184895160382866
"YOL094C",293.060468014621,-0.0771228148315707,0.0310833912668489,-2.48115831922831,0.0130956193741926,0.0185102318602578
"YDL096C",1.94269411461774,-0.647630386526558,0.261041876576459,-2.48094441788488,0.0131034803882038,0.018517541558453
"YNL208W",9159.59360490765,-0.211520125150308,0.0854687358659751,-2.47482454264909,0.0133301645993358,0.018834020781126
"snR6",0.532551711804575,-1.28468789502024,0.519851246454519,-2.47126058421913,0.0134637670653728,0.0190188831032194
"YEL027W",7110.38554996287,-0.088452943294833,0.0358158296623779,-2.46966059780396,0.013524129794285,0.0191002325402364
"YBR103C-A",1.24299781454083,0.890294626409706,0.360604056956909,2.46889797614255,0.0135529852974019,0.0191370598385177
"YOR037W",265.569906063306,-0.0971993564332954,0.0393715310207614,-2.46877258550195,0.0135577349373644,0.0191398410998059
"YML002W",419.868904845413,0.0781572346879409,0.0316810775993623,2.46700051293439,0.0136250162406253,0.0192308808562332
"YDR138W",340.846556008896,-0.136808919782564,0.0554632502991413,-2.46665889656096,0.0136380204443457,0.0192452901740767
"YDR215C",25.3655599183094,0.207005229261497,0.083948383189689,2.46586320541457,0.0136683522877812,0.0192841404715929
"YKL183C-A",17.8191834112433,-0.300279277634164,0.121780632569225,-2.46573918445918,0.0136730853454278,0.0192868659297829
"YMR178W",827.469897692937,0.0557587223259092,0.0226178496050365,2.4652530324321,0.0136916525077685,0.0193091002695588
"YDR542W",19.0070464178554,0.223470144753075,0.0907498932042151,2.46248383180131,0.013797839372694,0.0194548687448286
"YDL215C",1152.03075409936,-0.1041010524312,0.0423148445882144,-2.46015443148276,0.0138877242757043,0.019577596568023
"YOR079C",704.526762501622,-0.0900754189050655,0.0366174333190392,-2.45990531669053,0.0138973674368343,0.0195871801028873
"YPR159C-A",2.11719803112915,0.596769709198316,0.242958024708,2.45626671485968,0.0140388919263371,0.0197825974033628
"YKL157W",1917.00440585402,0.0714652987294738,0.0291740248711859,2.44962082006235,0.0143006723137505,0.0201473560221347
"YNL159C",528.524486317966,0.087228161745968,0.0356468824745991,2.44700674198155,0.0144048144486849,0.0202899237887062
"YDR457W",1918.78963641417,-0.0657932475487711,0.0268916677780664,-2.44660346437992,0.0144209400191102,0.02030848272276
"YDR464W",485.254306390451,-0.116671445875173,0.0476976923206965,-2.44606059955122,0.0144426723022639,0.0203349281801813
"YOL027C",1033.13083017246,-0.0597438498725407,0.0244447203060277,-2.44403900411202,0.014523856249087,0.0204450521927958
"YDR368W",1152.09314755212,0.0724821908059251,0.0296891938457375,2.44136608028283,0.0146318140577688,0.0205928127121296
"YPL114W",1.4880446333787,0.734380723565366,0.300904182482492,2.44057997966876,0.0146636985227643,0.0206334691046868
"YER031C",2018.04388950606,-0.0762173785431891,0.0312459722466815,-2.4392705063381,0.0147169471328845,0.0207031186001071
"snR19",170.367755820009,0.254064446472454,0.104158285884215,2.43921493442084,0.0147192106822839,0.0207031186001071
"YOR069W",598.164542997078,0.0981033613971683,0.0402282514170861,2.43866829756117,0.0147414925961391,0.0207302239633207
"YER179W",169.454920939061,0.121718032508668,0.0499538239227034,2.43661091285043,0.0148256220722048,0.0208442736302083
"tR(UCU)D",0.772249552498995,-0.972589194912777,0.399360574563041,-2.43536607482331,0.0148767305145917,0.0209118598597313
"YPL054W",285.948475902792,-0.302566315005788,0.124312495325976,-2.43391715541055,0.0149364132331055,0.0209914686895145
"YBR152W",140.500042680902,-0.116491986652793,0.0478669517195015,-2.4336621085761,0.0149469407224312,0.0210019769130487
"YOR353C",779.875230450017,0.0623312146381181,0.0256169723578843,2.43319990228799,0.014966035727088,0.0210245166253828
"YDR327W",542.542730929278,0.179136564518803,0.0736343696794083,2.43278465339941,0.0149832091162268,0.0210443481773198
"YBL034C",241.654898395659,0.079454038359919,0.0326900227186769,2.43052869811939,0.0150768120179694,0.0211691468716562
"YFR048W",382.25818781474,0.067055410041671,0.0275891986159225,2.43049502724488,0.0150782129642124,0.0211691468716562
"YAL042W",3783.57773076178,0.0995726351885871,0.0409962889759987,2.42882069757294,0.015148021669823,0.0212628194081001
"YNL078W",786.240013115777,0.106702282968471,0.0439507208777836,2.4277709406675,0.015191934760878,0.0213201122765277
"YGL249W",79.9051176538224,-0.162732331380261,0.0670685880014189,-2.42635690163655,0.0152512635615428,0.0213990115388674
"YBR214W",2734.18362150728,-0.132621366564756,0.054728586040895,-2.42325585509659,0.0153820888220259,0.0215781747228297
"YMR221C",665.155139877836,-0.0493207778732363,0.0203658958813235,-2.42173377300165,0.0154466622523626,0.0216643450005126
"YGL104C",362.898269723076,0.116327083239564,0.0480650234192309,2.42020236263989,0.015511872088889,0.0217513725727089
"YDL194W",555.68665271855,0.0699550271481406,0.0289233457143079,2.41863537638853,0.0155788474481354,0.0218408398860542
"YJL202C",21.9353090876957,0.194591109952994,0.0806038847568495,2.41416540331771,0.0157713010156782,0.0221061497339057
"YBL071C-B",3.33176920138506,-0.45300866363043,0.187724284119158,-2.41315962799401,0.0158148915258672,0.0221627372594332
"YIL037C",99.4594568753995,-0.104180306089425,0.0432235641824234,-2.41026643822651,0.0159408743206595,0.0223347414932317
"YML009C-A",47.2552974511977,0.320605629605257,0.133069308254327,2.40931311518133,0.0159825792473866,0.0223886181318935
"YGL134W",352.844527934766,0.0727046753911183,0.0301827342728994,2.4088167338901,0.0160043323447534,0.0224145297383294
"YHL010C",389.192793123179,0.0835776048607624,0.0347067491752388,2.40810813017285,0.016035430843396,0.022448951068886
"YIL124W",1881.14028783487,0.109167458547809,0.0453320281276562,2.40817503775455,0.0160324922001509,0.022448951068886
"YGL056C",895.387968320196,-0.101011156786121,0.0419596037120301,-2.40734296442272,0.0160690713228002,0.022491473075316
"YKL122C",840.935331086134,-0.10865643194186,0.0451397697815927,-2.40711090170797,0.016079286203628,0.0225011962422721
"YGL233W",673.969370422563,0.0797886076562467,0.0331536636885685,2.40663018138047,0.0161004645963974,0.0225262545714684
"YIL085C",933.3123372647,-0.0588044792897642,0.0244609940448873,-2.40401020424005,0.0162163206232936,0.0226837398397758
"YDR035W",2882.8761379223,-0.113487440852905,0.0472760981512861,-2.40052468987054,0.0163715862741434,0.0228962769647526
"YER115C",350.137469158448,0.0886953858127488,0.0369873770811213,2.39799068796418,0.0164852843302825,0.0230506057298934
"YLR339C",8.83444361455121,-0.330705693294278,0.138105950101443,-2.39457961841155,0.0166394304299163,0.0232614169563399
"YNL053W",446.709629147459,-0.108843579412813,0.0454790576144643,-2.39326813531414,0.01669903231089,0.0233399994844656
"YKL144C",185.431318881858,-0.147379995920304,0.06160227116221,-2.39244419304323,0.0167365731332702,0.0233877219449087
"YNL285W",13.9102452288092,0.2724846958411,0.113982795136874,2.39057741577483,0.0168219022896584,0.0235021910033072
"YDR288W",267.497125953344,0.0859110202621226,0.035949136516416,2.38979370819913,0.0168578387079427,0.0235476201063472
"YOR085W",1183.4446270403,-0.076610354919585,0.032062919735037,-2.38937550144158,0.0168770428758776,0.0235696633266567
"snR59",3.48546466502406,-0.462473899832779,0.1938237159903,-2.38605424248457,0.0170302389830895,0.0237787863310832
"YNR010W",124.01734537735,0.136081519730527,0.0571139296933791,2.38263275633618,0.0171893328288489,0.0239960576899076
"YBR196C-A",10.3336245858378,-0.351546341963904,0.147582992212867,-2.38202476242554,0.0172177396252665,0.0240308407297709
"YMR085W",306.327991998766,0.252637045775068,0.1060901576976,2.3813429186823,0.0172496458235922,0.0240704928041006
"YBR268W",650.115223312146,-0.146557491097922,0.061633106470258,-2.37790206418763,0.017411449619644,0.0242913537246705
"YHR204W",697.252759374288,-0.0574361611969242,0.024159335409691,-2.37738994980321,0.0174356448721885,0.0243201813097686
"YBR223C",262.25833238219,0.0760090009233971,0.0319813423848716,2.37666699567158,0.0174698516000882,0.0243629589359139
"YDR118W-A",4.3635118442152,0.41750623681684,0.175719638539868,2.37597937422409,0.0175024411363759,0.0244034644033917
"YER165C-A",3.74105250941018,-0.471132958399829,0.198436617849127,-2.37422388824443,0.0175858835196495,0.0245148426873429
"snR40",11.109935540794,-0.26018699806434,0.109621924523711,-2.37349416364298,0.0176206715237412,0.0245583650690199
"YKL171W",637.707623394019,0.0833485312460613,0.035118412690204,2.37335701876158,0.0176272163315087,0.0245625145602989
"YGR277C",569.329727757917,-0.0854216200182917,0.0359955402059303,-2.3731167675105,0.0176386867020771,0.0245735244726428
"YOR218C",9.44196228990786,0.271334836081137,0.114457024511615,2.37062633105235,0.0177579741105115,0.0247347059985578
"YPR126C",45.7759955765861,0.148077940950433,0.0624732448313312,2.37026172324204,0.0177754973595128,0.0247520283171556
"tV(AAC)E2",1.57125082111757,-0.673065528477328,0.283967775736955,-2.37021798241221,0.0177776005850885,0.0247520283171556
"YDR211W",1266.57822253713,-0.0866547321813607,0.0365701047181895,-2.36955110873007,0.0178096934265911,0.0247916981888555
"YLR307C-A",2.17579853796978,0.594043536705418,0.251686108935401,2.36025555489789,0.0182623495738525,0.0254166720873205
"YER161C",913.959564210852,0.0588533781806372,0.0249489824526783,2.35894903899454,0.0183267723172899,0.0255011777292928
"YJR127C",1808.49483273466,0.0689937402621963,0.0292636611281236,2.35765921290998,0.0183905671668002,0.0255847757008323
"YNL013C",1.22407760206241,0.778869426746233,0.330378357689849,2.35750741117678,0.0183980880561657,0.0255900679326669
"YGL019W",1565.23978513408,-0.0874195056374494,0.0371011644334338,-2.35624695268785,0.0184606404644164,0.025671886406283
"YJR031C",437.988501118262,-0.0745698765872076,0.0316495962921055,-2.35610830226634,0.0184675325790892,0.0256762846944728
"YFR018C",1300.87817590292,0.120865552103052,0.0513486382635174,2.35382195498115,0.0185815088195949,0.0258295352761783
"YER016W",1009.05972046828,0.0942063144268995,0.0400274153877167,2.35354477710816,0.0185953681046481,0.0258435828422491
"YNL059C",1198.01343958806,0.0536365954676682,0.0228165534914601,2.35077552303172,0.0187343320740132,0.0260314583914391
"YGL189C",12269.9805828316,-0.133289980620906,0.0567282203216637,-2.34962387089032,0.0187923900690042,0.0261068615062741
"YJR100C",396.241430574019,0.0674305122439318,0.0287137241668327,2.34837222270948,0.0188556675513527,0.0261894837787095
"YML031W",1270.52723602953,0.0727841229257613,0.0310275411738862,2.3457908739162,0.0189867571870744,0.0263662410716029
"YKL003C",372.915164740449,-0.0656388684650793,0.0279885182490094,-2.34520698384604,0.0190165193780183,0.0264022455974301
"YDR118W",174.798105718874,0.0775722190517789,0.0331144971930355,2.34254558055296,0.0191526943717059,0.0265859477316925
"YDR204W",705.403247518473,0.117642489963931,0.0502581708041584,2.34076346356396,0.0192443550561788,0.0267077977346888
"YDL130W-A",495.341979372279,0.191430163209634,0.0818661657158834,2.33833063434279,0.0193701030306231,0.0268768962849336
"YPR125W",521.062884796856,-0.0752845284801682,0.0322246860917681,-2.33623776088233,0.0194788532855173,0.0270223463370515
"YMR101C",6.66930069260599,-0.303524274852126,0.129958549607137,-2.33554680141995,0.0195148739763361,0.0270668628781374
"YER038W-A",0.409743338358934,1.12212691325937,0.480638251145495,2.33466002879511,0.0195611879360477,0.0271256352345798
"YPL039W",284.57609933843,-0.100198748130997,0.0429204182868806,-2.33452403611883,0.0195682989845754,0.0271300319188082
"YPR039W",1.71299412105944,-0.665803610562054,0.285376141694557,-2.33307383934945,0.0196442702228834,0.0272298772870046
"YDL008W",381.496676128788,-0.149960521780571,0.0642962726800323,-2.33233616086648,0.0196830136263833,0.0272780895365637
"YDR189W",978.600505705461,-0.0506642900568476,0.0217553892087901,-2.32881561302416,0.0198688359275609,0.0275300735281257
"YDR333C",700.626723594919,-0.085486795414464,0.0367539395402871,-2.32592196873914,0.0200227138272617,0.0277377031590939
"YLL013C",304.154981480094,-0.131693815734449,0.0566596022908129,-2.32429827266546,0.0201095133350604,0.0278523434544138
"YOR137C",508.020330348427,0.06634856160752,0.0285513672034073,2.32383132950642,0.020134535890174,0.0278813917143701
"YCL007C",10.1671784211825,0.255833442879286,0.110167395776803,2.32222465708094,0.0202208419741951,0.0279916521785175
"YIR024C",236.365007453321,0.0867004550544818,0.0373355180999233,2.32219772128085,0.0202222916392079,0.0279916521785175
"YPR183W",2949.89589929407,-0.148399153328022,0.0639089565193376,-2.32203999893378,0.0202307819604881,0.027997775637781
"YDR489W",267.244262194614,0.0813443859976944,0.0350548797862559,2.32048680508063,0.0203145578991413,0.0281080649388239
"YLR445W",3.2195606761605,-0.444627762824975,0.191725613062834,-2.31908379752713,0.0203904931145964,0.0282074633502103
"tD(GUC)B",0.663264391527239,-1.00108976747594,0.431704330706015,-2.31892454226426,0.0203991281414702,0.0282137399063927
"YGR267C",1820.18833559748,0.0591042439941492,0.0254892108351482,2.31879458239828,0.0204061770972891,0.0282178207099489
"YJL133W",718.681071134331,-0.0898556651253027,0.0387756027763154,-2.31732477877011,0.0204860464959729,0.0283225763302758
"YDL159W-A",1.37639529062725,-0.840174257701418,0.363021621441978,-2.31439178295804,0.0206462412141436,0.0285383197669903
"YOR155C",1032.74858472053,0.0788574606340336,0.0341446465016239,2.30951170135217,0.0209152031188023,0.0289042901390915
"YCL023C",1.4273573244349,0.744851733357311,0.322966898102472,2.30627887171577,0.0210950549380897,0.0291454086400066
"YLR342W-A",88.7295755456393,0.47029844267301,0.203925781134683,2.30622356847759,0.0210981433059975,0.0291454086400066
"YGL054C",1005.60397110684,-0.0619322644819311,0.026864432413762,-2.3053628503316,0.0211462602659438,0.0292060184415292
"YFL029C",689.798170898536,0.108049502655574,0.0469392016043391,2.30190329112001,0.0213406265803568,0.0294685547544638
"YLR424W",161.720569742723,0.107881595610982,0.0468708939697612,2.30167565569759,0.0213534700642327,0.0294803772593227
"YKL196C",1742.7595721949,0.0618996588366522,0.0269061168097841,2.3005794286206,0.0214154149166981,0.0295599702689388
"YOL051W",1142.46085492936,-0.0946664471452133,0.0411776702509105,-2.29897530793695,0.0215063414778291,0.0296795271747552
"YCR007C",167.280884199753,0.202074589629315,0.087923247069393,2.2983067205176,0.0215443382277778,0.0297260057511524
"YDR246W",685.66973585225,0.111398253178895,0.0485041717112402,2.29667365195063,0.02163739359154,0.0298484181281813
"YNL074C",1315.79067738285,0.0964386084547187,0.0419922714399991,2.29657994549105,0.0216427437621409,0.0298498178690585
"YMR182W-A",9.6655722851127,-0.272646492577997,0.118745102236005,-2.29606516348029,0.0216721557866725,0.0298843966735911
"YJL038C",24.3692601517103,0.188597307342833,0.0821613276643676,2.29545106808961,0.0217072875734502,0.0299268472052872
"YLR462W",15.9154734677766,-0.203533780332032,0.0887102728907348,-2.29436539534408,0.0217695191216338,0.0300066344649547
"YBR126W-B",83.5785361947853,0.151955428403655,0.0662332727205894,2.29424611168908,0.0217763660046646,0.0300100640396549
"YCR101C",22.1941926562445,-0.216222010305169,0.0943419388364261,-2.29189703934391,0.0219115851530505,0.0301903669759361
"YNL107W",197.850277213509,0.108512597744456,0.0474033681532343,2.28913264968181,0.0220716463183909,0.0303987367277699
"YOL030W",3103.02828385811,0.0787277991577995,0.0343910617993685,2.28919361714052,0.0220681052978278,0.0303987367277699
"YBR264C",515.70545619362,0.124918401702739,0.0545772589918046,2.28883611984796,0.0220888759684349,0.0304163822085349
"YKR045C",172.846028717463,-0.137156598705626,0.0600340945794258,-2.28464507820912,0.0223336474488077,0.0307472830803922
"YIL059C",15.6149427712474,-0.216851121329009,0.0949705577645435,-2.28335103460842,0.0224096990862601,0.0308458173148542
"YMR100W",527.009108616945,-0.0706920122036104,0.0309678219666725,-2.28275699465364,0.0224446864679541,0.0308878005860211
"YLR351C",1764.5197495917,0.0979485472030617,0.042954349777815,2.28029402632583,0.0225902558639942,0.031081916791287
"YGR130C",3659.17841105127,0.0720482080349776,0.0316066932164991,2.27952375597987,0.0226359494540649,0.0311385638344129
"YIL173W",337.18610247036,0.0596104746055245,0.0261577238097607,2.2788861538205,0.022673833710162,0.0311844476816751
"tS(GCU)O",1.39590215220849,-0.670502785798525,0.294481394162876,-2.27689354604072,0.0227925833913369,0.0313415092169672
"YDR438W",275.651947232554,0.0625905530486236,0.0275213859077537,2.27425149512509,0.0229508696996144,0.0315528629955761
"YHL019W-A",7.49531697086572,0.291728123828067,0.128346635026869,2.27297056729998,0.0230279536682512,0.031652517669377
"YNR028W",565.44660171175,-0.071821624115414,0.031601012105484,-2.27276341262976,0.0230404409690421,0.0316633604933842
"YDR136C",9.85572037913012,-0.259754453773057,0.114371473050416,-2.27114722618424,0.023138066907475,0.0317911775410029
"YGR002C",324.396859564336,0.0982507417753441,0.0433014875461232,2.26899229895257,0.0232687941876232,0.0319644150003563
"YLR390W-A",5664.99341161129,0.0805111617740987,0.0355186765471085,2.26672752480844,0.0234068758905552,0.0321476841225758
"snR39",15.2909204539772,-0.214654470120209,0.0947227837667563,-2.26613346424416,0.0234432128863131,0.0321911688716127
"YHR159W",224.77426675019,-0.076320147719586,0.033711292463662,-2.26393419361933,0.0235781624905597,0.0323700196904295
"YLR375W",1378.01508339304,0.0855226721932736,0.0378509137719965,2.25946123014199,0.0238547093406384,0.0327431566607446
"YDL225W",857.232427666351,0.0735328122302338,0.0325616529351107,2.25826411136962,0.0239291983459902,0.0328388540187648
"YER188C-A",15.495630887701,0.245893930058521,0.10914595550668,2.25289090115183,0.0242660287111326,0.0332944614739235
"YMR021C",284.52671070291,0.0553973705074471,0.0246160623419645,2.25045621585902,0.0244199999046032,0.033499043503326
"YBR211C",405.504033018087,0.0626859064336915,0.0278751985945122,2.24880573392695,0.0245248584180994,0.0336361853005208
"YBR270C",208.079435879373,0.0705741203368857,0.031386417329114,2.24855610619251,0.0245407516994548,0.0336512797153448
"YNR065C",586.12688768868,-0.0633994191180188,0.0281982877192774,-2.24834286922594,0.0245543351227242,0.0336632013779284
"YPL099C",233.706048613954,0.0773176159232936,0.0344112578089977,2.24686979919336,0.0246483493247666,0.0337853643442202
"YPL002C",281.165183977937,-0.0626941145211535,0.0279349829878853,-2.24428683376476,0.0248139521317574,0.0340055852761046
"YKL197C",395.851892802778,0.0635510386635977,0.0283870764392965,2.23873137480348,0.025173399804238,0.0344913149556575
"YKR054C",762.326178307158,0.0679305211823924,0.0303568731290093,2.23773116861227,0.025238591405824,0.0345737568303021
"YMR193C-A",63.6611853839959,0.218502013180386,0.0976894600172255,2.23669997911604,0.0253059553773862,0.0346591411922228
"YDR148C",1301.8422586797,-0.0729798409474265,0.032638378245511,-2.23601308859346,0.0253509138114981,0.0347138109769619
"YGR116W",1738.81361498445,-0.0632944188489771,0.0283466214141847,-2.23287346749918,0.0255572897205009,0.034989449140117
"YNR002C",357.574548613095,-0.146912270688114,0.0658033375350404,-2.23259603830708,0.0255755955975544,0.0350075498387997
"YML021C",376.186003919786,0.0549721459723794,0.0246360225979173,2.23137260707931,0.0256564578046558,0.0351112526307007
"YOR005C",401.269172366138,0.0814775682332664,0.0365572385687963,2.22876703556084,0.0258294093361218,0.0353409148011126
"YMR225C",417.505478193026,-0.109251698224406,0.049091320749919,-2.22547889434379,0.0260491064374029,0.0356344323110508
"YNL192W",3835.91426845123,0.118130859618159,0.0531117470914003,2.22419457252775,0.0261353560670532,0.0357453171477277
"YDL165W",384.47310485932,0.0582200399029883,0.0262001745774295,2.22212412100272,0.0262749185770857,0.0359290594643963
"YEL009C-A",1.20048128660251,0.709770340556434,0.320269368542639,2.21616679667553,0.0266800809420547,0.0364758453705415
"YIL102C",14.6335144341118,0.213861013140652,0.0965982095043506,2.21392315901073,0.0268340653153157,0.0366790827270099
"YLR278C",1085.68005378807,-0.073332063057883,0.0331590716490692,-2.21152340553966,0.0269996129060765,0.0368980418535802
"YGR092W",582.297748514229,-0.076481472816629,0.034585895921732,-2.21134860839537,0.0270117057053241,0.0369072422665522
"YGR293C",19.631415729304,0.223870164617178,0.101268851645046,2.21065175501207,0.0270599618349679,0.0369658407209829
"YGL242C",482.568336478432,-0.0868369388472871,0.0392972621208679,-2.20974526368274,0.027122846448771,0.0370443955167205
"YKR015C",182.366184412094,-0.11364906077333,0.0514458273127464,-2.20910162611327,0.0271675730541096,0.0370981238551258
"YHR083W",1185.15648859932,-0.0887510552503817,0.040199322555537,-2.20777489789208,0.0272599687466089,0.0372169115249658
"YCR063W",38.9597332621855,-0.183604339165368,0.0832364665598506,-2.2058161134621,0.0273968776047152,0.037396412035778
"YHR104W",1003.15187905546,-0.0909746241122859,0.0412631530074805,-2.20474242711878,0.0274721741075047,0.0374917579247116
"YBR290W",1020.4840974198,0.0846977828935859,0.0384575850879424,2.20236873167944,0.0276392727369631,0.0377123251672594
"YKR070W",757.238703954436,0.0918334945247617,0.0417151256735662,2.20144355415317,0.0277046385308832,0.037794023436721
"YLR310C",1279.33420229573,0.074324485299165,0.0338350949094298,2.19666844435098,0.0280441340999692,0.0382495767191537
"YBR255W",580.766400078749,0.0500638501371869,0.0228017744077757,2.19561202746197,0.0281197246310333,0.0383450790423182
"YIL023C",1004.71702441227,-0.143090310537623,0.0651891500653791,-2.19500193504772,0.0281634589349179,0.0383971118350317
"YER053C-A",4.75598998276462,-0.365467579826398,0.166596160031256,-2.19373351557341,0.028254572886849,0.0385137070532479
"YDR466W",691.369721166519,-0.0570221190669564,0.0260055755539612,-2.19268821598031,0.0283298503416704,0.0386086737138561
"YOR233W",425.216492464513,-0.0809891928553953,0.036953434513334,-2.19165536091569,0.0284044012626849,0.0387026128425858
"YNL269W",5.40243526323036,0.324794239530694,0.148248325118155,2.1908796559545,0.0284605023020375,0.0387713807577223
"YGR072W",484.235841478209,0.133567102400149,0.0609827564692807,2.19024376944049,0.0285065624687161,0.0388264456176282
"YDR524W-C",2900.30096385178,0.355901399223855,0.162505776645629,2.19008460234591,0.028518101711364,0.0388344798818712
"YLR088W",587.102240147584,-0.0420209957410999,0.0192024173967178,-2.18831800564247,0.0286464462266706,0.0390015389105451
"YCR073W-A",1159.59286442889,0.12661679476752,0.0578751966136304,2.18775576025775,0.0286873979698913,0.0390495719696919
"YBR046C",663.73243907194,0.143306103137423,0.0655091098112709,2.18757518687526,0.0287005609162296,0.0390597671295199
"YLR059C",767.283707770146,-0.0923069520236641,0.0421978003259083,-2.18748255384749,0.0287073154443921,0.0390612385048695
"YBL031W",220.176023013603,-0.0983802881550588,0.0449761461431077,-2.1873881288545,0.0287142020461991,0.0390628889721558
"YOL116W",464.475496585123,0.0532591443163301,0.0243620197539798,2.18615471353231,0.0288042882064067,0.0391777013633169
"YDR388W",3627.93172048444,-0.100490981431406,0.0459855494210465,-2.18527304113091,0.0288688328254626,0.0392577353354355
"YLR242C",165.446776586496,-0.0794583656375528,0.0363867010088225,-2.18371997005958,0.0289828314201443,0.0394049751831938
"YDR537C",4.50192671355746,0.365776927214303,0.167533173224232,2.18331044637193,0.0290129557783844,0.0394303593632406
"YHR124W",185.873260520576,-0.0868745762074668,0.0397895174723923,-2.18335334847285,0.0290097986579481,0.0394303593632406
"YOR134W",253.018983330205,0.135851411019023,0.0622287858053534,2.18309596211559,0.0290287438844788,0.0394440303226044
"tH(GUG)K",0.693657327364797,-0.923642634950325,0.423897838118965,-2.17892744876682,0.0293370582956752,0.0398550999143101
"YDL097C",3431.06616365982,-0.0674242197840404,0.0309575616536848,-2.17795640814028,0.0294092823016965,0.0399453360913751
"YKR047W",65.1037488696993,0.30466506635267,0.139961101397931,2.17678385858411,0.0294966979472586,0.0400561667390287
"YCR095W-A",11.0418593896004,-0.239069267466738,0.109921067714647,-2.1749176244117,0.0296362899403341,0.0402377945650169
"YGR099W",284.481840358809,-0.0506071070337713,0.0233235485821601,-2.16978590781337,0.0300230684226788,0.0407548947338612
"YBR110W",717.628485443546,0.0523178365550374,0.0241142476566638,2.16958195420125,0.0300385296750948,0.040767844828115
"YBL105C",1595.07704465636,0.0583506014018526,0.026916205353262,2.16786135475003,0.0301692369557427,0.0409371691841326
"YBR132C",598.686609639671,0.104149834785395,0.0480598329464169,2.16708690813624,0.0302282279865489,0.041009132943328
"YKL058W",758.217641382005,0.0415395343772986,0.0191772461332814,2.16608443613853,0.0303047352964871,0.0411048271308734
"YJL032W",3.62738042588194,0.454554426774411,0.209894260456388,2.16563533364867,0.0303390641181163,0.0411432847061711
"YGL071W",624.320921962907,0.0699999999735726,0.032359249230438,2.16321458743019,0.030524678808595,0.0413868478923152
"YBR297W",601.901613898352,0.105157389782205,0.0486371937231702,2.16207765564627,0.0306121910090393,0.0414973292178058
"YLR275W",144.890976673177,0.123097280630422,0.0569853806866683,2.16015544946987,0.0307606376674564,0.0416903524292199
"YHR166C",266.558276993194,0.0594910973459116,0.0275834329020375,2.15676915767497,0.031023655378808,0.0420385489634114
"YNL271C",1632.54227080455,0.0864989067044751,0.0401428886835411,2.15477534231213,0.0311794186877108,0.0422413021772706
"YPL186C",194.422823232335,0.148656375937417,0.069092647047114,2.15155131972363,0.0314327097236015,0.0425760783881559
"YHR013C",874.533084327185,0.0594728180231216,0.0276432175459606,2.15144340286147,0.0314412185101158,0.0425792268768975
"YJR032W",280.628363258573,-0.11364332433282,0.0528788071524426,-2.14912798628762,0.0316242558304906,0.0428186826731421
"YMR276W",4731.91934875733,0.125943274833313,0.0586211740729211,2.14842634636842,0.0316799016750032,0.0428855924169085
"YNL006W",650.972874667956,-0.0830349331529948,0.0387619765116568,-2.14217489987962,0.0321794105099757,0.0435532222058546
"YBL096C",5.40679561622207,0.386265498854067,0.180382350351862,2.14137080540641,0.0322441473239148,0.043632263035604
"YDR338C",386.996726107825,0.0576779128964591,0.0269571164658948,2.13961730548708,0.0323857069096573,0.0438152077172313
"YIL058W",42.6071217257503,-0.123854682808534,0.0579187696441195,-2.13842047352795,0.032482632276329,0.0439377059376277
"YOR381W-A",4.99169292873806,0.328610456707069,0.15370870764795,2.13787794937232,0.0325266503483293,0.0439886049201036
"tK(UUU)D",1.92544125996602,-0.549251814117308,0.256984449418496,-2.13729591560951,0.0325739308606305,0.0440438951247921
"YOL075C",327.578394313589,-0.0518463322394943,0.024328634678526,-2.1310826901954,0.0330823304874741,0.0447225300228272
"YPR170C",6.58604240903775,-0.291943432596969,0.137001909743119,-2.13094425577255,0.0330937348524129,0.0447291645973426
"YAL027W",243.305038196628,-0.0660180865839576,0.0310952929293763,-2.12308939278681,0.0337463617044085,0.0456022964347111
"YHR165W-A",0.618091450024063,-0.968546406002388,0.456457353998883,-2.12187709874154,0.0338480600511328,0.0457307483226157
"YPR108W",1842.15842368268,-0.0437599010749671,0.0206260211439137,-2.12158713353592,0.0338724237922784,0.0457546866411294
"YBR163W",477.136795507296,0.0726805734321837,0.0342648209992004,2.12114265630863,0.0339097992018058,0.0457958114294251
"YLR165C",197.873091916946,0.079154665507182,0.0373183254964222,2.12106691429043,0.0339161717470789,0.0457958114294251
"YCR050C",5.00587862340862,0.339226629792253,0.159991367499026,2.12028083199124,0.033982369160671,0.0458749252578982
"YKR031C",864.25411536709,0.105238619210267,0.0496358718267836,2.12021296971518,0.0339880891416904,0.0458749252578982
"YJL090C",264.232289919085,-0.109277429285598,0.0515583559278405,-2.11949018387126,0.0340490624587404,0.0459482154112951
"RUF20",127.649753882462,0.194316323965012,0.0916878033576035,2.11932576470541,0.0340629457024852,0.0459579426144642
"YER155C",1679.7333228629,0.06872430354627,0.0324364250427132,2.11873853101172,0.0341125701165452,0.0460158787720246
"YDR494W",592.871756321848,-0.0748035061632739,0.0353165739459843,-2.11808501803385,0.034167868124098,0.0460814440811782
"YER035W",580.803890494344,-0.0773321567256275,0.036514315054104,-2.11785861547842,0.0341870433855082,0.0460982753053709
"YJL086C",3.45057366278269,-0.396166420869887,0.187410112668193,-2.11390098020641,0.0345237255082901,0.0465431466858385
"YOL081W",1377.70129726779,-0.0585883214089374,0.0277434608842256,-2.11178849147294,0.0347045948458321,0.0467778260598187
"YIL154C",2438.67891423473,0.169370625987294,0.0802685696514855,2.11004913533002,0.0348541238311174,0.0469701786215
"YNL004W",1461.2094874752,-0.0468560764693095,0.0222079571363971,-2.10987783259524,0.0348688801010079,0.0469808687858002
"YGL244W",1456.85029676143,0.06715484014847,0.031835122149017,2.1094575932244,0.0349051027368462,0.0470204719904492
"YOR152C",101.564167256516,-0.10633914203344,0.0504323944312434,-2.10854834938318,0.034983585208593,0.047116976557348
"tF(GAA)M",1.66883767032337,-0.555097883872936,0.263539872475398,-2.1063146106089,0.0351770330035011,0.0473682519517123
"YNL165W",305.880524848456,-0.0773758662118519,0.0368167719375574,-2.10164721510849,0.0355841906316944,0.0479071475360218
"YCR033W",1136.41676339257,0.0605834453179387,0.0288478496985814,2.10010264026431,0.0357198131228193,0.0480803349659063
"YLR371W",977.128572666835,-0.0468078490994038,0.0222985691449545,-2.09914137517631,0.0358044400672384,0.0481848260091744
"YKL094W",1927.00693615424,0.0725930993269523,0.0346147101899561,2.09717484065535,0.0359781008060375,0.0484090725131069
"YOR311C",797.418655592429,0.0499037803917579,0.0238162127954595,2.095370108604,0.0361381045757737,0.0486148593208678
"YBR108W",880.129453585004,-0.0954772055925643,0.0455970633977937,-2.09393321582162,0.036265929866701,0.0487772860191905
"YNR039C",417.65504808059,0.0478192419062228,0.0228472561359719,2.09299714686236,0.0363494092492917,0.0488800161487058
"YIL165C",268.510378561456,0.149332811687616,0.0713992360257353,2.09151834108968,0.0364816240465737,0.0490482291663074
"YIL108W",904.926819786053,-0.0560319885355965,0.0267935845938211,-2.09124644518517,0.0365059778440109,0.0490713895853212
"YLR206W",2634.52746507517,-0.0984936281330159,0.0471160113301087,-2.09044919874351,0.0365774673215765,0.0491578884460383
"YGR194C",564.740813069349,0.0919463298099977,0.0440117091020802,2.08913336214094,0.0366957199239323,0.0493071880710917
"YER018C",843.311110794215,0.164861925178536,0.0789473229107516,2.08825225606332,0.0367750857565012,0.0494041883772704
"YAL037C-A",27.867347979902,-0.528044102645537,0.253076711205333,-2.08649820100242,0.0369335179926061,0.0496073490790272
"YOL128C",60.6390612102014,-0.12757785715974,0.0612321797043326,-2.08350997426135,0.0372047634878399,0.0499619263923888
"snR45",14.2484554016735,-0.348811541540731,0.167518043088066,-2.0822326664678,0.0373212228350711,0.0501085450895992
"YIL068W-A",6.62716971639256,0.310935416637105,0.149443517153344,2.08062164595641,0.0374685510156856,0.0502965439155771
"YPL214C",615.207672790114,0.0512048651262863,0.0246135259555468,2.08035472929659,0.037493008336281,0.0503195638197456
"YMR033W",871.156819614825,-0.0842732935360507,0.0405863156859002,-2.07639673894636,0.0378572726192258,0.0507985425810504
"YFR049W",584.848049132416,0.126077143413079,0.060745893684096,2.0754842141056,0.037941680404419,0.0509018841746736
"YAL022C",1139.63974741054,0.110043980740339,0.0530766422975532,2.07330335863036,0.0381440563349664,0.0511634186374914
"YBL014C",244.582695429546,-0.131472763816931,0.0634746264528671,-2.07126486856217,0.0383340504587354,0.0514082464761186
"YNR007C",402.652647401519,0.0661184600035213,0.0319296342701975,2.07075531914987,0.0383816676619694,0.051462080204997
"YGL097W",1365.81674745794,-0.0763057581288855,0.0368662568367439,-2.0697994501257,0.0384711289009481,0.051571986464764
"tI(AAU)D",0.432089385764102,0.936723632083318,0.452664196913068,2.06935657485456,0.0385126383161862,0.0516175812355348
"YDR407C",613.733804702383,0.0910589801225367,0.0440154678270283,2.06879500816349,0.0385653270638088,0.0516781387377041
"YKL201C",568.497618409853,0.0506270320623261,0.0244925570076399,2.0670374288211,0.038730627243749,0.0518895443808546
"YBR186W",81.6836411454302,-0.124581075940944,0.0603091244278946,-2.06570858261908,0.0388560044089566,0.0520473911197794
"YHR016C",1154.36245878724,0.0949180070895722,0.0459688840352969,2.06483165909988,0.0389389312011811,0.0521483254853397
"YOR326W",2425.82889705124,0.0695253178812888,0.0336818251272028,2.0641790526113,0.0390007428506753,0.052220947982672
"YER175W-A",15.5144123728306,-0.281609457404259,0.136435225161513,-2.06405242539739,0.0390127460017389,0.0522268629636345
"YGL118C",9.25932121480216,0.25613531384711,0.124101728062523,2.06391416014826,0.0390258559200793,0.0522342570003394
"YGL117W",511.20177836977,0.177338110331966,0.0859278300528727,2.06380296375281,0.039036401961128,0.0522382172016261
"YER113C",523.0627500519,-0.0448213627016181,0.021720913256977,-2.06351188697008,0.0390640196029443,0.0522650165111294
"YDR529C",837.381347355571,0.100250150385667,0.0487354536055141,2.05702713259088,0.0396836160206869,0.0530836790950901
"YJL135W",1.6049299470986,-0.552156599475387,0.268723313056481,-2.05474022032221,0.0399041029327367,0.0533682495516496
"YKR034W",2.29315012098331,0.465056874987805,0.226551895025528,2.0527609135002,0.0400957710747542,0.0536141743736031
"YPL169C",947.404560231256,-0.0529676887047367,0.0258313567380052,-2.05051903552578,0.0403138081682483,0.0538952561627941
"YGR160W",1.57271047785181,-0.563735165998832,0.274958713750216,-2.05025386651667,0.0403396639373046,0.0539193527874864
"YAL045C",2.76552725828882,0.444291510769188,0.217129771920092,2.04620263191128,0.0407364385155653,0.0544391263935689
"YDR475C",1063.62948549769,0.0629245008983203,0.0308007867672567,2.04295108997713,0.0410572800638719,0.0548572430117908
"YOL085W-A",11.8005732905233,0.27207780168234,0.133192058914099,2.04274792281584,0.0410773981797128,0.054873474285472
"YPL098C",615.460467751283,-0.0912206875573763,0.0446618121168695,-2.04247618342653,0.0411043195427611,0.0548987856550747
"YEL075C",8.0772604798346,-0.24303064265363,0.119070840056791,-2.04105927645858,0.0412449355418189,0.0550759079141627
"YDR317W",113.133468685407,0.110643521186456,0.0543116261203779,2.03719772523883,0.0416302317229403,0.0555796287400512
"YGL063W",291.832093515862,-0.105230855316034,0.0516757760480733,-2.03636719878458,0.0417134966253708,0.0556799969495304
"YDL166C",685.856070194157,-0.119462451687279,0.0587214514877656,-2.03439200940339,0.0419120868747862,0.0559342349550112
"YOR094W",189.228664660869,-0.0878157680552766,0.0431748565536225,-2.03395622047315,0.0419560097178724,0.0559820013386728
"snR57",24.5765540265121,0.199189800781291,0.097941383321781,2.03376544240614,0.0419752503540671,0.0559968220669932
"YBR053C",758.427687764411,0.128812440421102,0.0634302652160203,2.03077253393808,0.0422780744576878,0.056389876528706
"YIL156W",615.805107088356,0.0502661383076404,0.024793638574198,2.02738045717706,0.0426235189792809,0.0568396142111851
"YNL321W",1071.6544044853,0.0667772127951864,0.0329779065511292,2.02490757536881,0.0428768556009355,0.0571663731240203
"YGR275W",589.856552990338,0.0709646676112003,0.03506188085779,2.02398347935272,0.0429718516109373,0.0572819357872803
"YBR217W",139.221016829251,0.0817513212330765,0.040429575831169,2.02206725033338,0.0431694047859035,0.0575341370404464
"snR58",12.7448268490443,0.23200939188401,0.114944781236107,2.01844215447626,0.0435452328692138,0.0580237910401658
"YJR083C",315.988685250169,0.0568956321936995,0.0281911863866731,2.01820637887719,0.0435697720911543,0.0580452555819654
"YBL100W-C",3.73797693721018,-0.371482743736681,0.184145395830945,-2.01733386849227,0.0436606834692804,0.0581551181439342
"snR56",7.48260429177941,-0.361164586049598,0.179132887312422,-2.01618246357911,0.0437808994790521,0.0583039638130123
"YDL114W",6.15463210685215,0.297367372337761,0.147638499487249,2.01415872804534,0.0439928712820947,0.0585749214421238
"YHR058C",335.013302826763,-0.102333002632405,0.0508217017495648,-2.0135689894186,0.0440548049725612,0.0586460425823828
"YHR177W",151.870529671344,0.065728543203123,0.0326786018571725,2.01136338361112,0.0442870880251847,0.0589438625658992
"YCR041W",14.3875556737183,0.215286999185963,0.107108577302047,2.00998841184167,0.0444324153459255,0.0591258561377459
"YIL097W",269.554778501124,-0.0937961984229851,0.0467809024026945,-2.00501045524044,0.0449619293184429,0.0598189146584501
"YJL102W",258.642706482371,0.0991772719417546,0.049473216134106,2.00466595244014,0.0449987707389516,0.0598563633187175
"YNR019W",1460.92699850398,-0.0801229330759325,0.0399808098300195,-2.00403477109591,0.0450663358488561,0.0599346575853533
"YMR213W",422.623784715403,-0.0549789275750728,0.0274392989562626,-2.0036564222252,0.0451068773750155,0.0599737895494849
"YPR058W",363.857744273712,-0.0939088659351099,0.0468701226735553,-2.00359761354101,0.0451131817104985,0.0599737895494849
"YGR164W",15.6738457696707,-0.213687649084473,0.106685255704179,-2.00297264766364,0.045180224434725,0.0600513214735679
"YGL139W",731.991780719904,-0.0575713603311097,0.0287452274392403,-2.0028145699247,0.0451971954037028,0.0600622834114059
"YCL046W",1.33415713434242,0.624909255380026,0.312121317533499,2.00213577309713,0.0452701310254847,0.0601475978599888
"YDR482C",704.919720073704,-0.147001525953202,0.0735830994208431,-1.99776208273665,0.0457424599368426,0.0607634259435001
"YPL200W",11.355840873674,-0.24435906029426,0.122662290739496,-1.99212862258717,0.0463569472182365,0.0615678205242204
"YBR032W",131.226420600629,-0.252871177803212,0.126955966384104,-1.99180223667592,0.0463927607563747,0.0616035019879729
"YLR390W",359.560003619858,0.132579458288471,0.0665789329765136,1.99131245217221,0.0464465473289142,0.0616630309216303
"YDR231C",235.695355666974,0.113641466709547,0.0571262346821147,1.98930434225041,0.0466676206924569,0.0619326461965238
"YJL053W",678.425371295133,-0.0592152860082669,0.0297657830317873,-1.98937437476548,0.0466598959171058,0.0619326461965238
"YFL009W",764.787005307919,0.0419453650587403,0.0210982956024767,1.98809258572605,0.0468014512222852,0.0620982832271023
"YAL068C",11.8637187702413,0.223135531916761,0.112325265431909,1.98651239379465,0.0469764580441977,0.0623184804690369
"YLR261C",2.03978579584464,0.489401623686606,0.246482346437458,1.98554432299186,0.0470839439435488,0.0624370096400873
"YOR347C",1225.19177967891,-0.130886563678225,0.0659195710811034,-1.98554938285611,0.0470833816042343,0.0624370096400873
"YML114C",661.489344639882,0.0649097840785753,0.0327914225680187,1.97947447823997,0.0477626103404116,0.0633247780076515
"YDL030W",320.052854259947,0.072339217640834,0.0365837002375507,1.97736197189213,0.0480007292613552,0.0636282289111341
"YGR212W",141.279667041138,-0.0937779462621688,0.0474406283321823,-1.97674334339608,0.0480706487915943,0.0637086461848174
"YHR073W",1420.6970379408,0.042342026597958,0.0214443468061019,1.97450763974353,0.0483240496109558,0.0640321558066649
"RUF5-1",319.823623644281,-0.176961465523632,0.0896525127455081,-1.97385951720018,0.0483977190529218,0.06411743230313
"YGL214W",5.34551289312474,0.369113934365836,0.187077489401662,1.97305370916827,0.0484894434836513,0.064226590685829
"YDR444W",354.632100244835,-0.0966940499956976,0.049015663072347,-1.97271737103663,0.0485277717244411,0.064264994868778
"YDL086W",628.748106165527,0.108011949667124,0.0548305609158977,1.96992239114239,0.0488472658036022,0.0646756586649617
"YDR362C",381.279903127624,-0.0530627368443237,0.0269650925186947,-1.96783069843116,0.0490875207591507,0.0649639557842332
"YKR084C",975.608075005781,0.050286582907096,0.0255549773586586,1.96778037410617,0.049093313281825,0.0649639557842332
"YOR220W",1308.59865008141,0.099858504686541,0.0507439348083722,1.96789044963981,0.049080643910875,0.0649639557842332
"YJL142C",55.0397278439416,0.20383253764575,0.103617443726643,1.9671643143744,0.0491642706257046,0.0650203617475943
"YNL026W",675.180780836531,0.0341348650094722,0.017351278842229,1.96728237266269,0.0491506660895425,0.0650203617475943
"tS(CGA)C",0.493233377520242,-0.948944436214479,0.482381462539681,-1.96720751087407,0.049159292477846,0.0650203617475943
"YOL150C",0.561916620509297,0.865711221497344,0.440565222429218,1.96500126978686,0.0494140905793059,0.0653382011981028
"YGL059W",372.348907928332,-0.11220822324881,0.0571400562805812,-1.96374015975451,0.0495602328018313,0.0655188561521906
"YBR013C",86.1185245310572,0.110442110659209,0.0562748934116665,1.96254677643357,0.0496988602848742,0.0656895091306121
"YBR134W",4.64532544619959,-0.358782904494343,0.183008058132759,-1.96047599299738,0.0499401812821601,0.0659894832765686
"YDL029W",3200.84864711936,0.0687220284196714,0.0350544814576872,1.96043488769397,0.0499449814603048,0.0659894832765686
"YDL107W",220.673559548931,0.0983784908846431,0.0502092473228294,1.95936995932444,0.0500694761228663,0.0661412784163343
"YOR343C",33.8739116961939,0.142819440284259,0.072894176969068,1.95927090781014,0.0500810688789689,0.0661439016366202
"YHR059W",183.713787165642,-0.0760930931830362,0.0388829114913981,-1.95698033568988,0.0503497803461419,0.0664860448184095
"YDL128W",1469.9661080146,-0.0404000550628425,0.0206610819788967,-1.95536976737749,0.0505394418494001,0.066723692642976
"YFR008W",165.43102816632,0.0674028817807289,0.0344902685237987,1.95425795929133,0.0506707179899914,0.0668841820094115
"YBL107C",433.280449688781,-0.0569352999539835,0.0291416758613313,-1.9537414466109,0.0507318020591363,0.0669519756904645
"YPR150W",2.76457950271368,0.484736472929754,0.248417501266905,1.9512975956108,0.051021654932174,0.0673215972035297
"RUF5-2",208.527719704648,-0.181028336330088,0.0928905207427579,-1.94883541272646,0.0513150832146854,0.0676957938174188
"YER097W",9.80952667526577,-0.279743236516455,0.143586398156655,-1.94825721731143,0.0513841935448342,0.0677739794168933
"YPL210C",915.528398910577,-0.10479288640485,0.0538448645260444,-1.94620020548408,0.0516306952600503,0.0680860633720449
"YHR167W",135.709619867065,0.0754656729512123,0.0388308729340648,1.94344518289233,0.0519623925557923,0.0685103547963673
"YBL035C",202.054587353673,0.070017913400132,0.0360302970041618,1.94330658423505,0.0519791264479968,0.0685192964952054
"YDR066C",120.335277889478,-0.0778084127006124,0.0400427557584524,-1.9431333140499,0.0520000527932904,0.0685337602377115
"YBR301W",13.6019889281644,0.183592914507317,0.0945016235621648,1.94274878660202,0.0520465184685814,0.0685818717045326
"YOL113W",1094.98895969355,0.0476921693699699,0.0245515631621728,1.9425308708429,0.0520728664710076,0.0686034607066375
"YAL037C-B",194.354995869583,-0.375343765073024,0.19330006570079,-1.94176739522696,0.0521652656667137,0.0687120440243589
"YGL015C",8.27915592710719,0.262165990222333,0.135050455198405,1.94124477283087,0.0522285947673384,0.0687823020224034
"YHR050W-A",44.800162472151,-0.18040958703571,0.0929513615751958,-1.94090311296583,0.052270030363846,0.0688237060728781
"tW(CCA)M",0.383363177997542,-1.03320276119436,0.532413070896057,-1.94060367348883,0.0523063681851494,0.0688583833565495
"YGR169C",290.633505552159,0.0700354529724465,0.0360967923971253,1.94021264277277,0.0523538526627125,0.0689077185208899
"tC(GCA)B",0.440349928276302,0.928650918185855,0.479382291884275,1.93718235718652,0.0527230561143464,0.0693803978110235
"YBR131W",137.893033369852,-0.0697057551541316,0.0359899846218749,-1.93680980657503,0.0527685967332567,0.0694270568523739
"YGL190C",1383.39914360922,0.0366785993427051,0.0189691837322987,1.93358870156614,0.053163717520128,0.0699335489350556
"YMR185W",199.573799083744,-0.125018655817383,0.0646752255384811,-1.93302234010762,0.0532334458060421,0.0700118957735625
"YNL011C",422.705827843186,0.0592481097764002,0.0306588881639751,1.93249375057306,0.0532985926625181,0.0700841884036358
"YHL041W",3.23764344370299,0.37155479186335,0.192631030966194,1.92884183820081,0.0537505000861161,0.0706649213467462
"YIL161W",214.72522269485,0.108147835512532,0.0560897334586795,1.92812175854254,0.0538399831632534,0.0707690500341733
"YOR054C",615.143325263724,0.0893436839156362,0.0463608607028576,1.92713600569821,0.0539626826123569,0.0709167913315665
"YHR121W",788.741879947953,0.0509555812048955,0.0264488025886174,1.92657421953858,0.0540327140779222,0.0709952741271936
"YOR313C",13.4758896242249,0.186455466394522,0.0967889027559815,1.92641368054975,0.0540527405702745,0.0710080364102919
"YKL218C",542.036696759985,-0.218225209412275,0.113338494684171,-1.92542886704452,0.0541757270795729,0.0711560245980274
"YHR028W-A",3.4707342241938,0.383040400679818,0.199039186248496,1.92444717997189,0.0542985554665214,0.0712901514849351
"YML017W",561.943095204124,-0.0771575953612214,0.0400918707651531,-1.92451970658064,0.054289473017266,0.0712901514849351
"tV(AAC)G1",1.47506851601896,0.542263732866086,0.281844688658827,1.9239806698025,0.0543570064712251,0.0713532868549828
"YDR262W",821.707303453528,-0.0515428241995915,0.0267981410926473,-1.92337311835907,0.0544332078186016,0.0714186517463193
"YPL259C",676.830571966735,0.0559944132117222,0.0291112700688589,1.9234617067299,0.0544220911909845,0.0714186517463193
"YPR151C",5.57171642906335,0.288297008832252,0.149894284695763,1.92333556557811,0.0544379207501356,0.0714186517463193
"YLL018C-A",369.99488956168,-0.118945501061699,0.0618670698064446,-1.92259794158391,0.054530562726058,0.0715265620820936
"YKL079W",655.482227052376,-0.0579327985024756,0.0301504667031383,-1.92145611120658,0.0546742303833285,0.071701347845565
"YBR036C",2952.19901632826,0.077461011733918,0.0403317789449205,1.92059496903679,0.0547827899235312,0.0718300340170467
"YGR259C",0.242001955133159,-1.29298185183846,0.673669524764637,-1.91931177574078,0.0549448886169291,0.0720288572215455
"YML084W",1.56433009859175,0.563338070079463,0.293526774447881,1.91920505766158,0.0549583877139665,0.0720328382658784
"YER154W",1043.85264087696,-0.0492335976022564,0.0256912658067607,-1.91635546385964,0.0553198655492664,0.0724928196244193
"YDR486C",708.400095658626,0.0741874297246839,0.0387149266827529,1.91624874644884,0.0553334413125287,0.0724968113105157
"YDR069C",327.083844295423,-0.0535274356735913,0.0279509758249875,-1.91504711709346,0.0554864950399978,0.0726835080575314
"Q0045",1.74548953512848,0.721732954413978,0.376954716601578,1.9146409969896,0.0555383029956997,0.0727375339785794
"YNL311C",295.800895177064,-0.083990836414862,0.0438835541617835,-1.91394790187724,0.0556268128875565,0.0728395980849803
"YLR230W",101.162937677694,-0.109166403407745,0.0570566560713582,-1.91329830600684,0.0557098744819645,0.0729344905511173
"YLR185W",5816.39508210896,-0.122250805711319,0.0639994517650876,-1.9101852022115,0.0561093717651303,0.0734435407990346
"YGR052W",208.026433639261,-0.0851600453835438,0.0445842901588734,-1.91009086564082,0.0561215148992935,0.0734454723591781
"RDN5-2",4.26171203418186,-0.362583503789796,0.189940074186967,-1.9089363071054,0.056270308639875,0.073626202011695
"YNL138W",2488.65535102987,0.0620620788650086,0.0325675387480606,1.90564228218518,0.0566966324133469,0.0741699247892634
"YMR127C",137.852267539666,-0.0798849269828897,0.0419534724734563,-1.90413146452734,0.0568930647787675,0.0744127566492809
"YOL037C",2.71138406396518,-0.453890587484523,0.23852257538391,-1.9029250659145,0.0570503237155439,0.0746042694741728
"YMR315W",2009.29852209191,-0.0952717857903157,0.0501134121082047,-1.90112350730789,0.0572858372233277,0.0748980230312592
"YHR063W-A",73.4554239277616,-0.167330234771132,0.0880358494912554,-1.90070563001443,0.0573405807102228,0.0749553632409121
"YDR522C",50.3653060961061,0.155142242116664,0.0817095450018429,1.89870402672252,0.0576034018305052,0.0752846282465885
"YML048W",3020.5311844964,-0.0454981628636073,0.0239746096644472,-1.89776448919952,0.0577271130347752,0.0754319934037631
"snR76",26.7133730042839,-0.168925806782035,0.0890328606515109,-1.89734223460749,0.0577827842213725,0.0754904116440511
"YBL033C",1233.51537329698,0.118418136833063,0.0624665150701467,1.89570583055714,0.0579989539100993,0.0757584514648139
"YOR300W",7.69973746681139,0.246868604845776,0.130292070184219,1.89473238468565,0.0581278650382724,0.0759124337610974
"YBR074W",707.367357360601,-0.0535296153529754,0.0282539586276977,-1.89458815517977,0.0581469852446623,0.0759230027326949
"YPR034W",1079.66381420796,0.0773546811319695,0.0409206196642172,1.89035947565603,0.058709899351794,0.0766434692903112
"YIL176C",15.3293512189283,0.171037225154138,0.0905524263233797,1.88881990354772,0.0589159648578404,0.0768978991556836
"YER076C",308.068992968832,-0.0908984004471506,0.0482075318472074,-1.88556428765636,0.059353693651661,0.0774545452599859
"YGL260W",3.03402940202971,0.386152226639099,0.204818669823791,1.88533704945604,0.0593843471056992,0.0774760707295521
"YMR257C",221.509560426107,-0.0851967835071929,0.0451906353651897,-1.88527518630154,0.0593926944532427,0.0774760707295521
"YJR136C",203.559798496122,-0.0579723456575128,0.0308209689259674,-1.88093845449062,0.0599802914295821,0.0782241246205898
"YOR024W",4.78071777305613,0.330547120366719,0.175741105171601,1.88087539363064,0.0599888711687312,0.0782241246205898
"YPR036W",5496.28921741591,0.093943931235525,0.0500916215470664,1.87544200674867,0.0607319407269777,0.0791780745891387
"YPL275W",22.1708883502898,0.147838418368346,0.0788753561574443,1.87432964579258,0.0608850038445063,0.0793625996723639
"YGR026W",1376.66913265263,0.0407114557061142,0.0217428414539026,1.87240732966881,0.0611502717662809,0.0796932843291395
"YLR179C",3229.3339697189,-0.0800848818191493,0.0428096366114716,-1.87072089739928,0.0613837767269512,0.0799824569956584
"YIL115W-A",7.03595480360137,0.246683939364315,0.131895105224547,1.8703039733305,0.0614416181046086,0.0800426756197219
"YFR004W",2709.45437620268,0.0518749865886598,0.0277886236790295,1.86677063203411,0.0619336253106125,0.0806683712189873
"YLR353W",463.168797152399,0.0606661288713332,0.0325066704593004,1.86626707731539,0.0620040085205217,0.0807447699383
"YKL167C",271.888702475967,-0.0850465343382302,0.0456227742665005,-1.86412456729264,0.0623042132646338,0.0811203684430794
"YBL020W",452.093739012115,-0.0652983962442074,0.0350869490316382,-1.86104514773648,0.0627378012972471,0.0816694577295418
"YGR294W",24.6511278023382,0.142581413978925,0.0766195429754308,1.86090138940982,0.0627581035428115,0.0816804428907858
"YER180C",258.729232637771,-0.0837963114961247,0.0450492398065488,-1.86010489535371,0.0628706867319997,0.0818115059818215
"YFL067W",235.931107463679,0.184407105400451,0.0992963231719726,1.85713931301437,0.0632913363308479,0.0823433202263582
"YBR298C-A",2.56382897440233,0.396496305939232,0.213662414202453,1.85571387190046,0.0634943524958252,0.0825918414762435
"tV(UAC)D",0.758892601476614,-0.740807640523727,0.399253282016525,-1.85548290744687,0.0635272978343252,0.0826190868132469
"YNL205C",2.41307810700381,0.442793112393877,0.238764625603825,1.85451723124426,0.0636651972707022,0.0827827919185618
"YDR380W",417.473708129882,-0.0913426316848704,0.0492864173501767,-1.8533023213249,0.0638390386517898,0.082993161087155
"YFR019W",599.367082131125,-0.0541297985876878,0.0292429311642961,-1.85103874449416,0.0641639793941154,0.0833998486177996
"YGR117C",518.783010535916,-0.0445967955879202,0.0240963275479024,-1.85077147126523,0.0642024369527405,0.0834340842619137
"YJL183W",771.339270759531,-0.049353586038429,0.0267186815905266,-1.84715648753896,0.0647244636332297,0.0840966091932037
"YML078W",1648.20418661836,0.0821685921163224,0.0445044687854907,1.84629980670864,0.0648486858110459,0.0842421135488775
"YHR113W",1322.46842464442,0.0545733566340893,0.0295902507414947,1.84430193278358,0.0651391499881487,0.0846034800355412
"YGR080W",659.331134640094,-0.0721310575150991,0.0391439706783542,-1.84271182164425,0.0653710970789106,0.0848887218763296
"YGL172W",1048.67143506156,-0.0369947375456596,0.0200850102945499,-1.84190782096329,0.0654886344211212,0.0850253154798075
"YKR102W",166.122959313646,-0.103732195871112,0.0563392066986059,-1.84120796066656,0.0655910892187503,0.0851422792743394
"YBR116C",3.47941928737726,0.382860713467812,0.20803033669678,1.84040808445097,0.0657083474500979,0.0852784113466398
"YDL100C",3193.7736293025,0.0738084130851102,0.0401198385071724,1.8396986586054,0.0658124906075979,0.0853974741487583
"YMR313C",648.983318599781,0.0430375222146134,0.0234212419713686,1.83754227325881,0.0661298818283901,0.0857931479910431
"YPL152W-A",2.01570558838217,0.497203889495444,0.270784625882214,1.83615996615597,0.0663340016157098,0.0860417485162325
"YLR178C",1403.8664658549,-0.188827595053452,0.10284487638392,-1.83604280244898,0.0663513265484679,0.0860480096602377
"YIL155C",1897.6640952457,-0.103633775596737,0.0564875679736395,-1.83462980111126,0.0665605599752923,0.0863030989510147
"YGR228W",9.74904584007881,0.319384237477157,0.174139369809272,1.83407254675934,0.0666432259713426,0.0863940144629436
"YDR080W",292.447705049119,-0.0896011931948927,0.0488567114154826,-1.83395874587045,0.0666601181765607,0.0863996448881063
"YGL074C",16.1759418178806,-0.167283195205665,0.091380985084557,-1.8306127368935,0.0671583661005074,0.087029051496705
"YLR215C",201.045402361525,-0.0922142793931698,0.0504179181540992,-1.82899815718933,0.0673998843100536,0.0873255934276851
"YOR394W",5.86214590545478,0.268331935220744,0.146802268607063,1.82784597109308,0.0675726716388121,0.0875329904483954
"YGL079W",215.18411253571,0.0586562372470654,0.0320935206735938,1.82766602155079,0.0675996906071508,0.0875515180267558
"YOR191W",822.299395337812,-0.0676854261005029,0.037059413217315,-1.82640307075555,0.0677895696683099,0.0877809266816463
"YLR318W",101.606345757873,-0.106274501038298,0.0583030491538851,-1.8227949066231,0.0683344594547254,0.0884698671203055
"YAL034C",590.079656414402,0.0742684827231187,0.0408355741635533,1.81872017828526,0.0689541316325065,0.0892553480522292
"tT(AGU)N1",1.44974286903859,-0.507144393547786,0.278883635578206,-1.81848028657662,0.0689907570643319,0.0892859703736702
"YNL164C",178.605973652992,0.0856420917628352,0.0470985888291567,1.81835791457552,0.0690094463468254,0.089293373068576
"YML005W",218.966976759642,-0.0654295295382536,0.0359899823445778,-1.81799282121935,0.069065230002485,0.0893487614744662
"YNL319W",4.88290930235694,0.387559771827615,0.213251583053539,1.81738285961663,0.0691585104154069,0.0894526290080926
"YLR338W",2.62327535051261,-0.399791967616477,0.220187627844926,-1.81568770021012,0.0694182918838646,0.0897717767882059
"tR(CCU)J",0.394456303406157,-0.937485953378632,0.516923301536246,-1.81358810986565,0.0697411623586476,0.0901723761200543
"YPL067C",363.996098281497,-0.0854681317355005,0.0471323581160961,-1.81336421837787,0.0697756645299431,0.0902000469937398
"YAR042W",1362.84909414957,0.0682810233170747,0.0376965081011363,1.8113354991365,0.070088933763281,0.0905773293670087
"tH(GUG)G2",0.539141962904539,-0.827991429280901,0.457124532344304,-1.81130385856706,0.0700938287389139,0.0905773293670087
"YGR113W",414.741865752787,0.0582592788606821,0.0321665933118147,1.81117342131731,0.0701140110838634,0.0905864076397822
"YER116C",395.060122878937,0.0650561327684836,0.0359308269255445,1.81059380857814,0.0702037513113303,0.0906853335419342
"YHR138C",710.981686159681,-0.169426619455638,0.0935802729196566,-1.81049503457956,0.0702190536779098,0.0906880856447963
"YGL203C",1335.45503183144,0.0503495074311382,0.0278116519475648,1.81037456984093,0.0702377201438135,0.090695180643315
"YOR143C",198.961451506441,-0.10654719238127,0.058885141972049,-1.80940707304136,0.0703877851328191,0.0908719108643276
"YDL114W-A",4.48231745604975,-0.284850747096362,0.157450547464827,-1.80914421501136,0.0704286015161247,0.090890519482384
"YPL048W",4537.85723148267,0.0738996172193231,0.0408471772094392,1.80917317347075,0.0704241039183559,0.090890519482384
"YLR162W-A",460.096906018646,-0.455478160953784,0.251920235137955,-1.80802530890128,0.070602561647828,0.0910979454545157
"YOR190W",109.252448692569,0.0808982949191403,0.0448410673144236,1.80411171642916,0.07121379534955,0.091869398722438
"YGR238C",314.867135295944,0.0592950785836714,0.0329180406556778,1.80129428734526,0.071656507776727,0.0924232027056511
"YJL054W",895.022861686447,-0.035292427447188,0.0195987420214004,-1.80074963018806,0.0717423512152152,0.0925165926422095
"YIL075C",5682.99393919689,-0.0532870659065385,0.0296110002075675,-1.79956994133958,0.0719285709125393,0.092739365305774
"YLR033W",660.140275668341,0.0555632864159379,0.0308899793732992,1.79874792872041,0.0720585635768287,0.0928895731560505
"YDR478W",75.9243274809422,-0.0781902209707123,0.0435876078654286,-1.79386354975284,0.0728349505963198,0.0938728256936844
"YBR174C",0.983666351419371,-0.636798810756141,0.355228321266933,-1.79264651108047,0.0730294643456737,0.0941059071719939
"YGR077C",505.093288701717,0.044582287244636,0.0248757096503323,1.79220162444855,0.0731006745506342,0.0941800419687717
"YLR444C",2.86494346839899,0.3704341171445,0.206711623161504,1.79203332390787,0.0731276281661057,0.0941971412392213
"YGR151C",0.978952073201292,0.696986685853133,0.389817290577674,1.78798299280225,0.0737787517503413,0.0950003190202169
"snR53",1.25552846907283,-0.554683097271046,0.31021942198979,-1.78803471979037,0.0737704064339372,0.0950003190202169
"YGL011C",2833.68413495468,0.0508178265104631,0.0284408094258212,1.78679255395333,0.0739710232722186,0.0952300851213959
"YLR031W",37.3381853752942,0.140250497308956,0.0784978999182079,1.78667833731975,0.0739894922751925,0.0952360542745747
"YDL178W",804.922661090078,-0.0472543577503235,0.0264811736166535,-1.78445103809924,0.0743504040333653,0.0956827162186393
"YPL080C",13.457647530742,0.229050001657069,0.128515713941752,1.78227233566849,0.0747048317379176,0.0961208683452743
"YBR120C",172.754870070943,-0.118328142838226,0.0664798783653087,-1.77990913563365,0.0750908323576726,0.0965994732403916
"YEL047C",1692.54070541017,-0.0503145452617652,0.0283185971311188,-1.77673156014058,0.0756124170635695,0.0972522868452598
"YLR218C",707.04427068212,0.115038280964599,0.0648895562920627,1.77283198619546,0.076256551476237,0.0980624499278842
"YJR108W",41.7657209041105,-0.153082227578675,0.0865612339497887,-1.7684848123523,0.0769798890114625,0.0989741430147375
"YNL243W",2887.82763840025,-0.0711512501280186,0.0403331350044924,-1.7640892561437,0.0777169530410825,0.0999031407184192
"YJL065C",114.214815638343,0.119312842746605,0.0676879676213829,1.76268910028425,0.077952940098092,0.100187790288476
"YPL260W",1223.01621665832,-0.0396850346556244,0.0225374472715873,-1.76084869672241,0.0782640151700681,0.100568821285166
"YPL022W",887.303238872501,-0.0521772692712061,0.0296773514371302,-1.7581511403314,0.0787217961696922,0.101138191197673
"YDR024W",16.6139977564384,-0.308412421435397,0.175556292860681,-1.75677223761013,0.0789566389689746,0.101420981212946
"YGR265W",4.20068676082655,-0.292244522692939,0.166473800226785,-1.75549859674506,0.0791740604736444,0.101681291990495
"YAL047W-A",0.858899733030581,0.7535354533377,0.429670738034984,1.75375092282023,0.0794731957454176,0.102046429076315
"YLR123C",14.1322738965032,-0.168864795201131,0.0963614467194827,-1.75241033577166,0.0797032754634835,0.102322776723118
"YOR072W",12.167281184934,-0.170421591517623,0.0973611154222205,-1.7504071392215,0.0800480849904701,0.102746283586761
"YBR019C",128.246869223597,0.0770298812716816,0.0440103347892567,1.75026801410484,0.0800720774952551,0.102757922377415
"YLR460C",95.9135777329291,-0.0744577514198288,0.0425632775859215,-1.74934252348219,0.0802318296340186,0.102943747117074
"YER101C",193.967005228175,0.0496893816480428,0.0284128187400067,1.74883675226765,0.0803192419170148,0.103036702179737
"YNL202W",45.5708624027619,0.115657868306933,0.0661611953774439,1.74812240992798,0.0804428332700227,0.10317602590613
"YKR044W",590.732713936985,0.0602726449173311,0.0344923592905982,1.74742018687484,0.0805644783381479,0.103312801892
"YMR126C",240.404867268223,0.0599244275388505,0.0343402024842756,1.74502254511428,0.0809809446365738,0.10382752398935
"YAL016W",1691.70616727104,-0.0232395319722077,0.0133267540598,-1.74382538072864,0.0811895433376421,0.104075592232297
"YOL046C",1.17468991682531,-0.548907422946275,0.315101622324964,-1.7420012594546,0.0815082238797389,0.104464654023083
"YKL222C",204.858760746114,0.0906629265680967,0.052058023709487,1.74157449914055,0.0815829267626641,0.104540936303916
"YDR034C-A",8.894756406625,0.205870608353734,0.118291725647561,1.74036355651033,0.0817952004801403,0.104793441627422
"tK(CUU)F",0.28604575443158,-0.93312290804654,0.536451189712281,-1.7394367389641,0.0819579706463128,0.104982442399975
"snR86",872.269205215997,0.0908572175012746,0.052257298267783,1.7386512604554,0.0820961240626464,0.105139846386034
"YHR190W",4635.71481256631,0.0586448977499545,0.0337365046301445,1.73832169019531,0.0821541465476398,0.105194587870653
"YDR340W",5.25977306254658,-0.285294295111831,0.164178722231805,-1.73770566144998,0.0822626906471575,0.105313987561487
"tL(CAA)G2",0.641752565190688,-0.768448536562378,0.442414367794792,-1.73694299394637,0.0823972335256826,0.105466620714691
"YBR153W",348.718315190325,0.0599917826214063,0.0346044380212722,1.7336441812616,0.0829812361823643,0.106194388683193
"YPR122W",582.641284253686,-0.0696203749883763,0.0401625542078896,-1.73346482467243,0.0830130843224785,0.106215403374887
"YKL028W",1392.72675354816,0.0514273224090958,0.0296784083595438,1.73281942165063,0.0831277697347278,0.106342381015162
"YDR099W",3128.88968624494,0.0453313923282901,0.0261674479899475,1.73235817056767,0.0832098107443941,0.106427558420055
"YIL068C",403.687296263228,-0.0686570417730293,0.0397116438162714,-1.72888944337524,0.0838288837885703,0.107199454844782
"YDR241W",40.0573800117035,-0.127139642420487,0.0736620674389443,-1.72598525728142,0.0843500650546262,0.107845904902712
"YIL115C",1055.09184253857,0.048388275871484,0.0280453486191602,1.72535833048714,0.0844629158879875,0.107970140343259
"YNL322C",2424.25967345263,0.122122296702415,0.0708746177478751,1.72307520778235,0.0848749255228372,0.10845654458514
"tF(GAA)H2",0.729395618207999,0.699346305914139,0.405866421290623,1.72309476524388,0.0848713893161717,0.10845654458514
"YOR304C-A",126.259338034591,0.0705511066017776,0.0409942155203528,1.72100150487696,0.0852505508140434,0.108916318863368
"YCR020C",44.7588283788508,0.110691699776169,0.0643634230814317,1.71979199484346,0.0854702582673927,0.109176758473284
"YOL079W",0.292721142901792,-0.99576213088357,0.579417405929168,-1.71855750395821,0.0856949752572116,0.109443499285087
"YHR202W",221.216523607163,0.0526761213305271,0.0306634075294072,1.71788217861987,0.0858181080673931,0.109580429162463
"YMR095C",41.1078921220002,-0.114785183262227,0.066847445406491,-1.71712146311998,0.0859569813497538,0.109737403410542
"YLR428C",0.707811292573337,0.698664664223056,0.407258216016502,1.71553239872451,0.0862476606146028,0.110088087380708
"YOR239W",1949.02482523212,-0.0414132231698021,0.024148105819823,-1.71496776926521,0.0863511363287849,0.110199735611434
"YJR157W",2.19227290673567,0.42860928215537,0.25062191718625,1.71018276042015,0.0872320825884973,0.11130335222791
"YGR156W",386.160059841873,0.0551564226809735,0.0322598010704719,1.70975706144262,0.0873108061571107,0.111383157382195
"YBR124W",1.30390314209796,0.519850648989949,0.304343455975785,1.70810523039901,0.08761681858341,0.11175283363223
"YER066W",278.265773035539,0.0657478475801192,0.0385964316887055,1.70346958782097,0.0884802246583512,0.112833181473004
"YDR195W",294.213009192946,0.0912745455511813,0.0536160176855862,1.70237457929888,0.0886851722622807,0.113073594634408
"YBL008W-A",2.49384422294758,-0.358521377432798,0.210687400396691,-1.70167450335312,0.0888164025550102,0.11321994660086
"YMR262W",715.206890925717,-0.0835459363236801,0.0491221984302132,-1.70077763197777,0.0889847510324759,0.113413552546945
"YLR021W",336.495147568785,0.0660545231801089,0.0389523729490354,1.69577661588251,0.0899281925759524,0.114594781766691
"YDR160W",558.642613136874,-0.0300511461881614,0.017723709599699,-1.6955336589735,0.089974230688076,0.114632231363324
"YOR073W-A",0.539498744104154,0.763224246549867,0.450271133306771,1.69503259279533,0.0900692380528968,0.114732045142312
"YDR455C",1.19433092999493,-0.521239296066533,0.308161121260652,-1.69145054357994,0.0907507859043617,0.115578831104612
"YDR240C",156.274581527538,-0.0728613151006548,0.0431513029784362,-1.68850787975198,0.0913137776480157,0.116252840071484
"YHR218W",148.227079810185,-0.0843719351794599,0.0499668399427913,-1.68855855755657,0.0913040582423827,0.116252840071484
"YDR102C",8.74936127345618,0.209769546702469,0.124284334488337,1.6878196883466,0.091445847003867,0.116399455836869
"YAL040C",811.634873869591,-0.0964170573180233,0.0571715836321024,-1.68645070142651,0.0917090228642878,0.116712869208987
"YBR292C",11.6096407882677,0.195838720347198,0.116154771697135,1.68601528362376,0.0917928556229219,0.116797969130256
"YOL044W",211.829409917476,0.059223600555754,0.0351702268562789,1.68391295278725,0.0921984927063118,0.117292428359748
"YER051W",255.440837460817,0.0518206798552614,0.0308211304792731,1.68133611744418,0.0926976462767103,0.117905652062655
"YDL232W",288.285373088774,0.139225407793632,0.0828493157480307,1.6804653911332,0.0928668025083926,0.118098990629901
"YDR115W",325.817223413935,-0.0870915111204934,0.0518349923499322,-1.68016830276637,0.0929245746064724,0.118150636411
"YDR310C",951.553781021037,-0.0422224753261547,0.0251902343251617,-1.67614460354504,0.0937098718456224,0.119127117366527
"YDL162C",1.6943912190491,-0.465600307981487,0.278056013868864,-1.6744838620936,0.0940355434108022,0.119519054159751
"tE(UUC)B",0.419498657394315,-0.804420585395555,0.481234705537666,-1.67157641819869,0.0946078781013596,0.120224296922824
"YGR038W",378.854807628878,-0.0505475344724069,0.0302985005727142,-1.66831801960287,0.0952526126677306,0.121021265587253
"YIL149C",1221.53308985783,-0.0915993848014214,0.0549171238518712,-1.66795670233011,0.0953243222206839,0.121090029241588
"YIL008W",462.117181267863,0.0578186754688804,0.0346820267347383,1.66710774751142,0.0954929818755914,0.121281900057821
"YBR173C",1516.55423867279,0.0988779988050513,0.0593329761960724,1.66649315682898,0.0956152300617245,0.121414765580039
"YDL226C",1201.77300362575,-0.0344982802076495,0.0207190429937816,-1.66505181817536,0.0959024181589838,0.121756988571751
"YIL036W",1220.06891101142,-0.0362820310986776,0.0217933097571998,-1.66482427418769,0.0959478195559371,0.12179217139429
"YDR167W",686.744917897393,0.0567349613561954,0.0340815297991233,1.66468353065697,0.09597591044171,0.121792359589536
"YLR251W",250.306974642934,-0.0777183879179484,0.0466876290573243,-1.66464627755082,0.0959833468602502,0.121792359589536
"YDR106W",35.7021572510887,-0.110245653803089,0.0663387940923577,-1.66185797181666,0.0965412552824843,0.12247771192554
"YIL129C",1187.18438794443,0.0377634602137295,0.0227420436860959,1.66051304513224,0.0968112857820616,0.122797660760776
"YNL051W",298.943109112102,-0.0699258266423992,0.0421789970439107,-1.65783521522815,0.0973507312939429,0.123459160979701
"YDR151C",685.936423592185,-0.0535094747438654,0.032297566838169,-1.65676488919371,0.0975670181546292,0.123710666665676
"YMR233W",221.96268399303,-0.0821359587281248,0.0495920579483103,-1.65623210905534,0.0976748231363326,0.123824554832195
"YNL265C",244.059813106515,0.0633518112462577,0.0382898822922013,1.65453136582666,0.0980195957595516,0.124238754934557
"YDR509W",1.00681240776563,-0.586971886866574,0.355402017922986,-1.651571621053,0.0986219092019561,0.124979172622026
"YKR007W",752.481002774599,0.0736410333099217,0.0445953033388716,1.6513181388259,0.0986736303766796,0.125021705031917
"YIR008C",355.037745779135,0.0477169881523905,0.0289048319834545,1.65083084308203,0.0987731203026787,0.125124734734856
"YOR309C",107.623133628669,-0.273623476163842,0.166059597604198,-1.64774261838223,0.0994054985102095,0.125902659536937
"YML057C-A",9.17606838313787,-0.199689601007581,0.121265154402947,-1.64671872963639,0.0996158726215983,0.126145904542892
"YHL006W-A",33.3776165606084,0.14138497328509,0.0859527077280303,1.64491587318526,0.099987161046919,0.126592792167716
"YHR021W-A",11.818747743698,-0.170340901862493,0.103600422792764,-1.64421048940344,0.100132730990082,0.126753787987997
"YDL216C",301.964873567381,0.0603237377826593,0.0367073191754688,1.64337083550828,0.100306230470334,0.126950072939017
"snR30",460.003016032269,-0.129444765356919,0.078804548467865,-1.64260525405719,0.100464632999011,0.127127182172063
"YMR171C",962.12964911214,-0.0464544302543314,0.0282849396425025,-1.64237332097843,0.100512660414206,0.12716458415138
"YAL041W",691.174749827848,-0.0389256584047564,0.023733232307757,-1.64013303792732,0.100977508428408,0.127729220196507
"YOR115C",438.774866111942,-0.0411903851552149,0.0251290563312919,-1.63915367979508,0.101181257853948,0.127963438707648
"YGL113W",239.643657709741,0.0680587595805787,0.0415346048839111,1.63860375633288,0.101295809531241,0.128061264895812
"YLR110C",85174.1502200049,-0.0934851301847087,0.0570496287939036,-1.63866325094649,0.101283411538933,0.128061264895812
"YPR156C",1779.87340442503,-0.0810346206826946,0.0494645788252683,-1.63823533136603,0.101372611972676,0.128134832647673
"YPR193C",26.2059526073938,0.131644769260698,0.0803975615225618,1.63742241390934,0.101542238065508,0.128325680815166
"YFR034C",513.636575822919,0.114414889038847,0.0699659046241354,1.63529492905862,0.101987236094358,0.128840756056817
"YPR087W",26.8071865054145,0.183388031581656,0.112137584770565,1.6353841752243,0.101968537667768,0.128840756056817
"snR47",12.7277769066238,-0.200573557032615,0.122666239074727,-1.63511621898205,0.102024686772723,0.12886442275366
"YDR372C",1594.62455091271,-0.0525106019106879,0.0321756140420131,-1.63199999360145,0.102679487537617,0.129667694735233
"YOL159C",247.995738982434,0.0720812101924538,0.0442134189644101,1.63030165684486,0.103037757580672,0.130096270116069
"YBL102W",810.301718682551,0.0522844368115381,0.0321556810952762,1.62597821071248,0.103954290687903,0.131229426363442
"YJR065C",2587.29547813622,0.0418394103001611,0.0257452669507486,1.62513017946953,0.104134823573742,0.131433228286932
"snR51",26.1503209402579,0.21709185970764,0.133601084607118,1.62492587800499,0.104178353439579,0.131464069543897
"YML086C",1460.36810034218,0.0382054422070218,0.0235249512730331,1.62403916435811,0.104367450242206,0.131678558716802
"YDR413C",1.49013830331412,-0.475965230737,0.293150226815374,-1.62362224961457,0.104456453887359,0.13176670667176
"YGL138C",2.59423117819348,0.355273064903982,0.218930324603969,1.62276772551563,0.104639067482371,0.131948714215408
"YGR006W",148.18302996498,-0.050215265247861,0.0309432067760443,-1.62282033699031,0.104627816981391,0.131948714215408
"YIL138C",673.449011169796,0.0761996645500261,0.046976807598538,1.62206987757077,0.104788387016139,0.132112808021629
"YGR045C",26.0787436216251,0.128237711323741,0.0791195938508572,1.62080851382368,0.105058712026262,0.13242937244614
"YDR030C",107.820986492802,-0.0734718167550398,0.045346573440183,-1.62022863429708,0.105183172578339,0.132561988504826
"YGR104C",270.974478532072,-0.0554499779939905,0.0342278182438396,-1.62002665781862,0.105226550608816,0.13259238670236
"YPR162C",237.608778565274,-0.0781926148387841,0.0483321966672711,-1.61781628459965,0.105702195842978,0.133167359264209
"YJL164C",810.03029934943,0.0711118717306735,0.0439726211185921,1.61718519209688,0.105838311753201,0.133314448668274
"YDR053W",1.38479835618378,-0.466429025202937,0.288448849940285,-1.61702508191486,0.105872866894714,0.133333581227384
"YIL114C",581.648718331163,-0.0505892389122608,0.0313313483629797,-1.61465246647462,0.106385976634521,0.133955275992808
"YJL116C",234.196810254552,0.0714213724637054,0.044245984700591,1.61418878903946,0.106486482974283,0.134057311259451
"YDR154C",577.54290901534,-0.12024329765138,0.0745485061559792,-1.61295381828031,0.10675454144881,0.134370204364727
"YJR088C",369.27019267852,-0.0527134518415983,0.0327134706016448,-1.6113683712589,0.107099456719984,0.134779703804989
"tS(AGA)B",0.504667242338856,-0.778212111249336,0.483108834399098,-1.61084222816437,0.107214114485681,0.134899338127543
"YDR419W",253.710613760369,-0.0429728231180127,0.0267008706519413,-1.60941654967675,0.107525288898761,0.135241434795025
"YNL157W",1354.17474779218,0.0489683679826101,0.0304250128160252,1.60947731653273,0.107512011099119,0.135241434795025
"YDL034W",5.54290442295816,0.23768867607485,0.14776676499091,1.60853948511,0.107717075668384,0.135457911593941
"YDR082W",177.503989495429,0.0516700369996899,0.0321305240816945,1.60812929376174,0.107806864684986,0.135546067084757
"YAR019W-A",4.95976037553582,0.280839113673636,0.174873749814523,1.6059535177321,0.10828412333863,0.136121268794316
"YBR233W-A",159.321655965637,0.0531223261300608,0.0331439214642179,1.60277733542821,0.108983822392216,0.136975833729537
"YLL019C",717.500589813264,0.0587322517238438,0.0366551081547264,1.6022937778802,0.109090660949974,0.137085088636717
"YBR083W",620.045062670932,-0.0557163221020419,0.0348462402568377,-1.59891918586852,0.109838560400232,0.137999724152481
"YPR059C",4.425435509455,0.274712518707384,0.171908909386542,1.59801210820135,0.110040282411061,0.138227940959707
"YKR038C",867.634120814445,0.0400125106226517,0.0250477521040649,1.59744916256011,0.110165621170572,0.138360142604777
"YGL254W",231.453632089496,-0.071991332671711,0.0450911818686297,-1.59657231610059,0.11036107397655,0.138580338195978
"YJL140W",1241.98707981681,0.0369926564387797,0.0231837795747584,1.59562664575434,0.110572174823229,0.138820099135291
"YLR062C",38.2280328336221,-0.308768769313721,0.193902263669688,-1.59239383527625,0.111296240534613,0.139703667471433
"YGR141W",697.328587238659,0.0642047014543525,0.0403544366077939,1.5910196462005,0.111605154456084,0.140065892896489
"YER175C",254.530051821924,-0.0991677635689599,0.0623763129070418,-1.58983048127176,0.111873021136341,0.140376480868181
"YBL036C",570.188771896168,0.0529434759211317,0.0333771548356361,1.58621896269615,0.112689647641681,0.141375405250177
"YGR089W",631.196157903889,0.0840909925348309,0.053038615410443,1.58546734080607,0.112860191555701,0.141563566926763
"YGR058W",191.36444942992,0.0565794518762605,0.0357017410265111,1.58478130896323,0.113016030514574,0.141733218596146
"YDR431W",1.57966151643297,-0.441707546138928,0.278737848793383,-1.58467014096226,0.113041299389942,0.141739090566336
"YDR198C",203.023316720359,-0.0542249728352039,0.0342402107397649,-1.58366352495108,0.113270309450278,0.142000378835609
"YEL022W",1101.87471369216,-0.0714823584680729,0.0451848060561881,-1.58199989569908,0.113649594298274,0.142449928407721
"YDL248W",367.689571914679,-0.0748141958147463,0.0473760225837081,-1.57915738246194,0.114299962467721,0.143239031960367
"YER076W-A",22.9875336920745,-0.128801957652239,0.0817902722201946,-1.57478333493598,0.115306464378239,0.144474068652262
"YGL188C-A",14.5601549388056,0.167360518964343,0.106326455350735,1.57402518886083,0.115481626222551,0.144667211889059
"YKL135C",757.818784080555,-0.0297678861072167,0.0190094748720467,-1.56594994378252,0.117360336215138,0.146993981233622
"YNL324W",0.518373091492192,0.719415222314533,0.459507562070076,1.56562216097941,0.11743709876401,0.147063373042963
"YBR106W",6648.26469475599,-0.0646112507904895,0.0412740214612995,-1.56542174721385,0.117484052520489,0.14709541764022
"YDR526C",2.80241255276744,0.334054390681221,0.213589273868955,1.56400358796189,0.117816725815026,0.147485119497537
"YPL252C",318.636993999648,-0.104918797886266,0.0671236694217897,-1.56306707887169,0.118036818017153,0.147733774231612
"YBL012C",9.37241509396563,-0.217670029472259,0.139473635626318,-1.56065358513667,0.118605508209063,0.14841856125398
"YDR279W",278.954954365204,0.0657497286745199,0.0421446979838245,1.56009490683159,0.118737454980807,0.14855667409465
"YBL111C",181.046775848286,-0.0856984491224713,0.0549527537233731,-1.55949326131806,0.118879678272678,0.148707591734627
"YLR315W",99.8935970348851,0.0967138653221069,0.0621125455644432,1.55707457234648,0.119452781319445,0.149397347753747
"YPR196W",123.212121587762,-0.0647117060916722,0.0415839497648234,-1.556170264192,0.119667610284565,0.14963884794937
"YIL002C",626.755108714562,-0.0480919575515609,0.0309139708361859,-1.55567066445141,0.11978642576148,0.149760221784599
"snR190",20.1418505362727,-0.449086038559159,0.288852961793027,-1.55472194493524,0.120012305815773,0.150015382269717
"YDL074C",944.512480825323,0.0820195108062284,0.0527592061011885,1.5546009287729,0.120041142451897,0.150024190557508
"YPL215W",593.393161733181,0.0419268608392313,0.0269734155019782,1.55437715465275,0.120094479315173,0.150063609815783
"YDL047W",1013.20677687807,-0.0413969479731678,0.0266883657734483,-1.5511233743039,0.120872120613321,0.151007902453767
"YMR031C",2987.40404200788,0.0587869714024971,0.0379150516219515,1.55049166195679,0.121023553242647,0.15116965966539
"tG(GCC)P2",0.63503841516183,0.647463506807001,0.41827949221135,1.5479207536186,0.121641377256841,0.151913818685534
"YKL049C",289.512884810715,0.0516041323322367,0.0333531900309811,1.5472023001189,0.121814471520454,0.152102400511122
"YOR305W",293.286133033531,-0.0435880101337821,0.028174728223214,-1.54706053554294,0.121848649057013,0.152117488441982
"YKR040C",0.264471731673363,0.956304365937164,0.618390902092326,1.54643990185093,0.121998363773053,0.152276782918323
"YNL001W",383.069879082393,-0.0901922503009724,0.0583439704983296,-1.54587097056678,0.122135732673431,0.152420612553304
"YCR102C",119.473050461033,0.0805135360668295,0.0521630367604132,1.54349786874241,0.122710024203505,0.153109553577588
"YPR055W",459.507614783046,-0.0748654475102659,0.0485323791739072,-1.54258762468658,0.122930862555005,0.153357309058019
"YDL175C",348.960322671863,0.0482852163864916,0.0313288767015672,1.54123675886778,0.123259174156389,0.153739024287453
"YMR293C",195.958442632359,0.0491063518580955,0.0318717484358465,1.54074860238496,0.123377982953756,0.153859339365443
"YLR321C",325.878341198824,-0.0470786755028467,0.0305734447933438,-1.53985512005819,0.12359567258442,0.15410289854106
"YML062C",611.542359928678,0.03638590315687,0.0236458247086016,1.53878765512602,0.123856144602535,0.154399702261172
"YDR544C",2.08049899628259,0.373287575574444,0.242715300577026,1.5379647458854,0.124057234877149,0.154622386337649
"YOR122C",4207.53006678298,0.0729265377984049,0.0474568530623176,1.53669139634358,0.124368899001172,0.15498278183223
"YPR083W",230.51568473988,0.0714183737526071,0.0465378164534857,1.53463095596652,0.124874504277147,0.155584683667781
"YBL062W",2.66252192520264,0.33508233878918,0.21846632786971,1.53379398123549,0.125080344163851,0.155784762946476
"YPR028W",3026.42072982624,-0.0483373348994821,0.031514547111259,-1.53381023464598,0.12507634439346,0.155784762946476
"Q0130",3.63918067119918,0.441797414574068,0.288062996795581,1.53368332444164,0.125107578130947,0.155790500168488
"YHL024W",285.66618058766,-0.0531490147249482,0.0346595901261738,-1.53345768174021,0.125163125835185,0.155831486686302
"YBR224W",4.21381971507106,-0.263656053090541,0.171948803767545,-1.53334043223106,0.125191997380966,0.155839251847397
"snR55",9.76919598234427,0.252187262459097,0.164536314731785,1.53271490777094,0.125346114401112,0.156002891838694
"YOL161C",15.454344553229,-0.147337193981977,0.0962476590860772,-1.53081327256187,0.125815548379486,0.156558837988932
"YGR199W",564.252559677128,-0.0332922964325419,0.0217986822444923,-1.52726188028883,0.126695904396622,0.157617166609954
"YPR040W",526.449135698869,0.0416419738590976,0.0272669162985638,1.52719777341639,0.126711839823689,0.157617166609954
"YOL096C",459.763687686789,0.0490337945378364,0.032152494894589,1.52503856072732,0.127249479997254,0.158257346419995
"YDR282C",165.574788276474,-0.059798074251396,0.0392152516509132,-1.52486779337048,0.127292076395298,0.158281731259099
"YGR290W",7.77247684690937,-0.221347047171989,0.145499276793271,-1.52129310915053,0.128186298729903,0.159364873014696
"YJR020W",3.458421943123,0.307095838940943,0.201887845174471,1.52112099009998,0.128229477960085,0.159389773561146
"YOR274W",359.798635948816,-0.0513005312042831,0.0337427960239018,-1.52034025775292,0.128425481016114,0.159604591479412
"YFL031C-A",124.062088173478,0.172563018737195,0.113537295710812,1.51987959248849,0.128541240339628,0.159719624569273
"YHR015W",15.3001739113658,0.140008773232082,0.0921904592930082,1.51869048387201,0.128840423048866,0.160062488757027
"tT(AGU)I1",1.61941558351796,0.412276992197339,0.271560001235719,1.51818010871003,0.128969000551266,0.160193319284768
"YIL020C-A",52.6293500872784,0.130011495781452,0.0856482280698345,1.51797064237506,0.129021799710184,0.160229994769952
"tQ(UUG)E1",0.395763729742327,0.744060932808715,0.490473202646367,1.51702667708267,0.129259948823379,0.160496798493952
"YDR401W",0.476249700384103,0.702699342715797,0.463435265115399,1.51628370909758,0.129447629153711,0.160700852276109
"tI(AAU)G",1.02741135803598,-0.50408845043408,0.332990204595859,-1.51382366050641,0.130070569973102,0.16144508279517
"YJL105W",122.467168126404,-0.0533285219814771,0.0353263991529734,-1.50959405034601,0.131147040438576,0.162751869758399
"YNL337W",0.542707503589304,0.674788336350571,0.447090829048181,1.5092869110895,0.131225478133859,0.162819862489029
"YDL095W",2317.19486829685,-0.0446997685443779,0.0296232360165518,-1.50894279475079,0.131313402294158,0.162899599062213
"YBR198C",1477.08017540177,0.037766720196525,0.025039216835551,1.508302773388,0.131477053745911,0.163073232758169
"YLR125W",52.4433328748853,0.0976356159222978,0.0647629714513406,1.50758394394636,0.131661044627867,0.163272026704407
"YJL119C",1.5591304191993,-0.426602046021464,0.283000886905005,-1.50742300028431,0.131702266940071,0.163293734536717
"YMR009W",568.910162820219,0.0878799741386564,0.0583048212416253,1.50725055436611,0.131746446411702,0.163319100386131
"YKL136W",13.2045510163975,0.155378797399674,0.103135521675452,1.50654977912092,0.131926098445151,0.163512365039579
"YHR099W",963.631810390137,-0.0517321486374036,0.034354011369171,-1.50585467535321,0.132104483998646,0.163703990700266
"YNR025C",31.9049623209517,0.118994301316979,0.0791673325989345,1.5030732678567,0.132820151378646,0.164561227684358
"YBR003W",780.193939489247,-0.0307036495698186,0.0204300195228694,-1.50286932107181,0.132872745607439,0.164596771052036
"YIL152W",340.578327452487,-0.0754643711982639,0.0502410380045065,-1.50204641853727,0.13308512125395,0.16483019604847
"YHR079C",555.148504657189,0.0628398953298453,0.0419066078363455,1.49952235636081,0.133738173377948,0.165609230882584
"YJR105W",5101.35915837718,0.0712426875050719,0.0475902363609321,1.49700217844593,0.134392691219612,0.166389800224245
"YPR176C",548.377812775189,-0.0370533578000387,0.0248176462868139,-1.49302465559459,0.135430733098139,0.167644839514686
"YGL072C",2.65949979857118,-0.307649385148385,0.206178608749913,-1.49214987439144,0.135659859566853,0.167898280265644
"YHR214C-E",3.26489915488161,-0.295595614080847,0.198215613243302,-1.49128320037037,0.135887157694375,0.168149367492051
"YHR071C-A",5.42672624559889,-0.217404605344589,0.1458729005211,-1.49037007263143,0.136126957022747,0.168415830925716
"YKR009C",436.575877797374,0.0565263115589204,0.0379723962522816,1.4886158667304,0.136588551017599,0.168956552956552
"YER177W",10618.5558256578,-0.0521190440405582,0.035014035224816,-1.48851863848069,0.136614170516033,0.168957888270682
"YBR085C-A",1315.65919171085,0.104550278363951,0.0703453034146169,1.48624390384286,0.137214618530703,0.169670015909463
"YMR073C",284.912872882136,0.0401344746851872,0.0270396396340939,1.48428289830395,0.137733885325224,0.170281522798377
"tW(CCA)J",0.335780358656615,-0.781782535301871,0.526985621651656,-1.48349879613725,0.137941936062973,0.170508120250192
"YJR087W",13.1277912827883,0.206014666935801,0.139034571746657,1.48175136836607,0.138406463383287,0.171051606604547
"YLR430W",1341.02441513355,0.0344400906509148,0.0232524829862902,1.48113604345914,0.138570324852602,0.171223382377991
"tN(GUU)C",0.461720033194435,-0.742670241438072,0.50214412899497,-1.47899815721138,0.139140807326677,0.171897444544082
"YMR263W",512.903088385453,-0.049197722285689,0.0332771135372834,-1.47842517141904,0.139294012111857,0.17205584380878
"YDL012C",666.921702478397,-0.0780244603188137,0.0527888678166035,-1.47804761772657,0.139395033274454,0.172149740644774
"YLR148W",351.283923084607,0.0758476314819734,0.0514808262988028,1.47331806684185,0.140665291322233,0.173687326175319
"YPL121C",5.0039348099988,0.244561867330039,0.166387102243799,1.469836688253,0.141605990013218,0.174817507843107
"tE(UUC)G1",1.65777266402859,-0.39436664769857,0.2683882542806,-1.46938862416184,0.141727411063568,0.174936038933787
"YLR398C",920.943424373659,0.0455020467472147,0.0310208981191309,1.46681912859103,0.142425264672848,0.175765898417737
"YHR185C",2.03047698289801,0.360961741099777,0.246426706936503,1.4647833653549,0.14298003171405,0.176393444803255
"YJL062W-A",744.471858249389,-0.118561896453362,0.0809425998701745,-1.46476511309898,0.142985013136815,0.176393444803255
"YMR161W",494.357090545224,0.0446340452570945,0.030497448714944,1.4635337425856,0.143321387599835,0.176776738377797
"YIL034C",1308.25404571583,-0.0622498477746313,0.0425946250161318,-1.46144842808349,0.143892418731553,0.177449275114946
"YKL195W",2547.78025117681,-0.0415018109239829,0.0284846036356124,-1.45699099256891,0.145118866630922,0.178929691395756
"YLL046C",6.41274492676583,0.353810328158488,0.243449654643391,1.45332031247592,0.146134840108965,0.18015011175474
"YDL141W",530.117067409336,-0.0322175360735278,0.0221843448100699,-1.4522644842278,0.146428078714156,0.180479291433398
"tR(ACG)L",0.216390752532562,-0.982735177126077,0.677385939223563,-1.45077587269159,0.146842280162184,0.180957418814505
"YDR271C",0.321420841095333,0.732623464525678,0.505611261136603,1.44898565526163,0.147341588611841,0.181540235789644
"YDL089W",344.565234693709,0.0630723119755685,0.0435353404619084,1.44876119737146,0.147404283484272,0.181552503003437
"YOR248W",37.4637329673473,0.134911680216451,0.0931196118256481,1.44879985613613,0.147393483986184,0.181552503003437
"YBR045C",81.6055507851639,0.0654763509297305,0.0452118008349207,1.44821373448053,0.147557284624198,0.181708442968629
"YJR128W",8.69636053906476,-0.181750366806527,0.125771014357955,-1.44508945669509,0.148432760064472,0.182753854263929
"YBR126W-A",657.657308865808,-0.145852197036373,0.101033191839289,-1.44360674330051,0.148849627008893,0.183234343278425
"tD(GUC)G1",0.903027257732429,-0.509794078118261,0.353447794840065,-1.44234618396457,0.149204737506023,0.183638651721303
"YNL253W",332.078706015443,0.0356476931193483,0.0247267790661968,1.44166342991599,0.149397345003603,0.183842845460197
"tS(UGA)P",0.77577821094813,0.580594611166933,0.403313788775505,1.43956052910977,0.149991773488633,0.184541343900864
"YHL022C",26.3932755187334,-0.0991709618472107,0.0689384132430971,-1.4385443061694,0.1502796756764,0.184862527609794
"YKL098W",738.853617001749,-0.0414714689764975,0.0288315417512862,-1.43840621962741,0.150318828937311,0.184877659384313
"YIL035C",859.32196393281,-0.059299677078279,0.0413411261718065,-1.43439917025579,0.151458384307976,0.186245932480874
"YDR174W",2535.27847461059,0.0268814729227179,0.0187475738756409,1.43386408828321,0.151611051731019,0.186400373422869
"YBR087W",452.688247601442,-0.0387138342660894,0.027045508348299,-1.43143304121049,0.152306144480491,0.187221532717048
"YOR058C",313.224807696663,0.0786421641396041,0.0549523024633262,1.43109861851717,0.152401953176758,0.187305863552656
"YPL045W",464.126713624112,-0.0424911871344817,0.0297023310595192,-1.43056742076356,0.152554230212257,0.187459552920112
"YDR197W",247.691829882999,-0.0503475722938961,0.0352149045599207,-1.42972337773133,0.152796427885966,0.187723662739986
"YBR260C",450.323361769364,-0.0327367851315304,0.022900117764777,-1.42954658433605,0.152847195688826,0.187752532081636
"YAR033W",281.822899385435,-0.044958990506708,0.0315106539801205,-1.42678696973639,0.153641308171376,0.188683478949284
"YMR096W",314.268435451473,-0.09564668327493,0.0670394410607018,-1.4267225645322,0.153659878935169,0.188683478949284
"YNL257C",538.240454983136,0.0516810991186245,0.0362444310639344,1.42590454868667,0.153895896257677,0.188939594460433
"YHL009C",320.680884886282,0.0376777282348325,0.0264394285645458,1.42505834204589,0.154140337164208,0.189205958526578
"YGR219W",9.39535567009914,0.186100316601705,0.130629328680992,1.42464420877625,0.154260073952835,0.189319181669388
"YLR173W",523.028734028423,-0.0690463850945807,0.0485474006520643,-1.42224679729881,0.154954617752213,0.190137683697021
"YPL094C",1630.11549645194,0.0255165057726481,0.0179641387348366,1.42041353327814,0.155487325173758,0.190757347437869
"YLR319C",454.101019538708,0.0678666280101187,0.0477928108716685,1.42001750414621,0.155602585164794,0.190864742358739
"YGR142W",282.989169556568,-0.15749446365813,0.111102036892694,-1.41756594265003,0.156317529273312,0.191707550596144
"YMR158W-B",0.504559482941883,-0.675644639450863,0.476725336998194,-1.41726186341428,0.156406380723511,0.191782356416986
"YHL008C",606.41106162592,-0.0468125456554262,0.033104486473624,-1.41408463450186,0.157337054095911,0.19288917689643
"YOR139C",1.4243834665926,-0.417162436899064,0.29503773479254,-1.41392909348493,0.157382722670423,0.192910814596023
"YHR032C-A",15.5582674928428,-0.160176530995601,0.113369175809892,-1.41287550034059,0.157692333868501,0.193255912902213
"YKR074W",630.590679718407,0.0427916106086322,0.0302908340893984,1.41269172325661,0.157746386239231,0.1932877503572
"YDL133C-A",7042.53348391233,0.0877645753470799,0.0623350132467804,1.40794989486287,0.159145907162085,0.194967895162092
"YNL152W",440.175002649686,0.0421872731606707,0.0299887835796465,1.40676840221367,0.159496075040791,0.195362120024168
"YDR320W-B",2.13778832888262,-0.326204273720806,0.231938279272138,-1.40642706647859,0.159597347713836,0.195416635071983
"tE(UUC)J",1.26689165393311,0.448103142903325,0.318594474014052,1.40650004771759,0.159575690444007,0.195416635071983
"YNL020C",702.525660741911,-0.0401876666476159,0.0285988310569006,-1.40522060386517,0.159955689154145,0.19582057607153
"YLR374C",6.36139026513452,0.218656634185893,0.155872248204462,1.40279386936843,0.160678315681862,0.196670258394599
"snR81",29.7361165918677,-0.148317395677788,0.10578532387926,-1.4020602314086,0.160897261330089,0.196903242847079
"YEL010W",0.796433828980934,0.590429225390245,0.421581654329549,1.4005097691673,0.161360720042652,0.197435322106568
"YLL005C",218.245945112288,0.0990966565492444,0.0707841529280548,1.39998364676295,0.161518215581078,0.197592912984314
"YBR279W",991.325099439822,0.0372580487272324,0.0266212628151669,1.39955977993671,0.161645185163162,0.197713110649914
"tV(UAC)B",0.378882562780045,-0.742272873916016,0.530594872386133,-1.39894467991737,0.161829572778816,0.197903482874271
"YDR322C-A",573.36011496645,0.0581982778405803,0.0416240275501594,1.39818948972317,0.162056172100486,0.198145399558133
"YDR390C",840.855771419721,-0.0315393297372683,0.0225712621548531,-1.39732237926655,0.162316649010644,0.198428644964184
"YOR346W",573.06775609758,-0.0740666086359531,0.0530681580390297,-1.39568832559592,0.162808371383509,0.198994432269742
"YHL027W",1650.8656554948,0.0555212333069823,0.0397942694497568,1.39520674897882,0.162953502426947,0.199136468620789
"YJR030C",328.121271500486,0.0378185576797313,0.0271083596110985,1.3950883868402,0.162989187738961,0.19914473071566
"YLR171W",2.00563561614058,-0.333128038456876,0.238891115945679,-1.39447646321275,0.163173772199328,0.199334886726823
"YDR334W",1146.99669539124,0.03580302542736,0.0256801362882754,1.39419141025768,0.16325981114559,0.199404612335886
"YHR193C-A",0.310255508480837,-0.784791272721905,0.563757185015521,-1.39207320736905,0.163900230576462,0.200151310308432
"YNL318C",2.09397791304298,0.33647076144692,0.242482423124762,1.38760887123682,0.165256178635781,0.20177137611409
"YDR180W",255.90830713117,-0.0876175955989084,0.0631610167187882,-1.38721002527569,0.16537772933399,0.201883983415695
"YOL015W",150.710762702325,0.0780973476408672,0.0563319697905863,1.38637700636412,0.165631813834574,0.202158312045922
"YJL188C",1328.0004333424,-0.0729072153995073,0.0526020307375449,-1.38601522369496,0.165742254950109,0.20225725369222
"YHR218W-A",90.1603813891996,0.0774742490809117,0.0559631033603236,1.38438085861834,0.166241866860873,0.202830985882883
"tN(GUU)L",0.527470640031244,-0.668120816279919,0.483779700799813,-1.38104351045598,0.167265582821743,0.204043858562669
"YPR121W",256.90589378431,0.0572117038231098,0.0414919309738952,1.37886337126861,0.167936883457588,0.2048264734465
"YCR003W",299.20016215955,0.0386500537069361,0.0280431109194172,1.37823702291798,0.168130119996,0.205025837083326
"YCR030C",1157.99322711438,-0.0371782131958696,0.0269912368715789,-1.37741791429415,0.168383077399953,0.205297943668971
"YJR158W",60.4977023081186,-0.089648528207315,0.0650969781142795,-1.37715345326683,0.168464809319552,0.205361227366345
"YKL139W",345.633263241163,-0.0499029814822952,0.0362515907659446,-1.37657356347449,0.1686441290062,0.205543428608193
"tF(GAA)P1",2.47961570603285,-0.313273855408471,0.22844780800944,-1.37131477924063,0.170276850487602,0.207496657629582
"YKL073W",812.450756738338,0.0618665123486453,0.0451278507786253,1.37091643588638,0.170401007125964,0.207611207584898
"YAR061W",4.09601938106789,-0.257947303120865,0.18883432259522,-1.3659979794764,0.171939597577105,0.209448713609052
"YJL118W",140.29077756894,-0.0916365021968947,0.067163055520095,-1.36438852412659,0.172445317772036,0.210027598241725
"YNL041C",613.329000684647,0.0477901660217038,0.0350359330320116,1.36403291951834,0.172557205133919,0.210126699212422
"YER068W",919.517913504462,0.0338261526617306,0.0248018904449784,1.36385380528843,0.172613582155619,0.210158180926867
"YPL199C",797.606297324794,0.0384131895913539,0.0281941619018567,1.36245190493938,0.173055312604456,0.210658738911188
"YER106W",5.54504824148483,0.2099030840009,0.154276041294886,1.36056825310734,0.173650169914334,0.211345486982534
"YPR199C",372.094237162074,0.0384526889844801,0.0282723766029549,1.3600798236559,0.173804665102829,0.211496132773591
"YDR140W",261.005227862114,0.041207105213863,0.0303295406420511,1.35864587268857,0.17425883160294,0.211998668500944
"YER023W",2436.54667669354,-0.0779945629649514,0.0574088194965325,-1.35858154982027,0.1742792249405,0.211998668500944
"tG(GCC)F2",0.23888134425362,-0.920815315303106,0.678904670968896,-1.35632490786809,0.174995813842207,0.212832746564847
"YGR221C",344.440331013052,-0.0574074836794817,0.0423807184635468,-1.35456608006445,0.175555846644309,0.213476157567303
"YBR005W",1094.04307620937,-0.107569797828368,0.0795232540530607,-1.35268355287114,0.17615674698798,0.214169027549399
"YGR184C",1429.74040290494,0.0373213231222016,0.0276060940564368,1.35192334873247,0.176399837379687,0.214426709102956
"YDR360W",9.39863325422975,0.15828391478894,0.117294524315992,1.34945698200304,0.17719022879236,0.215349466060971
"YLR400W",19.9903490069862,-0.111819901252522,0.0832124869744769,-1.3437875169723,0.17901710726502,0.217531377253735
"YAR029W",23.2821454473807,-0.128985472000276,0.0960031239398183,-1.3435549459946,0.179092346882382,0.217584402379601
"YLR127C",382.131107727819,0.0456041953162555,0.0339483647192256,1.3433399721439,0.179161914521732,0.217630518962972
"YGL125W",761.902229467423,0.0968574590715743,0.0721780897172603,1.34192328241145,0.179620871798155,0.218149532956483
"YHL028W",409.244880060148,0.0899599849305828,0.0670682364532985,1.34132026854805,0.179816491866734,0.218348597266748
"YNL028W",1.76452366159749,-0.334507323718659,0.249769685367042,-1.33926310243412,0.180485036077417,0.219121755138956
"YDR244W",629.754846889969,0.0311571578090477,0.0232938077697961,1.33757254790467,0.18103581829535,0.219751694104987
"YGR295C",1079.43806453048,0.0592565152057412,0.0444008588689894,1.33458038234318,0.182013722243015,0.220899784530787
"YGR243W",873.048686384121,0.0905245022990692,0.0678431428709958,1.33432058817207,0.182098813072542,0.22096410433635
"YKL183W",736.753295098905,-0.0687080549425424,0.0515260453019398,-1.33346261177075,0.182380037174077,0.221266353470224
"YNL173C",2035.81678624809,-0.0493818554051646,0.0370749562764714,-1.33194642326533,0.182877794648176,0.221831151542053
"YFR040W",1749.55089982027,-0.043325587174389,0.0326029507717253,-1.3288854581826,0.183885762134049,0.223014527442826
"YJL049W",296.901445404001,0.0682371663436822,0.0514048930072079,1.32744496392813,0.184361534189978,0.223552159721381
"YCR085W",10.0728407876489,-0.149784709065926,0.112935350968254,-1.32628718803938,0.184744588968728,0.223977195817871
"YJL220W",3.75241791242747,-0.239125501133399,0.180422326994071,-1.3253653531542,0.185050002637424,0.224307969746244
"YER032W",281.796972493333,0.0626552409265519,0.0472971844101697,1.32471396993095,0.185266037921379,0.224530306475743
"tP(UGG)L",0.31163400695332,-0.740525778180017,0.559294438477486,-1.32403565498681,0.185491203500628,0.224763628317815
"YNL286W",308.892318191798,0.0394892046152855,0.0298578874107066,1.32257195802558,0.185977764808367,0.225313551065565
"YNL046W",479.925594643021,-0.0531692104364925,0.0402628994426163,-1.32055095814127,0.186651134225988,0.226089560018636
"LSR1",196.640748716145,-0.214104313414264,0.162418454796462,-1.31822651362232,0.187427832434463,0.226990435586856
"tK(CUU)M",0.589459848884562,-0.590088351611285,0.448381538663965,-1.31604069464939,0.188160384326946,0.227837538883401
"YOL064C",1239.89070089892,0.0583252485653745,0.0443534136158966,1.31501149089617,0.188506040636486,0.228215946858133
"YOL103W",972.49060559149,-0.0418422434722275,0.0318666976222679,-1.31303983764508,0.189169524627513,0.228978934082354
"tE(UUC)C",0.523828853816856,-0.656011911832139,0.500421961558525,-1.31091751007298,0.189885634378821,0.229805342362134
"YKL159C",314.199353748336,-0.0798916949270298,0.0609733084309844,-1.3102732487849,0.190103413840298,0.230028471755791
"YNL290W",1101.58448935518,0.0622842633084539,0.0475633658985514,1.3095007498271,0.190364783924291,0.23030425888574
"YMR282C",308.278656905201,0.036572235321961,0.0279832920642112,1.306931122973,0.191236104835843,0.231317741004002
"YHR214C-D",1.30580073768642,-0.392645296474327,0.300491782198812,-1.30667565549112,0.191322890047044,0.231382065338819
"YKR063C",301.790069602563,0.0646334344475628,0.0494927915657413,1.30591612238542,0.191581083236098,0.231653628043649
"YER054C",450.683156277054,0.109044675743815,0.0835116196107929,1.30574255716773,0.191640120388011,0.231684324648192
"YPL248C",380.583571584622,0.0372258394235955,0.0285486871857131,1.30394225070443,0.192253273132021,0.23238479380512
"YJL196C",2520.71938286096,-0.0439980290040735,0.0337717275971345,-1.30280658214852,0.192640803045838,0.232812344913217
"tL(CAA)D",0.314798511456122,-0.779055987020683,0.598727885336251,-1.30118540676147,0.193194999176966,0.233441131859146
"YDR103W",526.577717375203,-0.032318251612913,0.0248581198934593,-1.30010844550704,0.193563803483439,0.233845725036581
"YNL027W",776.446909466407,-0.0468242041220846,0.0360674715875105,-1.29823916291096,0.194205164469065,0.234579396029739
"tK(CUU)E1",0.423678432914096,0.629084078760249,0.484721536697003,1.29782572288197,0.19434722837698,0.234709817115507
"YDL239C",169.519617239222,-0.102540548355939,0.0790247448581194,-1.29757519040447,0.194433352020097,0.234772646204555
"YLR086W",606.631160691516,0.0518148350461913,0.0399545349866107,1.29684490292667,0.194684557179088,0.23503474946134
"YDL228C",27.7354225898438,-0.30100491831277,0.232264255697376,-1.29595885259658,0.194989661425661,0.235361819585497
"YMR030W-A",9.40127474276827,-0.213369930622143,0.16466262108038,-1.29580064511414,0.195044175768469,0.235386354104454
"YOR036W",898.1310067075,-0.0532559945314822,0.0411133974678323,-1.29534404382782,0.195201571836456,0.235535019644935
"YDR250C",11.6084735515219,-0.141882523662813,0.109823353921657,-1.29191577744043,0.196386313222695,0.236923036015114
"YDR095C",3.13582445921009,0.248941707771563,0.19272750686812,1.29167710316467,0.196468990052142,0.23698125376822
"YJL184W",551.542249731732,0.0664963847466737,0.0518339116549645,1.28287413825356,0.199536174716957,0.240638739345989
"YOR275C",637.687229439267,0.0396400991060718,0.0310083416016182,1.27836888587434,0.201119389371498,0.242505603471587
"YOL159C-A",65.5439427243734,-0.0658186631994771,0.0515475305001582,-1.27685385819356,0.201653846911066,0.243107465589684
"YBR169C",773.803180681906,-0.0855602314759781,0.0671072016325698,-1.27497838375743,0.202316893133269,0.24382824423315
"YDR223W",177.539221544557,-0.0490187447386247,0.0384472080861869,-1.2749624011382,0.202322550370949,0.24382824423315
"YOR270C",5029.92075816127,-0.0348491375446749,0.0273489556205144,-1.27424015849931,0.202578317044402,0.244093754436595
"YDR027C",770.254395672236,0.0303155021905642,0.0237934791198664,1.2741096851722,0.202624546473928,0.244106737090638
"YNL287W",2313.29411874401,-0.0317633228928148,0.0249617681536259,-1.2724788844015,0.203203021856537,0.24476081271558
"YGL151W",806.224557766155,-0.046971071715223,0.0370077821952822,-1.26922146988886,0.204362085667015,0.246113863882701
"YBR119W",301.630684817601,-0.0348645582578472,0.0274887459407631,-1.26832116434044,0.204683281993235,0.246457571969818
"YPR024W",1369.95589181641,-0.0402605464113294,0.0317518827664426,-1.26797351538093,0.204807408721548,0.24652447744622
"tF(GAA)N",0.471677292263528,-0.595915251032077,0.469977691259528,-1.26796497390129,0.204810459112909,0.24652447744622
"YNL307C",1243.18813595044,0.0480036435777399,0.0378739456603517,1.26745821542413,0.20499149527899,0.246699256248181
"YLR365W",3.76949222011375,-0.244585277307207,0.193263283506615,-1.26555480621768,0.205672514985975,0.247455417934962
"YLR429W",2146.26660696099,0.0328483219225258,0.0259567676482151,1.26550125068383,0.205691700340129,0.247455417934962
"YDR513W",1202.5921700178,-0.0532577155639307,0.0421094935737186,-1.26474367284174,0.205963228956283,0.247738789546473
"YJL215C",14.2891000522532,-0.134206454610777,0.106243393345022,-1.26319811882275,0.206517988745303,0.248362681661382
"snR41",49.1246448384097,0.0916480150430879,0.0725845990375928,1.26263720208225,0.20671959178793,0.248561716636377
"YCL033C",766.522104162312,0.116466659370542,0.0922484559085798,1.26253234510465,0.20675729501901,0.248563641733174
"YJL089W",15.0099419625793,-0.17392134191291,0.137778866747627,-1.26232234317535,0.20683282003709,0.248611027576007
"YJL064W",0.706872680498018,0.562564894687116,0.445701659132968,1.26220058453784,0.206876618439861,0.248620268451464
"YGL105W",4946.41348295388,-0.0257040385414171,0.0203789159355052,-1.2613054895935,0.207198804143781,0.248964008120407
"YBL008W",304.272413008557,-0.0365642768128224,0.0290841925575493,-1.25718727588783,0.208685829676238,0.250663282854309
"YFR036W-A",8.81726671882107,0.266896389103655,0.212289953962735,1.25722571474346,0.208671914314723,0.250663282854309
"RUF21",39.4524460719862,0.309582685768009,0.246388314548902,1.25648282604151,0.208940968709489,0.250925967131491
"YJL201W",389.29149702556,0.0349860098745762,0.0278699520981864,1.25533082193036,0.209358690698824,0.251383778420196
"YDR514C",336.765169560355,-0.0676696699981747,0.054062967264477,-1.25168249954046,0.210685579470778,0.252932905781396
"YGL248W",776.309555934565,-0.0634007774745785,0.0507549168712149,-1.24915538006793,0.211608248343922,0.25399630227474
"YCR049C",1.55067366172342,-0.33740009516768,0.27101842134456,-1.24493417640687,0.213155946915728,0.255809429059575
"tV(AAC)G2",1.63567829846168,-0.34709246527662,0.279911166942376,-1.24000935392504,0.214971934390313,0.257943842502144
"tP(UGG)N2",1.58144727085573,0.336620758422102,0.271504148716455,1.23983651820235,0.215035868036543,0.257975597043318
"YOR076C",311.672127661653,0.0370543149012688,0.0299413108414829,1.23756488476554,0.215877441639108,0.258940102035759
"YLR437C",734.407257480053,0.0758846940137224,0.0614817223806296,1.23426428335766,0.217104440397618,0.260321699091942
"YPL274W",847.587785774987,0.0708819708931582,0.0574285765226688,1.23426306527342,0.217104894144652,0.260321699091942
"YKL184W",1042.56392450829,-0.0349768026030287,0.0283408185824827,-1.23414934191942,0.217147260093694,0.260327161021258
"YJR033C",556.210233818673,-0.0345044244077446,0.0279725850950595,-1.23350860460297,0.21738606842255,0.260568085147851
"YKL118W",1.43378514725145,0.3793947370804,0.307614389401279,1.23334522100487,0.217446993110147,0.260595743701194
"YHR168W",246.669487758277,0.0353428549766671,0.0287424645365674,1.22963898700136,0.218832323707453,0.262210328702718
"YJL025W",101.218365492305,-0.0663243317165841,0.05411865490674,-1.22553547997225,0.220373530554115,0.264011094112595
"YGL232W",484.814391833274,-0.0452153583610201,0.036966383913831,-1.22314799484898,0.221273803744498,0.26503525055653
"YLR455W",273.242346942748,0.0854531644467848,0.0698680860437461,1.22306433860634,0.221305396579447,0.26503525055653
"tH(GUG)H",0.671890381040123,-0.497625657862729,0.40741480640054,-1.22142261411457,0.221926049258695,0.265732321590629
"YPL063W",1672.83190956905,-0.0276856414328787,0.0226793416601682,-1.22074272912,0.222183444001204,0.265994263945103
"tR(UCU)E",0.587167955074528,-0.52588635954434,0.431386108097347,-1.21906187907578,0.222820707236342,0.26671080829663
"YEL042W",1449.19164030135,-0.0366668013745464,0.0301028076197868,-1.21805254306063,0.223204006408465,0.267123167759826
"YOR103C",74.6122885938627,0.0714402185715684,0.0587471464384936,1.21606278606849,0.223961005340811,0.267935972505905
"YPL052W",259.165500047148,0.0564883430098431,0.0464502380087114,1.2161044901266,0.223945120307247,0.267935972505905
"YNL277W-A",1.17651945237658,0.405668880304598,0.333634903763723,1.21590659648694,0.224020504953249,0.267960593572467
"YOL099C",4.40709640642102,0.296355813023264,0.243992610159797,1.21460979014558,0.224514953108588,0.268505376437837
"YBR102C",400.763471513052,0.0452149604094462,0.0373603213645769,1.21024013600474,0.226186761212546,0.270457771960469
"YCR083W",358.671244955171,0.0615876693216263,0.0509832070328306,1.20799912178861,0.227047600150474,0.271392834554864
"tA(UGC)E",0.793288173845745,0.473390564243149,0.391871990898866,1.20802347510803,0.227038232791846,0.271392834554864
"YML028W",22204.5609971085,-0.0732531670943725,0.0606486831860564,-1.20782782487871,0.227113496268614,0.271424478703247
"YGL218W",0.237060969391234,-0.863405256983422,0.715109560510847,-1.20737479214603,0.227287838910927,0.271585694359898
"YKL111C",1.50758010909595,0.408240500796523,0.338285367508743,1.20679325802045,0.227511773139804,0.271806100653748
"YLR128W",209.293075935858,-0.0573973024093858,0.0476001421183873,-1.20582208067009,0.227886099735705,0.272206071596171
"YBL088C",577.964127383042,-0.0350084544078399,0.0291166416989951,-1.20235206964298,0.229227150960539,0.273760439612023
"YJR103W",1769.12313896676,0.0681968209328668,0.0568308409466799,1.19999668836241,0.23014062659365,0.274803713856621
"YMR003W",97.1656805844597,0.082572649869414,0.0691739851453675,1.19369513981144,0.232597242356794,0.277688922078468
"YEL028W",95.0644831199778,-0.0702065101123037,0.0588447091456609,-1.19308109652677,0.232837614056874,0.27792769985811
"YJR021C",600.173127069999,0.0552394807778196,0.0463865077381188,1.19085232907986,0.233711561648019,0.27884538826844
"YPL108W",116.710174996398,0.0488315891308959,0.0410017238256613,1.19096429551418,0.233667601808615,0.27884538826844
"tF(GAA)F",1.11398511121719,0.404569055558171,0.339742552935265,1.19081066549605,0.23372792094367,0.27884538826844
"YNL057W",2.10865725132513,0.278878180555308,0.235285817299965,1.18527407965168,0.235909098447955,0.281398846641401
"YGR261C",942.165520762315,-0.0352664313481882,0.0297709692738138,-1.18459130516816,0.23617907646364,0.281672084090103
"YMR164C",388.932137990407,0.0440704091230771,0.0372303525246358,1.18372258478926,0.236522895727965,0.282033276253384
"YKR073C",8.11518097552044,-0.178747365062776,0.151042481951732,-1.18342444293188,0.236640974849612,0.282125214171356
"YJL075C",10.5082033273519,0.204167523092774,0.172660086849228,1.18248245334811,0.237014323778601,0.282521402218779
"YLR147C",309.921381403908,0.0426899441766724,0.0361237836855431,1.18176834819651,0.237297630079273,0.282810140747065
"YDR096W",1705.16247352381,0.0444030492047145,0.0376326896470361,1.17990634262868,0.238037466962807,0.283642776053812
"YOR169C",16.2812756060414,-0.29665539749074,0.251530131611116,-1.17940302257461,0.238237732130034,0.283783180919599
"tL(CAA)C",0.404123742256776,-0.583781801040717,0.494941614238933,-1.1794962966256,0.238200610499149,0.283783180919599
"YCL035C",1379.16292973358,0.0823791983910648,0.0700853429522318,1.17541264579688,0.239829666651103,0.285630038902066
"YCR061W",560.513981629094,0.0720180799628454,0.0612868995375053,1.17509745975603,0.239955726842169,0.285730747026692
"YLR228C",1134.61407977205,-0.0232801579222924,0.0198182818072148,-1.1746809409995,0.24012238717863,0.28587975717186
"YGR040W",345.275120748121,-0.0306515161009862,0.0261051135593401,-1.17415754699981,0.240331926810962,0.286079757277571
"Q0105",0.678487185569362,0.603871914245708,0.515678333401998,1.17102440636178,0.241588967000455,0.287526367812988
"YDL170W",372.775647794414,-0.0742361783499211,0.0634167697691254,-1.17060800510945,0.241756378140028,0.287675883770151
"YDR524C-B",34400.3020252471,-0.103395854247516,0.0883884688165199,-1.16978895134103,0.242085911024953,0.288018230068568
"YOR196C",718.772809189574,0.0250238701986778,0.0214121793273539,1.16867460411702,0.242534757657808,0.288502385361784
"YDL036C",249.587180185209,0.0556097653304345,0.0476402721009466,1.16728479662335,0.24309537630954,0.289119306597199
"tC(GCA)P1",0.689869249145979,0.483455744108154,0.414236172249792,1.16710170790353,0.243169298232933,0.289157274323617
"YOR188W",404.752385537784,-0.0561765820511798,0.0482079698303295,-1.16529657334454,0.243898965691648,0.289974853874459
"YER044C-A",18.0256910141198,-0.105180093760251,0.0903685394049211,-1.16390166813434,0.2444638635101,0.29059628802953
"YFR056C",11.5493575913769,-0.132505505670711,0.113955623786141,-1.16278162734103,0.244918113260306,0.291086002036459
"YKL210W",3394.56957129053,0.0339653446885074,0.0292699894129124,1.1604153390477,0.245879744544076,0.292178467584736
"YKL101W",1351.40673438134,0.0536502204689344,0.0462504277848962,1.15999403764336,0.246051233641519,0.292331793549932
"YDR264C",1714.9992652196,-0.0285911596774733,0.024675688179342,-1.15867729684675,0.246587748333414,0.292918676203512
"YOR129C",190.366980435005,-0.0399833718297072,0.0346333479108973,-1.15447608277935,0.248305038601766,0.294856880091955
"snR68",13.55638109807,-0.163229868085557,0.141377010071863,-1.15457151061963,0.248265938838529,0.294856880091955
"YIL043C",3788.59589909043,0.0512961152281543,0.0444383910906269,1.15431981152382,0.248369077113758,0.294882065171275
"YBL071C",62.1658672599881,0.073655598106602,0.0640714836976901,1.14958471157204,0.250314958018672,0.297042893128931
"YDR108W",332.439768504693,-0.0305705435496333,0.026591817917319,-1.14962217493686,0.25029952085039,0.297042893128931
"YKL160W",1319.0397435375,0.0319693052543227,0.0278096463074769,1.14957611833155,0.250318499046341,0.297042893128931
"YOL072W",370.739786899162,0.0314865788116975,0.0274255472117954,1.14807477016012,0.250937698531679,0.297726357813305
"YLR222C-A",19.9964587365514,-0.16318326436077,0.142186506818162,-1.14767053507729,0.251104599299831,0.297821734053288
"tP(UGG)F",0.413081225721367,0.534911810955042,0.466047026835708,1.14776359498933,0.251066169818114,0.297821734053288
"YHR195W",1197.57950624628,0.037060306002342,0.0323052759267591,1.14719051112157,0.251302892403594,0.298005582879563
"YDR269C",0.303233148618329,-0.601683686663516,0.52477126691118,-1.1465637023251,0.251561985294064,0.298261454925027
"YML014W",576.368796175817,-0.0564439097743538,0.0492681596045509,-1.14564680774355,0.251941321362406,0.298659779197687
"YJR092W",648.744811613986,-0.0546386723332923,0.0477466862679057,-1.14434480388264,0.252480669231426,0.299247617086997
"YNL258C",638.060584066049,0.0397296936568552,0.0347245605457827,1.14413812680145,0.252566358017265,0.299297654896535
"tL(UAA)K",0.344071148722226,-0.608772204558812,0.532149963655249,-1.14398618084507,0.252629368080605,0.299320805237475
"YMR320W",83.7261580544337,-0.0740309493526526,0.0647724966948742,-1.14293802354713,0.253064324055543,0.2997845614457
"YAR066W",56.2461907048559,0.0678505718257939,0.0594061016005642,1.14214819686383,0.253392424504762,0.300121596888919
"YLR369W",465.129339040842,0.0224600720345434,0.0196743225956074,1.14159315653175,0.253623169944783,0.30034322756619
"YKL155C",374.721842078623,-0.0464414684703522,0.0407079196942599,-1.14084602748445,0.253934002854526,0.300659606131283
"YBL070C",4.38612251267231,0.183962044225364,0.161486487912019,1.13917917594189,0.254628429224723,0.301429975105264
"YHR143W-A",495.374638442958,-0.0514985427409515,0.0452784989900181,-1.13737301124546,0.255382384748154,0.302270537904597
"YDR326C",815.635846669507,-0.0413495310016475,0.0364661011620043,-1.13391697176367,0.25682937728964,0.303930949233271
"YGL239C",3.51732806293591,-0.201432694090267,0.17781932235482,-1.13279418357207,0.257300694597584,0.304436377780438
"YKR103W",93.9373301313384,-0.065520492491575,0.0578944234112159,-1.13172372451475,0.257750604052986,0.304873708098453
"YOL147C",418.846256635772,-0.0565607663340968,0.0499784072993527,-1.13170405762069,0.257758875067697,0.304873708098453
"YOR008C",1779.40360338722,-0.0354740375707306,0.0313489956092481,-1.13158450155467,0.257809158954946,0.304880807180489
"YDR179C",43.5444849157066,0.0782695503193424,0.0692544174134112,1.13017412091009,0.258402862177881,0.305530432095949
"YNL338W",3.11265178488799,0.214711422951293,0.190188161882706,1.12894210042216,0.258922259257123,0.3060919908972
"YFL013C",387.443109039249,0.0328959117272214,0.0292195439263633,1.12581879478075,0.260242227083158,0.307599610895715
"YPL236C",275.907216039426,0.0315550019226929,0.0280904056099866,1.12333735442662,0.261294244817447,0.308737064624699
"tT(AGU)D",0.857050013827324,0.450801299788655,0.401282446052288,1.12340149494083,0.261267015195398,0.308737064624699
"YGL259W",46.8386011846249,0.0896608896419844,0.0801241742081635,1.11902419623127,0.263129816683969,0.310852571700262
"YGR076C",225.184467583548,-0.0474792141141688,0.0424782017946495,-1.11773126234711,0.263681786595076,0.311451209591199
"YCR104W",39.9219454081856,0.112089216897234,0.100402160455005,1.11640243984059,0.264249909618792,0.31206871830624
"YDL071C",28.9523192358973,-0.0901969415354737,0.080825000388929,-1.11595349336773,0.264442042205478,0.312194220227809
"YDR034W-B",50.7643673230827,0.149065097936345,0.133577792412007,1.11594221797415,0.26444686889885,0.312194220227809
"YOL087C",1939.65557114085,0.0207062616144405,0.0186013181049818,1.11316098663433,0.265639294849497,0.313548181902757
"YKL057C",720.840853906354,-0.0435993681757212,0.0394666712193533,-1.10471359323411,0.269283711437039,0.317795398224891
"YOR172W",530.998722789662,0.0304840355181262,0.0276232900740121,1.10356280647415,0.269782832762703,0.318329872077328
"YPR093C",539.409960235594,0.0794819445197376,0.0720753673006621,1.10276156052288,0.270130725152354,0.318685750972234
"snR71",10.1644212159893,-0.139177785022027,0.126664670647263,-1.09878930179048,0.271859979659232,0.320670885721057
"YNL203C",7.85637637043715,0.143838190079893,0.131038259626251,1.09768086427697,0.272343868477624,0.32113162090571
"YPL023C",1231.64788158541,-0.0318335291730529,0.0289989814283336,-1.09774645884458,0.272315216745834,0.32113162090571
"YMR119W",637.300518713887,0.0514859708767151,0.0469136061449458,1.09746351021583,0.272438823557532,0.321188578800275
"YDL220C",217.10231834206,-0.0428430324593191,0.0391197633629078,-1.09517616612021,0.273439465221828,0.322313083042679
"YDL161W",1566.12713687819,-0.0517891042606008,0.0474430444377354,-1.09160583757582,0.275006389172708,0.324049116798579
"snR52",1.7779366097594,-0.276831324524986,0.253575646228871,-1.09171100869492,0.274960144867748,0.324049116798579
"YEL070W",154.094914745538,0.111803481895858,0.102500100358416,1.09076460905804,0.275376472948749,0.324429674238901
"tG(GCC)J2",0.34146226928264,-0.590549893679045,0.542082330733554,-1.08940996634202,0.275973138377044,0.325076998755509
"YBL094C",0.914739573452514,0.426736459206777,0.391774398213506,1.08924029020962,0.276047935958169,0.325109483248716
"YIR010W",425.682703028666,-0.02637419277309,0.024241212837794,-1.08798981922103,0.276599601985893,0.325703482071639
"YJR019C",615.859787815692,0.0944062273393349,0.086817782881183,1.08740656817437,0.276857169705704,0.325951028287239
"YDL092W",684.426125543856,0.0230318083905746,0.0211835005604884,1.08725223788242,0.276925350375516,0.325975557759519
"YER094C",3141.72740565272,0.0458193911465591,0.0421522661885829,1.08699710097602,0.277038090897582,0.326052522364078
"YJL195C",0.602652045756064,0.455460017371099,0.420282155506651,1.08370058400895,0.27849757660657,0.327714205253159
"YLR131C",591.394961959168,-0.0441460897456271,0.0407575628581755,-1.08313860422034,0.278746906159489,0.327951546293248
"YDR278C",0.393270744442239,-0.544483896469016,0.502857996237634,-1.08277863838862,0.278906689388127,0.327971401611829
"YFL050C",379.313393661534,0.0302504512156445,0.0279360442313786,1.08284662513765,0.278876506357441,0.327971401611829
"YPR074W-A",0.240564113956986,-0.661262816434753,0.610629315476239,-1.08292019343851,0.278843847874174,0.327971401611829
"YER121W",118.293871472923,0.0906271897252602,0.0837402941943362,1.0822411193701,0.279145401667126,0.328140018862585
"tM(CAU)O1",0.429183152748665,-0.549521725633277,0.507748494521799,-1.08227150166308,0.279131905182446,0.328140018862585
"YJR084W",494.187744359018,0.0251937632095285,0.0233187164781374,1.08040951709967,0.279959859673743,0.329041248524022
"YPR022C",598.637473541958,-0.0354913426992276,0.032938785142295,-1.0774939799967,0.28125963877166,0.330512478740891
"YKL204W",992.916384280966,0.0328821698937748,0.0305347585938832,1.07687669423271,0.281535356216859,0.330780021766736
"YPL120W",185.512911193492,-0.0384810437380524,0.0357537789373748,-1.07627906424813,0.281802468870254,0.331037365325319
"snR65",9.21562379075757,-0.195216159204196,0.181497772184067,-1.07558432731734,0.282113199812604,0.33134585136639
"YDR159W",578.344011331475,-0.0423378749400657,0.0394775386715965,-1.07245477719023,0.283515815687932,0.332879671045603
"tT(AGU)I2",0.217161079624678,-0.727695379129446,0.678529872984571,-1.07245886747567,0.283513979408296,0.332879671045603
"YCR097W-A",8.50462993052422,0.126784905972309,0.11855165974364,1.06944859520713,0.284867580186571,0.334409768045105
"tL(UAA)L",0.790751850177021,0.419854230267819,0.392870965775704,1.0686822566255,0.285212869374935,0.334758030284082
"tL(CAA)N",1.33868678594936,-0.301727494399689,0.282752360150823,-1.06710866794797,0.285922768139279,0.335534047833464
"YEL061C",363.668432949814,0.0462187383181384,0.0433453190586773,1.06629133945401,0.286291963261092,0.335910048918306
"tY(GUA)D",0.373447216043903,-0.537303803073082,0.504082041772052,-1.06590546488076,0.286466378366891,0.336057422909532
"YIL090W",498.469647603532,-0.048552347503887,0.0456351048789837,-1.06392540638702,0.287362492595622,0.337051237056364
"YCR048W",979.349377533557,-0.0651909013325074,0.0614158806217428,-1.06146652417173,0.28847793843984,0.338301925763635
"YGL243W",233.658561662377,0.0326687219774942,0.0307904922195878,1.06100031608821,0.288689757522812,0.338492673798461
"YHL045W",5.34295407908159,0.165724849034627,0.156243710218244,1.06068173114386,0.288834565120659,0.338604798374892
"YDR402C",12.7136202577775,-0.106456759199655,0.10041998320517,-1.06011528584058,0.28909215447689,0.338849077898091
"YOL140W",192.813471801327,-0.0388925914358654,0.036772987979141,-1.05764022923366,0.290219494496488,0.340112548018437
"YML061C",460.889641709136,0.0387221845105509,0.0366755568627145,1.05580358753645,0.29105795886524,0.341037108030493
"YPR129W",758.302525161588,-0.0257034200389186,0.0243948650430171,-1.05364059172264,0.292047497507591,0.342138339346566
"YJR010C-A",240.850661536998,-0.0382503835015702,0.036377758423052,-1.05147719814785,0.293039476491984,0.343242054380284
"YOR022C",261.659913619078,0.0355135512761392,0.0338040952951158,1.05056949361015,0.293456358213783,0.343671887447167
"YFL002C",541.681926475388,0.0672410495281687,0.0641140335004454,1.04877272348965,0.294282734231793,0.344581058705084
"YKR050W",712.530161262966,-0.0401031749179451,0.0383326786094217,-1.04618764909604,0.295474404119672,0.34591757734466
"snR72",4.07354248629683,-0.200023294172582,0.191246392546172,-1.04589316174574,0.295610361904498,0.34601790916567
"SCR1",472.012417479586,-0.309732937368747,0.296455936762038,-1.0447857470885,0.296122003721797,0.346557877889609
"YPL102C",0.70174231052186,-0.450403541726046,0.431301069822311,-1.04429034203788,0.296351079875467,0.346767026672773
"YJR162C",0.578563846814726,0.456102032009272,0.437516864693423,1.04247874497106,0.297189774864459,0.347689311799796
"YFL039C",19880.7404384783,0.0417642984379538,0.0401214577676915,1.04094668443441,0.297900293254185,0.348461352200996
"YGR004W",291.538049579296,0.0336131262395432,0.0322958780221461,1.0407868835922,0.297974468844175,0.348488910819118
"YDR109C",308.101597797588,0.0236145571924397,0.0226927163945967,1.04062276114562,0.298050663258601,0.348518820743116
"YDL123W",452.680435740596,-0.0290631736090298,0.0279321511020557,-1.04049177962849,0.298111481219421,0.348530743453169
"YPR105C",779.574043651089,0.0226895063618175,0.0218866687829926,1.03668157940274,0.299884279574938,0.350543848026052
"YLR366W",8.88624408117554,0.14445986565688,0.139367868417823,1.03653637884302,0.299951976822105,0.35056346298085
"YNR029C",536.898665184315,-0.0301832904826078,0.0291264313921513,-1.03628522410546,0.30006909742599,0.350640824130676
"YML012C-A",4.92211911498982,0.171496424177671,0.165818617445402,1.03424106906535,0.301023479003864,0.35169636058741
"YBR262C",500.263403541448,0.0462281060401473,0.0447302862010268,1.03348558585986,0.30137671257434,0.352049315587773
"YFR036W",147.57249109776,0.087356081069438,0.084593641288305,1.03265540694387,0.301765189029314,0.352443312377749
"YAL065C",36.8232648793715,0.072506123099309,0.0702589498401796,1.03198415666959,0.302079539539262,0.352750615625478
"YGR268C",740.702093628193,-0.0821271111612101,0.0796593810911691,-1.03097852426467,0.302550890828674,0.353241119782164
"YLL049W",225.63512351561,-0.0359730831418247,0.0349636369571573,-1.02887131524401,0.303540149257134,0.354336033847977
"tE(UUC)I",0.63495907447739,-0.450639894013249,0.438779682515827,-1.02702999243133,0.304406341518073,0.355286940388529
"YGL106W",2169.41300141037,0.0487826221351208,0.0475314593013304,1.02632283654197,0.30473943645798,0.355555163533841
"YNL068C",636.987485799412,0.0464827577744804,0.0452899548871644,1.02633702970753,0.304732748606749,0.355555163533841
"YOR259C",2367.94287682694,-0.0217025967042391,0.021158317469274,-1.02572412649331,0.305021638698191,0.355824124438672
"YGR213C",153.859242463323,-0.0776670508823197,0.0757320673483068,-1.02555038574496,0.305103563927445,0.355859399905211
"YBR064W",0.349947727649174,-0.521343344593319,0.508882057004713,-1.0244875751013,0.305605036504068,0.356383922142702
"YGR049W",451.780722616566,-0.0365731758589367,0.0357690953985549,-1.02247975386077,0.306553890278427,0.357429895777641
"YGL247W",210.848036674938,0.0410590161728949,0.0402506099155164,1.02008432317114,0.307688471028948,0.358692028959416
"YEL037C",2582.02718766072,0.026799212328281,0.0263518485934008,1.01697655985289,0.309164580379892,0.360351809025826
"tR(UCU)M1",0.887445189295787,0.371382702470715,0.365322304284307,1.01658918197804,0.309348902629387,0.360505618585534
"YDL187C",1.3377152025066,-0.294263108913808,0.289564289666794,-1.01622720554534,0.30952120397376,0.360645369666498
"YHR191C",305.166566197648,0.0406490085741897,0.0400161248078846,1.01581571852206,0.309717149428114,0.360805505761954
"tK(CUU)I",0.255961847267451,-0.595290060751294,0.586077788406727,-1.01571851472074,0.309763448737677,0.360805505761954
"YPL262W",1908.55349495957,0.0372790441798062,0.036811367147506,1.01270469065781,0.311201236700931,0.362418896259458
"YKL011C",167.830978409435,0.0497210368052358,0.0491045789429795,1.01255397919148,0.311273251147977,0.362441456816138
"YKL080W",2353.32297195337,-0.0264340941952939,0.0261262975790101,-1.0117811035166,0.311642726962325,0.362810310303619
"YAL029C",1268.73485163078,-0.0328515899816502,0.0324884862458448,-1.01117638208988,0.311932017621683,0.363085704366067
"YGR252W",547.617416502758,0.0300856812000875,0.0297586799188259,1.01098843369913,0.312021965667728,0.363129011768476
"YLR041W",14.5428925384708,0.0950319392548889,0.0941438365688919,1.00943346604902,0.31276679535787,0.363934322467287
"YDR290W",1.32653459333651,-0.338892039817866,0.336567470118051,-1.00690669748624,0.313979613182979,0.365283818311053
"YGL235W",0.213888441586545,-0.860140184596662,0.856207945328532,-1.00459262179192,0.315093051488971,0.366517259588032
"YNR049C",449.809770548345,0.0356319523602112,0.0354806589420634,1.00426410959263,0.315251328138781,0.366639424701943
"tK(UUU)G2",0.430492102948973,-0.467627577653554,0.46663625374291,-1.00212440397139,0.316283512762036,0.367777737775142
"YHR145C",13.0582417881764,-0.124968535408143,0.124814598072032,-1.00123332797997,0.316714017394219,0.368216144842823
"tE(UUC)G3",0.433361639434539,-0.519323699387984,0.518897511377932,-1.00082133369443,0.316913193675466,0.368385503706835
"YAR031W",190.889702105218,-0.0361867651187495,0.0363076486656128,-0.99667057627508,0.318924436260421,0.370660827760466
"snR3",23.8324311101639,-0.130651079867657,0.131480029506366,-0.993695242982363,0.320371259372938,0.372279514056148
"YBR164C",825.107953620888,0.0237575704990712,0.0239743775080009,0.990956719987524,0.321706714212867,0.373768263137966
"YKR048C",2179.44764694184,-0.0450654093619259,0.0456111722294467,-0.988034447683665,0.323135777784289,0.375365248868707
"tI(AAU)L2",0.425457308158921,0.46471550566586,0.470747749068933,0.987185826347542,0.323551548868487,0.375784820168612
"YOR339C",29.886576364855,0.0996802158006309,0.101096876222864,0.985987099946493,0.324139443163194,0.376404126527002
"YLL040C",1553.50513685112,0.0441935990817114,0.0449237965219528,0.983745865292472,0.325240482456257,0.377619008720292
"YOR219C",1001.43711953092,-0.0406978842569272,0.0414465835529539,-0.981935801896191,0.326131476497595,0.378589650258969
"tI(UAU)D",0.680776333535073,0.449067317890182,0.457751910242676,0.981027731052197,0.326579066578116,0.379045325925544
"YBR204C",466.563508593678,0.0374968727667563,0.038237170096455,0.980639327444179,0.326770633357814,0.379045575394053
"YDL212W",1817.36932152971,0.0190575129827498,0.0194349232691785,0.980580819321926,0.326799496810327,0.379045575394053
"YKL126W",2132.96514594879,0.0264257450872891,0.0269459173738663,0.980695692064963,0.326742828911824,0.379045575394053
"tR(ACG)E",0.300238802799335,-0.593780354218189,0.605480421744412,-0.980676390010243,0.326752350366547,0.379045575394053
"tC(GCA)G",0.461023468649303,-0.468058699894385,0.477466112137716,-0.980297214809211,0.326939429150445,0.379144007023886
"YNL161W",971.110934012103,0.0231569278427999,0.0236418376454821,0.979489335391202,0.327338255474163,0.37954258823503
"YGR020C",2224.63336767335,0.0249836331643021,0.0255413118806024,0.978165619725907,0.327992417448523,0.380237042285415
"YMR121C",1462.73005802998,0.0376556907907962,0.038563665200984,0.97645518377323,0.328838946390615,0.381154233316395
"YNL109W",14.5411616761852,0.0991102484244583,0.101794824454081,0.97362757837621,0.330241487946072,0.382715476268087
"YLR458W",1.85606474538001,0.253195073772144,0.260231374711097,0.972961365835445,0.330572503819953,0.383034616088922
"tL(GAG)G",0.670038301272765,0.434145720124301,0.446274572935734,0.972821994469356,0.330641779340548,0.383050420790791
"YOR011W-A",1.46116850295283,0.275746144235494,0.283663218720531,0.972089879961363,0.331005836288072,0.383407668715238
"YOL065C",378.760372110033,0.0329578017726054,0.0339460169310704,0.970888627067157,0.331603742155205,0.384035620645683
"YHR036W",251.741082985049,0.0434922515651589,0.0448853184414808,0.968963863359061,0.332563219465536,0.385082032630376
"YPR189W",605.937761516859,-0.030840384666374,0.0318772546195352,-0.967473047301703,0.333307608721456,0.385879079543841
"YKL031W",31.9540199333142,0.0710330704334879,0.0736110306137646,0.964978615857138,0.334555522620776,0.387258704311373
"YBL053W",5.52087115555874,0.171270377822259,0.17775980030063,0.963493306881554,0.335300021420744,0.388055244155627
"YMR109W",2171.77640387385,0.0303207257581897,0.0314973857931485,0.962642612860439,0.33572690494934,0.388483990012808
"tC(GCA)P2",0.352483756716315,0.544822919909611,0.568741080729309,0.957945431356871,0.338090275784862,0.391153007692619
"YOR266W",222.627011326021,-0.0262770446025605,0.0274640879014103,-0.956778346213025,0.338679143954993,0.391768465411648
"YDR048C",1.17650879949785,0.301199456681842,0.3154414891917,0.954850477829175,0.339653316312157,0.392829343660205
"YFR057W",0.223074550499389,0.627912296345953,0.658136189942735,0.954076536044292,0.340044902253528,0.393216182736906
"YOR061W",1721.89283349481,-0.0135983080827684,0.0142959222614679,-0.951201876595277,0.341501906004299,0.39483469737021
"YBL077W",46.4558887272689,0.121465507165246,0.127988279610244,0.949036173742927,0.342602214398899,0.396040336826128
"YOL033W",234.731678716523,0.0243990427946694,0.0257227585191364,0.948539122525207,0.34285506599002,0.396266095239431
"YNL056W",817.650602811582,-0.0317136836004189,0.0334815539541923,-0.947198676734295,0.343537549545145,0.396988255894314
"YGR170W",824.064912273861,-0.0293546904774853,0.0310075424122688,-0.946695164911571,0.343794134958265,0.39721809350355
"YBL038W",510.405776184472,-0.0214680757092615,0.0226804228727089,-0.946546536180053,0.343869898302587,0.397238968089482
"YLR084C",477.148889179003,-0.0296480012705901,0.031342140960451,-0.945946906052184,0.344175667398552,0.397487480465952
"YLR406C-A",2.16596671959282,0.219942907309695,0.23252279836356,0.945898246785268,0.344200487805084,0.397487480465952
"YNL195C",164.433670555021,0.0828131393962165,0.0876593925782071,0.94471495820979,0.344804418304626,0.398118131817433
"YOR018W",953.453038836866,0.0364938296370372,0.038673627128516,0.943636073124583,0.345355651751679,0.398687736805887
"YFR045W",398.572052229472,0.0413404611648252,0.043889375097805,0.941924123382945,0.346231488468027,0.399631818625711
"YDR543C",0.501864830499731,0.459275011583936,0.487841393137192,0.941443301132049,0.346477732292228,0.399849008855513
"YJL047C-A",11.603399654614,-0.094741416492017,0.100649777738483,-0.941297821225024,0.346552258985604,0.399867991137235
"YOL145C",1299.32018200274,-0.0527252150186512,0.0562824458223243,-0.936796797799037,0.348863092808629,0.402466889072958
"YLR395C",575.041574389781,0.0509108631079599,0.0543878448988319,0.936070609208001,0.349236834297607,0.402830558575813
"YHR160C",70.8760569830393,0.0541455049138236,0.0578648348875893,0.935723829835668,0.349415398034535,0.40296901431621
"YPL158C",280.142363980423,-0.0345994875005746,0.0370150999972722,-0.934739808973214,0.349922405872411,0.403486143766798
"tN(GUU)N1",1.08509978041134,-0.319843159814772,0.343461967005335,-0.931233121977096,0.351732988024586,0.405505964927876
"YHR212W-A",7.32804355243055,-0.125229530053872,0.134677716215947,-0.929845957983683,0.352450847166235,0.406241463706669
"tV(CAC)D",0.66234660682288,0.391200632971507,0.420748832122434,0.929772356106436,0.352488962118176,0.406241463706669
"YBL071W-A",94.5184382895618,-0.0697156540435316,0.075041848141227,-0.929023681723942,0.352876813588566,0.406620395239712
"YMR285C",519.217010148519,0.0358864445850836,0.0387525797395659,0.926040145617556,0.354425117498334,0.408336166997328
"YGL141W",512.039755221398,0.0408379586097173,0.0441542278142604,0.924893506948114,0.355021304429887,0.408954606156897
"YJR111C",339.126709097611,-0.0338026504877117,0.0365711332113451,-0.924298689142764,0.355330825083508,0.409242678270317
"YDL006W",415.800393190776,-0.0234391163445717,0.0254664266626532,-0.92039282366008,0.357367517440847,0.411519544669716
"YOL089C",326.841810201917,0.0380268259776297,0.0413222006447367,0.920251714195025,0.357441235517677,0.411535603100202
"YEL017C-A",2077.63148690419,-0.0499344381599499,0.0543468534732223,-0.918810105253904,0.358194905947001,0.412334380111202
"YOL045W",775.040364760525,0.0342510741805212,0.0374046605619159,0.915690014719568,0.359829503723039,0.414146795909917
"YER185W",45.140611596654,0.0707163806762631,0.0773256321281349,0.914527029783348,0.360439981587204,0.414780089123835
"snR189",10.0662176472769,-0.138267357072415,0.151317656636409,-0.913755606225439,0.360845278150062,0.415177095598793
"YKL194C",322.637640001083,0.0243230747069208,0.0266282271907099,0.913431995781028,0.361015384238214,0.415303411943208
"YCL047C",212.158968648032,0.029983036530042,0.032847692639228,0.91278973105816,0.361353140149845,0.415622514188387
"YPL096C-A",207.962066852405,0.0490070089865195,0.0537419735731934,0.911894478898787,0.361824268237053,0.416094886723252
"YDR355C",0.366172966977828,-0.461684108214766,0.506414218588355,-0.911672878186012,0.3619409454292,0.416159553987982
"YHR129C",250.06292627939,0.0261304066507965,0.0286795520222453,0.91111627652093,0.362234111266925,0.416427092348102
"tK(UUU)L",2.08124321715432,0.215262061294645,0.236384914883903,0.910642125367293,0.362483967165705,0.416644760256407
"tG(GCC)O2",0.475474408274838,0.415457955789471,0.456919084594059,0.90925936297578,0.363213235657407,0.417413307878693
"tE(UUC)G2",0.694597395553137,0.392533612572748,0.43242457133211,0.907750480883926,0.364010066451963,0.418259230227264
"YGR206W",149.384613489673,0.0525468879787137,0.0579379031843618,0.90695184137932,0.364432264806726,0.418674477422711
"Q0065",0.244461128566852,-0.587935895826269,0.649531812382208,-0.905168745576862,0.365375996916066,0.419688645106292
"YGR231C",2017.73267541647,-0.0212753825079157,0.0235465500608514,-0.903545634198375,0.366236380101215,0.420606751792638
"YPL178W",1237.57222104145,-0.0238706775859393,0.0264444342468368,-0.902673029913453,0.366699454430624,0.421068336183263
"YOR047C",737.886238461169,0.0504624177168869,0.0559766051149886,0.901491214289,0.367327203024899,0.421718824883513
"YDR448W",278.660279013713,0.0537384142463518,0.0596607236665145,0.900733530265798,0.36773001638643,0.422110897435908
"YOL001W",252.557258775992,-0.031071055571708,0.0345279149676606,-0.899882185206078,0.368182951575272,0.422560363659901
"YIR011C",870.831717694768,-0.0226264877795048,0.0251911267298827,-0.898192765338455,0.36908278972091,0.423522501204744
"YOR030W",321.703115172287,-0.0314625129399963,0.035042896525358,-0.897828548996489,0.36927696186635,0.423674701291421
"YOR165W",1160.04250025446,-0.0167162426175713,0.0186422252905245,-0.896687083063406,0.369885915094743,0.424302653353433
"YNL249C",198.403920826484,0.0265193143419326,0.0296080678748757,0.895678652656559,0.370424414892542,0.424849591293545
"YJL182C",0.660815939570406,-0.384976956960725,0.430308531130777,-0.894653322231543,0.37097243817463,0.425407267960081
"YOL028C",338.068076109202,-0.0318527306811403,0.0356104998326581,-0.894475809966824,0.371067366816312,0.425445265700301
"YFR014C",1456.59006727474,-0.0287574082906534,0.0322580343215653,-0.891480491464056,0.372671452863745,0.427213278882265
"YOR195W",357.615301157043,0.064547042906297,0.0724354795806047,0.891097060170222,0.372877101950588,0.427377866976827
"YDR521W",1.2972394042159,-0.296480595028098,0.333120642168856,-0.890009676667873,0.373460690163423,0.427975507951925
"YBR056W",1206.50812112757,-0.0483081223859478,0.0542886035461578,-0.889839104903017,0.373552285655089,0.427989824888952
"YOL019W-A",0.233864826177732,0.561777393187739,0.631384434052788,0.889754898741724,0.373597508726594,0.427989824888952
"YMR214W",1064.66749987813,-0.0275003855249991,0.0310124372055732,-0.886753444842352,0.375211657327711,0.429695984813921
"snR42",52.1538959198084,-0.071956464044291,0.0811440605598204,-0.886774257386883,0.375200449757172,0.429695984813921
"YOR185C",545.325678178734,-0.057156259758538,0.0645215451802367,-0.885847659086213,0.375699624001275,0.43018325482268
"YJR151W-A",1.51791973877508,0.251295514309593,0.285061451028755,0.881548569274082,0.378020977984356,0.432769277256782
"YAR028W",359.279715120755,-0.0398076761210149,0.0452170137439078,-0.880369419052543,0.378659217459924,0.43335583647134
"YLR115W",465.076928507518,0.0247258878841448,0.0280838515611053,0.880430799541358,0.378625977642277,0.43335583647134
"YNL210W",39.170448167847,-0.0807975791248885,0.091972252198906,-0.878499516899397,0.379672699765055,0.434443499731163
"YBL025W",143.019494906951,0.0320288164059659,0.03667483312991,0.873318667668183,0.382489408266361,0.437593814542023
"YPR109W",424.150918498433,0.0242343293626882,0.0277597588158899,0.873002158391097,0.382661901264571,0.437718423360454
"tG(GCC)G2",0.326823924384374,-0.461916084589463,0.530044588004495,-0.871466467242837,0.383499507491483,0.438603672604462
"YAL043C",911.071631173038,0.0338651395074976,0.0389196490013629,0.870129622862521,0.384229570751082,0.439365652652583
"YBR135W",521.903222016656,-0.0597630787142309,0.0690078136491808,-0.866033504815151,0.386471788363811,0.441856237609571
"YBL064C",1077.41550299918,-0.0429876816393653,0.0496910197573903,-0.865099606513347,0.386984120672454,0.442368532430657
"YHR051W",671.793571235908,0.0395708524236866,0.0457561547709325,0.864820320277978,0.387137416254512,0.442470303936307
"YML070W",1827.20570760408,0.0297316924671631,0.0344171699111884,0.863862210166731,0.387663588402288,0.442998142099544
"YER176W",935.91259415533,0.0169891570160421,0.0196777767557639,0.863367707994029,0.387935328147935,0.443235103600819
"YNL036W",977.28840494573,-0.06186534618288,0.0717860881536028,-0.86180132911693,0.388796853412726,0.444145733490397
"YLL065W",0.435768184671609,-0.409486387971807,0.475293383191624,-0.86154447432464,0.388938237394862,0.444233537568618
"YHL048C-A",0.978834685733884,0.312481451983457,0.3630473353581,0.860718208206194,0.389393262205108,0.444679484206696
"YGL082W",968.774896661814,0.0139801889021679,0.0162598197722813,0.859799745505198,0.389899439594521,0.445183688492251
"YDL152W",0.133207841673983,-0.847184201413438,0.98561211582605,-0.85955132633836,0.390036415514173,0.445266244539062
"YBL107W-A",10.8694807197712,0.102530644740297,0.119401386610441,0.858705645310584,0.390502935105005,0.445724918467832
"YOR362C",3831.91233190248,0.037135194330072,0.0432602434488772,0.858413900836147,0.390663954453712,0.445834796355678
"YGL245W",7223.08677141424,0.0315076868394011,0.0367512647557942,0.85732251798038,0.391266667103044,0.446448624959307
"YOR211C",594.371357305204,0.0414118079550996,0.0483534251908229,0.856440010023512,0.391754441839413,0.446931123788626
"YBR139W",1575.52245132554,0.0496746879098983,0.0580189984569433,0.856179686499802,0.391898396810219,0.446947235719456
"YOR026W",271.032826370261,0.0240011692426292,0.0280326298948702,0.856186855555112,0.391894432001385,0.446947235719456
"YDR433W",19.276542189923,0.118141914090638,0.138160505121008,0.855106269242166,0.392492319238588,0.447550450142046
"YGL018C",229.09033957463,-0.0455710985661465,0.0533404005863757,-0.85434488802445,0.392913922574211,0.447957005617394
"YHL002C-A",0.620150242095245,-0.370313630344127,0.433817179141068,-0.853616795621893,0.393317349338061,0.448342706985521
"tR(CCG)L",0.12821815129195,-0.842750444096837,0.989488580336325,-0.851703052308484,0.394378926092148,0.449478382079861
"snR17b",74.2263325857885,-0.102065417885077,0.120016211348083,-0.850430260534198,0.395085918138673,0.45020962369824
"YPR062W",3108.94594277571,0.0410855780432359,0.0483546361415753,0.849671951267367,0.395507496851921,0.450615441970126
"YOL038W",3474.8619741167,0.0399425244371102,0.0470259310223928,0.849372326474311,0.395674146837159,0.450730724846764
"YJR121W",5454.12076880895,0.0221308052711667,0.0260939656733368,0.848119659089624,0.396371334217809,0.451450229295222
"YNL330C",1213.21787887995,-0.0185816186422556,0.0219308570566108,-0.84728191854474,0.396838002535892,0.451906987671124
"tI(AAU)E2",0.291710443638553,-0.464050453326607,0.548136657250332,-0.846596277020526,0.397220189779807,0.452267406422023
"YCL029C",479.075639425119,0.0251055179515913,0.0297117136607574,0.844970378963708,0.398127377583975,0.453225362874614
"YHL002W",785.265897550146,0.0352258156600833,0.0417145150428481,0.844449842552411,0.398418080226746,0.453481316310323
"tI(UAU)L",0.6220275169683,-0.426228082258935,0.504819197607987,-0.844318291139789,0.398491567641719,0.453489990613757
"YDR235W",290.653899653822,-0.0503084719454962,0.0596108067971769,-0.843948851701815,0.398697988013005,0.453649916950842
"YLR208W",2082.47622069752,0.0178118579793814,0.0211137210757362,0.843615292419993,0.39888441602308,0.453787046318391
"Q0120",0.255651651805444,0.525250159441851,0.623414382748085,0.842537762966722,0.399487011291073,0.454397500865528
"YPR108W-A",0.448710042762351,0.420380474202709,0.499338549057394,0.841874665988168,0.399858112282628,0.454744483492879
"21S_rRNA",102.643528210811,-0.243674790159438,0.289560602269229,-0.841532958039895,0.400049429411579,0.454886923451482
"YDR193W",1.77827323705047,-0.213845462283034,0.25489618461853,-0.838951209109186,0.401496689588127,0.456457184249382
"YLR363C",189.417910472998,-0.0471773267507393,0.0562576634992989,-0.838593781117968,0.401697301632443,0.456609859953668
"YDR435C",771.374599348986,0.0372978831728892,0.0445364819551592,0.837468105595811,0.402329497522786,0.457252986207392
"YHR134W",293.498292728774,0.0202454570045708,0.0241897141024506,0.836944865029216,0.402623560110216,0.457511670466882
"YOR301W",426.035400872894,-0.0420331682797288,0.0503819630342858,-0.834290006745559,0.40411758177123,0.459133589190581
"YAL056C-A",4.0007232903121,0.160542734054454,0.192785552866103,0.832752930225831,0.404984086117913,0.459988026806748
"YER167W",931.537543087238,0.0228944732684022,0.0274936379765879,0.832718947121436,0.405003256136893,0.459988026806748
"YIL171W-A",3.03657726979424,0.166672988183088,0.200214704395109,0.832471264718757,0.405142991257165,0.460070838661649
"YPL251W",1.72010656325635,-0.226400179153934,0.272082637257307,-0.832100796420274,0.405352052346805,0.460232335159589
"YLR133W",713.517957251811,0.0257028351619509,0.0309359601201839,0.83084006645009,0.406063984959147,0.460964639149832
"YDR270W",331.73837206797,-0.0431737896925401,0.052121037925964,-0.828337105524776,0.407479614526621,0.462409950823741
"YGR035W-A",86.6853127766078,-0.0661803561117936,0.0799043324248519,-0.828244903666952,0.407531818360252,0.462409950823741
"YKL013C",1425.54784266214,0.0346413275912317,0.0418255902675884,0.82823284428519,0.407538646564772,0.462409950823741
"YJL022W",1.47879838709435,0.235247312475143,0.284310381980859,0.827431312342933,0.407992638978632,0.462848792118616
"YKL024C",1456.3741440254,-0.0321884118132146,0.0389519943256464,-0.826361072660699,0.40859929860117,0.463460654179416
"YPL130W",34.1112098982559,0.158113942559468,0.191693073423284,0.824828668745535,0.409468867994289,0.464370475397905
"YDR170W-A",354.828796527835,0.0311644756493749,0.0378701028383734,0.8229308428969,0.410547322080346,0.465516849888535
"tL(UAA)J",1.19387102535688,-0.261543220336928,0.318123123269235,-0.822144638997453,0.410994582332255,0.465947258250877
"YDR228C",533.104958719481,-0.0324881567769115,0.0396456254430725,-0.819463847872988,0.412521820054347,0.467601700868321
"YLR322W",0.431325476832805,0.399021856995423,0.488377800467966,0.817035206377273,0.413908308798101,0.469096083304515
"YKR003W",682.726840875139,-0.0298921745369467,0.0366166651482595,-0.816354368042924,0.41429748738738,0.46945987502668
"YNL303W",65.1994632250705,-0.168266572382585,0.206182187229423,-0.816106253618073,0.414439367541564,0.469543367701772
"YIL039W",1244.36512935791,0.0166191020071067,0.0203671980236787,0.815973900179375,0.414515063430658,0.469551861092478
"YIR016W",1140.38310794516,0.0602915406472667,0.0739662120792439,0.815122729046516,0.415002062550152,0.469948881687138
"tS(GCU)F",0.992317227871656,0.285894249340418,0.350732800640548,0.815134053097646,0.414995581254849,0.469948881687138
"YLR100W",1091.96395611357,-0.0232941101964889,0.0286277909364952,-0.813688707178352,0.415823305144699,0.47080142343714
"YNL289W",454.650620821354,0.066256272429687,0.0814776883788732,0.813183016700151,0.416113135123764,0.471052110379335
"tR(UCU)J2",0.44474228435687,-0.391162773469751,0.481913561484567,-0.811686586002577,0.416971493310096,0.471946199480521
"YJR076C",1412.7646914955,0.015938649837871,0.0196452448157933,0.811323553731309,0.417179887230796,0.472104458182779
"YGR114C",0.177765049557211,-0.654479780673406,0.806841626343105,-0.811162636265735,0.417272279431281,0.472131412306388
"YNR021W",1668.22085444885,0.0347674575169571,0.0429465171518359,0.809552434578989,0.418197455130023,0.473100472982289
"YDL243C",285.162656680733,-0.0376932467515292,0.0466754473485935,-0.807560481852886,0.419343643806679,0.47431920282717
"YNL130C-A",6.84720883636001,0.119838709662233,0.148424937175591,0.80740279863121,0.419434455080752,0.474343991989319
"YHR217C",5.45044741715111,0.122432308585464,0.151839134055571,0.80632907548495,0.42005312988257,0.474965642838149
"YKL070W",123.353138056191,-0.0303354554658239,0.0376339206249844,-0.806066839756386,0.420204310444907,0.474980574193594
"YLR139C",305.880480172948,0.0320245927776696,0.0397235999282502,0.806185563129053,0.42013586170734,0.474980574193594
"YMR075W",279.154494869271,0.0515373432429826,0.0639841389784361,0.805470606713199,0.420548161514771,0.475291216682402
"YER128W",78.5101734624821,-0.0403304506217722,0.0501325564360932,-0.804476242363257,0.421121984645648,0.47586162223622
"tR(UCU)J1",0.728493567192024,-0.320539180452597,0.398750219309512,-0.803859571557483,0.421478080864467,0.476185852765319
"YOR121C",34.9643928799767,-0.133578266171291,0.166277757121359,-0.803344166314428,0.421775836796979,0.476444074872387
"tA(UGC)G",0.427282028071687,0.455557058881987,0.567914721687983,0.802157509718993,0.4224618516099,0.477140723151929
"YDR495C",280.116116959057,-0.0503671449785197,0.0628782528443507,-0.801026470999424,0.423116321434079,0.477801520924001
"YOR214C",6.97604866740987,-0.121742700375447,0.152197662964879,-0.799898618703102,0.423769538159394,0.478460687147824
"YMR086W",945.928685802329,-0.0289690473224771,0.0362816969803019,-0.798447970562266,0.424610574918202,0.479331662290838
"tM(CAU)O2",0.814248680984934,-0.323019469982015,0.404906427382149,-0.797763256242782,0.425007887787671,0.479701525806248
"tQ(UUG)H",0.358653004589461,-0.463464818758586,0.581258062405222,-0.797347768116605,0.425249085090847,0.479895091108094
"YGR073C",0.311119223570057,0.444257908238932,0.557695719698675,0.796595513551666,0.425685983862513,0.480309406570535
"tS(UGA)E",2.8344109080451,0.160468830897315,0.202194583302187,0.793635656685663,0.427407568258608,0.482172883411521
"tS(AGA)E",0.143568853370519,-0.781607134568234,0.985541002724914,-0.793074192151493,0.427734598037587,0.482462763350064
"YBR245C",905.131875370291,-0.0286249029336275,0.0361677586997244,-0.791448073165938,0.428682566486015,0.483452820680789
"YPL010W",964.349314515471,0.0220561652416176,0.0279690681017894,0.788591352466494,0.430350886773892,0.485254807638102
"YHR188C",1522.0673525923,0.0238361604329424,0.0302955122662092,0.786788492747444,0.431405690835276,0.486364529458143
"YGL100W",856.802760536469,0.0192368822280485,0.0244580008347155,0.78652717194873,0.43155870678157,0.486457383135414
"YBL104C",422.743178305793,0.0230482940797248,0.0293889519150329,0.784250290597645,0.432893261261355,0.487881830706241
"YGL086W",606.544988759378,0.042410935002175,0.0540953337496443,0.784003574105944,0.433038013125373,0.48796509334995
"YOR382W",6694.6972207297,0.0881531863201159,0.11246959151787,0.783795736522345,0.433159975944675,0.488022653310274
"tK(CUU)G3",0.178589396966121,-0.584440725647833,0.746575352688218,-0.782828851158049,0.43372762280359,0.48858224525568
"YHR018C",2497.93122124071,0.0858725439988869,0.109777679947193,0.782240470377904,0.434073264513381,0.488891612330219
"YOR041C",2.37119210069537,0.174313092492728,0.222886825966747,0.782069966390631,0.434173456071648,0.488924475801979
"tA(AGC)P",0.375825243170109,-0.398213375783767,0.509328349416349,-0.78184019452302,0.434308495758148,0.488996564725241
"YBR024W",281.669861595359,0.026922516363458,0.0344540527664082,0.781403469309907,0.434565231289605,0.489200249835432
"YDR415C",439.93448700041,0.0176033620814932,0.022534474769064,0.781174722814467,0.434699738351741,0.489200249835432
"YPR170W-B",236.597081744492,0.0416839679670353,0.0533609483523827,0.781169923963204,0.434702560420214,0.489200249835432
"YOL066C",424.768577927298,0.0289550439912964,0.0371781750685094,0.778818323867162,0.436086742112091,0.490677760980838
"YLR217W",1.05546328357188,-0.259958913266745,0.334693837653661,-0.776706601738356,0.437331891034382,0.49199837741368
"YHR103W",863.043191520911,0.0264454561515845,0.0340585204859616,0.776471079020736,0.437470890613781,0.492074347635335
"YDR370C",271.397557764039,0.0315603732634058,0.0406545497239014,0.776306058675914,0.437568296613766,0.492103515548151
"tD(GUC)I1",0.372713802480412,-0.404201544102433,0.523125734268569,-0.772666144340204,0.439719987975953,0.49444261264322
"RUF22",0.163631603175257,-0.580775570564674,0.753097229247874,-0.77118272118024,0.440598634416243,0.495268832319319
"tL(UAG)J",0.110020097292544,-0.903811750516392,1.17183831938913,-0.771276835346653,0.440542859761875,0.495268832319319
"YER079C-A",0.738946124646239,-0.313604100610168,0.406858136759151,-0.770794712644061,0.440828621737825,0.495446467624049
"YBR122C",492.280547961341,0.0189641566919681,0.0246148562850559,0.770435401789513,0.441041660209139,0.495604999272061
"Q0055",6.32050405565477,0.274159015608379,0.356727191081531,0.768539720163128,0.442166602237734,0.496788031397976
"YIR031C",200.578716157201,-0.0257080472460373,0.0335053522012174,-0.767281808937474,0.442913981683787,0.49754654330117
"YBR298C",1467.60900732416,-0.0337447179003484,0.0442950407432437,-0.761817064261206,0.446169194356025,0.501039781950943
"YOR002W",1176.98477994342,0.0133882246771866,0.017573662213872,0.76183464290206,0.446158701402815,0.501039781950943
"tL(UAA)N",0.412835468521111,-0.401554084145218,0.527509732356854,-0.761225925351404,0.446522135806135,0.501354355026948
"YGR078C",435.760570664007,0.023748056991528,0.031247549552819,0.759997418401902,0.447256128013581,0.502014744273477
"YKR008W",603.676025514403,-0.0305984100813815,0.0402570909077669,-0.760075042468559,0.447209729908116,0.502014744273477
"snR78",2.56903350217114,-0.194135811631046,0.255756811353453,-0.759064091406551,0.447814218306721,0.502477329374474
"tS(AGA)H",0.222559885785276,-0.519850211280701,0.684813386956618,-0.759112221200828,0.447785429039786,0.502477329374474
"YJR109C",1176.65228977716,0.0665240014727074,0.0879847043715729,0.756085980487771,0.449597646925646,0.504396252091099
"tV(AAC)L",1.12976569561563,-0.238228701907472,0.316028608511946,-0.753820051384579,0.450957282089829,0.505839180056772
"YKL072W",318.264005620413,-0.0235150825178056,0.0312088381321244,-0.753475102733821,0.451164467040858,0.505906735435881
"tS(AGA)D1",0.330105360157628,-0.404497971045098,0.536757384339661,-0.753595540269513,0.451092123067639,0.505906735435881
"YJR067C",154.699829261766,0.0262219161298966,0.0348198204747214,0.753074420614355,0.45140519454476,0.506094245960051
"YNL071W",5109.28871099339,0.0316953867949196,0.0422479299384439,0.750223427304021,0.453120151379545,0.507934262821258
"YGL137W",2781.42842323154,0.0240578223781436,0.0321089507740074,0.749255948830899,0.453702953087547,0.508504774866964
"YER087C-A",17.5771939804749,-0.0663277668931475,0.0886864544884187,-0.747890613913414,0.454526139495156,0.509327034970962
"YPL142C",47.3094802870671,-0.153909546630982,0.205818167233709,-0.747793786620476,0.454584550457017,0.509327034970962
"YPL119C",263.418992641688,0.0277844954579691,0.0372457500405545,0.745977606242763,0.455680942762018,0.510472387067441
"YJL093C",817.407313945783,-0.02045089060337,0.027461815647905,-0.744702785335686,0.456451414979412,0.511252316924232
"YOR236W",286.668535488725,0.0266308630915792,0.0357665715174584,0.744574108216666,0.456529225119051,0.511256297160811
"YER133W-A",45.609721472445,0.0532108783784115,0.0715884248284357,0.743288855788256,0.457306817155609,0.512043817875486
"YOR186W",12.3580702049022,-0.0804386947350781,0.108601286879103,-0.740679019988262,0.458888083081624,0.513730805206014
"YGR122W",402.224259532313,-0.0205282653555864,0.0278693981211218,-0.736588040630428,0.461372909928029,0.516428627028854
"YPR145C-A",35.5889686008887,-0.0956426085981492,0.130228447415856,-0.73442178338144,0.462691714538517,0.517820620058142
"YLR142W",182.416756545741,-0.0512131088840214,0.0697520469590614,-0.73421657308608,0.462816754278063,0.517876377897686
"YOR089C",1547.25067167058,-0.0157588408388932,0.0214987791349524,-0.733010964946971,0.463551741737236,0.518614517689449
"tF(GAA)P2",0.814212157140384,-0.289720412817368,0.395677450383569,-0.732213606149437,0.46403820092918,0.519074413224599
"YPR133W-A",404.980079741597,-0.0457229280111659,0.0626302815601598,-0.730045065616486,0.465362638479615,0.52047137198378
"YAL066W",0.323581864926068,0.403601407219599,0.553139885003776,0.72965522494702,0.465600956533627,0.520578646099755
"YGL041C-B",3.47071143543969,-0.14558327405776,0.199527320537418,-0.729640801398212,0.465609775262497,0.520578646099755
"YDR081C",547.434328924773,-0.0315371791502817,0.0432449538131794,-0.72926842023058,0.465837485652872,0.520748674901773
"YGR091W",223.475520904818,-0.0243865774173678,0.0334980834660141,-0.727999183658059,0.466614086013687,0.52153213996822
"YDL240W",426.330075817269,0.0356314271492786,0.0489720138923254,0.727587540663967,0.466866109809162,0.521729129367972
"snR73",0.808965829175778,-0.271222528432246,0.373022503724004,-0.727094279097224,0.467168203087296,0.52198199906784
"YDL184C",6585.60918122141,0.0413627178098487,0.0569956329076466,0.725717317270098,0.468012083416752,0.522840044511494
"YHR038W",169.735660750461,-0.0452695459271401,0.0624559875445301,-0.724823154783417,0.468560528791788,0.52336781971633
"YBR089W",0.611956789400804,0.325236962017315,0.449298544732834,0.723877176612514,0.469141143011087,0.523667251431129
"YIL157C",427.839413792334,0.0252470628040093,0.0348828682615094,0.72376682487052,0.469208899648313,0.523667251431129
"YIR021W",203.085764588573,0.0357464206772306,0.0493851366595934,0.723829538503193,0.469170392434544,0.523667251431129
"YLL037W",9.24890996348584,-0.0877083471538814,0.121103505788334,-0.72424284155059,0.468916661209776,0.523667251431129
"YLR331C",5.53735903600847,0.115346307003776,0.159326727871247,0.723960810247661,0.469089795058382,0.523667251431129
"YOR032W-A",15.8321770969082,0.0673306527510446,0.0933865474942787,0.72098877790904,0.470916419260991,0.525487770925758
"YOR164C",665.605058669763,0.0265094002516459,0.0367846359664917,0.72066501557319,0.471115641833199,0.52562488964861
"YPR031W",187.13991248401,-0.0428667675727234,0.059517002082322,-0.720244065946592,0.47137473674409,0.525828752832641
"YGR139W",12.9084049595489,-0.0911594755967,0.126636547653278,-0.719851237940318,0.471616593638718,0.526013323700401
"YHL030W",1188.59131750956,0.020787060752225,0.0288834585754739,0.719687384317476,0.471717495482628,0.526040647294767
"YPR044C",57.7995203328324,-0.169045018197143,0.235175703014658,-0.718803073745281,0.472262263533224,0.526562863874696
"tH(GUG)E1",1.84368211454409,0.184642400887642,0.257051728102875,0.718308343034153,0.472567187082174,0.52681753287901
"YLL039C",3614.50450498509,-0.0517992140357018,0.0725982272614675,-0.713505218924195,0.475533184821981,0.530038202606337
"YOL149W",485.671278617839,-0.027027983547446,0.0379349250913152,-0.71248285010147,0.4761658276235,0.530657449528618
"YML076C",455.032050167562,0.0218060296002322,0.0307037527397862,0.710207308697342,0.477575589253992,0.532142406864174
"tV(AAC)J",0.867194434870216,-0.254567458425713,0.359871794132275,-0.707383747702506,0.479328033953309,0.534008659185847
"YHL013C",299.000787134641,-0.0282661579889534,0.0399857691904104,-0.706905445643706,0.479625239613398,0.53425332061774
"YOR251C",822.495569850042,-0.0176742026366661,0.0250580792670978,-0.705329504638967,0.48060520327139,0.535258302252268
"YBR259W",206.863663283033,0.0210628399666995,0.0298772752926176,0.704978608671987,0.480823548474773,0.53541486838894
"YJL024C",297.196946869215,0.0191240637201483,0.0271851002820921,0.703475930627561,0.481759201524551,0.536370003637861
"YGR241C",1393.50630559853,0.0276685116687017,0.0393576834045261,0.703001530458975,0.482054795701443,0.536612331189076
"YNR001C",3637.4768635057,-0.0334332505669346,0.0476572260496115,-0.701535807647099,0.482968696241251,0.537542753575981
"YBR051W",11.2921653976036,-0.0726548770953045,0.103753879079925,-0.700261790109421,0.483763829444353,0.538336908100485
"YHR116W",243.532091070418,0.0394426735876067,0.0563352453360144,0.700142039896142,0.483838603823646,0.538336908100485
"tM(CAU)M",0.62037924604134,-0.294006908973788,0.420333197867152,-0.699461547328721,0.48426363573946,0.538722755221551
"YOR048C",1184.90342322296,-0.029709641187407,0.0425047272537755,-0.698972634503095,0.484569132927779,0.538975521842933
"YDR135C",2286.92770328813,-0.0228216023435457,0.0328489699990526,-0.694743315976236,0.487216177125711,0.541832237039334
"YDR149C",0.196167515849185,-0.518868006512671,0.74813499785054,-0.693548634943461,0.487965315573146,0.542577712810257
"Q0085",0.616892953315819,0.400163229055507,0.580081299324412,0.689839906098601,0.490294870090429,0.545037173268374
"YDL077C",431.197256329252,0.0196344888921345,0.0284650536338563,0.689775229117478,0.490335548471214,0.545037173268374
"YMR247W-A",33.7987849942642,0.0528859584864185,0.0767197682902647,0.689339392766772,0.490609713667576,0.545253894850889
"tR(UCU)K",0.957814741961075,-0.254715241201818,0.369655092167958,-0.689061902834777,0.490784313124086,0.545359908950829
"YCR073C",870.586280892898,-0.0250933153019818,0.036430349191487,-0.688802491847802,0.490947567322569,0.545453284010955
"YEL060C",5262.97605078261,0.0370232057657417,0.0538681438246025,0.687293140938571,0.491898020285936,0.546345405930601
"tG(GCC)B",0.192214287241726,-0.515205991835018,0.749635519292544,-0.687275320573437,0.491909247837879,0.546345405930601
"YDL064W",490.171491148653,-0.0274445483887015,0.0399638352697753,-0.686734599005262,0.492249989710375,0.546459396832623
"YDL101C",237.758040306096,0.0196663290093065,0.0286275273901115,0.686972672886154,0.492099949138466,0.546459396832623
"YJR154W",87.2951985391869,-0.045043086939399,0.0655835799407523,-0.686804333952044,0.492206038327962,0.546459396832623
"YKL019W",1098.01201691623,-0.031974542140328,0.0466578896912404,-0.685297649591959,0.493156114671647,0.547377051348426
"YJL139C",371.783522820697,0.0190980953849875,0.0278928656564085,0.684694631962263,0.493536637136465,0.547711113263146
"tG(GCC)F1",0.179929315048782,-0.584683285762018,0.854417242487287,-0.684306515233648,0.493781633720496,0.547845868567735
"tI(AAU)I2",0.506448835580306,0.321241723251915,0.469479930665244,0.684250171880025,0.493817205567373,0.547845868567735
"YKL213C",1365.5549245336,0.0162443560212449,0.0238088852615078,0.682281251004532,0.49506112615846,0.54913740190124
"YGR224W",389.118875743406,-0.0240395571072853,0.0352636901879924,-0.681708493329238,0.49542329584858,0.549450610811449
"YJL043W",44.6583229873161,-0.0609413332845901,0.0895880863291627,-0.680239257044522,0.496352979064743,0.550393019948583
"YGL217C",1.85553582672061,-0.169504618286616,0.24936339181207,-0.679749409305281,0.496663144898478,0.550648269343965
"YGL187C",601.863322267665,-0.0350683343453294,0.0516170251266483,-0.679394720235916,0.496887794327453,0.55080864014563
"YOR372C",344.892637863321,-0.0217107043632838,0.0319673792456985,-0.679151837766155,0.497041660038383,0.550890506980726
"tR(UCU)G1",1.98702495835384,0.179503234705556,0.264426085044107,0.678840874097628,0.497238692147007,0.551020182751029
"YFL066C",169.939954253362,0.037859411677788,0.0559504409573447,0.676659755133139,0.498621856422036,0.55237513780623
"tP(UGG)A",0.467360636111645,-0.328903814674156,0.486018804762642,-0.676730635627944,0.498576875171839,0.55237513780623
"YDR336W",272.088835786728,-0.0232360720974175,0.0343585697555079,-0.67628170388823,0.498861806783606,0.552552049502112
"YBR190W",27.7775084097161,-0.156011901351144,0.230852492352485,-0.675807740957513,0.499162719282854,0.55279641664186
"YBL108C-A",16.7054126585943,-0.0621269361309793,0.0923351249738243,-0.672841848089678,0.501047911157951,0.554794928967915
"YCL069W",26.7146283395871,0.0450091132594433,0.0669920112240723,0.671857919131559,0.501674152069419,0.555399025084089
"YGL140C",944.197419730017,-0.0264100055638125,0.0393537033202725,-0.671093272947651,0.502161112134622,0.55584875515223
"YNL262W",558.425280608813,-0.0209729103489674,0.0312584344171371,-0.670952040306576,0.502251082596173,0.55585897824701
"YEL014C",36.4689558673002,0.0420239219619249,0.0626628761364677,0.670635064218963,0.502453039229491,0.555993117180175
"YKL128C",1045.68597887599,-0.0282759531605077,0.0422371289903552,-0.669457272225213,0.5032038280801,0.556734429749556
"YLR198C",25.3528387773446,-0.0856584960925795,0.127980498849637,-0.669308971777167,0.503298404864243,0.556749601139189
"YLR297W",109.10208558729,-0.0364477163681177,0.0545651480201728,-0.667966965921965,0.504154679293539,0.557607223604179
"YDR192C",257.876477884892,0.0244708458454525,0.0366676463668164,0.667368873383653,0.504536543055895,0.557894793596004
"YKL138C-A",250.973879891088,0.0428232708328027,0.064173371366342,0.667305923329795,0.504576743605275,0.557894793596004
"YGR247W",520.566142435052,0.0290622104277746,0.0435836460049903,0.666814575917925,0.504890581122486,0.558062554347137
"YNL097C",692.412728116623,0.0250509114433179,0.0375634819234921,0.666895350498675,0.504838981043791,0.558062554347137
"YBL065W",2.16324628415197,0.156148582046408,0.234287645865167,0.66648235535335,0.505102838090917,0.558207550602884
"YLR285C-A",162.690655577795,0.0766169406729866,0.115139135019846,0.665429184089151,0.505776023791412,0.55886180770404
"YBR072W",175.314677112472,0.0850740248754785,0.128042757238456,0.664418876243375,0.506422254776465,0.559427118161856
"YIL066C",127.66870590771,0.0302592585163964,0.045545430167986,0.66437529308189,0.506450141975722,0.559427118161856
"YDL240C-A",1.52433014963563,0.183911248315231,0.27695451529748,0.664048564500529,0.506659228822716,0.559568301322489
"YDL116W",613.284871597619,-0.0238548476463181,0.0359591562815045,-0.663387301403058,0.507082536667592,0.559945992775681
"YBL103C",551.170244562939,-0.0170100792509783,0.0257296370225945,-0.66110840335761,0.508542796561799,0.561378411788999
"YHR100C",165.976207686133,-0.0286507061720361,0.0433302093922593,-0.661217810250287,0.508472641061403,0.561378411788999
"YIL029W-A",0.416889979000826,-0.340317323560735,0.515716360361641,-0.659892432580752,0.509322860775539,0.562149390259633
"YMR141W-A",26.7179977179745,0.0585362344107158,0.088875278331555,0.658633486269855,0.510131154226182,0.562951273737339
"YAL046C",307.430944633231,0.0404871411346069,0.061567576828579,0.657604915121708,0.510792035405367,0.563499946124973
"YER088C-A",104.337852307731,-0.0314997622717092,0.0478932432206001,-0.657707855085503,0.510725873911559,0.563499946124973
"YIL063C",771.853093870512,0.0172898443077524,0.0263153425249649,0.657025242645039,0.51116468566259,0.563820708232447
"YDR169C",871.930376981318,-0.0179673101638191,0.027424317391104,-0.655159795140332,0.512364876819243,0.565054008793927
"YNL297C",775.332658682699,0.028623636787825,0.0438032268862704,0.65345954676222,0.513460060781132,0.566171127238644
"tE(UUC)K",1.01366492733054,0.231570232168047,0.354467032402263,0.653291310615459,0.513568493247475,0.566200012171156
"YBL007C",3026.42721400068,-0.0239690835318347,0.0367240502581031,-0.652680828050711,0.513962064832183,0.566543198266023
"YOL078W",277.761839526608,-0.0260605856530026,0.0399781011648512,-0.651871522000025,0.514484057572496,0.567027811171224
"YNL005C",770.123760683092,-0.0202292139789123,0.0310673808423922,-0.6511399876783,0.514956125504629,0.567457254177236
"YDL104C",149.221944367143,0.0217145421056514,0.0333633493744663,0.650850184791998,0.515143201014912,0.567572561847923
"YMR140W",541.244693377352,0.0180147776443285,0.0277474159275878,0.649241633575592,0.5161822051078,0.568626317146753
"YGL152C",0.599332561212843,0.284212060505038,0.43844601741611,0.648225891479145,0.51683885804759,0.569258604648482
"YBR044C",549.502030827181,-0.0130188291855632,0.0200886179950456,-0.648069926401803,0.516939724048251,0.569278630849682
"YDR289C",517.221321858068,-0.0188607746423665,0.0291511008135443,-0.647000425918849,0.51763166781998,0.569949469525118
"YKR042W",18641.1140521204,-0.0375531368454926,0.0581453190749727,-0.645849699389757,0.518376697994842,0.570678536247919
"YDL160C-A",198.027096205113,0.0343481521519895,0.0532578368474077,0.644940804681996,0.518965547337527,0.571235458580156
"YJL152W",55.3740158375886,-0.0458265478414257,0.0711138011378755,-0.644411451900555,0.519308660419732,0.571521759429324
"YBR243C",693.228740596223,-0.0161265431701201,0.0250317253998186,-0.644244170649017,0.519417112239755,0.571549755117582
"YLR269C",67.1613634298148,-0.0402966129782856,0.0626826618927655,-0.642866970889385,0.520310422781602,0.572441236952913
"tK(CUU)P",0.752497734290842,0.254530715157137,0.397421094656786,0.640455976240896,0.521876201307784,0.574072159451046
"YKL148C",1602.60528667111,0.0465114001621534,0.0731085601129016,0.636196364561494,0.52464844239691,0.577029476981266
"YJR013W",397.291420101231,0.0149643579338096,0.0235320671527047,0.635913446817173,0.524832837715423,0.577140087473357
"YBR015C",1893.21909135322,-0.0133097606636324,0.0209441319334977,-0.635488771074105,0.525109687928567,0.577341734003131
"YGR240C-A",44.4134732604366,0.0447751139613926,0.0704703825630754,0.63537492394505,0.52518391867271,0.577341734003131
"YLR184W",1.61772103047886,0.176661046989253,0.278146375743744,0.635136972455146,0.525339085433563,0.577420115454994
"YPL068C",108.984922513906,-0.034586682236387,0.0544861864581481,-0.634778913421546,0.525572617809073,0.577584592755861
"YIL135C",1106.87257618961,0.023996055346146,0.0378164336711183,0.63454041052191,0.525728203036953,0.577663370237698
"YIL062C",1889.85351010006,0.0342263921443678,0.0539848075834233,0.63400044709759,0.526080530330987,0.577866057965674
"YML015C",467.666077860259,-0.0229830606358563,0.036246427349452,-0.634077957926073,0.526029946931909,0.577866057965674
"YER114C",923.547594375339,0.0238284378429245,0.0376207246301294,0.633385934938665,0.526481647598914,0.578214411184961
"YGR215W",228.003375564974,-0.032722284840294,0.0517497538736155,-0.632317690248522,0.527179306298705,0.578888281318434
"YJL175W",0.50715764227249,-0.301431079185585,0.476891309359884,-0.632075010111184,0.527337863719226,0.578970051300728
"YEL020C-B",4.13394874081794,0.105360775315978,0.166794953816168,0.631678434541257,0.527597022561079,0.57916222900718
"YLR204W",858.447514143114,0.0313077085527911,0.0496663649387613,0.630360377518941,0.528458828258992,0.580015787113528
"YNL102W",412.047515690706,0.030626657308875,0.0486186848814541,0.629935947127144,0.528736492690861,0.58022804465677
"YPL189C-A",262.00817324777,0.0264213586947545,0.0419688418626802,0.629547004923408,0.528991005772577,0.580414832628557
"YNL043C",16.7786419089999,0.0976824424173282,0.15603044594919,0.626047319310603,0.531283904505512,0.582837744187453
"YDR205W",433.240477957728,-0.0157310524814199,0.0253510083822022,-0.62052965484655,0.534909136442916,0.586721268824196
"YOR081C",508.460809256265,-0.0197879588773206,0.032042439303993,-0.617554696432075,0.536868915758606,0.588777076297866
"snR48",6.68367015154544,-0.092941185675229,0.150863245095765,-0.616062485042208,0.537853280621565,0.589762675120159
"YNL087W",1775.8302056957,0.026186954065424,0.0425927289517331,0.614822170589247,0.538672166061139,0.590566538746966
"YOL063C",532.718411070242,0.0127960861645548,0.0208598417363729,0.613431603473892,0.539590994681511,0.591479700427035
"YLR202C",29.5025325021151,0.0583573577606016,0.0956792555615783,0.609926962935485,0.541910190539685,0.593927357826445
"YDR156W",361.530210328056,-0.028144846502795,0.0463131997929905,-0.607706801270395,0.54338195138145,0.595445604848207
"YDL247W-A",16.287876076951,0.054004802875717,0.0889029163811016,0.607458169810918,0.543546894738607,0.595531567516758
"YDR302W",391.230506735373,0.022493814898294,0.0371036515644197,0.606242618984281,0.544353655779247,0.596320591891824
"Q0160",1.3305377998814,-0.252135184829684,0.415993767436193,-0.606103275016873,0.544446176376067,0.596326184408969
"YEL051W",2536.81409550707,0.0160953849620984,0.0265611786167525,0.605974049357391,0.544531985675989,0.596326184408969
"YGL006W-A",5.27142442221164,0.105909896826043,0.17503878042037,0.605065326504746,0.545135591716572,0.596892262876685
"YAL026C",893.608211964107,-0.0181308400007162,0.0299877609377809,-0.604607994519308,0.545439493485663,0.597020998840303
"YJL209W",279.135412169399,-0.0175652756272366,0.0290511403233053,-0.604632913949522,0.545422932104823,0.597020998840303
"tQ(UUG)C",0.205926596355521,-0.384372114282544,0.635854527233213,-0.604496937302716,0.545513304822708,0.597020998840303
"YKL225W",0.173811596431267,-0.513007582749736,0.849539110525951,-0.60386576249813,0.545932893099481,0.597385246184032
"Q0075",0.123132940575297,-0.711461984605025,1.18180276564283,-0.602014147612889,0.547164720096803,0.598638026039486
"YFL010C",1604.05180673067,0.0396836407760012,0.0659910046131575,0.601349244622485,0.547607396640994,0.599027156954758
"YBR232C",5.70168563915528,0.0996324586557057,0.165939736588751,0.600413503744587,0.548230690448918,0.599518472639898
"YDL217C",446.169074640817,0.0149831264467114,0.0249528687828893,0.600457068767405,0.54820166415865,0.599518472639898
"YGR273C",1.02616250688175,-0.203962443343437,0.339818891855256,-0.60020925331695,0.548366787548443,0.599572071188031
"YDL005C",913.558521140472,0.0243654309125268,0.040658861120511,0.599264963184994,0.548996208194063,0.600164956083856
"YLR382C",586.267099670532,-0.0173552548298119,0.0289759098138738,-0.598954612341529,0.549203151689382,0.600203583105919
"YPR099C",1.27968373139806,-0.180527182195765,0.301460578314666,-0.598841756374956,0.549278414151765,0.600203583105919
"tI(AAU)I1",0.242813928857256,0.416605057698935,0.69571024462863,0.598819782970594,0.549293068576674,0.600203583105919
"YIL083C",604.626854977557,0.0136489061867531,0.0228098188406148,0.598378544000097,0.549587378912536,0.60042988000838
"YMR118C",72.2376852154115,0.0268862416172942,0.044966613948463,0.597915636879153,0.549896225632514,0.600671983734707
"YJL081C",804.508647097454,-0.0158411817262664,0.0266203618639353,-0.595077625437079,0.551791583987413,0.602646741077623
"YPL077C",146.016823763017,0.0235292630076559,0.0396003769995943,0.594167651684147,0.552399986286978,0.603215528245177
"tI(AAU)P2",0.228197246365895,0.351683752809222,0.592203795699686,0.593855958646312,0.55260845781649,0.6033474836769
"snR74",3.52522877081556,-0.107204091900808,0.181772299473152,-0.589771335960034,0.555343962256099,0.60623801809628
"YHR011W",235.754658507391,0.0178378105849648,0.0302663550419923,0.589361043317447,0.555619103660764,0.606442220783824
"YLR013W",0.920514641368245,0.212484861395807,0.362996566017325,0.585363282432995,0.55830347209826,0.609275543730627
"YDR411C",800.111269080173,-0.0205144679219264,0.0351533400914978,-0.583570945706181,0.559509012410086,0.610300942719176
"YLL047W",0.949814592571595,0.207635145919463,0.355707335763868,0.583724666441231,0.559405569091791,0.610300942719176
"YML034C-A",7.00876822897572,-0.0770002561836155,0.131926695155862,-0.583659403372798,0.559449485444951,0.610300942719176
"YKL030W",2.44219426018715,0.202292410220659,0.347018903979651,0.582943487806421,0.559931343982786,0.61066486667535
"YMR064W",485.91811441469,0.0299256511951257,0.0514618580108179,0.581511285286959,0.560895914543769,0.611619951161522
"YIR036W-A",1.46114556590594,0.167276041325445,0.28783491736779,0.581152706749971,0.56113753856969,0.611786532549852
"YHR118C",253.181182701317,-0.0172279161113971,0.0296932142713245,-0.580197076475975,0.561781724923055,0.612249707805459
"YIL066W-A",1.57934023102118,-0.154915724282939,0.26696913259111,-0.580275789861475,0.56172865105333,0.612249707805459
"YJL198W",1631.48848747699,-0.0306654097931098,0.0528598442002951,-0.580126753247953,0.561829143633245,0.612249707805459
"YDL156W",142.753881009256,0.0244793815346055,0.0422916387955947,0.578823196067669,0.562708477873817,0.613110914727208
"YAL042C-A",0.231110666165688,-0.32583024249588,0.565933594795845,-0.575739354390899,0.56479137060816,0.615283004214744
"YAL017W",1186.05959627774,0.0226315658827017,0.0393375960476441,0.575316444230382,0.56507730209652,0.615497108833181
"YGR183C",431.857402911543,-0.0341556337127899,0.059524246562647,-0.5738104333138,0.566096087757436,0.616509263557411
"YGL014W",1335.10653865125,-0.0162436129098216,0.0283381459591437,-0.573206621676685,0.566504801457801,0.616856801840417
"YER181C",3.65441039778307,0.104958100230067,0.1832678389576,0.572703322236201,0.566845587637773,0.617032706859457
"YLR019W",1398.99937896234,-0.0203625941397342,0.0355484224562506,-0.572812876993188,0.566771399281467,0.617032706859457
"YJR135C",87.9612393830427,0.0234121845811297,0.0408947342222981,0.572498758736621,0.566984126531741,0.617085948651761
"YIL033C",2461.11877087442,0.0210023852885736,0.0369738548704475,0.568033421512681,0.570012274247058,0.620283627025604
"YIR006C",2985.58502749492,-0.0201237394963375,0.0356758302014124,-0.564072072961622,0.572705083167572,0.623115438939433
"YLR007W",465.994306953285,-0.0183144449494534,0.0324802259190153,-0.563864456950447,0.572846380840089,0.623170695541794
"YDR328C",1896.05958916707,-0.0271262340373703,0.0481927556304795,-0.562869536769428,0.573523725299698,0.623808980835454
"YIL100C-A",8.15342760976901,0.0699466795624418,0.124340832722573,0.562539899652317,0.573748226880503,0.623923427550258
"tL(CAA)K",0.619524852028977,-0.253502820043524,0.450712598574272,-0.562448932746551,0.573810187835618,0.623923427550258
"YLR329W",62.3033078069441,0.0316557177178211,0.0565206838504688,0.560073154839555,0.575429540420273,0.625585407515171
"YKR064W",365.085698708442,0.0220430406094875,0.0393748897612015,0.559824820924525,0.57559893173044,0.625614341289949
"tY(GUA)M1",0.385050359614466,-0.273708298331058,0.488967638795438,-0.559767715927649,0.575637887011159,0.625614341289949
"YLR387C",1028.26108505868,0.0147983056648648,0.0264850292891505,0.558742280527773,0.576337619513481,0.626275964386098
"YNL091W",2121.68845059758,0.0148274880895933,0.0266217075499032,0.556969836055734,0.577548038437345,0.627492227338034
"YHR057C",1310.27285492382,-0.0355347590075177,0.0638213926388661,-0.556784450138708,0.577674709321621,0.627530825761969
"YBR004C",561.694415102747,-0.0297505166027979,0.0535766172438016,-0.555289193929836,0.578696868957017,0.628542032303055
"tN(GUU)O2",0.252455062796968,-0.324536380952968,0.586307978297473,-0.553525438789628,0.579903666219518,0.629753429325139
"tQ(UUG)L",0.213162026263722,0.431548715329689,0.781670165089827,0.552085437826703,0.580889818437831,0.63072486988558
"YPL250W-A",0.450227207943241,0.264696788421308,0.482324498433311,0.548793995082352,0.583146831724681,0.63307567587897
"YDL026W",0.710927264822476,0.21781728464316,0.398340113911615,0.546812327044445,0.584507673301204,0.634352984028813
"YOR269W",229.170435881528,-0.030132674147459,0.0550982615111393,-0.546889744268375,0.584454481998137,0.634352984028813
"tA(AGC)G",0.258997850864239,-0.327802551616003,0.59975246851652,-0.546563071973374,0.584678945085925,0.634438855306003
"YGL051W",157.268532792606,-0.0229443569785918,0.0420400977871804,-0.54577315910974,0.585221875664632,0.634927925299557
"YLR107W",382.87898625502,-0.023510012235864,0.0431261585593176,-0.545145058619755,0.585653754893197,0.635296376625124
"YER112W",848.081687343154,-0.0258413848229707,0.0475068195504187,-0.543951059395702,0.58647515140541,0.636087179808798
"YBR066C",333.505790226818,0.0410817804591072,0.0756673283246466,0.542926271730489,0.587180566586718,0.63675196108829
"tL(UAA)D",0.520662190494624,0.259356364481314,0.47872147019806,0.541768816790295,0.58797777571222,0.637516060752541
"YIL060W",10.5559657336571,0.067242111133268,0.124229223068808,0.541274504276857,0.588318391023549,0.637784935001911
"YFR001W",589.286854164525,0.0354735339882892,0.0656576613496901,0.540280193645011,0.589003815426223,0.638427466815105
"YCR087W",0.915391730881559,-0.193702513018083,0.359996771611188,-0.538067361413147,0.590530544473638,0.639981551818195
"YNR001W-A",2.66464649851165,0.110854801489237,0.206187441997319,0.537640898084753,0.590824989256238,0.640199882126094
"YNR034W",495.531330233522,-0.0210913233581238,0.0392675544541714,-0.537118332203225,0.591185878561908,0.640490129645749
"YDL016C",201.849872919318,0.0215960528985378,0.040367328406024,0.534988411452936,0.592657870695869,0.641902100131188
"YIR001C",345.355732081738,0.0181320871786047,0.0338941121456014,0.534962742222408,0.592675620992587,0.641902100131188
"YKR021W",608.765381882527,0.0120129491867175,0.0225429423150201,0.532891803511973,0.594108479407982,0.643352765134312
"YBR141C",118.363814609538,0.0216827808785416,0.0407097764764825,0.532618519560465,0.594297679659143,0.643420164166631
"YIL076W",1758.37179237178,0.01053278907779,0.0197786991424798,0.532531942667968,0.594357624415363,0.643420164166631
"YMR231W",473.887561697105,-0.0173023045077128,0.0326050021617042,-0.530664111656921,0.595651559699234,0.644719539149383
"YCL038C",577.973087484592,0.0152251277531101,0.0287242555420772,0.530044294126521,0.596081220462421,0.645012218460776
"YGL142C",409.151898788271,0.0165128233687244,0.0311719430861655,0.529733527457035,0.596296698693223,0.645012218460776
"YJL126W",207.268714377063,0.017479185187949,0.0329843110768898,0.529924216006915,0.596164475573332,0.645012218460776
"YOR271C",2437.71813204045,0.0277233962535053,0.0523304353786584,0.529775761521975,0.596267412511913,0.645012218460776
"YOR078W",407.741130412237,-0.0287785145075754,0.0544650120963496,-0.528385350519443,0.597231903163369,0.645922345786961
"YMR227C",566.545310452056,-0.0244381209860089,0.0462718971044902,-0.528141755909061,0.597400951191634,0.646003698595005
"YKL020C",844.594444834013,-0.0106539313755566,0.0202610377786974,-0.525833449003199,0.599003931893901,0.647635375485162
"YER133W",2195.0912967425,0.0216161367012997,0.0413308493140794,0.523002480230576,0.600972527267297,0.649559788106019
"YPR166C",245.823559779315,-0.0253812296647764,0.0485187560958731,-0.52312201934079,0.600889343253434,0.649559788106019
"tG(GCC)C",0.17708026706449,-0.447426338471598,0.855840734943638,-0.522791589840677,0.601119292831257,0.649616438729117
"tT(AGU)O1",0.148752410183361,-0.445151483669808,0.854767441065733,-0.520786663463442,0.602515394624702,0.651022989954657
"YBR026C",796.590114992094,0.0205158760623499,0.0397081358272496,0.516666814871499,0.605388765405349,0.654025050967493
"YNL086W",116.109484542855,0.0401799851799813,0.0779003946483235,0.515786670418954,0.606003413342142,0.654586366623886
"YER166W",1640.7297755465,0.0117232109723916,0.0228048900642164,0.514065664836804,0.607206081842702,0.655782568390119
"tD(GUC)J4",0.317911015153696,-0.272663078878344,0.531172128368558,-0.51332339239222,0.60772512339794,0.656240193631558
"YJL112W",655.603928779598,0.0144302022043632,0.0281673376284259,0.512302667533637,0.608439198622323,0.656759426621595
"YKL147C",1.7037750502726,-0.137175127144457,0.267801431239029,-0.512227012790008,0.608492139784917,0.656759426621595
"YLR071C",788.802840025924,0.0165878193711919,0.0323833390625157,0.512233137514612,0.608487853790412,0.656759426621595
"YGL194C",175.412445061636,-0.0280991280363632,0.0551532631635598,-0.509473536552748,0.610420343037313,0.658634079581868
"YKL130C",321.105269460093,0.0160527745915698,0.0315072807002162,0.509494130715623,0.610405911304652,0.658634079581868
"tT(AGU)N2",0.236617897882027,0.278039933617112,0.549430346619086,0.506051286260448,0.612820646727353,0.661120362381358
"tD(GUC)J3",0.314847276117429,-0.266258036028588,0.52686183327205,-0.505365959752685,0.613301822870705,0.661535806120133
"YIL072W",93.5018572678299,0.0208227801203739,0.0413236428026619,0.503895075751467,0.614335111109361,0.662546560148488
"YJL092W",675.135805734914,0.018663244716057,0.037159810004813,0.502242737883742,0.615496783374043,0.663695435165276
"YLR317W",0.309875558090681,0.269835189620781,0.537712710362439,0.501820366937024,0.615793885147171,0.663911822617957
"YDL040C",1531.93282010464,0.0227013106575547,0.045344152016828,0.500644728103634,0.616621177826854,0.664699672669155
"YOL117W",223.339611258902,-0.0234524899518,0.0469165495775667,-0.499876699436863,0.617161899834141,0.665178409573898
"YDL041W",0.386204539984033,-0.256867185042689,0.514541889704908,-0.499215302353717,0.617627715468113,0.665576275003593
"YDR427W",1252.99253741793,-0.0185395317934113,0.0371563350442236,-0.498960184618463,0.617807433566461,0.665665755884989
"tM(CAU)J3",0.300063347747667,-0.260727994779393,0.523834370889269,-0.497729834597867,0.618674476680269,0.666495661390025
"YNL067W-A",0.619012614381617,0.207421189027481,0.417152825591879,0.497230694130335,0.61902637873632,0.666770434543111
"YBR272C",291.237659345882,0.0139080236932426,0.0279809229093559,0.497053786906802,0.619151122142511,0.666800481143624
"YER157W",346.916924077545,0.0232230409435395,0.0467478452104327,0.496772436012876,0.619349534989921,0.666909844917987
"YEL074W",21.1291015607429,0.0453442056470066,0.0920450585698078,0.492630526304866,0.622273674618555,0.66995375289269
"YDR220C",7.95109820217426,0.0738785920912783,0.150068631436464,0.492298699495751,0.622508199367122,0.670101462264327
"YER144C",1013.59536734015,-0.0165867500592518,0.033773038947972,-0.491124002338196,0.623338746128498,0.670890615459545
"YER007W",91.2572970730479,0.0301512027915762,0.0614282678623745,0.490835959417377,0.623542474475394,0.671004991679133
"snR7-L",0.37193403282586,0.257355262087884,0.524758720651139,0.490425889003899,0.623832560691375,0.67121224884515
"tX(XXX)D",0.164505371887414,-0.445151528709689,0.90952265525046,-0.489434239092269,0.624534300726932,0.671862290703895
"YDL088C",760.020253702719,-0.0116319890805977,0.0237956329050194,-0.488828732861484,0.624962954134103,0.672218393878034
"YMR193W",275.531826687119,-0.0279749076899212,0.0574025967330621,-0.487345682635443,0.626013379241903,0.673243067179085
"YDR164C",550.883061572528,0.0196251324871497,0.0403439942075742,0.486444955999554,0.626651722975951,0.673719099420585
"tD(GUC)J2",0.451108541112825,-0.244311585874083,0.502139527264218,-0.486541235272103,0.626583476626938,0.673719099420585
"YLR282C",2.95858637083795,-0.0957854141066825,0.197128444361171,-0.485903566160083,0.627035539847499,0.674026493653401
"YER152W-A",0.679673949775777,-0.226017061100067,0.465326200370112,-0.485717462116462,0.627167501135923,0.67406310417122
"YPR131C",330.001481853215,0.0157152407252529,0.0323954303050247,0.485106713424805,0.627600650125648,0.67431811425017
"tT(UGU)G2",0.150997548750854,-0.445151535410097,0.917389161558387,-0.485237404215577,0.62750795213089,0.67431811425017
"YPR158W",192.866083092869,-0.0242557653973536,0.0500849717502724,-0.48429228468561,0.628178450686089,0.674833614132271
"Q0275",1.61281162872186,-0.223901979543337,0.464484565151012,-0.482043960859157,0.629774717626664,0.676442890929732
"YIL048W",878.480842809366,-0.00824756169252848,0.0171762957529601,-0.480171150470969,0.631105698912432,0.677766766029028
"YLR266C",457.614530528768,-0.0149267795850799,0.0311942027781773,-0.478511334020124,0.63228630928562,0.678928764727307
"YER057C",1869.01932652814,-0.0239395330465648,0.050113663849319,-0.477704705817276,0.63286039449518,0.679342749996966
"tT(AGU)H",0.307216680087853,-0.276880772283369,0.579621539472279,-0.477692344793566,0.632869193679091,0.679342749996966
"YLR154W-F",40.262949580143,0.0770817539120229,0.161887390614785,0.476144272999253,0.633971597609266,0.680350684960927
"tL(UAA)B1",0.369443755020369,-0.264761735617038,0.556109685791887,-0.476096249321792,0.634005808962862,0.680350684960927
"YGL192W",697.524872583267,0.0142020103339362,0.0298782249996525,0.47532978729832,0.634551930934587,0.680830613134585
"YFL018C",3316.66727261793,0.0161620011796521,0.0340431300686354,0.474750739637259,0.634964647799576,0.681167279541926
"snR75",7.36667516458485,-0.081858610280144,0.173223375495574,-0.472560992683321,0.636526417409387,0.682736311553766
"tQ(UUG)D1",0.165342339576157,-0.383558858728542,0.812545942363904,-0.472045749945746,0.636894133639248,0.683024316215923
"YNL149C",223.963292750679,0.0214936608341488,0.0456798034689681,0.47052875016746,0.637977298617543,0.684079380311756
"YCL008C",1057.41807358559,0.0334654469291114,0.0712005106954093,0.470016950752982,0.638342907136859,0.68430071876335
"YHR200W",2821.74656740719,-0.0213828242433994,0.0454990945910374,-0.469961532984251,0.638382500597966,0.68430071876335
"YER050C",560.526016519727,0.0133563418820143,0.028445504076621,0.469541402607512,0.638682698071971,0.684515936523275
"YDR443C",385.153615633613,-0.0139852757836722,0.0298494460608723,-0.468527146371558,0.639407662717593,0.685186265807102
"YIL031W",505.399586530945,0.01897835499656,0.0406164279336105,0.467258101268311,0.640315229225739,0.686052031313292
"YCL012C",164.316843785205,-0.0166755612383788,0.0359260715687555,-0.464163224928867,0.64253080668694,0.688318749656073
"tD(GUC)L1",0.212547831576721,-0.315381945225699,0.67971946618096,-0.463988396562614,0.642656058998541,0.688345825483035
"YOL012C",976.136625547035,-0.0113509284136905,0.0245007399942035,-0.463289207443365,0.643157080704046,0.688775315079695
"YNL228W",1.38364696067848,0.141109014568704,0.305220475023355,0.462318311240117,0.643853070168179,0.689413435164528
"YPL035C",35.2644289668625,0.031815277319301,0.0688987378690691,0.461768652130622,0.644247233287923,0.689728222856064
"YPL233W",267.304948429444,0.023437139652911,0.0508650905818009,0.460770626471598,0.644963177867428,0.690387356905666
"YMR295C",1999.33957660999,-0.037374914889764,0.0814071099386521,-0.459111187191506,0.646154323428262,0.691554875921589
"YLR265C",182.77043432482,-0.0316591582959628,0.0692277914973208,-0.457318623217788,0.64744204582558,0.69282537853732
"tA(AGC)K1",0.361803225204265,0.250466851851015,0.54911019931876,0.456132215649519,0.648294905236377,0.693630213294865
"YCR011C",1660.16520092018,-0.0138493311827182,0.0304151099740933,-0.45534378124934,0.648861933569348,0.694129026200274
"YAL039C",2037.38699770748,0.0259740156810413,0.0574593187053511,0.4520418317912,0.651238846943059,0.696563532888451
"YKL223W",3.79507362339732,0.0815879024443935,0.180677890945859,0.451565501552383,0.651582027514478,0.696822345361476
"YLL066W-B",2.60033557499174,0.0971946929848877,0.215871003857338,0.450244318357459,0.652534283550833,0.697732340774574
"YJR142W",567.847868302784,-0.0171678776645185,0.0382471553766178,-0.448866784875039,0.653527757991059,0.698686120150379
"tI(AAU)L1",0.274908149465333,-0.261269212699662,0.584390643956079,-0.44707973237042,0.654817492174704,0.69995628530086
"YKL209C",1167.07181976563,0.0243999962857183,0.0547394781612089,0.445747696276164,0.655779507070281,0.700875800400324
"YNR004W",131.545291032293,0.0225124515740998,0.0506134439809238,0.444791932803165,0.656470124817046,0.701505014646184
"YDR252W",77.2633615996215,-0.0213069399655121,0.0479520135852381,-0.444338795651147,0.656797656339579,0.701746099301366
"tE(UUC)L",0.429075430598165,-0.211381443409425,0.475920218620707,-0.444153106211882,0.656931893355174,0.701780618425194
"YDR534C",947.266440522424,-0.024163729913118,0.0544369391046317,-0.443884801580662,0.657125873391429,0.701878938613092
"YOR304W",791.652863140432,-0.022195059570804,0.0500755501082429,-0.44323146770884,0.65759832012691,0.702274613630181
"YJR012C",316.372977835674,0.0321502742823487,0.0728335175020977,0.441421413999711,0.658907942349344,0.70355694492253
"tG(GCC)P1",0.683788017224177,0.188316756800642,0.426742012357122,0.441289470798689,0.659003447756775,0.70355694492253
"YPR033C",2914.04524808626,0.0120019260160474,0.0272473519630836,0.440480455946996,0.659589164397804,0.704073084787424
"YAL067W-A",0.777321959448074,0.169527323642962,0.387095239589358,0.437947322273457,0.661424470266979,0.705922721715727
"YAR030C",28.3139178957216,0.0399567515649316,0.0918774586925501,0.434891780133352,0.663640981308967,0.708178573513986
"YFR028C",714.027530485737,0.0131203949359406,0.0301903957260369,0.434588372242676,0.663861236592076,0.708211134906189
"YHR117W",698.659172626844,-0.00820737427739744,0.0188863545902339,-0.434566355205544,0.663877220723971,0.708211134906189
"YIR021W-A",3.21885371280123,0.0840729261241448,0.193567666542551,0.434333520808671,0.664046265348247,0.708281725317224
"YGR022C",0.981545059276017,-0.155462218019457,0.359333109513896,-0.432640950425543,0.665275634642462,0.709483076907272
"YAL018C",2.498329500076,-0.0955325627501275,0.220899989750702,-0.43246974731842,0.665400035266175,0.709505845254393
"YJR160C",145.29796260014,0.0167908310712961,0.0388483831809992,0.432214411422622,0.665585586071023,0.70959379995339
"YOR323C",1978.89036559622,-0.0130230199072941,0.0302163593577137,-0.430992355932833,0.666473928604057,0.71043087141027
"YPR191W",1262.01448846148,-0.0210502072529963,0.0488737700854646,-0.430705616042844,0.666682434791828,0.710543121291291
"YHR056C",317.01098224237,0.0259265356238098,0.0612233127800869,0.423474889654166,0.671948815342304,0.716045131346814
"YLR076C",283.454776329478,0.0642329135575296,0.152058256758161,0.422423056313792,0.672716251774614,0.716751995275181
"YDR105C",660.293146693557,-0.00938878099701194,0.0223952418515845,-0.419231060741935,0.675047273974416,0.719124320178533
"YER085C",0.201124773826696,0.275409915642705,0.65887756009562,0.417998627245304,0.675948120898598,0.719861223880409
"YNL306W",1050.18383083508,-0.0108288225258648,0.0259059183878821,-0.418005737674606,0.675942922199831,0.719861223880409
"tS(AGA)D3",0.134904815044045,-0.442028997957085,1.06429950930729,-0.415323876494863,0.677904824654303,0.721833392784546
"tL(CAA)A",1.22020402663272,-0.129203402555831,0.311220817880367,-0.415150257093331,0.678031910561379,0.721857075029395
"YBR027C",20.0360172736562,0.0418667393521134,0.101120113965423,0.414029788044242,0.678852291532324,0.722618742609779
"tG(GCC)M",0.453402025604511,0.190428292295255,0.46070876418507,0.413337681196702,0.679359226061929,0.723046571562279
"YGL102C",63.5232779687846,-0.0419091424967494,0.10177521155547,-0.411781433378873,0.680499631160029,0.724148371025781
"YKL174C",634.54523074946,0.015329170528451,0.0374193689332464,0.409658713266843,0.682056320487124,0.725580619059618
"YOR355W",749.11365657528,0.0180728536215727,0.0441114168300368,0.409709207283189,0.682019275130572,0.725580619059618
"tA(AGC)J",0.164551283207438,0.354469853373509,0.866429353933738,0.40911570200635,0.682454753645665,0.72589231868537
"tA(AGC)L",0.861229678263972,-0.154051925299181,0.377423086376646,-0.408167732340164,0.683150536133287,0.726520148482805
"tT(UGU)G1",0.128064715370518,-0.376451867224232,0.925258806307321,-0.406861155665883,0.684109967082068,0.727428127159851
"YBR107C",262.734094271149,0.0104694412285869,0.025835488218662,0.405234890085198,0.685304860974418,0.728586159328114
"tD(GUC)K",0.722548568656499,0.163835668730837,0.406918362953639,0.402625400194836,0.687223821001578,0.730513510513488
"YER033C",347.744614450262,-0.0148632677007925,0.0370405747212821,-0.401269899633945,0.688221422313315,0.731348123572646
"YGR093W",394.910264168574,-0.0142500998010448,0.0355117822419776,-0.401278080157862,0.6882154001025,0.731348123572646
"15S_rRNA",16.9947944123459,-0.136617752472874,0.34070294623607,-0.400987881032919,0.688429046464786,0.731392334846857
"tK(CUU)D1",0.259237307792048,-0.263101141336166,0.65623562711077,-0.400924805766078,0.688475486149961,0.731392334846857
"YCR098C",78.5737045452769,-0.0197635753380958,0.0493135321106613,-0.400773874678974,0.688586615174069,0.731397538641386
"tS(AGA)L",0.0814729260823433,-0.57006063963858,1.42433038428424,-0.400230624810442,0.688986660153011,0.731709571981101
"YDR468C",608.89422552581,-0.0119945148025919,0.0301890495543585,-0.397313429195394,0.691136345612201,0.733879355265269
"YPR076W",0.848784388722864,0.144215602555757,0.36394903677759,0.396252189132423,0.691918994113996,0.734597112486486
"YJL161W",178.232987168101,0.0277795411363587,0.0702344194315571,0.395526030701081,0.692454714711131,0.73505253018596
"YBR221C",3801.55548191491,-0.00958465634128803,0.0243055909211789,-0.394339572832041,0.693330350471266,0.73586857761595
"YGR063C",276.276054896087,-0.0307020404486164,0.078057271604608,-0.393327102235072,0.694077903333087,0.736548453213364
"YLR016C",427.604072333776,-0.0163385337871916,0.0416990059929913,-0.391820701671829,0.695190697929078,0.737615650368578
"YJR161C",375.766736218301,-0.0190244720789397,0.0486880179212559,-0.390742381620635,0.695987668365726,0.738347472526661
"tM(CAU)D",0.37303587099693,0.192690947256017,0.493699100484062,0.390300381481529,0.696314441242303,0.738580330912534
"Q0060",0.248776130425029,-0.258473777629544,0.662663405142157,-0.3900528920472,0.696497436023205,0.738660635708528
"YOR334W",143.143818970362,0.0170493934975102,0.0438413008407515,0.38888885983197,0.69735836337307,0.739459776963436
"YPR142C",0.0578720996553202,-0.701214817075169,1.8090508945407,-0.387614753786791,0.69830114900184,0.740345459020275
"YDL125C",2721.82297606796,0.0211872354515751,0.0551838554456253,0.383939021304006,0.701023643874612,0.743117442352072
"YHR139C",53.2896890281434,-0.0216892650208249,0.0565641391033519,-0.383445507429984,0.701389466919961,0.74339077582265
"YJR056C",216.811364211067,-0.0194641132670849,0.0508394969302831,-0.382854167376524,0.70182789596003,0.743740967167124
"YHR180W-A",0.14375673532031,-0.376451932852865,0.985507772842694,-0.381987786627994,0.702470423830631,0.7443073050283
"YLR308W",2.46566036704868,0.0860972380546594,0.227064760480115,0.379174812827019,0.704558053970954,0.746404400921683
"tD(GUC)I2",0.459698191710204,-0.178187943153262,0.470216152292822,-0.378949005227488,0.704725732392445,0.746467179618767
"tQ(UUG)E2",0.19635861865724,0.289326879003946,0.765154123306637,0.378128889580587,0.705334848022928,0.746997450951832
"YOR325W",0.216877457316948,-0.252063948719036,0.670084699578951,-0.376167294787391,0.706792527803904,0.748426107955995
"YKL039W",2073.41417627903,-0.0108339223837922,0.0289297805877145,-0.374490305964955,0.708039567513249,0.74963131206039
"YHR009C",1566.03166001354,0.00819639241962107,0.0219195052003841,0.373931452589425,0.708455315338033,0.749956157149809
"tD(GUC)J1",0.432837993777852,-0.176648127845905,0.473509360533404,-0.373061532821468,0.709102647656131,0.750526015236351
"YDL011C",0.330590212338156,-0.198200836758966,0.532160180269562,-0.372445823846814,0.709560941422393,0.750895647355237
"YFL021W",377.312223310443,0.0231927000547283,0.0625101771827438,0.371022785408626,0.710620560739529,0.751901423189128
"YHR023W",501.312428320591,0.0328646211598689,0.0890753510874016,0.368953035364652,0.71216273120089,0.753417394640155
"YLR396C",329.582084110955,-0.00817690220925021,0.0221830877606748,-0.368609739882375,0.712418634677239,0.753572330581164
"snR84",107.648695527999,0.0210533206902745,0.0571432215065753,0.368430762830758,0.712552062763464,0.753597688498687
"YDL189W",1117.77835979021,0.0098548797496856,0.026884031714846,0.366570009075072,0.713939782477226,0.754949378337537
"YML047W-A",1.89626383281249,0.110287358811023,0.301196353380109,0.366164322951947,0.714242462421013,0.755037517851785
"YML117W",2277.91917525856,-0.00965765978088178,0.0263678932899238,-0.366265885358856,0.714166683107117,0.755037517851785
"YLR061W",11.7940170756907,-0.0455456165265544,0.127655903388471,-0.356784256094716,0.721253323434388,0.762331767246817
"tQ(UUG)D3",0.231191102349903,-0.252105623843168,0.707384020573846,-0.356391459957852,0.721547424048324,0.762525558645082
"YPL055C",889.072531579137,0.019191554402988,0.0540645082145277,0.354975103571385,0.722608242702012,0.763529427716905
"YMR106C",174.15421945479,-0.0108170387205427,0.0304959351829648,-0.354704279624294,0.722811144479936,0.763626627243265
"YER093C",549.475275816519,0.0115051001293815,0.0327420160990465,0.351386429429939,0.725298461869299,0.766136837982529
"YLR087C",480.196239515537,-0.011143234125446,0.0317319819105298,-0.351167290995722,0.725462847418606,0.766192929050023
"YNL275W",328.036521051117,0.0104661696277244,0.02988249978213,0.350244112909969,0.726155503450657,0.766806846818678
"YFR022W",377.780730522824,0.00874759691015779,0.0250387887925686,0.349361823474226,0.726817690270434,0.767388406304544
"tT(AGU)C",0.297102540515953,-0.194076125397161,0.559453690485898,-0.346902931730778,0.728664244063689,0.76922007365509
"YDL230W",571.166312953482,-0.0165875681308833,0.0479633114659635,-0.34583867593576,0.729463957363987,0.769946243515415
"YAR027W",893.844501531448,-0.0220314592366488,0.0639738596780476,-0.344382210914324,0.730558865255129,0.77098371969368
"YGR003W",165.362503782055,0.012923938813379,0.0376153525560556,0.3435814882798,0.731161048312126,0.771500968219002
"YKR016W",810.592216153544,0.0116447595518816,0.0339172230585098,0.343328801765213,0.731351115489415,0.771583271551428
"YGR065C",464.171302286907,0.0136071499578439,0.0397102375271232,0.342661006460861,0.731853500899754,0.771994998267934
"YJL136W-A",2.60260901038953,-0.072906469050815,0.213295434279607,-0.341809796806258,0.732494036400557,0.772433977732858
"tL(UAA)B2",0.411381421241391,0.163501715497136,0.478256943786225,0.341870029534207,0.732448705123258,0.772433977732858
"YOR146W",0.0984605512072135,-0.438906606024863,1.28487868508972,-0.341593810464849,0.732656595846458,0.772487084594619
"YGR019W",1446.09193236714,0.021414067813942,0.0629783876389229,0.340022484168955,0.733839595742336,0.773615926609399
"YML009C",429.245019129556,-0.0150510619838035,0.0445788580058402,-0.337627805132014,0.735643685913856,0.7753990780032
"YIL001W",175.190243631411,-0.0119592723475747,0.0354518450343685,-0.337338503425728,0.735861737422814,0.77551018860494
"YBL057C",908.656477424777,-0.0169336025400128,0.0503004730469696,-0.336648971953018,0.736381534543056,0.775939220282972
"YGL022W",4029.5498816287,0.0113295730981059,0.0337470497029343,0.335720402163652,0.737081719192452,0.77655816934048
"tV(CAC)H",0.132934480395141,-0.310874880769931,0.929261053144705,-0.334539879528903,0.737972203090252,0.777377389577171
"YCR059C",1081.97017119013,0.0193311067015155,0.0580839151438694,0.332813424398714,0.739275124174413,0.778591986054939
"YOR113W",487.860676553545,0.0129574048604745,0.0389447630232553,0.332712381706809,0.739351402298793,0.778591986054939
"YKR032W",0.234474618049288,-0.186667109226879,0.565262370078152,-0.330230914187815,0.74122548969512,0.780446168611546
"YGL166W",211.906171375532,0.0266822357226216,0.081573944089412,0.327092627682383,0.743597827663744,0.782824318572611
"YDR131C",158.414621784991,0.0143212764029802,0.043814789906664,0.32685941056634,0.743774221964601,0.78289031007893
"YBL045C",1902.85301141344,-0.0125768038157883,0.038614457680089,-0.325701940966877,0.744649875565036,0.783572427520293
"YMR197C",906.993043004547,0.015223159741203,0.0467268490884369,0.32579041896001,0.744582928166397,0.783572427520293
"snR60",2.07912567902893,-0.0778160308955314,0.24070433185015,-0.323284713230569,0.746479630037624,0.785377789243435
"YDL195W",3301.86080026203,-0.00994642071086328,0.0307857824173683,-0.323084876519229,0.746630963389185,0.785416987461351
"YLR236C",9.52552614579325,-0.0375516530051085,0.116687873377224,-0.32181281497618,0.747594505394516,0.786310444491482
"tG(GCC)D1",0.469438260613435,-0.161379878532104,0.506711587719772,-0.318484681312148,0.750117312742146,0.788843393650478
"YIL028W",105.010165446651,-0.0218258159169731,0.0688195579439406,-0.317145540730618,0.751133170572818,0.789791062827405
"YGL199C",0.161586891603369,-0.310874943919506,0.981260094107028,-0.316811970431152,0.751386280658049,0.789936561662951
"YGR018C",47.3632645785729,-0.0233758913886987,0.0740032676152474,-0.315876476025803,0.752096267861146,0.790562260186869
"YHR154W",348.453693791396,0.0199175821055998,0.0632803805381601,0.314751301054344,0.752950489771674,0.791339356140738
"YDL093W",460.57362197451,0.00918377170166533,0.0292306876532705,0.314182540301538,0.753382402603294,0.791672442296044
"YIL156W-A",1.96825273563231,-0.0783541546335813,0.25038398777835,-0.312935964191702,0.754329313355956,0.792546516474249
"YNL083W",364.171327469203,-0.00733584747024338,0.0235170847616555,-0.311936940509074,0.755088447747859,0.793223064196523
"YPL014W",517.831255129048,-0.0151056983712442,0.0485309334889162,-0.311259176061267,0.755603599623101,0.793522084106933
"tE(UUC)E2",0.597743376608264,-0.139605536039515,0.448399231168024,-0.31134205042203,0.755540603048948,0.793522084106933
"YOR072W-A",18.7288920760145,0.0318440461710731,0.102711724965292,0.310033213655342,0.756535699071796,0.794329373810562
"tD(GUC)M",0.45162703744734,-0.148762449714039,0.479964581591295,-0.309944640541653,0.756603054967272,0.794329373810562
"YJL028W",2.16965523346516,0.0718817698337893,0.232873463352885,0.308673082792878,0.757570221408763,0.795223505778218
"YDR061W",595.308390178881,-0.0057778131527999,0.0188516713484199,-0.306488111638132,0.759233030145032,0.796847471425083
"YKR019C",367.570967493163,-0.00939898496174273,0.0306969404607348,-0.306186376253529,0.759462744778321,0.796967077853794
"YCR100C",88.6429050569395,-0.0137400304189499,0.0452429568689199,-0.30369435089661,0.761360762194458,0.798715350862234
"YGR216C",397.363361483375,0.0115974136340224,0.0381780108514393,0.303772076527271,0.761301541752568,0.798715350862234
"YOR038C",392.173975970037,-0.0101788780317991,0.0338045469022162,-0.301109731221742,0.763330820751454,0.800660070212334
"tL(CAA)M",0.415517233730132,-0.149468445702007,0.496927780548378,-0.300785046746758,0.763578411665105,0.800797770649543
"YHR211W",379.14486419206,-0.0172266624267024,0.0575317565161052,-0.29942875847846,0.764612922048512,0.801760580003656
"tG(GCC)J1",0.339516591604787,-0.147357978069705,0.493204271924692,-0.298776767473346,0.765110378573495,0.802160036010129
"YKL106C-A",2.16845766895143,0.0676997469853579,0.228457477062774,0.296334126839525,0.766974926229149,0.803932501765955
"YOR213C",297.181154249305,0.00819951346746082,0.0276771128726664,0.296256098140879,0.7670345103995,0.803932501765955
"YNL114C",1.18227634451153,0.0932332349711434,0.314983659429935,0.295993878348735,0.767234756416138,0.804019984463487
"YJR098C",181.624767836726,0.010775154309308,0.0366573801641212,0.29394229104933,0.768802001238743,0.805539762369311
"YBL021C",360.454106395458,-0.0160972629695315,0.0547989410080318,-0.293751351274692,0.76894791178413,0.805570050613776
"YLR032W",326.197237855089,-0.00985050200672485,0.0338782214789217,-0.290762075950582,0.771233291767053,0.807841353083244
"YIR023C-A",1.89190545625644,0.078627099684998,0.271135342454306,0.289992071757479,0.771822302945786,0.808335344658006
"YLR114C",1482.34138318439,0.0126361325249246,0.043777022056748,0.288647603954067,0.772851062585836,0.80928966781802
"YGL032C",172.040808400898,0.0144482500824657,0.050108572566957,0.288338887785306,0.773087342404348,0.809413983037399
"YNR011C",420.904418784833,0.00942182351699702,0.0327212950873701,0.287941644480743,0.773391408526748,0.809609221180882
"YPL237W",2214.94219417065,-0.0100753315857717,0.0350598674596725,-0.287375062023859,0.773825153870277,0.809940131407245
"tW(CCA)G2",0.209762568927007,-0.184378134007567,0.643092729610112,-0.286705362256778,0.774337931402965,0.810353649142638
"YBR058C",752.354373668241,0.00592791245228573,0.0207791809412301,0.285281333708565,0.77542861246963,0.811255103717676
"YDR141C",845.404455813504,-0.00961820760244745,0.0337157980973927,-0.285273021705254,0.775434980038639,0.811255103717676
"tS(GCU)L",0.754328285282764,-0.116692762520394,0.409337253557278,-0.28507730851833,0.775584914228562,0.811288686487945
"YBR040W",2.60847486450627,0.0609602614883046,0.215558132492893,0.28280195594251,0.77732865488879,0.812989182577748
"tD(GUC)G2",1.21689775590037,0.0905030332053851,0.320456488556465,0.282419100368561,0.777622170877256,0.813172637680727
"tE(UUC)E1",1.13084039979437,0.0893350360557321,0.31773361718893,0.281163311726666,0.778585143034715,0.813967669275866
"tV(AAC)M3",0.328517760463988,-0.143036023654185,0.50880896168106,-0.281119308869101,0.778618891772092,0.813967669275866
"YDR203W",1.13468216793079,-0.091228617502902,0.330079342598003,-0.276383904502644,0.782253217789169,0.817394658442621
"YDR446W",4.09075193558253,-0.0501917749330484,0.181529874528038,-0.276493194652079,0.782169285887297,0.817394658442621
"YFL005W",2116.94650815644,0.0111464875690589,0.0402895574543079,0.276659468938076,0.782041596562615,0.817394658442621
"YKR067W",1179.08841320965,0.0132123885585467,0.0479171155391069,0.275734221684599,0.782752209058618,0.817791951345764
"tA(AGC)M2",0.126844829925878,0.296452407254941,1.07819716595898,0.274951944425923,0.783353158583352,0.818295629926624
"YDL110C",2083.25829985357,0.0183230403392679,0.0672503590148826,0.272460111851789,0.78526825759868,0.820171716257117
"RDN5-1",89.6125458381217,-0.064868828333292,0.23859691519724,-0.271876223880209,0.785717193452658,0.820516134828082
"YIL004C",254.016000006217,-0.007749570248693,0.0286424077352951,-0.270562807439664,0.786727304507573,0.821446389374376
"YLR163C",587.354968140881,-0.00529112933883766,0.0197393874684156,-0.26804931750308,0.788661357362456,0.823340931833284
"tY(GUA)F2",0.22906501352726,-0.185438708392857,0.696615916218849,-0.266199356166591,0.790085678846739,0.824702834878684
"tM(CAU)C",0.129153831878508,-0.307752520356465,1.15884375339625,-0.265568606168456,0.790571466242445,0.825084818111147
"tS(AGA)A",0.142848389594603,-0.242175186842788,0.91477724424083,-0.264736785230997,0.791212237693543,0.825628411112465
"YKL090W",236.762792860894,-0.00870660275386467,0.0329348252822711,-0.264358552967684,0.79150364569945,0.82568221221829
"tA(AGC)F",0.252244127294465,0.150825506163757,0.570378834353425,0.264430404986418,0.791448285266299,0.82568221221829
"YHR069C-A",0.371581952481633,-0.140308183850501,0.532629503457521,-0.26342548232815,0.792222651931504,0.826307068406061
"YMR230W-A",23.6756518986207,-0.0343991091436855,0.130680974537482,-0.263229664956464,0.792373567478373,0.826339292954953
"Q0250",1.53698505524484,0.107610087208217,0.409598518641028,0.262720889629307,0.79276571463061,0.82662304183428
"tK(UUU)K",1.10246961561599,-0.0898945620622077,0.343544507473989,-0.261667877397266,0.793577507958447,0.827344206888841
"tG(UCC)G",0.274648051287106,-0.150470717126588,0.579677895270963,-0.259576427450719,0.795190521354366,0.828900339065073
"tR(ACG)D",0.517153492659825,0.117475204608321,0.454058975945684,0.258722348487114,0.79584947491931,0.829461646203367
"tQ(UUG)B",0.192067335065294,-0.183021789004223,0.71164448952752,-0.257181488366102,0.797038673643783,0.830575339494089
"YNR005C",0.535618130833704,0.121715517172054,0.475748839207647,0.255839861584885,0.798074492839998,0.831528886683321
"YOR140W",387.245151481304,0.0121974804822008,0.0480803852099353,0.253689325261069,0.799735581542207,0.833133526844923
"YGL067W",489.492874265415,-0.00608377640515511,0.0240366749543615,-0.253103909617549,0.800187917787061,0.83347864053917
"YLR226W",131.089417863848,0.0186780557381116,0.0744551182359905,0.250863287583672,0.801919809186003,0.835156237520138
"YDR434W",854.998721063131,0.0046134094643866,0.0184179280345019,0.250484715530672,0.802212523276888,0.835334728185325
"YGL069C",0.314390308709565,-0.135504405981664,0.542316425757994,-0.249862256693166,0.802693872358033,0.835583203989274
"YPL253C",124.342214154356,-0.0142240112597905,0.0569020886399334,-0.249973447368471,0.802607882814364,0.835583203989274
"YDR283C",665.128643422104,-0.00902828952698533,0.0362347272791228,-0.249161238538895,0.803236061199328,0.836021206554402
"YNL264C",557.126143331237,0.00548316759753079,0.022024231816696,0.248960674005172,0.803391201368378,0.836056291024982
"tR(ACG)K",0.548706247351885,0.113850914151159,0.459401242697126,0.247824567218723,0.804270145860612,0.836844484547426
"YER148W",610.826749712009,0.0103011043732707,0.0416125863300817,0.247547804204231,0.804484299996671,0.83694082887233
"YEL032W",941.329048459605,0.0085317865812065,0.0348359354142229,0.244913376941304,0.80652350377044,0.838935537612854
"YJL057C",451.179206089468,-0.00815598582766151,0.0333799692894925,-0.24433772712394,0.806969266727301,0.839272417132547
"YGR064W",3.77746723819779,0.0441583689889587,0.181834244996534,0.242849574291138,0.808121930131906,0.840344281673187
"YGR134W",588.95659681537,0.00618662565532284,0.0255197603442075,0.242424911985002,0.808450933011631,0.840432534166553
"YOR277C",11.3570164815254,0.0420187978380337,0.173242925671695,0.242542647413272,0.808359715268601,0.840432534166553
"snR34",55.4728753374856,0.0191072842854263,0.0789797248647217,0.241926447808646,0.808837156362603,0.840707098664934
"tG(UCC)O",0.11521614695381,-0.304630034102143,1.26257525064605,-0.241276734948087,0.809340641140245,0.841103443660466
"YOR258W",111.208465397285,-0.00911873950174773,0.0379125027148162,-0.240520642236159,0.809926662675991,0.841585432013914
"YNL180C",1036.53657155149,0.00772776316107879,0.0322414023983697,0.23968446116567,0.810574882052698,0.842131894210476
"YLR284C",321.700369765278,0.0109334724719726,0.0459459844006237,0.237963613460509,0.811909315865802,0.843391013840683
"YOR138C",1122.25145409754,-0.00679623013946443,0.0286601358391067,-0.237131818830774,0.812554528373944,0.843933915802475
"YDR400W",295.861567663724,-0.00580653073864212,0.0248264833656248,-0.23388454390129,0.815074612645343,0.846295989754665
"YNL245C",314.782349665274,0.00708104488400269,0.0302652597001375,0.233966103518039,0.815011293840165,0.846295989754665
"tT(AGU)J",0.0483573242804902,-0.432662406579035,1.85439700854096,-0.233317032213859,0.815515233741751,0.846625811868509
"tF(GAA)G",1.07181511480159,0.0755246745544415,0.325299751566271,0.232169481196346,0.816406380641329,0.847423176649412
"tF(GAA)D",0.610753580565278,0.10552360455198,0.461382218086749,0.228711901792755,0.819092843670655,0.8498585140926
"tK(CUU)E2",0.0659198497846752,-0.367084994487627,1.60528177458795,-0.228673246216759,0.819122890271387,0.8498585140926
"tK(CUU)J",0.0663511143817908,-0.367084991579589,1.60395873585069,-0.228861867437567,0.818976279358021,0.8498585140926
"YEL056W",812.469136147959,0.00413110129384669,0.0181087179754533,0.228127761415605,0.819546918564984,0.850170338152767
"YDR028C",2567.62129024067,-0.00690297840752324,0.0305087273998217,-0.226262417211266,0.820997327153018,0.85154664017001
"YMR123W",603.221995042943,-0.00847976889093646,0.0378681284731414,-0.223928914177813,0.822812616707195,0.853300928758704
"YGR291C",1.40526950405919,-0.0706769421794319,0.316228186703442,-0.223499818014997,0.823146524748897,0.85351864802653
"NME1",26.2341324276802,0.0298910141843071,0.134186200313755,0.222757735999795,0.823724063285181,0.853988883559474
"YPR037C",762.150468401014,-0.016235058654785,0.0730569582966373,-0.222224672821237,0.824138988135018,0.854290414530201
"YDR363W",316.621732574968,-0.00917131357751514,0.0416414084907854,-0.220245037569865,0.825680322747715,0.855759298828544
"tA(AGC)D",0.299863521788837,-0.130199500942354,0.593967206903714,-0.219203180628556,0.826491777950723,0.856471386392343
"YML088W",1109.66938278704,-0.00552054210712552,0.0253639338702763,-0.217653229004629,0.827699307806811,0.857568615269702
"YOL137W",320.973938120901,0.00671728750373448,0.0308806194927875,0.217524376585236,0.827799711994545,0.857568615269702
"Q0110",0.0810461831771134,-0.301507706639447,1.42521709964406,-0.211552125437414,0.832456462237221,0.862263087483567
"tY(GUA)M2",0.080416633682871,-0.301507709460323,1.42653516562455,-0.21135666103844,0.832608972276625,0.862291331847858
"YCR009C",1583.5117138346,0.00813955629468984,0.0388607547458299,0.209454405811902,0.834093524810169,0.863585881235976
"tK(CUU)G2",0.0744591587680534,-0.301507737636819,1.43963451131436,-0.209433530015578,0.834109819930173,0.863585881235976
"tP(UGG)M",1.43480054141887,0.0599183527957154,0.286521376175579,0.209123499249835,0.834351830507235,0.863706563380291
"YBR091C",179.586990529794,0.011312236532503,0.0544272168333141,0.207841539411196,0.835352697014752,0.864554268425273
"snR17a",56.4132346393746,-0.0491871970115208,0.236758108043188,-0.207752956880989,0.835421866061488,0.864554268425273
"tA(AGC)M1",0.0647441378610454,-0.367085418365325,1.78768618677968,-0.205341083395956,0.837305647960754,0.866373517614937
"YCR028C-A",1269.78737663897,-0.00433001514756952,0.0211646722118495,-0.204586922217736,0.837894873843831,0.866462331993808
"YGR074W",94.5401851513729,-0.00884108128301335,0.0432118037105203,-0.204598755984372,0.83788562742284,0.866462331993808
"YLR065C",989.455722035867,-0.00370943674119012,0.0180925340228748,-0.205025826481808,0.837551947005123,0.866462331993808
"tY(GUA)O",0.113976826295575,-0.239052911589683,1.16747925913368,-0.204759878789684,0.837759734884218,0.866462331993808
"YKL064W",2190.71630686485,0.00557666137373261,0.0274119145403488,0.20343932436839,0.838791666002093,0.867259441421296
"YDR168W",916.896714324291,0.00944598297017409,0.0465397223906324,0.20296603600015,0.839161578999013,0.867511632343574
"tI(AAU)P1",0.300882135123269,0.119997722012093,0.600448277933037,0.199846891767547,0.841600326666097,0.869771577468639
"tR(UCU)B",0.45451872217744,-0.0956977601896003,0.478803419702207,-0.199868581241796,0.841583363162735,0.869771577468639
"YOR284W",150.921059246602,-0.00758632296425508,0.0381791620824213,-0.198703233661276,0.842494894369679,0.870565413137511
"tK(CUU)G1",0.270596300341419,-0.121017016996761,0.611069693199976,-0.19804126819485,0.84301277576211,0.87096983210116
"YNL127W",417.650013449852,0.00780994875715695,0.0398802907758429,0.195834799727382,0.844739471176349,0.872622844568516
"YJL091C",299.365506867867,-0.00767753895201884,0.0392398496353192,-0.195656686337259,0.844878888368279,0.872635935555895
"YIL073C",216.853133238625,0.00775912440687619,0.0397674689356162,0.195112352245456,0.845304992721968,0.872945083979414
"YPR165W",4209.29214741058,-0.00671501485073986,0.0344820012232742,-0.194739708036651,0.845596724456844,0.873115394103984
"YDL126C",11321.1163108433,-0.00768425280199838,0.0395999125664236,-0.194047216369709,0.846138911165886,0.873413253879629
"YNL067W-B",0.162496861564594,-0.179720894741388,0.925987265098656,-0.194085708859333,0.846108771536434,0.873413253879629
"YER188W",172.170721132945,-0.0132425745872452,0.0685589368664992,-0.193156066772617,0.84683674438216,0.874002546105707
"YDR540C",57.9482151143006,0.0143492438331692,0.0743666294599349,0.192952725400845,0.84699599192214,0.874035881952029
"YGR136W",838.232532329394,-0.0083896158826614,0.0437060398354927,-0.191955526381239,0.847777042322347,0.874710765231434
"YML072C",2838.47492240571,-0.00480070835643773,0.0254297814621328,-0.18878291831121,0.850262960321292,0.877144213636814
"YGR057C",186.306486965238,0.00802750206418254,0.0426638308209322,0.188157085515255,0.850753512374986,0.877518791415996
"YLR028C",3959.22542859826,-0.00528431113468377,0.0281305790740486,-0.18784935499457,0.850994744707707,0.877636132012067
"YBR265W",1212.3056667079,0.0074864301084507,0.0401362329606293,0.18652547975278,0.852032699506232,0.878525262689177
"YGL144C",254.900165680066,-0.0100831524710324,0.0542126023851335,-0.185992777092684,0.85245042554667,0.878525262689177
"YJL150W",0.93868686536051,-0.0664315756547639,0.35660638468646,-0.186288239660018,0.852218729434306,0.878525262689177
"YLR305C",1251.18687826997,0.00428210462264965,0.0230060990486315,0.186129104877707,0.852343518313401,0.878525262689177
"YMR010W",751.482502511167,0.00476621283973684,0.0256336087842535,0.185936084140625,0.852494884535423,0.878525262689177
"YLR166C",495.337740172543,-0.00702492528820491,0.0380679581152545,-0.184536435259708,0.85359264672923,0.879524898642734
"YDL022C-A",0.683573701814694,0.0739845918746597,0.403263460942374,0.183464655344095,0.854433448998693,0.880223633731989
"YLR253W",776.665111053696,-0.00410440367448951,0.0223860988188551,-0.183346089361158,0.854526473182951,0.880223633731989
"YAR023C",94.6404484056779,0.00915689126605087,0.0506725161970401,0.180707254213394,0.856597364494897,0.882224809954729
"YBL026W",454.788790558127,0.00757064590230899,0.0423289067533624,0.178852856900388,0.858053240549961,0.883592067183142
"YML047C",1.79042491988781,-0.0450095586421093,0.255066470573437,-0.176462074928623,0.859930940930697,0.885393229894998
"YGR198W",821.876560304906,0.00609573856744799,0.0347134434823301,0.175601667709827,0.860606892070485,0.885956706325551
"YPL065W",200.056986991632,0.0062610511952281,0.0356903129613432,0.175427186699359,0.860743979912402,0.885965361294197
"tL(UAG)L2",0.0476723280859104,-0.363963648808174,2.0823494974685,-0.174785092152226,0.86124850275335,0.886352158663201
"YEL018C-A",0.119846287546387,-0.173475641611409,0.996494327112438,-0.174085929936092,0.861797930643997,0.886785047449398
"YBR284W",141.55912093503,-0.00614242867495722,0.0353740585542403,-0.173642180908895,0.862146679981351,0.887011340656246
"YGR122C-A",24.9859764311407,0.0142012730521224,0.0833306359465956,0.170420792914908,0.864679220945096,0.889484003616762
"YJR023C",1.67192602493914,0.0483647656415999,0.284665829677185,0.169900144658902,0.865088667354001,0.88977225496449
"YKR033C",0.018149452267581,-0.495119653700649,2.91950649962587,-0.169590187164885,0.865332440266339,0.889890044993837
"YIL032C",5.54721677102298,0.0247502070918413,0.146522096442717,0.168917915404775,0.865861207237087,0.890300838086521
"YCL075W",0.0297094552285455,-0.429541856817534,2.55610277575736,-0.168045612598759,0.866547395607442,0.890641125532672
"YDR126W",209.908408611862,-0.0086377815502938,0.0513368856279773,-0.16825682829475,0.866381235621279,0.890641125532672
"YKR066C",2391.29844776269,-0.0073679903862906,0.0438560746616797,-0.168003872738947,0.866580232381026,0.890641125532672
"YGR062C",298.566102726649,-0.00573175803979143,0.034279485779233,-0.167206651718907,0.867207450787073,0.891152731144627
"YOR379C",0.0613240549687371,-0.298386006694181,1.79486953952796,-0.166243841194527,0.867965059159275,0.891798154351829
"YKR004C",129.535728001862,0.0104430600326445,0.0629852068339449,0.165801789937386,0.868312937454948,0.892022467081068
"YDL007C-A",0.145833130888589,-0.173475744363558,1.05585902004828,-0.164298207497082,0.869496392730046,0.893104977464772
"YER148W-A",3.0180563194508,-0.0466467764935747,0.291258854578642,-0.16015573693393,0.872758396044073,0.896091471480216
"YHR056W-A",0.113779445733206,-0.173475793935597,1.08333642284319,-0.160131045423834,0.872777846006887,0.896091471480216
"YNL044W",247.013561198369,0.0104078539616031,0.0650043816843277,0.160110037076353,0.872794394734398,0.896091471480216
"tR(ACG)O",0.111977818406122,-0.173475797230397,1.08513804849953,-0.159865187171595,0.872987272377843,0.896155862579611
"YPL152W",215.883808261892,0.00570413188860427,0.0358058567405721,0.159307230935235,0.87342682405218,0.896473417352304
"tM(CAU)E",1.01937109541642,-0.0553970855575143,0.351041080243153,-0.157807985091497,0.874608106312008,0.897552066173524
"YFL034C-B",381.286415388466,0.00377849789081998,0.0243008705140269,0.155488170213448,0.876436479324265,0.899200225343283
"YHR135C",2394.95501491581,-0.00414063895315653,0.0266383745826047,-0.155438874106847,0.876475339474042,0.899200225343283
"YGL013C",483.296624759557,0.00507697451278057,0.0328931003973332,0.154347703665909,0.877335585849752,0.89994867529433
"YNL268W",2285.06162703198,-0.00365679983685688,0.0239838013663755,-0.15246956814709,0.878816590889894,0.901333565958129
"tV(AAC)E1",0.525528092466624,-0.0685463402434104,0.457272676645133,-0.149902549932162,0.880841499896438,0.903275800832138
"YDL231C",804.264523166703,-0.00286620985619939,0.0193192911748212,-0.148359990553634,0.882058673501185,0.904389272830329
"YAL059C-A",0.00907639904442085,-0.426420775012086,2.91950649962587,-0.146059197013856,0.883874656975409,0.905711715028381
"YCR040W",0.0112967133017164,-0.426420775012086,2.91950649962587,-0.146059197013856,0.883874656975409,0.905711715028381
"YPR050C",0.0138035853574453,-0.426420775012086,2.91950649962587,-0.146059197013856,0.883874656975409,0.905711715028381
"tT(AGU)O2",0.337536099855594,-0.0780725125468466,0.533347264447452,-0.146382137401098,0.883619727701897,0.905711715028381
"YDR173C",238.924283630692,-0.0058332519217534,0.0400398545865169,-0.145686141520546,0.884169162101219,0.905805582300904
"YPR177C",0.0680474193535608,-0.232808602320808,1.59885192949704,-0.145609857939781,0.88422938542402,0.905805582300904
"YDL032W",0.101789522591341,-0.17035330452926,1.17486152764405,-0.144998623685354,0.884711958446737,0.906165104716718
"YLL030C",0.208536972013467,-0.115981755682636,0.810304931904924,-0.143133468791777,0.886184772797977,0.907538622744916
"YKL052C",442.746888667364,-0.00628374347817845,0.0445185363294818,-0.14114892348824,0.887752295142686,0.909008707920493
"tV(AAC)M1",0.526168945014157,0.0640227340495652,0.455350627027968,0.14060095726108,0.888185191966082,0.909316735566762
"YDR445C",0.42122345660433,0.0674254200980323,0.483588359394108,0.139427301729327,0.889112499401393,0.910130769904638
"YLR268W",852.844502031696,-0.0035595182112277,0.0256806474521346,-0.138607027640645,0.889760689666807,0.910658889305183
"tS(AGA)M",0.288503965405951,0.0809329201719088,0.584823169125364,0.138388703534008,0.889933224388678,0.910700096598699
"YOR297C",182.052733122131,-0.00581374555916324,0.0422718546662179,-0.137532303824118,0.890610060582715,0.911121882186032
"tE(UUC)M",0.645554775164994,0.0619628602479524,0.450373399414365,0.137581083448811,0.890571506560809,0.911121882186032
"YLL014W",542.066742870196,0.00430634104000542,0.0318060802919915,0.135393641733644,0.892300651006332,0.912580211256476
"YNL063W",280.237988436757,-0.00387492132745555,0.0285864654266936,-0.135550907382807,0.89217631735531,0.912580211256476
"YJL129C",1356.26917464486,-0.00360407226684395,0.0266777544000605,-0.135096538216716,0.89253554719037,0.912684871885593
"tG(GCC)O1",0.340774765976929,0.0686125574928935,0.512608367862417,0.133849858477747,0.893521300520202,0.913557195438312
"YGR146C",901.463787039989,-0.00665807626205218,0.0502119615816526,-0.132599405646105,0.894510202495827,0.914432478720679
"YGR248W",664.529675368744,0.00838416241294295,0.0633455577014496,0.132355964919559,0.894702743081556,0.914493525254827
"YDR045C",353.361612646728,0.00559973839941318,0.0428072999830012,0.130812697872485,0.895923477866456,0.915510276680633
"tV(AAC)H",0.331908328148919,-0.0685346999729561,0.524117101492837,-0.130762189933794,0.895963434171983,0.915510276680633
"RDN5-6",44.3734139645753,0.0397008091132227,0.30760409749666,0.129064630270908,0.897306508834172,0.9163726144207
"YBR144C",5.51844582764185,0.0207617234129203,0.16056810715118,0.129301663831489,0.897118954940084,0.9163726144207
"snR87",7.41614295946242,-0.0182669556893034,0.141074175482818,-0.129484759537214,0.896974083555981,0.9163726144207
"tE(UUC)E3",0.343289628538417,-0.0692992620711996,0.537109389689177,-0.129022622582158,0.897339748209783,0.9163726144207
"YGR172C",519.9890258204,0.00372092991095052,0.0290878560122665,0.127920390880008,0.898211974028843,0.917127308496009
"tN(GUU)G",0.287610300326861,-0.0689102843587882,0.539495329811748,-0.127731011838108,0.89836184720742,0.91714432355028
"YBR277C",0.592535547174815,-0.0537372118796152,0.426301392910231,-0.126054506912979,0.899688778358147,0.918362822682853
"YJL035C",369.993043758145,-0.00767619979504526,0.061156929474227,-0.125516435521509,0.900114714269601,0.91852524199588
"YLL044W",2.10037026322281,-0.032475783625986,0.258538240354011,-0.125613075967089,0.900038211821784,0.91852524199588
"YPL135W",849.15999899498,0.00582646366388686,0.0468946540910978,0.124245796814459,0.901120662518121,0.919283362095806
"tY(GUA)F1",0.270301084536382,0.0735521541542163,0.592013241697565,0.1242407246556,0.901124678400086,0.919283362095806
"YAL068W-A",0.0238827314215565,-0.36084428665212,2.91950649962587,-0.123597699370891,0.901633814155652,0.919666490438765
"YOR246C",1576.79822561922,-0.00457806440841365,0.0374211385676394,-0.12233899297689,0.902630551985535,0.920546785723657
"YDR226W",5690.38120870133,-0.00403482184311542,0.0330471952254863,-0.122092716661284,0.902825589988589,0.920609328653944
"YDR014W",125.247890922507,-0.0052473470437273,0.0432250805808111,-0.121395888063578,0.903377473644631,0.920952885813467
"tG(CCC)D",0.0396801058759987,-0.29526564704777,2.43358445828405,-0.121329525278102,0.903430034972281,0.920952885813467
"YJL066C",282.374124961456,-0.00671064299308505,0.055939372959883,-0.119962785387273,0.904512627968032,0.921919976840844
"YDR207C",678.068122700244,-0.00394189223205697,0.0330249124754867,-0.119361171206219,0.904989222209733,0.922269211798995
"YKL192C",1565.53776396205,-0.00660180069100658,0.0556692244483633,-0.118589773010583,0.905600368127205,0.922755443918278
"tQ(CUG)M",0.032913466182333,-0.295265966463558,2.5116840666945,-0.117556969198018,0.906418702051782,0.923452613735797
"tE(CUC)I",0.032022827981986,-0.295266015472686,2.52345329052954,-0.117008710476557,0.906853150937178,0.923758535908045
"YER019W",1473.22249343867,-0.00612071029761406,0.0526903168291834,-0.11616385449829,0.90752268270247,0.924303797397412
"YPL195W",816.751349712326,0.00666360148028202,0.0576733265203031,0.115540439269377,0.908016769184767,0.924670234556592
"YGL088W",0.281010621715208,-0.0605018131610394,0.526847889029042,-0.114837345694868,0.908574047273467,0.924964115847674
"YJR135W-A",376.202089879583,0.0040145971801636,0.0349194978354762,0.114967208265091,0.908471113673567,0.924964115847674
"YDR194W-A",0.273920354037599,0.073887685917866,0.64698208093858,0.114203604852049,0.909076394349248,0.925338701226282
"YLL015W",1486.53903264464,-0.00278683602774253,0.0245814713029589,-0.113371408627077,0.909736106154443,0.925873331984234
"YMR159C",5.92428368380614,0.0174793256778993,0.156503846057284,0.111686237228327,0.911072192150691,0.92709607492721
"YFL015W-A",0.156732152983783,0.0901152379098775,0.808755067467075,0.111424634645082,0.911279626070711,0.927170123466358
"YPL044C",0.142764581538546,-0.111021345508046,1.00083964431419,-0.110928205271207,0.911673279052537,0.92729657649235
"tS(AGA)G",0.306101711861809,-0.0663934835154053,0.598395911174861,-0.11095243512786,0.911654065029313,0.92729657649235
"YCL074W",0.0474537351487766,-0.229687577629705,2.08378096855548,-0.110226353487108,0.912229862554381,0.92758862851675
"YKR035C",9.12180981122163,0.0135538614562723,0.122905444066526,0.110278772101714,0.912188291978675,0.92758862851675
"YPL111W",1278.74725036613,0.00599517105255082,0.0550545015521941,0.108895201727821,0.913285612479945,0.928525020957534
"YOR392W",0.990543720210173,-0.0366001995111192,0.343308881652988,-0.106610115458982,0.915098293349098,0.93023058463141
"YGL025C",534.922187058953,0.00512313420872509,0.0484777147647059,0.105680192096328,0.915836096747956,0.930568407040979
"YIL142C-A",0.077120311079299,-0.167231667649079,1.5800453437555,-0.105839790174374,0.915709466082816,0.930568407040979
"YMR219W",970.217629869469,-0.00425628000937229,0.0402300838136256,-0.105798437534717,0.915742276499973,0.930568407040979
"YLR367W",3259.76523968424,0.00497612635485754,0.0473384390513764,0.105118091229349,0.916282104109329,0.930884209354099
"tK(CUU)C",0.0342214574257378,-0.22968798252134,2.1899208059491,-0.104884150101398,0.916467735979738,0.930935432608513
"YJL001W",2385.77396645904,0.00527444970261243,0.0507941452445238,0.103839717692288,0.917296546664641,0.931639876646416
"YKL093W",277.110575643448,-0.00341878250165955,0.0331693440963247,-0.103070548869803,0.917906979102891,0.932122352673069
"tK(CUU)K",0.410457627661279,0.0493252030455755,0.481099663729665,0.10252595618793,0.918339211343285,0.932423753148285
"YBR193C",351.201200467241,-0.00352079490706956,0.0346256250800303,-0.101681771778327,0.919009271157917,0.932966504264562
"Q0070",0.030806352391842,-0.295267798292153,2.91950649962587,-0.101136201727926,0.919442340542132,0.933268541151789
"YCL018W",0.00590692039502331,-0.292145407963557,2.91950649962587,-0.100066709219862,0.920291364833101,0.933442257936933
"YCL066W",0.00938940480894085,-0.292145407963557,2.91950649962587,-0.100066709219862,0.920291364833101,0.933442257936933
"YER172C-A",0.0140496782492387,-0.292145407963557,2.91950649962587,-0.100066709219862,0.920291364833101,0.933442257936933
"YLR302C",0.00913267501256267,-0.292145407963557,2.91950649962587,-0.100066709219862,0.920291364833101,0.933442257936933
"YNL120C",0.0118353606450648,-0.292145407963557,2.91950649962587,-0.100066709219862,0.920291364833101,0.933442257936933
"YCR091W",573.829581837198,0.0049045833537039,0.0504156652845731,0.0972829243851051,0.92250171604207,0.935546371328568
"YMR119W-A",41.5452064326902,0.0106026697796477,0.111110003006652,0.0954249796844385,0.923977275689689,0.936904792801695
"YOR242C",29.1577080775957,0.0113188228008742,0.120120606257685,0.0942288184642756,0.924927392792176,0.93773009856783
"YMR326C",0.0385042830550923,-0.229689065289913,2.45128606282015,-0.0937014527899128,0.925346316197495,0.938016694201966
"YGR025W",36.0421665936671,0.0155655828999803,0.168742715395681,0.092244473270926,0.926503804086524,0.939051772579968
"YOR333C",0.566928303801546,0.0424997068022346,0.461729297336573,0.092044639678246,0.926662572769625,0.939074450032215
"YBL052C",349.909179361218,-0.00503713760696265,0.055310483501224,-0.0910702146881644,0.927436799504767,0.939720730624035
"YML094C-A",1.57716810879873,-0.024210660071841,0.267663390200774,-0.090451892033799,0.927928121772773,0.940080211654729
"YLR039C",458.438400036602,-0.00347716305819662,0.0391146156171292,-0.0888967717906931,0.929163949133997,0.94105527946272
"tQ(UUG)D2",0.0505012759018473,-0.164109910426839,1.84337162826508,-0.0890270349779079,0.929060424617663,0.94105527946272
"YGR140W",243.909862179993,0.00380623025572043,0.0430413667148964,0.088431909723794,0.929533400343499,0.941290992993821
"YJL007C",2.25958465872152,-0.0196306846254554,0.222507774378526,-0.0882247134073619,0.929698075441996,0.941319301385021
"YJR102C",252.476798004784,0.00350629562974365,0.0398498417902771,0.0879876926035664,0.929886458081434,0.941371601807186
"YDR387C",626.208462995807,-0.00195848022574193,0.0223865246606111,-0.087484781824481,0.930286181394346,0.941637806365785
"YER119C-A",12.9157433379879,-0.00928350512771608,0.107380875300789,-0.0864539900770194,0.931105529670575,0.942328615578702
"YER158C",396.618078174285,-0.00330081551803661,0.0390648329142297,-0.084495830950662,0.932662217408785,0.943763267696907
"YNL317W",410.21128184317,-0.00185405685026412,0.0219867772706499,-0.0843259940936911,0.932797245704786,0.943763267696907
"tG(CCC)O",1.17866114736685,-0.0270117190039564,0.323286048647162,-0.083553617970806,0.933411345418007,0.944245829151187
"YNR073C",139.836874602654,-0.0077732226945032,0.0966025127862508,-0.0804660507299924,0.93586659624644,0.946590497305235
"YJR138W",403.490240274131,-0.00322807621330304,0.0403848213191878,-0.0799329081535222,0.936290616636482,0.9468802725532
"YOL166W-A",0.0246301721354938,-0.22656891960359,2.91950649962587,-0.0776052115768967,0.938142096647991,0.948613355180117
"tV(AAC)K1",0.789454335993127,0.0295026618608612,0.387905324651496,0.0760563467061639,0.939374269780474,0.949719801385986
"YIR020C-B",0.225900104970122,-0.052311935815465,0.692007947876548,-0.0755944147404465,0.939741780142492,0.949951865552937
"YGR075C",211.277395527256,0.00290572201224054,0.0393175845670934,0.0739038789954678,0.941086869300076,0.951032305171147
"YJL151C",1682.50352062871,0.00613153843843367,0.0828608963720065,0.0739979737958174,0.941011997518942,0.951032305171147
"YDR487C",2539.48158660114,-0.00397293626351276,0.0542169636179764,-0.0732784722417666,0.941584522298857,0.951395573235637
"YJR125C",1407.99217095597,-0.00279157366324746,0.0387415689144207,-0.0720562884124282,0.942557112548576,0.952238550241665
"YNR059W",498.826060852065,0.00355559104904334,0.0507619251923491,0.0700444483846969,0.944158281796219,0.953716222148909
"YJR034W",258.808804282709,0.0037362809271193,0.0540628435356177,0.0691099594984818,0.944902093451704,0.954327550742992
"YGL184C",157.982677079246,0.012749498517965,0.196714372835935,0.0648122368191082,0.948323498364136,0.957642605784259
"YBL059C-A",199.114031156816,-0.00278616667979924,0.0437872779719125,-0.0636295930883494,0.94926516760404,0.958452951892332
"YBR191W-A",30.1772110423789,0.0171514397341886,0.273881587541255,0.0626235589188889,0.950066268930327,0.958980539742751
"YNR042W",0.0643294942078726,0.101320962641948,1.61635225340214,0.0626849515188815,0.950017380773477,0.958980539742751
"tE(UUC)P",0.189725592328417,-0.0473585533568882,0.758909991263515,-0.0624033863067748,0.950241598335077,0.959016916525506
"YMR299C",260.259751236953,-0.00198378698658415,0.0328641361137481,-0.0603632780645122,0.951866305160265,0.960515830430665
"YGL132W",7.71276459282114,0.00766087314261365,0.128508628374099,0.0596136869526942,0.952463317145303,0.960977423585201
"YBR276C",1080.5325800754,0.0012866490101438,0.0219259686327806,0.0586815128532193,0.953205784565537,0.96158561563864
"YDR255C",365.990683626954,-0.00220519993585574,0.0379056426632107,-0.0581760334588917,0.953608410911516,0.961850851029269
"YJL222W",550.674890883091,-0.00148773774767251,0.0257871128372948,-0.0576930716152471,0.95399311255557,0.962097931733572
"YDL068W",2.04013963037217,-0.0145569801154426,0.260439094600243,-0.0558939898704016,0.95542625873547,0.963402136993807
"YDR285W",192.487004585412,-0.00345092793825418,0.0626080430454547,-0.0551195624458145,0.956043211257145,0.963741948683081
"YOR331C",0.452784790470596,-0.0271055615348381,0.491205200199578,-0.0551817479208791,0.95599366982649,0.963741948683081
"YGR205W",633.759023659107,0.00208134186808584,0.0390134840946275,0.053349294901156,0.957453604443196,0.965022407640376
"YNL293W",724.782521053888,-0.00196883298693029,0.0372006354477581,-0.0529247138720299,0.957791893165251,0.965222070322417
"tA(UGC)L",0.448790004002298,0.0256084890850721,0.492504058297701,0.0519965036909253,0.958531479297663,0.965826025898494
"YGL133W",640.460731215536,-0.00161182680964288,0.0315621663236101,-0.0510683199979575,0.959271080019152,0.96642981942228
"YGL109W",27.0065437225518,-0.00369502026842204,0.0754440822795073,-0.0489769396986318,0.960937673334667,0.967967210081811
"tS(AGA)J",0.824894670391576,-0.0173926486256189,0.363542940324373,-0.0478420750244807,0.961842103909508,0.968736525075623
"YHL030W-A",0.544446485234123,-0.0218069892403882,0.458581553449616,-0.0475531322102866,0.96207238481846,0.968826732408234
"YOL008W",211.097199834679,-0.00146377606729274,0.0328421899238296,-0.0445699897201634,0.964450063613157,0.971079071069989
"tT(AGU)B",0.322541732458975,-0.0249088013037777,0.565900602098367,-0.0440162127614205,0.964891480477389,0.971381465577837
"YMR202W",4470.12284885644,0.00223625798456937,0.0526731140249044,0.0424553973306391,0.966135667441048,0.972475554896262
"tY(GUA)J2",0.13317466006342,-0.0423216851112788,1.0005484279995,-0.0422984874364322,0.966260751059598,0.972475554896262
"YDR276C",4146.05464109661,0.0022226040774538,0.0531624798119609,0.041807757751619,0.96665195063034,0.972584930599136
"YNL213C",292.069613487991,0.00162177529071147,0.0387790049731271,0.041820961931213,0.96664142442555,0.972584930599136
"YBL112C",43.3411053977279,-0.00284014586986708,0.0690571774471748,-0.0411274537254241,0.967194288206899,0.972988409454194
"YAL034C-B",30.9769924938411,0.00432015602484185,0.10942952448046,0.0394788887674758,0.968508584716144,0.973841056316786
"YPL202C",336.840708946163,0.00108775171341046,0.0275493279093707,0.0394837840323674,0.968504681902857,0.973841056316786
"tS(AGA)D2",0.120372340468363,-0.0391989977791647,0.996044792578787,-0.0393546535971313,0.968607633065701,0.973841056316786
"tY(GUA)J1",0.140228144843704,-0.0423218340838794,1.07422829705714,-0.0393974299502447,0.968573528923008,0.973841056316786
"YPL201C",51.5933312992603,0.00326910597648778,0.087795205567426,0.0372355865603291,0.97029716430499,0.975397280805936
"YFL011W",21.4125117229297,-0.00319577763223866,0.087401505344608,-0.0365643316970148,0.970832383683466,0.975792841118345
"tT(CGU)K",0.107480132002895,-0.0391991957921531,1.08977946881316,-0.0359698424442181,0.971306405629416,0.976126784813681
"YAL019W-A",0.944171728929356,-0.0129671118201887,0.366019173918343,-0.0354274113057301,0.971738927365878,0.97641893095652
"YIL166C",124.772047219945,-0.00185994516878072,0.0536332906800611,-0.034678930664088,0.972335761714741,0.976751709539731
"tR(UCU)M2",0.660917605202794,0.0152157034891603,0.439046397674855,0.0346562540308748,0.972353844180874,0.976751709539731
"YDL172C",0.106585041640446,-0.0391994186972696,1.18647008239255,-0.0330386912228101,0.973643733337686,0.97776212135793
"YIL125W",1663.19513623548,-0.00125672356219662,0.0379368076319416,-0.0331267610703884,0.97357350220939,0.97776212135793
"YCL009C",4965.45898384085,-0.00221626482739266,0.0684434505619301,-0.032380962812319,0.974168244001524,0.978146180538208
"YDL247W",147.45061000592,0.00119203004789867,0.0378963824676656,0.0314549825149075,0.974906693112157,0.97874490843937
"tM(CAU)J1",0.433766690655809,0.0143153850003201,0.488691256084944,0.029293311108132,0.976630661577203,0.980332716862377
"tI(AAU)B",0.150892787534277,0.0263781616735428,0.909825412741099,0.0289925531911351,0.976870529791883,0.980430553588501
"YLR064W",477.161694521397,-0.00122427758128785,0.0431547226880734,-0.0283694924918659,0.97736745586824,0.980786318853349
"YHR214W",70.6061519899191,0.00168538659974497,0.0599891529511708,0.0280948557669553,0.97758649695882,0.980861204470024
"tF(GAA)B",0.0935677778143669,-0.0360770315325494,1.29221824881366,-0.0279186829048966,0.977727007447753,0.980861204470024
"YDR308C",287.655523466527,0.000857487505007635,0.0335526124579109,0.0255565049095145,0.979611078781589,0.98260814064849
"YNR013C",1751.27729835739,-0.000920963431684688,0.0363170646523333,-0.0253589721664225,0.979768636042874,0.982623023911899
"YAL063C",354.990703917571,0.00120866460440292,0.0490760892423718,0.0246283806037131,0.980351381713721,0.983064267855952
"tD(GUC)D",0.297446963311998,-0.0134930714661996,0.561209526911632,-0.024042841076581,0.980818436335011,0.983389388985955
"Q0050",9.36425077015168,-0.00742208757980933,0.321706282683574,-0.0230710060055296,0.981593633383985,0.984023320595331
"YGL006W",2466.57239409481,0.00108205297992943,0.0476806671678976,0.0226937466315058,0.981894564017725,0.984181696500515
"tK(UUU)G1",0.759818590512109,0.00823526992908252,0.408829298106637,0.0201435414908412,0.983928866095194,0.986077182396712
"Q0255",0.0795136928732656,0.0326209460258384,1.75110815539857,0.0186287442756005,0.985137272196011,0.987144537777548
"YGR023W",713.965342334408,-0.00128843916040932,0.0732933456206726,-0.0175792106295378,0.98597454162938,0.987839743759936
"YHR115C",554.297279375481,-0.000360165247989323,0.0231618152844432,-0.0155499577026344,0.987593428817213,0.989317729871455
"tG(GCC)G1",1.23726128936241,-0.00446988607795164,0.301772902994411,-0.0148120856233219,0.988182097706561,0.989763419073272
"YDL196W",15.4122794010719,-0.00123673306647453,0.0991581680088063,-0.0124723267009602,0.99004878108885,0.99146096603873
"YOR282W",3.05682349616849,-0.00270917903464764,0.219780772316422,-0.0123267336177488,0.990164938632143,0.99146096603873
"tN(GUU)N2",0.293973480854416,0.00620549919124587,0.546360707956521,0.0113578796953673,0.990937917984954,0.992090674033213
"YPL208W",379.443633513806,0.000206114367530732,0.0231684152560194,0.00889635157403273,0.992901832062563,0.993912345703801
"YDL078C",2180.69531677507,0.000269778795398985,0.0311488093630444,0.00866096653180769,0.993089634916526,0.993955827358668
"YOL071W",304.044574922527,0.000384306517950995,0.0522247851363083,0.00735869983855259,0.994128660000581,0.994851137224419
"tG(GCC)E",0.609566594336316,0.00261052934322121,0.441830098973478,0.00590844614091786,0.995285769474599,0.995864339897198
"YDR196C",707.366396892053,-0.000152635084327509,0.030385976124726,-0.00502320819647145,0.995992076589413,0.996281482975171
"YFL012W-A",0.489734167980681,-0.00230997922844724,0.459115358251762,-0.00503136997473418,0.99598556451484,0.996281482975171
"YJR022W",0.301554734290993,-0.0019519148042106,0.537666538894933,-0.00363034457792812,0.997103410473431,0.99724825408332
"YPR030W",412.662574640049,-0.000114033317158733,0.0615639185123177,-0.00185227516237319,0.998522099090678,0.998522099090678
