"gene_id","baseMean","log2FoldChange","lfcSE","stat","pvalue","padj"
"YML123C",5953.41948797837,-4.95734773360868,0.1253069055604,-39.5616483500118,0,0
"YDR033W",4143.95764610627,-3.63312768004552,0.136743515443424,-26.5689211533301,1.55264301030642e-155,4.77437725669224e-152
"YGR234W",2970.08873195424,-4.13323771159367,0.177698781611091,-23.25979769878,1.1322127088596e-119,2.32103605316217e-116
"YOR290C",836.782220385659,-8.05616078229768,0.351781403898936,-22.9010422182867,4.53639182977186e-116,6.97470243827424e-113
"YHR136C",663.610898783011,-5.13935395237704,0.244188984060253,-21.0466249006094,2.4555548915541e-98,3.02033251661154e-95
"YHR215W",1381.51037402486,-4.43317227097153,0.210965730856965,-21.0137080224523,4.91434466298599e-98,5.03720327956064e-95
"YIL121W",957.406635046057,-2.90590059222706,0.13854297103997,-20.9747240903957,1.11612065033655e-97,9.80591714224257e-95
"YFR015C",6731.43610516382,-3.21471347872125,0.156347543824186,-20.5613302268197,6.0939310578933e-94,4.68470950075548e-91
"YAR071W",1762.24684542436,-4.37679797882495,0.215322541427535,-20.3267059259466,7.46487666397145e-92,5.10099905371383e-89
"YOR153W",6956.78530027814,-2.56582329505167,0.127140116484578,-20.1810676755428,1.43610614511883e-90,8.83205279248079e-88
"YER081W",4945.82300667293,3.13915393500962,0.155684294519405,20.1635877575201,2.04502157995421e-90,1.14335297424713e-87
"YPR160W",3041.16420724811,-2.85672617794162,0.163807825919051,-17.4394975448446,4.13694938269133e-68,2.12018655862931e-65
"YJR027W",2009.6340625626,-2.37873936581281,0.137363501565268,-17.3171136343125,3.49451654581123e-67,1.65317513513378e-64
"YDR406W",1630.95842059967,-2.1319791479556,0.124646743153024,-17.1041705063906,1.38154654170398e-65,6.06893659391389e-63
"YML039W",1693.83847205814,-2.47738448886301,0.146470907245534,-16.9138331662689,3.55793767828031e-64,1.45875444809493e-61
"YOL103W-B",1931.2957866103,-2.47559260465285,0.149240147628151,-16.5879801380328,8.51357327118489e-62,3.27240472611169e-59
"YDR055W",1934.11530911731,-2.3374274822961,0.142354203448512,-16.4197995259165,1.38021986990663e-60,4.99314835289752e-58
"YGR027W-B",1888.24516128324,-2.47085414099958,0.152079009938084,-16.2471740314823,2.33900369375062e-59,7.99159595364794e-57
"YDR365W-B",1536.14198787271,-2.29296875782174,0.141543368453256,-16.1997611253612,5.06233331376119e-59,1.63859736208586e-56
"YPL257W-B",1457.14496854453,-2.47019614102945,0.152945837329125,-16.1507902677588,1.12116053278706e-58,3.44756863832022e-56
"YNL160W",1327.80573465315,-2.75981629892124,0.172047709539746,-16.040994130664,6.60879181853572e-58,1.93543188971403e-55
"YLR258W",4472.01300606571,-2.36869675471005,0.147723938458899,-16.0346168631909,7.3233863549968e-58,2.04721936741956e-55
"YDR261C-D",1600.90229563885,-2.4992150317207,0.156780118094143,-15.9408926469872,3.29611597287157e-57,8.81352749267833e-55
"YER011W",1475.57905611624,-3.86771789140404,0.243261769929365,-15.899407015443,6.39673661818386e-57,1.63916375840961e-54
"YPR158C-D",1946.13102693203,-2.46993952827618,0.155607800458941,-15.8728516243497,9.76992657512667e-57,2.40340193748116e-54
"YER138C",1660.28981320375,-2.45794126086518,0.155756566010463,-15.7806590362301,4.22750891343223e-56,9.99968454523393e-54
"YAR009C",1288.22190631906,-2.43493191777172,0.15585852379018,-15.6227061475936,5.09945482604812e-55,1.1615424881554e-52
"YPR137C-B",1461.21047769166,-2.25507352833201,0.147377345117608,-15.3013580651249,7.48777163086887e-53,1.64463555463727e-50
"YLR157C-B",2080.06256120593,-2.41864568945954,0.159802115371187,-15.1352545230176,9.48131734114201e-52,2.01069316027667e-49
"YHR092C",10244.8778625033,-2.71177110093148,0.179432552076915,-15.1130386852496,1.32868547452688e-51,2.72380522278011e-49
"YER160C",1417.0139787393,-2.28880805196759,0.151663685161723,-15.0913387705631,1.84657179370568e-51,3.66336017138384e-49
"YDR399W",1652.30107710018,-1.79173481805575,0.122219997872041,-14.6599153105174,1.16418074545993e-48,2.23740987018081e-46
"YFR055W",1084.8552714597,-2.20856218599236,0.15152985298127,-14.575096210681,4.04552284188934e-48,7.5393834780665e-46
"YMR050C",1964.78986916408,-2.32636488771007,0.160780682101761,-14.4691816037804,1.89716014667094e-47,3.43162791236066e-45
"YML045W",1731.53121648969,-2.32201389758851,0.162042131337679,-14.3296923980201,1.42751473239974e-46,2.5083473155024e-44
"YGR035C",303.802690844141,-3.37944477085624,0.236672116378053,-14.2790153000449,2.95750820280652e-46,5.05240984646115e-44
"YKL062W",1353.33692662728,-2.42637257648643,0.170775346579566,-14.2079792258302,8.1750635992971e-46,1.35882813880209e-43
"YPR158W-B",1556.3704115807,-2.29085974804556,0.161837124887358,-14.1553413633618,1.73095166435056e-45,2.80140861467261e-43
"YGR038C-B",1690.96823287839,-2.2658903855921,0.160257354537206,-14.1390726942647,2.1813988035884e-45,3.43989811335095e-43
"YNL284C-B",2186.72163773859,-2.14727799876924,0.151968646176567,-14.1297435543013,2.49049572803747e-45,3.82913718185762e-43
"YDR077W",32251.2419481929,-3.71151643566162,0.264060159088946,-14.0555714594243,7.1204802738384e-45,1.06807204107576e-42
"YLR227W-B",1564.76223501061,-2.33595335369705,0.166605926358409,-14.020829899363,1.16247268746693e-44,1.70219214950514e-42
"YPL095C",671.320885012444,-1.99708772827105,0.1433445682472,-13.9320781574858,4.04414721043653e-44,5.7840710102755e-42
"YDR316W-B",1515.12994317253,-2.32332054477726,0.166944817313606,-13.916697637956,5.01547677260178e-44,7.01026867079567e-42
"YBL005W-B",1488.99202934911,-2.25119668875599,0.162122799211597,-13.8857501825996,7.72869299945586e-44,1.05625470992563e-41
"YMR045C",1593.9964649123,-2.31633175251553,0.167316637841178,-13.8440013043668,1.38289381039488e-43,1.84886889868011e-41
"YJR029W",1821.55749101178,-2.34428471230004,0.171130861021099,-13.6987840668376,1.0323867320591e-42,1.35088902173691e-40
"YNL217W",1515.57009392658,-1.57332142808429,0.115250022156992,-13.6513763610487,1.98101258487795e-42,2.53817237437488e-40
"YHL021C",2448.93508971459,-2.07411710698255,0.153121769638488,-13.5455403361614,8.41920906616126e-42,1.05669664809983e-39
"YDR210C-D",1468.52784009093,-2.0720599910333,0.154067654263201,-13.4490266691118,3.11951430821639e-41,3.83700259910616e-39
"YBR012W-B",1210.0260308917,-2.05549971367726,0.15312543104716,-13.4236338119708,4.39616961866281e-41,5.30126336368162e-39
"YOL158C",2160.72890242934,-1.89201524185334,0.14107597167556,-13.4113217111452,5.19054475577413e-41,6.13881735538671e-39
"YDR342C",20070.6376502183,-3.32765963913711,0.249594184994428,-13.3322803141884,1.50234334502392e-40,1.74328520224474e-38
"YGR161C-D",1611.82638501466,-2.1324406387945,0.160308285821131,-13.3021236417801,2.24986060682847e-40,2.56234124666576e-38
"YDR098C-B",1442.19401088365,-2.12558776267757,0.160512966408978,-13.2424676350551,4.98825207035716e-40,5.57777276958119e-38
"YLR035C-A",965.605681664849,-2.11753112427025,0.160764142163206,-13.1716631319474,1.27752103766132e-39,1.4029918538602e-37
"YPL019C",2142.70731188379,-2.50094108890885,0.190765556447916,-13.1100243433708,2.88505803649763e-39,3.11282577622112e-37
"YDR343C",11219.2536966102,-3.13806547751288,0.240519782760684,-13.0470160977787,6.60853883655148e-39,7.00732997323993e-37
"YPL025C",132.57784713947,3.65439571267913,0.282814788319786,12.9215156477143,3.40369953815324e-38,3.54792409485464e-36
"YOR142W-B",1356.01528013066,-2.13174756326401,0.165266441098362,-12.8988532039318,4.56845102319653e-38,4.68266229877645e-36
"YIL169C",2260.12215092921,-3.14543882893746,0.244657602093944,-12.8564933278863,7.90837028294089e-38,7.97319299017811e-36
"YMR173W",322.47065362661,-2.2658435419927,0.176460054674046,-12.8405465258306,9.71859510107583e-38,9.64021933413167e-36
"YER037W",450.67510023337,-1.94656446763289,0.152341990176653,-12.7775964156415,2.18724942375024e-37,2.1351720565181e-35
"YJL012C",2594.99387022158,-1.44342580345927,0.113570906064042,-12.7094680625804,5.23895929747683e-37,5.03431244991914e-35
"YKL109W",1603.18166836971,-1.87705780494592,0.148904903234532,-12.6057487978718,1.962993582184e-36,1.8572939277587e-34
"YHR214C-B",1643.32140619184,-2.19401399962914,0.175241335225199,-12.5199571026417,5.80665225879408e-36,5.41074415023994e-34
"YER124C",797.73007433136,-1.7812348874748,0.14272345586988,-12.480323410181,9.55975630395694e-36,8.77500018945302e-34
"YBR296C",973.027416616947,-3.72772412938295,0.299941515548357,-12.4281699469574,1.83793841261678e-35,1.66225312317547e-33
"YHL047C",1664.30839641339,-1.73117983866391,0.142306378129756,-12.1651598573144,4.76511594301703e-34,4.24716855790648e-32
"YCL064C",3204.9041145801,-1.34825539655072,0.111024206340973,-12.1437967537459,6.18863071516119e-34,5.43715412832019e-32
"YNL134C",1663.51031601211,-1.460623631804,0.120554804606427,-12.1158475315229,8.7059510077827e-34,7.54107023913572e-32
"YEL040W",4537.26467731589,-1.49672224968316,0.125032208360479,-11.970693546162,5.06038483519131e-33,4.32241204672591e-31
"YAL061W",1860.4911181173,-2.52979384266364,0.21167455191044,-11.9513367092612,6.38892747587833e-33,5.38245259954133e-31
"YDR281C",97.7088556718509,-4.13736182860618,0.349282834657573,-11.8453053459164,2.27587902256148e-32,1.89143999848014e-30
"YNL054W-B",1331.67974792967,-2.00444862860143,0.170253651941016,-11.7733076838544,5.35816235821721e-32,4.39369313373811e-30
"YCL025C",2013.93169373918,-2.25899626364498,0.193329523234567,-11.6846937076658,1.52628773841839e-31,1.23508810411489e-29
"YER001W",674.528817647728,-2.27244769168655,0.196742091667401,-11.5503890012931,7.34870637239374e-31,5.86942132340539e-29
"YOR273C",2019.63501458707,-2.03629103882196,0.177093172231942,-11.4984164163879,1.3435784009384e-30,1.05935989304758e-28
"YDL037C",132.900473210665,-3.60351353178571,0.316752821403156,-11.3764212606626,5.48027584072914e-30,4.26629068613724e-28
"YMR105C",5228.47381961792,-1.82394457474123,0.161142447858785,-11.3188337336145,1.0587098933684e-29,8.13883230526959e-28
"YJR148W",2195.09890670336,-1.69500074906622,0.151316527568337,-11.2016894407039,4.00031020689427e-29,3.0372725644938e-27
"YNR034W-A",612.170098942975,-2.76031053483058,0.247650933319912,-11.1459726714006,7.49211546569299e-29,5.61908659926974e-27
"YPR149W",3386.49992955959,-2.25371991082551,0.203235125176994,-11.0892244087374,1.41509326416067e-28,1.04853296079375e-26
"YPR145W",5766.22405343627,-1.24286457779272,0.112812344226128,-11.0170973426582,3.16087945555044e-28,2.31421531567086e-26
"YDR277C",1393.35304966506,-2.14864951378746,0.195538346260139,-10.9883792866334,4.34660985008246e-28,3.14490006800084e-26
"YER053C",1723.44250414182,-1.33212329229347,0.122533835817917,-10.871473037643,1.57634967288814e-27,1.12727331258862e-25
"YOL155C",2727.62261432964,-2.54541280731116,0.239012095184831,-10.6497238365395,1.74883097030575e-26,1.23624258245751e-24
"YGR008C",3816.62727941576,-1.66246357747522,0.157317143907261,-10.5675931826937,4.21164646401161e-26,2.94336656291721e-24
"YDL039C",1374.68311602072,-2.84279822919634,0.271134072192013,-10.4848431855628,1.01413755886906e-25,7.00780447982553e-24
"YER056C",2715.96821789774,-1.41140280851183,0.140003868954815,-10.0811700351463,6.69243878354958e-24,4.57316650209221e-22
"YLR327C",3732.95700416208,-2.72149392247582,0.270237542139556,-10.0707470210427,7.44107412237436e-24,5.02885778600025e-22
"YLR111W",69.4849174279045,3.43392721721505,0.344165237463644,9.97755392880953,1.91120160775737e-23,1.27759672692476e-21
"YOR178C",742.531012168892,-1.63976136475099,0.164488105084273,-9.96887503756509,2.0857784523335e-23,1.37930510557538e-21
"YOR306C",938.100679313845,-1.38151543896192,0.139756110482966,-9.88518809079405,4.82674512263043e-23,3.15792367065714e-21
"YGL028C",866.171224224312,-1.65865594334345,0.170379529791255,-9.73506585782696,2.13679238996929e-22,1.3832919156117e-20
"YBR244W",313.704502873098,-2.75816709437468,0.284555498746964,-9.69289683917629,3.23228226316774e-22,2.07068082484183e-20
"YLR413W",2387.37085764225,-2.13089088630133,0.220398966947482,-9.66833427494737,4.11013156564767e-22,2.60590815760136e-20
"YBR092C",1260.19646703691,-2.60608205649793,0.270172196256419,-9.64600389162367,5.11086424364893e-22,3.20732807126948e-20
"YDR019C",708.782800962535,-2.79209002284569,0.29032988394555,-9.61695704521183,6.78074316674262e-22,4.21227984600678e-20
"YGR044C",569.861871463702,-1.42719166928839,0.149315185353051,-9.55824865310142,1.1976618909871e-21,7.36562062957065e-20
"YCR025C",95.5985925977321,2.67833324745726,0.280468330613503,9.54950329542953,1.30319589465365e-21,7.93530173477222e-20
"YOL052C-A",338.107353735156,-3.00377023953488,0.316931884577248,-9.47765240957558,2.60067950592441e-21,1.56805676092501e-19
"YBR067C",4091.59361133731,-2.72634795040241,0.288478871247703,-9.45077169295159,3.36341783100545e-21,2.00825433598869e-19
"YBR093C",1285.39202723825,-2.29445572119634,0.24551146519349,-9.345615364187,9.13566690440732e-21,5.40234148674087e-19
"YDR119W-A",147.635981581136,-2.90083406005792,0.311696377545188,-9.30660177350752,1.31987662304191e-20,7.73070593495977e-19
"YCL030C",4146.8602699189,-2.27801318028804,0.245891477871668,-9.26430309828364,1.96355373862625e-20,1.1392316502407e-18
"YOL109W",3329.6661649833,-2.43681846517575,0.263734472125009,-9.23966611395686,2.47267604809645e-20,1.42121099960684e-18
"YCR021C",698.933078369882,-2.37011828415233,0.26004671128469,-9.11420210793442,7.92514667841262e-20,4.51293074742941e-18
"YFL002W-A",706.908529901891,-1.43364640178763,0.158219149702931,-9.06114338548412,1.29090183544313e-19,7.28352870456443e-18
"YDR011W",1968.765628134,-1.23250187374228,0.136410318151822,-9.03525400747567,1.63621984395074e-19,9.14795640027006e-18
"YHR216W",2398.82726859359,-1.22363545903949,0.135880049577833,-9.00526208844651,2.15151295464425e-19,1.19205447487046e-17
"YMR081C",536.301027173529,-1.82253896705965,0.202447363637808,-9.00253248207419,2.20569906032394e-19,1.21116510901716e-17
"YGR161W-B",748.33895065754,-1.30672953548101,0.14534865164302,-8.99031068200319,2.46532540864433e-19,1.34174789939492e-17
"YER055C",3599.76954600664,-1.17174103070457,0.130465268264735,-8.98124877440116,2.67710778873649e-19,1.44422920181837e-17
"YMR120C",2716.68335112104,-2.84687665868371,0.319494795697201,-8.91055722041187,5.07767154614553e-19,2.71545043554739e-17
"YPR064W",90.8701280546778,2.34402549909471,0.263441272423838,8.89771552319077,5.70079113936805e-19,3.0224021988891e-17
"YKR039W",1100.68168986029,1.43318744971889,0.161248355106679,8.88807485056649,6.21767916162437e-19,3.26826725162306e-17
"YMR008C",2214.06657934963,-1.67864902120784,0.18900740649219,-8.88139281080082,6.60283425022181e-19,3.44130768125967e-17
"YLL053C",124.204260930487,-2.10109346182477,0.237998789091347,-8.82816870559093,1.06403480384883e-18,5.49900339804229e-17
"YCL019W",598.704932200821,-1.35243193318426,0.153545385013481,-8.80802723615246,1.27367492854124e-18,6.52758400877387e-17
"YOR192C-B",754.925148989493,-1.2621249897902,0.14394466641119,-8.76812612274798,1.81664277433829e-18,9.23334963816566e-17
"YOL002C",985.614304614092,-1.59645719299997,0.182599463811856,-8.74294567833398,2.27109896839672e-18,1.14485726685572e-16
"YDR034C-D",732.223626675651,-1.40048385754759,0.160460808012179,-8.72788735702549,2.59473890823044e-18,1.29736945411522e-16
"YJL082W",1657.97036131107,-1.14170872690464,0.132311802597143,-8.6289257987125,6.19308513670077e-18,3.07157045086369e-16
"YFR053C",9503.67514133114,-2.49966238497871,0.292857342899365,-8.53542670377116,1.39639107886338e-17,6.87024410800782e-16
"YJL077C",287.434485753915,1.9303444198757,0.226882827556994,8.50811161276977,1.76788973257651e-17,8.62898559948059e-16
"YHR030C",2731.24337983002,-0.960685305081234,0.114012056174229,-8.42617296203436,3.571541393465e-17,1.72952595037872e-15
"YNL300W",854.048914501695,-1.76132273519667,0.209207972575501,-8.41900389126433,3.79698795265327e-17,1.82433405537637e-15
"YDR111C",830.705383148215,1.23901844912366,0.147292236943182,8.41197387477799,4.03167701048599e-17,1.92207857476658e-15
"YOR376W",58.1195341440007,3.2762976448096,0.390431536136723,8.39147799695742,4.80068194137488e-17,2.27109184149658e-15
"YJR010W",767.60951058776,1.26706653144026,0.152011197386647,8.335349982261,7.72692902750894e-17,3.62752774955572e-15
"YPL057C",1307.76444866836,-1.07233384974902,0.12881403429544,-8.32466629598432,8.45666339473946e-17,3.94003635436725e-15
"YIL011W",356.693960462452,-1.57015892145993,0.189459191122744,-8.28758379129082,1.1557217974286e-16,5.34412710841042e-15
"YPR124W",1838.82503712201,-1.1839593545783,0.143038763172515,-8.27719233806824,1.26113436773072e-16,5.78804206085368e-15
"YBL005W",528.083256476809,-1.12129486880268,0.135652092396465,-8.26596073081952,1.38574166535055e-16,6.31282314215249e-15
"YBL100W-B",458.64815700865,-1.14409062022103,0.138771411117565,-8.24442593043726,1.65955019006311e-16,7.5045835800648e-15
"YOR120W",466.358148842522,-1.40220607970283,0.170510339116829,-8.22358390092746,1.97510486716138e-16,8.86634666645438e-15
"YCR018C",203.011000319492,-1.52249613310108,0.185186414780104,-8.22142453002797,2.01100037719055e-16,8.96206689834919e-15
"YLR089C",2351.0507226295,-0.965975103261614,0.118012961061966,-8.18533061596857,2.71557090047861e-16,1.20149359985205e-14
"YBL044W",85.795341124063,3.00260371277988,0.369291605514269,8.13071206587138,4.26775977089144e-16,1.87476589935588e-14
"YOL104C",53.6721348879961,-3.00270256864375,0.369594638663349,-8.12431311098861,4.49902965682474e-16,1.9623427226576e-14
"YMR056C",534.047695404171,1.94450815025863,0.241155345566522,8.06330104642961,7.42613443593714e-16,3.2162483648601e-14
"YKL152C",19033.7345459043,-0.989089030444345,0.122741611633011,-8.05830245574463,7.73612142116877e-16,3.32707319861454e-14
"YDR210W-B",671.99895824688,-1.18130699723629,0.147258061089564,-8.02201922594789,1.04020854778625e-15,4.44255733950378e-14
"YLL052C",80.1702259615549,-2.53853791398436,0.316644264805423,-8.01700266241768,1.08356773800426e-15,4.59582178532842e-14
"YGR233C",720.49747473718,-1.33969416874236,0.16744788337735,-8.00066350031616,1.23750551037941e-15,5.21278006084477e-14
"YGL255W",1000.87145882405,-1.40853532171663,0.176247917553255,-7.99178419393822,1.32999706432049e-15,5.56427343236122e-14
"YOL152W",154.572467507075,-1.65958222100264,0.2078758849584,-7.98352450229979,1.42213067566457e-15,5.9095294968494e-14
"YGR087C",105.245652209931,2.65709417915308,0.332999895713586,7.97926429814395,1.47208061327347e-15,6.0760374306254e-14
"YOL110W",993.716000444882,1.44655488912866,0.181613294132348,7.9650275385375,1.65186986218709e-15,6.77266643496707e-14
"YPL230W",567.501209527924,-1.20956041887948,0.152043103990471,-7.95537835741166,1.78584905873446e-15,7.27349119948143e-14
"YDL227C",90.5150921391325,-1.91937789851427,0.242272090875647,-7.92240613261329,2.32957943995361e-15,9.42560102349651e-14
"YAR073W",249.712301870915,-1.42880394207649,0.181311656997726,-7.88037551327661,3.26398663344872e-15,1.31199462717056e-13
"YLR300W",5198.75131038447,-1.34548242386587,0.171035151692596,-7.86670114623058,3.64115072305271e-15,1.45409590563469e-13
"YOL130W",1324.83331908694,-1.00994666834228,0.129252642498164,-7.81374097134315,5.55151255288112e-15,2.20269691614315e-13
"YKR058W",1589.95218473256,-1.34745626288131,0.173113751024459,-7.78364661910037,7.04634044172155e-15,2.77788421260176e-13
"YML122C",70.9133835934239,2.76317817159659,0.355169915081921,7.77987676957168,7.25952278314294e-15,2.84369841505281e-13
"YGR177C",186.877914400571,-1.5605541622093,0.20070450350382,-7.77538189211386,7.52201318713445e-15,2.92787222157449e-13
"YIL056W",1086.21848952748,-1.35444871498988,0.174505162152607,-7.76165414410716,8.38287509409247e-15,3.24243281941312e-13
"YDR261W-B",587.820335250726,-1.27953032911335,0.165042017982102,-7.75275499389561,8.99200083884453e-15,3.45630032243086e-13
"YOR108W",777.891762963039,-1.17318596862143,0.151463614053648,-7.74566205851851,9.5085093166304e-15,3.63213244082466e-13
"YLR058C",4483.20780529035,-2.32157797941859,0.30205489720111,-7.68594716036955,1.51869183201179e-14,5.76540417708178e-13
"YMR015C",530.166720586682,-1.25976640914805,0.164329878008198,-7.6660825433413,1.7732909405796e-14,6.69063759789234e-13
"YMR006C",1250.27602326834,-1.76603984483047,0.232655010012011,-7.59080943384498,3.17913219370317e-14,1.19217457263869e-12
"YKL163W",540.028888589333,-1.84357226187814,0.243537721488229,-7.56996596097023,3.73322036602581e-14,1.39147304551871e-12
"YER072W",2891.5786614146,-1.14986892188196,0.152529376674498,-7.53867187391587,4.74781927374788e-14,1.75898123696081e-12
"YPL088W",845.023431581436,-1.03514894252924,0.137673724185098,-7.51885625711349,5.52574958658462e-14,2.03493173398176e-12
"YLR410W-B",730.02295424294,-1.28865696678034,0.173186550265653,-7.4408605333593,1.00031512608443e-13,3.66186787227335e-12
"YOL136C",706.395410720946,-1.44989648287968,0.195239837260755,-7.42623279768079,1.11734274327716e-13,4.06606974624528e-12
"YPR184W",931.985165312155,-1.22186577985423,0.16478326286435,-7.41498716929808,1.21636582076144e-13,4.40038223393108e-12
"YIL094C",2223.22814439993,-1.15640259192375,0.156060868659155,-7.40994588752028,1.26350961264177e-13,4.54420123844846e-12
"YGR051C",235.906693365508,2.09192152640622,0.282484807142405,7.40543021611656,1.30725968967022e-13,4.64719485056175e-12
"YPR009W",408.211566586789,-1.24419022582321,0.167996698114564,-7.4060397602264,1.30126834201983e-13,4.64719485056175e-12
"YMR195W",1120.80602097287,-1.65561892255484,0.223802674086776,-7.39767265655146,1.38591976115289e-13,4.89850950062658e-12
"YMR272C",1380.09272554096,-1.42850468356978,0.193215988558853,-7.39330473748379,1.4322371618319e-13,5.03329059729495e-12
"YMR250W",1365.25526185386,-1.32994035225449,0.180706044280969,-7.35968936482636,1.84338686599141e-13,6.44138024195861e-12
"YDR044W",1922.80200967929,-1.48691059429997,0.202882705104412,-7.32891743302982,2.32019268888302e-13,8.06168646137319e-12
"YLR213C",304.982316675851,1.29716635878273,0.177850175823907,7.2935905335684,3.01801751140977e-13,1.04274200534663e-11
"YBR054W",351.565028431292,-2.01311637797335,0.276046053775659,-7.29268305211636,3.03842317227921e-13,1.04392751449817e-11
"YLR346C",69.2048435543553,-2.08374922257869,0.289495245493714,-7.19787027598676,6.11602884306066e-13,2.08964318804573e-11
"YNR067C",882.769437285956,-1.2305013647421,0.171236909629959,-7.18595872467685,6.6737205123212e-13,2.26759011882737e-11
"YKL051W",1008.19848693554,-1.11463693837447,0.155272699237659,-7.17857642616502,7.04410106541735e-13,2.38028689847894e-11
"YOR343W-B",645.87483535896,-1.18605997999571,0.165949355110321,-7.14712015124878,8.86173092817704e-13,2.97812268897753e-11
"YER047C",629.535801622836,0.931337559285479,0.130854784397664,7.1173366993993,1.10032464542443e-12,3.67771552682621e-11
"YDL022W",4459.64245440955,-1.35633940834544,0.19119544381648,-7.09399440316854,1.30295402295303e-12,4.33144175197898e-11
"YAR015W",2328.04195375181,-1.49277502692586,0.210530845734555,-7.09052880929384,1.33600499903091e-12,4.41743588389252e-11
"YLR438W",597.628195911233,-1.85083573800271,0.261340858809923,-7.08207567094915,1.42011069927116e-12,4.67041754038377e-11
"YAL044C",1455.26962879543,-1.32091861737424,0.18669920149703,-7.07511658744432,1.49323165931619e-12,4.88477377914606e-11
"YNL327W",2933.36235759969,-1.38386475540853,0.195904019305737,-7.06399368585084,1.61784099215277e-12,5.26440322843362e-11
"YLR312C",225.954801187227,1.42731560258608,0.202445243798182,7.05037854092028,1.78431705563201e-12,5.77555257480886e-11
"YHR087W",763.777362396349,-1.50612421666935,0.214927474690241,-7.00759276514099,2.42453266698057e-12,7.80674130991126e-11
"YDR247W",628.292340839105,-1.1539324226651,0.164728875581166,-7.00504036462346,2.46914637688997e-12,7.90898448847569e-11
"YIR034C",819.047762222834,-1.17314883237532,0.16772673400697,-6.99440574766434,2.66385591954775e-12,8.48845280063143e-11
"YER150W",989.55532312531,-1.67257073901173,0.239536551251225,-6.98252826249279,2.8991462055819e-12,9.19059235274675e-11
"YKR053C",571.198499927498,-0.93449118224038,0.134930887857917,-6.92570246202195,4.33817402755509e-12,1.36819334715199e-10
"YFL014W",81.2935421080991,-2.39737250463628,0.346966283551554,-6.90952584815079,4.86276265029247e-12,1.52581583159687e-10
"YBR070C",432.559363210657,1.51629162045262,0.225356389954755,6.72841635756168,1.71519545271054e-11,5.35454417978165e-10
"YJR150C",59.860239339332,-3.00059365256196,0.446131805896122,-6.72580079004864,1.7462934524211e-11,5.42409329918674e-10
"YLR417W",730.910119465209,0.864326523177953,0.128557375968065,6.72327446534579,1.77685427364065e-11,5.49128330798493e-10
"YPL061W",16681.1327325071,-1.91520224675381,0.285865560800438,-6.69966064254519,2.08904104289529e-11,6.42380120690301e-10
"YKL182W",7121.70585946561,-1.1288102121857,0.168954692493723,-6.68114152690751,2.37088119321853e-11,7.2541887255194e-10
"YGL234W",4176.72885873098,-1.08311011797131,0.162590779022334,-6.66157161238849,2.7091473392616e-11,8.24814660220734e-10
"YGR155W",4869.2592845321,-0.997339765016377,0.151586781883436,-6.57933200127759,4.72566516189662e-11,1.43166703180612e-09
"YLR108C",480.182574888917,1.36440192860677,0.208811874384622,6.53412040204956,6.39844574134103e-11,1.92894320143369e-09
"YBR068C",4413.78216685875,-0.837839701734404,0.128451156719433,-6.52263259539532,6.90839429297738e-11,2.07251828789321e-09
"YNR050C",1807.0972790727,-1.17483915434618,0.181371984051648,-6.47751173087259,9.32475256392326e-11,2.7838460324334e-09
"YKR069W",518.280436124562,0.93169505314778,0.144510267581816,6.44725851483382,1.13891432104225e-10,3.38373095382116e-09
"YEL066W",383.442745138526,1.24077703798232,0.192503972977115,6.44546197563322,1.15248819582523e-10,3.40759730977171e-09
"YDR481C",2590.78177295021,-1.02521787751531,0.160675816128124,-6.38066077534524,1.76325500023464e-10,5.18852547915934e-09
"YMR280C",615.092604703244,1.0021932851525,0.15711945834562,6.37854340706771,1.78780175142668e-10,5.23570512917814e-09
"YEL071W",3823.01516427511,1.02166794073847,0.160240274306785,6.37584992386153,1.81951035790218e-10,5.30331218061535e-09
"YLL060C",546.657472912569,1.25033491116924,0.196251356478944,6.37108926838624,1.87690351084768e-10,5.44479084514774e-09
"YNL145W",835.393058284995,-1.25405235416611,0.197579728941631,-6.34706991898234,2.19454409258476e-10,6.33635970394192e-09
"YIL119C",257.720171243981,-1.98032557595442,0.315532048724481,-6.27614717414529,3.4706567966843e-10,9.97408378486375e-09
"YNL040W",268.211222253826,-1.03667740259657,0.165349840424262,-6.26960026049382,3.61976160467227e-10,1.03542017994114e-08
"YJL200C",562.640131296613,-0.974509793947725,0.156199792421117,-6.23886740720134,4.4075037963363e-10,1.25491427534575e-08
"YGR061C",4533.17581135934,-0.856567437078443,0.137313506401998,-6.23804212362593,4.43081358762735e-10,1.25573749142434e-08
"YMR011W",31583.7751201478,-1.25553771327792,0.20137460279118,-6.23483644846654,4.52250337879414e-10,1.27584384310018e-08
"YDR010C",52.7815075222558,2.03259011063729,0.326523435439494,6.22494403166337,4.8172794627486e-10,1.35279765734721e-08
"YIR035C",1010.56357668034,-0.865547490748879,0.139607421792607,-6.19986731102798,5.65107833954966e-10,1.57973326310138e-08
"YPR015C",182.973906980966,1.59076773677066,0.257495294254629,6.17785168220433,6.49797140771824e-10,1.8082590116501e-08
"YGR108W",311.657404163934,-1.01143914860741,0.16395226338126,-6.16910756672735,6.86764980306227e-10,1.90252460760509e-08
"YOL143C",3297.18731596739,-1.0172839864081,0.16524941338816,-6.15605202796436,7.45807311880465e-10,2.05682285563447e-08
"YDL182W",2792.44628936906,-1.11127995638449,0.181709282283806,-6.11570274461167,9.61323742426077e-10,2.63934866782159e-08
"YOR092W",495.587934988219,-0.89056367712053,0.145992494405737,-6.10006480638318,1.06025469742514e-09,2.89802950629538e-08
"YGL186C",1290.52395780963,-0.755945772637318,0.125159271872575,-6.03987032943871,1.54238128082282e-09,4.19718799869927e-08
"YPL163C",1552.6997144639,-1.59042929709864,0.26382859233224,-6.02826738011707,1.65726712242143e-09,4.48995277660432e-08
"YJR078W",123.254866813052,1.62512781391449,0.269971840435981,6.0196197177085,1.74827313149384e-09,4.71573673626627e-08
"YDR345C",31525.0734308482,-1.23172719666822,0.204933639990047,-6.010370950948,1.85099300942647e-09,4.97100742706235e-08
"YDR089W",486.649440039129,-1.85148509234221,0.308103906014783,-6.00928795837264,1.86339899763186e-09,4.98256688497216e-08
"YIL101C",718.748120815527,-1.41076947349505,0.234802663717793,-6.00831971476539,1.87455907086949e-09,4.99070921465254e-08
"YDR502C",2240.41475589801,-0.710816016614837,0.118847449567899,-5.98091098462098,2.21893115878445e-09,5.88208044246741e-08
"YNL220W",2460.26019568544,-0.96895031930135,0.162943919979631,-5.94652638418464,2.7389240483364e-09,7.229348882948e-08
"YKL045W",551.249875113152,0.849200357257743,0.144204702498688,5.88885343226215,3.88884138196233e-09,1.02206728628497e-07
"YDL048C",1486.55598028189,-1.27102811823994,0.215904119129015,-5.88700263509297,3.93262446335741e-09,1.02917618934673e-07
"YOR348C",302.31075612879,2.01702654456921,0.342838803232554,5.88330878987762,4.02144631578297e-09,1.04796164585022e-07
"YKL096W",3212.64416191302,-1.68876734845387,0.287125109761573,-5.88164284849978,4.06214142197744e-09,1.05409998924731e-07
"YDL204W",493.49422609783,-1.23604486817224,0.210539181163482,-5.87085435281743,4.33555036433863e-09,1.12032078742364e-07
"YGR050C",177.13659056014,1.26234215943258,0.21574451501319,5.85109734704218,4.88340283417536e-09,1.25660784226688e-07
"YOL114C",115.788625789471,1.34098029010762,0.229540851469644,5.84201148301902,5.15742504265115e-09,1.32159016717936e-07
"YDR134C",2776.38307782262,-1.84301227284388,0.315526424562841,-5.84107107795283,5.18662679922136e-09,1.32355829108761e-07
"YHR095W",20.4404585166769,3.88399815887296,0.665780351528648,5.83375305377397,5.41943125241651e-09,1.37725215712238e-07
"YKL108W",305.54275622957,1.07522565781144,0.18465836143758,5.82278348752109,5.78755126030477e-09,1.464750627608e-07
"YER073W",4343.66364351587,-0.823439487725298,0.141853127128303,-5.8048737056076,6.44145384236748e-09,1.62356316108852e-07
"YHR143W",4327.36375812727,-1.35444201375291,0.234511535756507,-5.77558800842626,7.66848039096418e-09,1.92494507773182e-07
"YMR145C",3063.25598548114,-0.666106085016058,0.117152300625901,-5.68581309506771,1.30191722895613e-08,3.25479307239034e-07
"YER044C",791.315567717031,-0.837230928368848,0.147288944531068,-5.68427542905127,1.31368417054033e-08,3.27091402786358e-07
"YLR112W",139.619609545046,1.34523578253587,0.237196645229533,5.67139464065396,1.41639698850697e-08,3.51243608037011e-07
"YJR147W",466.971526287722,-1.20319513614845,0.212269844724717,-5.66823392983031,1.44276897392105e-08,3.56346553799777e-07
"YOR049C",339.064523399181,-1.0016218889641,0.176922038388855,-5.66137434366799,1.5016544518003e-08,3.69406995142874e-07
"YOR032C",179.575529881676,-1.21295680558184,0.214639762850966,-5.65112814825486,1.59398197970152e-08,3.90557337655949e-07
"YGL163C",632.665485329805,0.760359334611299,0.13510758598718,5.62780638152656,1.82515789760898e-08,4.45425439297429e-07
"YOR100C",92.4142283715438,1.66452817433712,0.296448878726107,5.6148911120524,1.96686063684888e-08,4.78110391961288e-07
"YBL085W",1905.52455887576,0.730738271022336,0.130252610074646,5.61016221174806,2.0213705581297e-08,4.89426335925105e-07
"YNL141W",657.4523636748,-1.11069050267097,0.198255931193848,-5.60230655387037,2.11518039092731e-08,5.10131741341292e-07
"YFL053W",136.909474338316,-1.22845786299244,0.219658890323212,-5.5925706498146,2.23732067230723e-08,5.37481333386308e-07
"YER066C-A",266.97467200151,-1.45759696029771,0.26117214997407,-5.58098158797722,2.39164963738781e-08,5.7232082762393e-07
"YLR120C",3120.50954112051,-0.668852568049493,0.119998508627422,-5.57384067268855,2.49183647922557e-08,5.93984277024699e-07
"YPL134C",632.087852133997,1.18455431892488,0.213029983861709,5.56050513383998,2.68994938995219e-08,6.38733156301388e-07
"YGR180C",4910.1062869759,-0.715360544909902,0.129129479729563,-5.53987010873187,3.02696076258014e-08,7.15992641917995e-07
"YER064C",1838.93050368583,-0.900471058031513,0.163409151808562,-5.51053015125151,3.577545191336e-08,8.4298478646423e-07
"YKL029C",1162.27428528452,-0.986174697129275,0.180038063401738,-5.47759000789027,4.31157704459158e-08,1.01206865741367e-06
"YGR281W",1242.03510523041,-0.758846995177993,0.138650649900286,-5.47308646388414,4.42264187916472e-08,1.03419192231418e-06
"YHR163W",1135.29987911989,-0.740840226078103,0.135535469058308,-5.46602473304896,4.60240148462918e-08,1.07215034585112e-06
"YPL157W",293.111213565108,0.945508591842537,0.173167590028937,5.46007824954162,4.75924775080207e-08,1.10450466669557e-06
"YKL036C",55.6346689968277,-1.98859548598705,0.364760037856702,-5.45179098475769,4.98650449502152e-08,1.15289483625497e-06
"YML035C",924.362195539338,-0.827027348618266,0.151754571410204,-5.44976893238192,5.04353043361795e-08,1.16171206617043e-06
"YLR286C",8812.28088384818,-0.629940399465248,0.115664442752855,-5.44627531566694,5.14355031227918e-08,1.1803296425566e-06
"YJL170C",162.032208148092,1.31745917228884,0.242305001428807,5.43719347318519,5.41263555022902e-08,1.23746128750589e-06
"YBR069C",1558.34282130721,-1.10105626225018,0.2028467357849,-5.42802060871092,5.69824614734115e-08,1.29793384467215e-06
"YER052C",1903.31618609651,-0.875543574259364,0.16288342881499,-5.3752771575913,7.64649692717985e-08,1.73527513292089e-06
"YDR088C",546.410661976936,0.73455288191076,0.137208419459461,5.35355545093053,8.6242589694058e-08,1.94997031845021e-06
"YLR151C",405.856012095388,1.06815917706592,0.199774350779476,5.34682842365998,8.95087913666962e-08,2.01640683848052e-06
"YCL048W",50.4661139254958,2.02907071602579,0.381950952598208,5.31238553595196,1.08199389186101e-07,2.42856293246175e-06
"YMR122C",240.104879940327,1.88336511898947,0.354901597192604,5.30672483270728,1.11612470568509e-07,2.49606070544121e-06
"YOR128C",2390.2216345468,-1.49810088672937,0.282410453994649,-5.30469345429313,1.12862495754832e-07,2.51487082931963e-06
"YOR230W",4518.32263729855,-0.898454430545131,0.169840401888139,-5.28999237258561,1.22321460953256e-07,2.71580138939539e-06
"YBR238C",286.729131089858,-1.11671109435107,0.211175347863423,-5.28807507907266,1.23610244805181e-07,2.73454318543837e-06
"YBR022W",249.127629727649,-0.855909022308333,0.162465366408491,-5.26825526713365,1.37726500531075e-07,3.0359067321366e-06
"YDR461W",640.032926465529,-1.33042879648987,0.252924608732977,-5.26017932044907,1.43914983849702e-07,3.16098982384167e-06
"YDL241W",252.712028101327,-1.70030812924078,0.32330437920662,-5.25915588713424,1.44718170370352e-07,3.16731938710913e-06
"YOR065W",762.245557543152,-0.866997935726511,0.165542061686793,-5.23732715958846,1.62918750617101e-07,3.55301530601124e-06
"YLR180W",5028.98618485977,-1.04935112239323,0.201068240360235,-5.21888051794362,1.80007836089448e-07,3.9118310669615e-06
"YLR194C",4433.28320191272,-1.21671542425184,0.233953031198911,-5.20068245329707,1.98558091979722e-07,4.29976149885666e-06
"YER060W-A",287.90415719634,-0.888966097320178,0.170988511060259,-5.19898145090516,2.00383518918999e-07,4.32406540825209e-06
"YER062C",1758.72250970825,-0.738761765565055,0.142427071623737,-5.18694765779297,2.13768780673951e-07,4.59677622777902e-06
"YLR359W",4203.58616811404,-1.13295340784446,0.218453701601432,-5.18624037743032,2.14581810774777e-07,4.5981816594595e-06
"YLR273C",157.562962754312,1.08512592258566,0.209643913286925,5.17604306069465,2.26641169812033e-07,4.83973331369446e-06
"YKR076W",786.473588410428,0.965104007185917,0.186642577074072,5.17086734610881,2.33009937566965e-07,4.95851597244579e-06
"YHR182C-A",44.6968317325539,-1.99260473260763,0.385760789855591,-5.1653894978636,2.39938747170791e-07,5.08835619000125e-06
"YKL037W",233.757985951052,1.39233060492809,0.269797790122172,5.16064495671964,2.46100520100808e-07,5.20109346604801e-06
"YMR189W",659.852142147138,-1.46057656710002,0.28413946774527,-5.14035089419335,2.74225865413037e-07,5.77564750784308e-06
"YDR516C",10610.1060424358,-1.09411420428703,0.213098851794079,-5.13430361109729,2.83190625463752e-07,5.94410357202073e-06
"YMR244W",83.7817697807987,1.93309095672259,0.377113373486515,5.12602069465381,2.95930093023103e-07,6.19037439487104e-06
"YDR085C",821.032634428051,-0.857433761001827,0.167550878711988,-5.11745308406119,3.09689061682348e-07,6.45622959100489e-06
"YAL038W",24901.7249019677,-1.47854017727679,0.289713515254817,-5.10345599851061,3.33506084114644e-07,6.9292649233279e-06
"YMR017W",57.0997425064015,1.61023178261061,0.316551126232271,5.08679846373091,3.64158444287681e-07,7.54065465444189e-06
"YDL154W",82.0866486943045,-1.30902474496154,0.25757920852697,-5.08202798062591,3.73426387160122e-07,7.69128475749023e-06
"YDR039C",1334.79861982149,-0.722005689250297,0.142077600605313,-5.08177000578724,3.73934006908875e-07,7.69128475749023e-06
"YNL279W",188.87086714198,1.05506375292279,0.207657026098864,5.08079968563396,3.75849285576426e-07,7.70491035431674e-06
"YNL194C",140.963418881632,-1.13428941997015,0.223322534229583,-5.07915344899349,3.79120407111297e-07,7.74614785293846e-06
"YGR032W",2080.92914310075,-0.837728012242901,0.165412565772565,-5.06447625868242,4.09524667974907e-07,8.31213434998574e-06
"YMR300C",1305.44573528299,-1.41618217962858,0.279605532156551,-5.06492904022966,4.0855250571394e-07,8.31213434998574e-06
"YNL024C",244.178770872829,-1.24174575821049,0.245256532370728,-5.06304866258762,4.12604478712008e-07,8.34709718446991e-06
"YJL016W",520.566760671431,-1.09011227472567,0.215741375737293,-5.05286605779825,4.3522912666078e-07,8.77593157037311e-06
"YOR222W",1705.10996976509,0.662796434639184,0.131354214743952,5.04587108933786,4.51459733147854e-07,9.07345542110884e-06
"YMR122W-A",10047.112721304,-0.93055546508184,0.184694502812009,-5.03834954973729,4.69563307355219e-07,9.40656136884234e-06
"YOR383C",30432.2688781614,1.09485894214162,0.218486609007659,5.01110318437518,5.41188845989968e-07,1.08062058533711e-05
"YEL045C",134.714144911961,-1.91498307834073,0.38231229597911,-5.00894974731697,5.47278592550459e-07,1.08924380070722e-05
"YJL101C",1172.81100687082,-0.871028707898845,0.173987038658498,-5.00628503487839,5.54905683513522e-07,1.10086127535747e-05
"YDR018C",126.377940924796,1.29056584789673,0.258260800943186,4.99714181627057,5.81862784084409e-07,1.15062897817335e-05
"YPR061C",293.53109164555,0.989537696521189,0.198976424952551,4.97314039468322,6.58769158901992e-07,1.2985353612972e-05
"YEL065W",819.652733378133,-1.05053768637761,0.211404081060674,-4.96933493954689,6.71829328916557e-07,1.32004804243988e-05
"YHR174W",158323.494010058,-1.20921161650378,0.243735066649866,-4.96117211661157,7.00690687657122e-07,1.37237188824564e-05
"YJR095W",28.9935218669087,2.09154033018698,0.422533865270299,4.94999454978362,7.42155598981976e-07,1.44438510561366e-05
"YLR092W",617.004334451695,0.734791532436461,0.148431010508897,4.95039095885168,7.40645452572547e-07,1.44438510561366e-05
"YLR414C",3164.78669796282,0.681860889245889,0.137770227207238,4.94926155721741,7.44955799641219e-07,1.44526125166987e-05
"YOR126C",299.552767387176,0.759237183849146,0.153666132639126,4.9408231391634,7.77934494194713e-07,1.50449595575393e-05
"YIL055C",432.98933127882,0.755425371196495,0.152986996313725,4.93784040081009,7.89924464597922e-07,1.52289512767311e-05
"YHR097C",1926.15325452559,-0.750814295972334,0.152081162105393,-4.93693160663789,7.93612865820902e-07,1.52522472649955e-05
"YIL162W",1685.13774565352,-0.907068218270329,0.18391023020982,-4.9321248591526,8.13398930783024e-07,1.55838112907028e-05
"YGR157W",1279.83247041916,-1.03252917157698,0.209930892230019,-4.91842415667747,8.72437073594516e-07,1.66630062192741e-05
"YDR383C",281.624483253377,0.768099725845823,0.156580984605345,4.90544702973851,9.32147949819981e-07,1.77483278371297e-05
"YBR207W",1470.63801654415,0.621113619695647,0.126814833153945,4.89779944702253,9.6915874914986e-07,1.83960688496038e-05
"YBR287W",2380.96244092529,-0.616432896353866,0.125884624957693,-4.89680845902377,9.74056980968603e-07,1.8432155178329e-05
"YJL194W",67.3295019947814,1.45329238326736,0.297918292652284,4.87815759928369,1.070813525262e-06,2.02009300011082e-05
"YOR237W",155.914633791725,0.926312216398793,0.190249051110081,4.86894526408342,1.12195476675688e-06,2.10366518766915e-05
"YPR012W",93.741791969316,1.34578735928391,0.276385721233446,4.86923620105253,1.12030431611299e-06,2.10366518766915e-05
"YOR328W",504.349220961154,0.725126471326908,0.149262139478259,4.85807368071745,1.18533302824212e-06,2.21574411054379e-05
"YJL117W",1418.29584541791,-0.58333435538507,0.120641529723315,-4.83526988362065,1.32965111869301e-06,2.47798617574607e-05
"YPL056C",309.803987565074,-1.21268525429057,0.251524648825818,-4.82133763013566,1.42598765223834e-06,2.64949367409842e-05
"YDR525W-A",387.678042456518,0.955773928269163,0.198389180245942,4.81767164461437,1.45243131079246e-06,2.69049775944989e-05
"YOR315W",132.000056598197,-1.01215100965637,0.210473860323972,-4.80891550189852,1.51751330917919e-06,2.80261467010572e-05
"YHR176W",237.900735764673,0.87202822735854,0.181616281735676,4.80148706396098,1.57491684547664e-06,2.89126525363622e-05
"YOL020W",1119.45570438161,-0.908997155481662,0.189307092295286,-4.80170681647672,1.57318913109691e-06,2.89126525363622e-05
"YJR045C",8618.44783049134,-0.65494763100118,0.136607556011689,-4.79437338696797,1.63184088154586e-06,2.98685161354376e-05
"YKL035W",6327.86209401856,-0.560738731305156,0.117194881157023,-4.78466914057324,1.7126921993366e-06,3.12553620947183e-05
"YDR274C",291.131442550509,-1.44215666067164,0.302981247630612,-4.75988752422685,1.93700873751468e-06,3.5244389750637e-05
"YPR014C",74.4908500877027,1.29612474316413,0.272655717459004,4.75370461783555,1.99722772285975e-06,3.62328923173671e-05
"YPL060W",182.345509066529,0.848904872538836,0.178775373529632,4.7484441272787,2.04987499976543e-06,3.70786213192865e-05
"YKR080W",1779.59404132915,-2.63161456433554,0.554710641033669,-4.74412129435933,2.09413348620255e-06,3.77680965986678e-05
"YDL124W",3109.97549757603,-0.833868422868163,0.176227223461225,-4.73177983792974,2.22559729170527e-06,3.99804081217261e-05
"YGR110W",185.384698408252,1.31672045680594,0.278294235397969,4.73139680713468,2.22980162369952e-06,3.99804081217261e-05
"YGR096W",384.424348503942,0.9717795033987,0.205450360379271,4.72999658703324,2.24523611610607e-06,4.01401224245708e-05
"YGL196W",870.236084386868,-0.65502014201501,0.13860376135133,-4.7258467997465,2.29158373109654e-06,4.08499708586774e-05
"YDR001C",2573.21181262693,-0.633280505472048,0.13412271376343,-4.72164995549559,2.3393905533302e-06,4.15816528987882e-05
"YIL015W",406.647177545756,-0.97851878771094,0.207885636532957,-4.70700527477669,2.5138240587458e-06,4.45533658826705e-05
"YFL068W",463.806344047105,0.759889766395027,0.161628171414799,4.70146856048294,2.58297038591501e-06,4.56473214752221e-05
"YOL153C",607.871803739732,-0.652620846097398,0.139045613484255,-4.69357378304708,2.68473096513057e-06,4.73097290416991e-05
"YOL162W",62.8515835462329,1.39031644048361,0.29681268571963,4.68415437538578,2.81118081849819e-06,4.93964629536111e-05
"YOL047C",215.50634716853,0.989761406257199,0.21145533662659,4.68071140718015,2.85881137981791e-06,5.00902848600574e-05
"YGL162W",510.397941882218,-1.36672736896952,0.292563433181304,-4.6715591012447,2.98922061066773e-06,5.22264396466096e-05
"YCR005C",1910.25508220347,1.15608209670729,0.247832510823085,4.66477175600484,3.0895977780109e-06,5.37235809788147e-05
"YLR214W",1411.0431509129,-0.862643423698969,0.184934595247713,-4.66458653960062,3.09238173439031e-06,5.37235809788147e-05
"YOL007C",539.034961733448,-0.64859281778608,0.139115484557858,-4.66226185997528,3.12752888240807e-06,5.41811341600271e-05
"YLR399C",1324.04432222404,-0.587311780228348,0.126471479218832,-4.6438278721492,3.42012535614643e-06,5.90836262367993e-05
"YOR318C",69.0140807627976,1.44602440520992,0.311509273600971,4.64199472617374,3.45061670565793e-06,5.94433970302416e-05
"YGR082W",877.377554247946,-0.580121748420609,0.125009394482633,-4.64062521718081,3.47356615541056e-06,5.96715973624999e-05
"YJL213W",446.654749156465,-0.956882016807181,0.206474955231835,-4.63437328625533,3.58020451693733e-06,6.1332194370932e-05
"YJL106W",272.835533783056,0.859375811405776,0.185540569363179,4.6317407257904,3.62604068328855e-06,6.19448616728461e-05
"YJR070C",1525.80648544694,-1.17217691139406,0.253548414462823,-4.62308910066538,3.78067230547247e-06,6.44075752871349e-05
"YKL009W",882.489834103276,-0.905438104405042,0.196029407151632,-4.61888916342368,3.85799855424915e-06,6.55433456039565e-05
"YAL003W",9186.7674527075,-0.961889266060193,0.20836246361013,-4.61642298422809,3.90410812864572e-06,6.61439806919317e-05
"YOR127W",1157.37144787898,0.720758578730046,0.156168804385742,4.61525322912603,3.92616301238036e-06,6.6334897049833e-05
"YFL054C",1070.9139922713,1.00252720039857,0.21740857872298,4.6112587014148,4.00238063785837e-06,6.74373723913123e-05
"YHR128W",820.039558042236,-0.914533992035894,0.198737929850037,-4.60170835394119,4.19039687735834e-06,7.03863969125325e-05
"YPL062W",48.1510731498539,2.215447874318,0.481491708805834,4.60121707975537,4.20029392957715e-06,7.03863969125325e-05
"YOL084W",133.09639508915,0.943118587160753,0.205435610213353,4.59082330556659,4.41500987480763e-06,7.3783453070834e-05
"YHR110W",850.286689402539,0.564794615967857,0.123084674419834,4.58866726202953,4.46084804035623e-06,7.43474673392705e-05
"YGR249W",593.775925791521,-0.648840943732556,0.141847024276867,-4.57423021061126,4.77974066732951e-06,7.94470408218284e-05
"YIR028W",137.38325917045,1.08135357422935,0.236683075221928,4.56878284691634,4.90564717169869e-06,8.13200272397492e-05
"YLR341W",66.4470138420153,1.33724602851529,0.293514247878297,4.55598335747493,5.21410648824353e-06,8.62009540395099e-05
"YJR052W",530.30885915918,0.716854135215631,0.157454295105954,4.55277599593739,5.29426364731239e-06,8.72914783672151e-05
"YIR042C",208.491409146994,1.05496618673615,0.232389191144018,4.53965256104512,5.63469985552638e-06,9.26561607259016e-05
"YDL229W",11777.1898848966,-0.98456601617246,0.216921199498301,-4.53881878972448,5.65702231682673e-06,9.27751659959584e-05
"YIR027C",74.549117113518,1.32113819985012,0.292179378280944,4.52166818761514,6.1354182553323e-06,0.000100353250718866
"YFL058W",53.1668681668717,1.72251377501198,0.38106820590475,4.52022432814175,6.17741378090761e-06,0.000100505541673497
"YOL164W-A",41.7819497973939,1.48856160409775,0.329300776577777,4.52037076731936,6.17314200708534e-06,0.000100505541673497
"YKR061W",310.617972366179,-0.671388427415027,0.148839140856481,-4.51083245678245,6.45737097203879e-06,0.000104783196511975
"YMR158W",313.674151009078,-0.747103765398957,0.165742144431051,-4.50762700074606,6.55566914869123e-06,0.000106098329643292
"YDR171W",4593.76106895419,-0.6718529287223,0.149069868194342,-4.5069666785135,6.5760955822349e-06,0.00010614957435891
"YPL017C",340.279048858085,-0.927624170519927,0.205937377959153,-4.50439924851291,6.65609668518164e-06,0.00010715967176405
"YHL023C",673.215897418523,0.572425429924566,0.127267790036879,4.49780285929922,6.86593161754211e-06,0.000110249293597608
"YGR153W",153.236495137403,1.05041341193759,0.233641514276639,4.49583377846915,6.92978577314618e-06,0.000110984850273044
"YCL027W",169.863504866072,0.864313996160732,0.192461431097625,4.49084261314836,7.09419596370564e-06,0.000113322870589064
"YDR222W",150.63665692614,0.934104558247752,0.208373993177982,4.48282697855624,7.36606518263669e-06,0.000117360883091232
"YJL181W",299.512963097072,0.787750057117191,0.175987426140099,4.47617238569125,7.59931334377971e-06,0.000120453033670735
"YJR008W",560.201369012544,-0.802520378073121,0.179265193494511,-4.4767216793688,7.57979590468567e-06,0.000120453033670735
"YNL221C",800.23588083998,-0.714381415202823,0.160459975090716,-4.45208479434792,8.50405690541119e-06,0.000134447172154958
"YPL222W",427.822187049275,0.782194998407042,0.175799894686298,4.44934850389309,8.61311589036833e-06,0.000135822212117347
"YLR260W",519.640641774912,0.623875591650014,0.140294945808889,4.44688572387963,8.71241551809567e-06,0.000137036714670814
"YOR020C",2156.6766308401,-0.658462896552943,0.148149526896049,-4.44458318800411,8.80624292466377e-06,0.000138159168333373
"YPR007C",42.7544755599997,1.63457984150986,0.367891492061737,4.44310313443062,8.86706350239007e-06,0.000138759390686257
"YDR076W",180.006495454037,0.983148897930103,0.221304264837956,4.44252124399856,8.89108517108595e-06,0.000138782167010606
"YDR078C",160.950534104116,1.09716214934507,0.247564204539891,4.43182871039129,9.34372333263751e-06,0.000145478224039799
"YLR307W",31.1278815313719,2.10678007647864,0.475722917522796,4.42858647098431,9.48526894042309e-06,0.000147309100968692
"YJL107C",144.892180462292,-0.898019373592656,0.203023415753775,-4.42323054342542,9.72358845432072e-06,0.00015062989671051
"YIL014C-A",89.1096998615222,1.20789910261744,0.273381803485481,4.41835955143074,9.9452874802712e-06,0.000153677180913738
"YDR040C",1281.46083987648,-0.711791048941214,0.161145356061422,-4.41707453654394,1.00045738153458e-05,0.000154205837003451
"YOR004W",251.331104749032,-0.89882928732609,0.203538829506808,-4.41600892323115,1.00539935666837e-05,0.000154580151087762
"YAR008W",268.039494494155,0.717238957636521,0.162718327977629,4.40785599600758,1.04398916735392e-05,0.000160113051851037
"YHR007C-A",48.3573841651272,1.67506006205551,0.380469927708289,4.40260830112124,1.06957167956785e-05,0.000163628503217469
"YER131W",8042.09232562226,-0.648373172708487,0.147686747487515,-4.39019196873637,1.13250636832375e-05,0.000172826654223104
"YBR034C",989.206572740277,-1.01126906699505,0.230419072536206,-4.38882535140898,1.13964542734517e-05,0.000173485628172594
"YDR074W",6517.19645927478,-0.768526464273932,0.175289638673468,-4.38432339806207,1.1634682373314e-05,0.000176674806409582
"YMR018W",58.629318539827,1.6623236170119,0.379258370323005,4.38309012295798,1.17007679947457e-05,0.000177240697457355
"YLL056C",198.033155530547,0.889267644618721,0.202935912979744,4.38201219075248,1.17588227921248e-05,0.000177682457423999
"YDR052C",702.057298490412,0.670728390227234,0.153189893188172,4.37841150136019,1.19547467171878e-05,0.000179759638901479
"YPR120C",267.961112792441,0.721518902193937,0.164785415906023,4.37853616005326,1.19479119190078e-05,0.000179759638901479
"YNL193W",511.463238877549,0.637505412688398,0.145689409266251,4.37578418293495,1.2099668676245e-05,0.000181495030143674
"YOL061W",1462.75755037035,-0.743536994105234,0.170066817664208,-4.37202861979417,1.23097384016689e-05,0.000184196815499425
"YMR199W",737.407907645722,-0.722932585127055,0.165552981656072,-4.36677478046824,1.26094628400205e-05,0.000188223777830403
"YML026C",8802.05561606887,-0.832349601687714,0.190681203902787,-4.36513712233567,1.27043039336293e-05,0.000189180312813125
"YOR161C",952.789556442446,-0.935298743148869,0.214842741506542,-4.353410948819,1.34035555795816e-05,0.000199110789406829
"YIL047C",727.475495388489,-1.00182005462419,0.230284742035819,-4.3503535916781,1.35918181064691e-05,0.000201420918927192
"YAL005C",14374.2216972263,-0.91109443922497,0.209660775197001,-4.3455645834033,1.3891789030763e-05,0.000204857715237225
"YIL070C",390.445500465723,-0.754240780412381,0.173546629178686,-4.34604108406971,1.38616617203725e-05,0.000204857715237225
"YLR136C",349.932080247021,-1.05925117545298,0.243783725900675,-4.34504465603479,1.39247332937981e-05,0.000204857715237225
"YOL014W",220.827498179825,-0.752479931438758,0.173201409928145,-4.34453698587636,1.3956972794211e-05,0.000204857715237225
"YHR208W",5838.49022144514,-0.579195130581607,0.133354990480648,-4.34325801002296,1.40385098288719e-05,0.000205563893922768
"YDR046C",2504.04757451447,-0.58526665319085,0.135004599512532,-4.33516084121655,1.45653583972619e-05,0.000211867316332173
"YNL332W",65.6861972976878,1.73930676755626,0.401176289225461,4.33551736298845,1.45417694854129e-05,0.000211867316332173
"YOR227W",1618.49917662654,0.677118463872588,0.156196032332187,4.33505546691827,1.45723373672373e-05,0.000211867316332173
"YKL023C-A",259.456607635951,-0.870469448262885,0.201271710487771,-4.32484747187446,1.52637436686655e-05,0.00022139628198654
"YER042W",555.641177570864,1.09986295515681,0.254404935244535,4.32327680317845,1.5372865588703e-05,0.000222253077963074
"YLR157W-E",68.785724662015,-1.36832020222513,0.316524042081546,-4.32295819687721,1.53950912540276e-05,0.000222253077963074
"YJR025C",831.682648300029,0.656921613267289,0.15234531347811,4.31205659215555,1.61743019727939e-05,0.000232955403121036
"YJL069C",283.202998025478,-0.75572707010141,0.175723759151793,-4.30065389990094,1.70294854079667e-05,0.00024469938144625
"YOR342C",568.251047660345,-0.73770132168921,0.171587416323581,-4.29927402309064,1.71358496857146e-05,0.000245653789200803
"YDL079C",860.827715792011,-0.938375736593,0.219093993815234,-4.28298247821594,1.84404698235429e-05,0.000263741603290206
"YOR114W",124.611445735088,1.04092489484269,0.243256150236716,4.27913084141862,1.87624548535242e-05,0.000267724123779985
"YIL127C",316.79753489546,-0.932284986275447,0.218030950428887,-4.27592956156709,1.90341403033056e-05,0.000270346334561962
"YKR055W",190.843953104644,0.776910092271961,0.181687114515098,4.27608801177478,1.90206053053844e-05,0.000270346334561962
"YHR209W",542.144091435759,-0.989250865067125,0.231971132514419,-4.26454298146618,2.00311783007387e-05,0.000283199417355271
"YMR251W-A",4591.00562686441,-1.12227472793539,0.263145901371933,-4.26483833525175,2.00046994932942e-05,0.000283199417355271
"YDR507C",740.747985289575,0.612138156164539,0.143581139089901,4.26336049459295,2.01375242800414e-05,0.000283679329655605
"YMR291W",1998.04963184854,-0.873765530403636,0.204958187298502,-4.2631404088829,2.01573767576422e-05,0.000283679329655605
"YOL006C",669.277615126374,0.883196114572024,0.207205490287493,4.26241656698676,2.02228012752811e-05,0.000283950291878946
"YOR154W",259.936272651047,0.704567573726715,0.165408743077878,4.25955460767264,2.04834653316244e-05,0.000286955152140069
"YNL248C",659.389998295223,-0.987830341081741,0.231992269435143,-4.25803128477911,2.06235092737705e-05,0.000287900471111576
"YPL092W",783.464337962531,-1.2132340360035,0.284943672340617,-4.25780304590593,2.0644570367513e-05,0.000287900471111576
"YLR264W",1446.71025754922,-1.067238872808,0.251115091185985,-4.2499989457725,2.13771521626918e-05,0.000297442275566865
"YGR107W",19.1667617642266,2.18669181618872,0.514711602927487,4.2483825966845,2.15319437963224e-05,0.000298919761506508
"YLR304C",4684.58172905481,-0.764865134762452,0.180451657859955,-4.2386151716935,2.24902796440464e-05,0.000311313723788737
"YPL075W",801.682078479343,-0.745884012283985,0.17598829170086,-4.23825929029311,2.25259523717053e-05,0.000311313723788737
"YPL018W",117.223673348382,-0.990968594440975,0.234230395349583,-4.23074295273241,2.32920718839389e-05,0.000321179914991535
"YDR309C",794.488260437261,0.638244037775043,0.150923717593507,4.22891807829746,2.34817824617345e-05,0.000323071503668159
"YKL043W",1474.19442999015,-1.24404140500823,0.294384088386669,-4.22591252070051,2.37974433835843e-05,0.000326683653591614
"YNR066C",51.5805637885323,-1.33177121960053,0.315242429630689,-4.22459381867067,2.3937211703568e-05,0.00032787049438072
"YOR340C",441.457454161723,-0.967902509570584,0.229554566606583,-4.21643761602618,2.48191905260237e-05,0.000339195603855657
"YOL077C",692.470361066702,-0.624417966967284,0.148951937284238,-4.1920768427183,2.76412332224995e-05,0.000376925907579539
"YLR155C",1297.44656596147,0.736425916051617,0.176411711708406,4.17447293561137,2.98676722013716e-05,0.000406385362916893
"YOR204W",1138.21060266554,-0.992987326012669,0.237924837440203,-4.17353369533028,2.99911281039385e-05,0.000407164321940887
"YNL146W",66.1324155868018,1.3565366436349,0.325353840955882,4.16941948387463,3.05376473330315e-05,0.000413670773343929
"YLR049C",294.600521340339,0.741008107386758,0.177851303242761,4.16644744163222,3.09383180342745e-05,0.000418177265737997
"YDR260C",493.252898444917,0.726862561052727,0.17467090828726,4.16132582225625,3.16405275349365e-05,0.000426730798990919
"YJL133C-A",376.570921922086,-0.975683544663718,0.234905935455577,-4.15350741466568,3.27417598424655e-05,0.000440616680593355
"YHL040C",469.793291403642,-0.766238061590172,0.184662298438106,-4.14940173533579,3.33345344754712e-05,0.000447614382148795
"YOR064C",214.27603016491,0.731014538087418,0.176429602383041,4.14337802848035,3.42227123094544e-05,0.000458539609375043
"YBR085W",194.761333979825,-0.856945004541932,0.207067444989484,-4.13848253444887,3.49610481047077e-05,0.000467414012704244
"YNR053C",276.001643621702,-1.15322213519405,0.278855336319466,-4.13555698956708,3.54094722082276e-05,0.000472382329892841
"YLR256W-A",788.807310458511,-0.642211909640258,0.155599499880307,-4.12733916326383,3.66984935380165e-05,0.000488518907486583
"YER067C-A",56.6076726230502,-2.07859219638131,0.50495596791884,-4.11638306791018,3.84864446317077e-05,0.000511213033444929
"YLR356W",546.373549437028,0.827395602197659,0.201438801186577,4.10742914137632,4.00087461009653e-05,0.000530288337329604
"YDL136W",8392.07970177412,-0.507553685416705,0.123613813144083,-4.10596253369441,4.02634743560828e-05,0.000531374178733711
"YLL061W",884.369205082809,0.891919338703337,0.217214573397169,4.10616711739913,4.0227849023152e-05,0.000531374178733711
"YDR091C",686.213309017521,-0.63146523667502,0.153876404450366,-4.10371712889032,4.06564522392108e-05,0.000535411523064553
"YBL101C",1212.4038268702,-0.645550587848927,0.157345584639833,-4.10275629485636,4.0825721460257e-05,0.000536491852522608
"YCR057C",541.602717976964,-0.904025534993858,0.220681210691277,-4.09652245500206,4.19402823545798e-05,0.000549963190790333
"YHR197W",247.466448891782,-0.91057821876786,0.222509603543192,-4.09230974424484,4.27097628374965e-05,0.000558861790320433
"YIL024C",192.839470574188,1.09476722412396,0.267598119369605,4.09108713731982,4.29355759052976e-05,0.000560623761820764
"YLR432W",3557.38304102588,-0.57877108773227,0.141542936219356,-4.08901428210673,4.332101824307e-05,0.000564458182616272
"YDR038C",1050.06611007214,-0.629399547168787,0.154049510506251,-4.08569650822258,4.39447892887799e-05,0.000571375167285405
"YJR048W",176.700689517791,-0.97772809793832,0.239416718305665,-4.08379207959091,4.4306677601218e-05,0.000574865120775297
"YOR095C",661.419360829782,-0.871646202619762,0.213920263009186,-4.07463131523137,4.60873021937219e-05,0.000596709281034505
"YKR091W",1225.07231787952,-1.05719910069908,0.260215039466798,-4.06279015565497,4.84896171405814e-05,0.000626494002971797
"YHR052W",375.857101013811,-0.776003862975414,0.191347021603399,-4.05547918369913,5.00316282627827e-05,0.000645061873828331
"YBR202W",866.061947216637,0.538040755455414,0.133224729630192,4.03859521388347,5.3772266230963e-05,0.000691839827030172
"YBR109W-A",18.4208704436974,-2.20653183014132,0.546958999749378,-4.03418141241368,5.4792975106436e-05,0.00070350061984255
"YHR007C",4858.76167208324,-0.744701734376034,0.184627076492477,-4.03354561272261,5.49415100628316e-05,0.00070393809768003
"YDL035C",1026.4164982894,0.513711886931035,0.127555335472394,4.02736494736603,5.64054468510723e-05,0.000721192303813087
"YGR067C",200.70336519267,1.05240875349742,0.26168316467171,4.02169071448561,5.77818966314402e-05,0.000737258639592028
"YPL153C",265.881108178217,0.786863540682116,0.196511125683373,4.0041678960709,6.22361536994984e-05,0.000792447919776222
"YOR050C",229.250862386714,0.837714173319469,0.209380643990938,4.00091506718131,6.30980041088513e-05,0.000801761829069082
"YIL113W",308.175530449224,-0.998626703474601,0.249969319188566,-3.99499709290835,6.46950467810368e-05,0.000820359871553353
"YDR451C",316.705616334142,-0.628373607671549,0.157404754369126,-3.99208785141245,6.54940988659865e-05,0.000828783349847361
"YJL210W",729.764957626674,0.660741860253331,0.165613748155821,3.98965585653952,6.61692291343832e-05,0.000835607308370547
"YLR231C",554.345724032018,0.538302056062459,0.135042489179281,3.98616805224772,6.71489603622977e-05,0.000846242020959285
"YML008C",4139.9198936255,-0.597206346928309,0.149869402868113,-3.98484504174518,6.75241752502194e-05,0.000849230424926072
"YJR101W",538.252845704524,-0.578684367698758,0.145261398967334,-3.98374497156598,6.78376724984156e-05,0.00085143201196991
"YBR025C",5517.21407294552,-0.574747234641429,0.144309236460767,-3.9827473884368,6.81231533509308e-05,0.000853273713051373
"YFL052W",195.703450274635,-0.926712384683911,0.232765644479773,-3.98131084488476,6.85362503611446e-05,0.000856703129514308
"YPL107W",293.244601541025,0.68068806267007,0.171357002594178,3.97233875689419,7.11704102211011e-05,0.000887825604178036
"YLR263W",128.41803527755,0.872134560304193,0.219654530016994,3.97048292259995,7.17270975007783e-05,0.000892958804918596
"YLR057W",396.826422515852,0.657110212952861,0.165628576824564,3.96737221046632,7.2669454158977e-05,0.000902862915308502
"YCL036W",96.924305833305,-1.52512185802583,0.385015819239457,-3.96119271420714,7.45763112335502e-05,0.000924686117109544
"YPR069C",1783.96858047451,-0.563772926748805,0.142576006624451,-3.95419215404033,7.6793675751602e-05,0.000950263794511776
"YIL051C",4458.4585258115,-0.430749520893964,0.108980291374105,-3.95254513878382,7.73243369355674e-05,0.000954908980228393
"YGL040C",1823.57289699063,-0.568122086998896,0.14414647230195,-3.94128332054374,8.10468279898915e-05,0.000997943253309473
"YPR075C",1813.99894863458,0.703247614534979,0.178442743545291,3.94102668768083,8.11335978300385e-05,0.000997943253309473
"YGR163W",657.359329110099,0.51139053163832,0.130013298329575,3.93337095673075,8.37628161057778e-05,0.00102607423532333
"YPL020C",698.107419530454,0.78832857751551,0.200411054419385,3.9335583548492,8.369750728044e-05,0.00102607423532333
"YPR013C",699.242425516989,0.772269739796665,0.196360544678916,3.93291707893489,8.39211935557132e-05,0.00102607423532333
"YIL016W",873.494496018405,0.500698301483015,0.127485398089312,3.92749529740059,8.58350987091759e-05,0.00104739257353459
"YKL162C-A",27.0044031614951,1.75608578005104,0.448098077916775,3.91897637279578,8.89258303754023e-05,0.0010829581322945
"YDR051C",649.192672203847,0.542872896596257,0.138555096072701,3.91810126068121,8.92492152461975e-05,0.00108474836712276
"YCL021W-A",62.0420950321983,-1.33731810270891,0.341508803910508,-3.91591106113726,9.00634478631819e-05,0.00109248561017469
"YLR158C",1844.77514964763,0.654734330854703,0.167386132401745,3.91152075420004,9.17167729490862e-05,0.00111035069613559
"YJL212C",699.394199562817,-0.550995051891745,0.140912748854561,-3.91018595812391,9.22250932731479e-05,0.00111431104838872
"YDR181C",444.854121373921,0.583792815553587,0.149417700017723,3.90711954128822,9.3402949567602e-05,0.00112632968596226
"YOR011W",435.867616758031,0.565649279289753,0.14479441397274,3.90656838043661,9.36161592131081e-05,0.00112669154434563
"YIL046W",1007.09462191487,0.915041281030505,0.235416338615996,3.88690643313034,0.000101529866429375,0.00121954820027472
"YFR030W",830.553458922835,0.831814863270182,0.214147425817074,3.88430941953383,0.000102621151076583,0.00123025356553798
"YEL046C",3377.61878074462,-0.70455419036117,0.18151449046244,-3.88153137838303,0.000103800755441159,0.00124197401938352
"YBR145W",2129.90194618728,-0.662770591146072,0.170942459546769,-3.87715604948775,0.000105684578022199,0.00126205855308062
"YBL084C",461.037547587084,0.558460373786507,0.144126807704971,3.87478486951351,0.000106718936514918,0.00127194081311384
"YBR014C",539.374341028799,0.583371643064111,0.150845242003412,3.86735196494241,0.000110023576317061,0.00130879109158593
"YBL039C",694.386129795096,-0.955814543582323,0.247429914443351,-3.86297083654028,0.000112016385045485,0.00132992426260566
"YEL011W",6113.19019093639,-0.673800484907151,0.174454011345562,-3.86233873162408,0.000112306700630245,0.00133080194388441
"YHR184W",32.0747647897835,1.5085277616734,0.39146054800635,3.8535882334915,0.000116399289452342,0.00137664544256135
"YKR093W",496.857573045091,-0.531541118622241,0.138075092313753,-3.84965245878236,0.000118285539864221,0.00139626884868514
"YLR326W",243.692100392725,0.638573810747543,0.165920608620416,3.84867085564059,0.000118760451541132,0.00139918922792713
"YFL060C",147.88069546518,0.764492250587016,0.19885395113387,3.84449112641647,0.000120802856008199,0.0014205307159664
"YPR023C",1445.77549466446,0.542431073788795,0.141136930346135,3.84329652386868,0.000121392650223845,0.00142474198258902
"YGR211W",690.691459942268,-0.924645137952918,0.241100295484472,-3.83510578489718,0.000125510263537931,0.00147026308715862
"YKL161C",322.430829507841,0.712645117779497,0.18587422118245,3.83401804320126,0.00012606688814236,0.00147397597352759
"YGR047C",327.849047140369,0.721693893351466,0.1882772396277,3.8331446476406,0.000126515509824534,0.00147533873215933
"YGR131W",168.037975200349,-0.829068899739941,0.216305682076897,-3.83285770294839,0.000126663227736606,0.00147533873215933
"SRG1",186.004682598617,-1.17416611956508,0.306983865222888,-3.82484636028858,0.000130853664157483,0.00151978457741748
"YPR140W",486.962498275397,0.610031663130803,0.159501198073191,3.82462119720803,0.000130973305045734,0.00151978457741748
"YML058W",1567.45059510492,-0.705512550593138,0.184519337253695,-3.82351552467984,0.000131562303911125,0.0015208800170177
"YNL154C",2316.20685333641,-0.484331744161181,0.126665409041064,-3.82370962860243,0.000131458723204942,0.0015208800170177
"YBR146W",791.33961747922,-0.48732465925082,0.127480568092298,-3.82273680250616,0.000131978631230559,0.0015228303603526
"YOL029C",507.877034760381,0.591097644549411,0.154749199439075,3.8197137477414,0.000133606636713914,0.001538728119458
"YLR149C-A",39.6200260465439,-1.32361081606548,0.346739244857688,-3.81730893083281,0.00013491519573243,0.00155089430608308
"YGL008C",24590.5238282536,-0.72676944820426,0.190626271983505,-3.81253559985241,0.000137548409929652,0.00157527508578652
"YNL188W",368.631505240796,0.834026132442135,0.218734567984587,3.81295988158993,0.000137312408214987,0.00157527508578652
"YLR177W",2408.26511449517,-0.624858780351505,0.163987221183087,-3.81041142013052,0.000138735716108149,0.00158591943134781
"YDR391C",914.144095506026,-0.579983864666076,0.152436855513096,-3.80474828553682,0.000141948466368739,0.00161963463481956
"YJR104C",19574.0854648207,-0.885171982322034,0.232710258459384,-3.80375144689432,0.000142521185185834,0.00162080149159902
"YLL024C",19586.7296058523,-0.882371780888309,0.231980089654245,-3.80365307300054,0.000142577822269117,0.00162080149159902
"YLL009C",526.284712529726,-0.735935234397759,0.193510465642216,-3.80307717184888,0.000142909812990026,0.00162157813632594
"YAL060W",1944.27844829968,-0.701569349741967,0.184510742551986,-3.80232250999856,0.000143345956340246,0.00162353154970997
"YOL156W",169.482526601631,0.885572832274379,0.23395162095863,3.78528188283412,0.000153534447209139,0.00173572950429449
"YBL087C",7782.54497583304,-0.750498208739848,0.19832902341603,-3.78410681307872,0.00015426156743053,0.00174074979761056
"YDR384C",652.286602507054,-0.754638378885492,0.199455137871155,-3.78349932190254,0.000154638746083081,0.0017418100520347
"YGL027C",2040.99080008208,0.496073224502299,0.131155920196651,3.78231667894597,0.000155375515693516,0.00174690936291613
"YDR259C",210.978025184103,0.948968856948978,0.251106823850356,3.77914404076292,0.000157368378001497,0.00176608672392191
"YBR158W",1417.46383586264,-0.642019161842158,0.17014144169521,-3.77344376211567,0.000161009526390455,0.00179664309802537
"YLR160C",4703.33767278789,0.640052863105624,0.169637757289686,3.77305661977494,0.000161259673188618,0.00179664309802537
"YMR307W",11158.0188796764,-0.679200708504297,0.179989941728759,-3.77354813263866,0.000160942151298865,0.00179664309802537
"YOL163W",69.4576625264504,1.06064898755334,0.281060031957513,3.77374534602513,0.000160814915071873,0.00179664309802537
"YCR072C",119.939076699698,-0.947423993479456,0.251378750315047,-3.768910428157,0.000163961708362945,0.00182344395376512
"YBR183W",657.103010850529,0.603008386165517,0.160138501696588,3.76554282559748,0.000166187634377497,0.00184195386001083
"YPL015C",1198.66930499641,0.567740450418566,0.15077479370735,3.76548650114909,0.000166225104440002,0.00184195386001083
"YFL020C",40.1016513932992,1.36440628903038,0.362582236095879,3.76302574478465,0.000167869912896073,0.00185683446818498
"YFL026W",1796.93030407691,-0.596955146748119,0.158707316049679,-3.76135871745987,0.000168992866378969,0.00186589969161698
"YGR280C",600.790774312756,-0.685312580723252,0.182663352573952,-3.75177927628257,0.000175584017455579,0.00193520019238676
"YAL037W",56.9413242960283,1.04197127178304,0.277785189120024,3.75099649871119,0.00017613315958849,0.0019377798416265
"YLR267W",337.307814301054,-0.907969420781536,0.242623903799782,-3.74229169740345,0.000182349670712748,0.00200259013372036
"YDR460W",496.51134379429,0.534860361109479,0.143152416583129,3.73629990939682,0.000186747920384836,0.00204723656036853
"YBR196C",21979.8997977511,-0.852908174035467,0.228346930168555,-3.73514184493695,0.000187609411493926,0.0020530211400136
"YDR155C",9657.67302774881,-0.883233802443534,0.236516182908943,-3.73434828678751,0.000188201899560554,0.00205584668258865
"YIL091C",207.003479801341,-0.794602291053296,0.212828357184204,-3.7335358011788,0.000188810341133775,0.0020588361666183
"YDR059C",451.352674334636,0.692491501949631,0.185555544313046,3.7319903563827,0.000189972776054941,0.00206784526148298
"YMR042W",393.728624782882,1.05856801104009,0.283967493677209,3.7277788289507,0.000193174787932106,0.0020989840031492
"YJL104W",588.455508386684,-0.513617130527256,0.137853535107107,-3.72581762323466,0.000194683132788917,0.00210792476523211
"YPL016W",348.868900146077,0.842950907018748,0.226224116353287,3.72617615047875,0.000194406568792286,0.00210792476523211
"YDR397C",34.9048950383275,-1.47275215803368,0.395337751172097,-3.72530109676414,0.000195082225733719,0.00210853372278098
"YMR319C",2715.67486092783,-0.529993817308661,0.142360121174626,-3.7229092876266,0.0001969402938364,0.00212488211770853
"YGR246C",737.212554466315,0.579800818799632,0.155813491009895,3.72112077742234,0.000198340543670285,0.00213624228296367
"YKL054C",2911.10774790493,-0.841579198290845,0.226401838459873,-3.71719242218081,0.000201449011964944,0.0021659290622105
"YAR075W",171.05751658504,-0.939835520623792,0.252879379457775,-3.71653680358989,0.000201972231995531,0.00216776479366931
"YER070W",775.21330006742,-0.627414421247342,0.16925504903963,-3.70691701551802,0.000209797649579593,0.00224783195978136
"YLR420W",1316.64385133738,-0.690191237348762,0.186335268969648,-3.70402898584479,0.000212201995179794,0.00226963873105345
"YPR167C",632.649420109144,0.653590556056814,0.176619948710597,3.70054776274318,0.000215134580622388,0.00229700984518696
"YDR456W",1035.18771427987,0.688164582074676,0.186115970146492,3.6975042041423,0.000217729614655996,0.00232068826713063
"YBL066C",375.062741234146,0.539085808288597,0.145857253077899,3.69598218060972,0.000219038336219053,0.00233059821409546
"YGR230W",149.707334394193,0.831233990913611,0.225588888847609,3.68472931073804,0.00022894582520146,0.00243180798789116
"YDR450W",11580.0654433779,-0.680092946837805,0.184643106733029,-3.68328370807329,0.000230248655882206,0.00244103528327977
"YJL026W",2190.93827546604,-0.507094861767458,0.137689538164469,-3.68288592239838,0.000230608373916349,0.00244103528327977
"YPL074W",509.303465379486,0.537336813912213,0.145943191043063,3.68182174222614,0.000231573307849749,0.00244703753140198
"YKR085C",528.065289010868,-0.815752929600043,0.221865998364263,-3.67678209195772,0.00023619463804089,0.00248732367114979
"YLR324W",1099.11793346619,0.494245082363077,0.134420779519854,3.67685029151372,0.000236131525889191,0.00248732367114979
"YPR139C",806.771648195775,0.524579227884233,0.142719934009874,3.67558485451611,0.000237305147608729,0.00249474642357894
"YLR154C",315.957940411138,0.769020901730306,0.209267485382542,3.67482268124229,0.000238014659165197,0.00249793541615352
"YNR075W",135.001440114828,-0.742558078199086,0.202522118081948,-3.66655299298529,0.000245841990954308,0.00257568695803917
"YKR106W",88.4431845131714,0.864296936904322,0.235961914934664,3.66286626019135,0.00024940877116275,0.0026086121473655
"YGL103W",583.204378958798,-1.28679080480922,0.351775806298513,-3.65798551739305,0.000254205407025412,0.0026542669833723
"YOL034W",230.35225992728,0.707980820377434,0.193899423438097,3.65127862591844,0.000260937963080584,0.00271994656431456
"YDR176W",1020.01057868699,0.454351955317289,0.124466742840694,3.65038840856321,0.000261844051867816,0.00272477312857372
"YIL117C",1579.43190052781,0.518856713250418,0.142274207681652,3.64687824803351,0.000265445620337458,0.00275758541397866
"YBL003C",5292.35353712593,0.49607231749391,0.136064013409347,3.64587450468246,0.000266484009329087,0.00276370431260351
"YDR104C",323.949719349161,0.656693040208986,0.180231886159203,3.6436007756636,0.000268850318815769,0.00278355128066832
"YKL221W",55.4389739415275,1.09233291190329,0.300388954874148,3.63639506106655,0.00027648020104265,0.00285773653178538
"YOL097C",2471.8167878543,-0.596039796601222,0.164018053512983,-3.63398896545278,0.00027907280236337,0.00287969418546095
"YEL044W",1501.95955185703,0.858253287757603,0.236287515783115,3.63224136033231,0.000280970134827545,0.0028944159617913
"YIL122W",482.203002026309,0.727135828804026,0.200289044803138,3.6304323559919,0.000282946854036118,0.00290990493699352
"YPL093W",928.140788142013,-1.11405241254124,0.306935656466013,-3.62959593997057,0.000283865213646635,0.00291447589971086
"YGR176W",38.699685027851,-1.54518763706306,0.42587195261188,-3.62829162048921,0.000285302892266777,0.00292435464573447
"YAL016C-A",27.4523144244338,-1.58828095786976,0.437980262297589,-3.62637564884281,0.000287427136360363,0.00293634034653859
"YIL080W",51.3625076498914,1.05116610316596,0.289855627399608,3.62651611285357,0.000287270901501951,0.00293634034653859
"YLR388W",3679.46272694664,-0.524167899833312,0.144697437271582,-3.62250990561432,0.000291758284739161,0.00297564419758846
"YFR031C",718.319242346288,0.555349222418408,0.153327135456129,3.62198915910294,0.000292346375685667,0.0029767056464683
"YLR250W",1405.77800079107,0.500432275674961,0.138522464463613,3.61264346265234,0.000303091318674347,0.00308101092536732
"YLR001C",561.834506734583,0.559603844500064,0.154939657176655,3.61175347033349,0.000304133621995882,0.00308650457966118
"YDR101C",340.287047127944,-0.801668918840799,0.221997073904671,-3.61116885344646,0.000304820114272409,0.00308837512813067
"YGL224C",574.298327069591,-0.656360172534612,0.182034367991516,-3.60569369277127,0.000311320180962589,0.0031490445936183
"YML055W",447.691639541044,0.9044190808743,0.250897682230734,3.60473270551206,0.000312474359830668,0.00315552924952152
"YOR344C",496.748834074146,-0.788352911282239,0.219041396718052,-3.59910465827151,0.00031931467061388,0.00321932003979567
"YPL027W",27.2226687021729,1.70625552947276,0.474913047159623,3.59277459248087,0.000327175590083065,0.00329317492473134
"YNL148C",616.377548357698,0.609638280595843,0.169750103758374,3.59138679210244,0.000328923049661448,0.00330535417551946
"YDL209C",234.040374281633,0.617579545002562,0.172040984889459,3.58972337550482,0.000331029061575714,0.00332109091140398
"YCL024W",168.948026259087,0.834074563085264,0.232406203748506,3.58886531268262,0.000332120361289412,0.00332120361289412
"YGR197C",340.438003032662,0.568882256642085,0.158502710920005,3.58910111593735,0.000331820127494199,0.00332120361289412
"YDR217C",575.530300591723,0.589027355729948,0.16424136959803,3.58635194757297,0.00033533630788635,0.00334791930763158
"YIR018W",208.972945389478,0.708789743536242,0.197663874593022,3.58583350142052,0.000336003294325462,0.00334914142642073
"YGR264C",2373.16731570931,-0.570078657293872,0.159090344831694,-3.58336426950973,0.000339197056180031,0.00337320277325038
"YOR303W",1634.7915890219,-0.492304210530723,0.137395392257718,-3.58312023744792,0.00033951423034829,0.00337320277325038
"YDR036C",556.108737490263,-0.499800198267743,0.139552900452499,-3.58143898584082,0.000341706944756626,0.00338951243589234
"YNL069C",8925.72029537875,-0.461255637686084,0.128846929271348,-3.57987295696194,0.000343761294928946,0.00339347024689088
"YNL274C",616.101073019318,-0.590006358924371,0.164786473717374,-3.58042954384892,0.000343029832483047,0.00339347024689088
"YPL232W",2726.02626040619,0.581145048888358,0.162322107137204,3.58019655571093,0.000343335846445001,0.00339347024689088
"YGR192C",272579.606077596,-0.963693914009343,0.269840321052323,-3.57134882678441,0.000355147516227545,0.00350025196281956
"YPR041W",2727.1009506206,-0.582693318423469,0.163377638036639,-3.56654267637774,0.00036172192574391,0.00355934374932007
"YDR132C",265.70709898293,0.812973116433806,0.228260768385637,3.56159808881534,0.000368604347286188,0.00362127274091063
"YBR241C",1012.84805627905,0.897861893992401,0.252573899127219,3.55484829230179,0.000378197238099085,0.00370368314380473
"YNR040W",202.51094370869,-0.853054431191514,0.239951385472281,-3.55511358899847,0.000377815830725454,0.00370368314380473
"YJL219W",120.455491624873,0.8899867570923,0.250460578042028,3.55340055528802,0.00038028494521367,0.00371820733396513
"YMR242C",7182.37803631136,-0.486040819927606,0.136842045489913,-3.55183831246832,0.000382549855571003,0.00373441525676455
"YBR007C",487.512906632727,0.501809786479568,0.141336480409221,3.550461883773,0.000384555817229632,0.00374804798092272
"YOR066W",357.377248741757,0.555052147390674,0.156355824867257,3.54992945009822,0.000385334401912291,0.00374969394265916
"YMR007W",64.4915729261676,-1.00504277968202,0.283259880294496,-3.54812964913036,0.000387977194627637,0.0037635011781703
"YNL231C",952.880593294043,-0.487909503530543,0.137498691796222,-3.54846651380249,0.000387481264211433,0.0037635011781703
"YLR105C",565.576256153932,0.501346895875918,0.141380290660085,3.54608760199317,0.00039099620456169,0.00378681363473133
"YPL265W",2544.51161358728,-0.903865166160221,0.255158014980241,-3.54237418812894,0.000396542531428985,0.00383449145957273
"YJL052W",34478.3582760029,-0.687460052611887,0.194186439437026,-3.54020628116429,0.000399814396213894,0.00386006049719851
"YLR152C",530.176457136904,-0.506291754751711,0.143173748515374,-3.53620520522548,0.000405919255014311,0.00391285802247338
"YOR052C",1088.72938697954,-0.517257219033942,0.146315256221977,-3.53522409344111,0.000407429476728096,0.00392126961170234
"YJL217W",1923.04267861543,-0.666931168128522,0.18883955674447,-3.53173445027191,0.000412843710443368,0.00395691514633003
"YLR056W",3940.17064070237,-0.703185854175945,0.199112891917571,-3.53159379788955,0.000413063337226647,0.00395691514633003
"YMR104C",1594.64641485857,-0.515525184904971,0.14594581978933,-3.5323052462148,0.00041195353928612,0.00395691514633003
"YBL001C",1174.26265181165,0.443027906772143,0.125548385017152,3.52874237857873,0.000417539388823892,0.00399357269248357
"YLR244C",1972.92302222568,-0.484006977431226,0.13722944979678,-3.52699058509656,0.000420311708902469,0.00401384628843196
"YML022W",1408.59823900705,-0.496797397803251,0.140950524206477,-3.52462256242126,0.000424086578702862,0.00404361621553892
"YDR128W",900.936523325109,0.465443841683116,0.132298538610591,3.51813290283657,0.000434594647726423,0.00413739486612617
"YGL156W",547.892450898352,0.775900342605332,0.220686940230159,3.51584167960337,0.000438362301429659,0.00416038295338333
"YLR157C",1497.83911424514,0.645032235562514,0.183459562482167,3.51593684643836,0.000438205205476563,0.00416038295338333
"YBR249C",4830.35486367259,-0.57623294901308,0.164131838559649,-3.51079323834945,0.000446771748470901,0.00423366140692764
"YOR119C",303.285688761699,-0.542117994957531,0.15444864633633,-3.51002101874694,0.000448071273445316,0.00423944358721337
"YKL164C",5187.02227619248,-0.693397580452163,0.197596123630631,-3.50916590726415,0.000449514408262804,0.00424656468635368
"YDL214C",129.616263837829,1.13344090508931,0.323068648216063,3.50835932656418,0.000450879614296336,0.0042529288771817
"YNL204C",88.7816551366454,0.936970147545642,0.267571778307181,3.501752514684,0.000462208742973394,0.00435311450120425
"YDR359C",726.972696058561,0.532331921805736,0.152308638188697,3.49508687187014,0.00047390748073873,0.00445646942896512
"YKR077W",276.444837027246,0.646889114225818,0.185226510183152,3.49242186545637,0.000478661611683089,0.00449430368221526
"YLR407W",200.998202279786,0.615235091541096,0.176520354349664,3.48534928908195,0.000491495006570781,0.00460776568660107
"YJL047C",292.441898182544,0.585660731348126,0.168075203119631,3.48451598140429,0.000493028018173682,0.00461510245322397
"YLR383W",501.500260528066,0.717714048143456,0.206180156842989,3.48100447265646,0.000499537149645207,0.00466892624668393
"YOR293W",9650.81707877922,-0.735634306394571,0.211406214349371,-3.47971940493129,0.000501939185137919,0.00468425794931441
"YCL026C-B",262.36088383055,0.692140021185635,0.199137334403835,3.47569190507506,0.000509537290438153,0.00474796111544643
"YOL127W",15410.2008871638,-0.618447071645283,0.178013086352828,-3.47416633415086,0.000512443261257828,0.00476781551699794
"YMR230W",5230.27388815054,-0.60178509234037,0.173472677687943,-3.46904826950853,0.000522305603871092,0.00485223483958794
"YPR018W",437.733026570785,0.735264939451972,0.212004353829314,3.46815962111769,0.000524035919769417,0.00486096667659414
"YDL033C",175.148357947917,-0.699498091573461,0.202015095130674,-3.46260308478922,0.000534976940329867,0.00495498220335645
"YHR089C",3013.56397211817,-0.525838121764239,0.151920774784703,-3.46126540303286,0.000537642485155034,0.00497218238150896
"YDL198C",1084.03927254531,-0.70485595789126,0.20366960309743,-3.46078132019571,0.000538610143157811,0.00497365222285366
"YHL036W",399.285612516924,-1.19846512080667,0.346436229079329,-3.45941047791579,0.000541359201202846,0.00499036993277847
"YPL211W",885.425438385214,-0.559599223674619,0.161777349736083,-3.45907028757442,0.000542043433348946,0.00499036993277847
"YLR046C",255.120929014384,0.589091292678587,0.170527176381783,3.45453027005916,0.000551252330664075,0.00506756626843656
"YHL035C",862.700958087256,-0.686533061190899,0.198797843180907,-3.45342308651785,0.000553520122226978,0.00508081903238196
"YPR035W",20646.4695262234,-0.405235282580967,0.117386339495026,-3.45215026147176,0.000556137925789672,0.00509724030343738
"YHR049W",1059.28457968448,-0.679750824818986,0.19704250707816,-3.44976743799424,0.000561069676977738,0.00513478945448376
"YDR072C",1882.04498530313,-0.487197518027491,0.141291539898725,-3.44817190312105,0.000564394705364808,0.00515754448438866
"YDR430C",863.921146412745,-0.449398393416678,0.130359474765502,-3.44737806151092,0.000566055866317097,0.00516504981876877
"YER015W",280.604652697916,-0.719444898051596,0.208802622011547,-3.44557405994553,0.000569847792327642,0.00519194655231852
"YLR452C",403.251455647127,-0.592169887046207,0.171944050398542,-3.44396846342541,0.00057324256202214,0.00521515052727243
"YPL110C",904.028954008746,-0.514239963759914,0.149397311322038,-3.44209650902907,0.000577224275216049,0.00524361786200694
"YML106W",2684.86077348976,-0.523082726562809,0.152149398856774,-3.43795460575703,0.000586125947555151,0.00531662917030115
"YLR137W",517.886397186108,0.832886432688565,0.24285783460827,3.42952260128652,0.000604644073177335,0.00547652584689339
"YBR059C",2344.54949030168,0.37469611597856,0.109288804692528,3.4284949591381,0.000606937806573593,0.0054892169270994
"YIR039C",445.020975541258,0.62662036855431,0.18339793593321,3.41672530481758,0.000633791953580336,0.00572367182748762
"YLR008C",325.86718209543,-0.6713249711232,0.196637182026847,-3.41402863997279,0.00064009846710929,0.00577214893361017
"YMR093W",258.201899660392,-0.841159920641773,0.246542539587872,-3.41182467759065,0.000645296024150755,0.00581049860692115
"YBR218C",3711.71246853949,-0.566612970371726,0.16611356824284,-3.41099752636341,0.000647256787062148,0.00581963339244475
"YHR080C",896.332308418403,0.505852761803322,0.148374495092677,3.40929727502937,0.000651304648263068,0.00584747968878521
"YML075C",1484.80061433013,-0.658120692012653,0.193136554298467,-3.40754081692694,0.000655511036734391,0.00587666599987829
"YDL083C",9216.68215270545,-0.608639848087238,0.178951515829178,-3.40114385322239,0.000671045050736052,0.00600304665314053
"YGL037C",10367.7354014018,-0.496018498173621,0.145876826330391,-3.40025561736727,0.000673228851787721,0.00600304665314053
"YGR258C",831.264104201055,0.628539892594696,0.184857039560174,3.40014042251335,0.000673512551327962,0.00600304665314053
"YPL198W",3005.72546094615,-0.703567292462612,0.206886101885236,-3.40074701031824,0.000672019906548769,0.00600304665314053
"YDR123C",215.975335773335,0.823397510226447,0.242218593890568,3.39939844006546,0.000675342555751971,0.00601064648028165
"YLR222C",419.970029094831,-0.59254355910049,0.174463072741241,-3.39638382948427,0.000682825351603179,0.00606846230109761
"YGR256W",145.939334028048,0.70219208862268,0.206802594198358,3.39547040666793,0.000685107796970795,0.00607996096878844
"YLR207W",986.984470497709,0.432695056545618,0.127458512945633,3.39479134461724,0.000686809219234565,0.00608627766324578
"YDR234W",793.18387672527,-0.605321892688705,0.178574457671115,-3.38974509895218,0.000699576398587103,0.00619049618893623
"YAR010C",661.263851995023,-0.542971654441768,0.160437984529379,-3.38430862264004,0.000713577450431779,0.00630531798872908
"YKL056C",21563.4636961126,-0.922249477886029,0.272854998266953,-3.37999847444146,0.000724862321465228,0.00639584401292849
"YOR202W",1098.50871113832,-0.622661878618159,0.184448860267944,-3.37579683449187,0.000736022480586455,0.00648501182751676
"YFR027W",221.382476540867,0.722976991658734,0.214663200307105,3.36795962523813,0.000757266849634703,0.00666264824785897
"YOR298C-A",4053.40881715774,-0.594726718353912,0.176705519289029,-3.36563747836957,0.000763670012951141,0.00670938654235646
"YKL178C",40.1257378812503,1.19899857755338,0.356394559191574,3.36424489833156,0.000767534033865747,0.00673371513305898
"YMR114C",496.751252140502,0.452570313529156,0.134662435089366,3.36077624935876,0.000777237620629525,0.00680913300124156
"YNL182C",309.392046202076,-0.767533518743684,0.22843840163869,-3.35991459070727,0.000779665716823599,0.00682068870336434
"YMR265C",750.993667231213,0.484938148184077,0.144635571415144,3.35282768574385,0.000799904900450722,0.00698780559342605
"YBR050C",269.840187451747,-0.83034008145461,0.247739780297972,-3.35166229846457,0.000803279392207693,0.00698947895487881
"YIL026C",415.41535715614,0.609734218051449,0.181882440602679,3.35235339943239,0.000801276651747311,0.00698947895487881
"YOL118C",49.9236193333201,-1.1467298401157,0.3421456140405,-3.35158421753132,0.000803505954650296,0.00698947895487881
"YMR177W",321.240177939849,-0.552937909082348,0.165073755670521,-3.349641539543,0.000809162026496149,0.00702873794202164
"YGR274C",740.788202062238,0.512215316512525,0.153044237643643,3.34684483649229,0.00081736947644743,0.00709001732038321
"YOL112W",630.275025453022,0.44305852059623,0.132412379065591,3.34605060133207,0.000819714352012774,0.00710034262658952
"YBR073W",1029.73907635579,0.444320439062109,0.132884323369451,3.34366332909555,0.000826800087502996,0.00715164632650271
"YEL018W",192.780345108003,0.699942812053622,0.209365043872646,3.34316941886149,0.000828273153607838,0.0071543256947868
"YML018C",593.062008451941,-0.531837044489755,0.15910780340282,-3.34262074590571,0.000829912401548843,0.00715843095305103
"YER159C",610.583879276342,-0.61810303622236,0.184946898041727,-3.34205678909471,0.000831600448543301,0.00716294503997381
"YMR198W",350.201946468587,0.495661258962013,0.148518129390657,3.33737881695401,0.000845725930473456,0.00727442583554092
"YCR019W",256.349880640845,0.537514682274813,0.161143427722186,3.33562894790533,0.000851066739241206,0.00731014028817516
"YAL011W",454.925547152327,0.500900763564876,0.150218493927601,3.33448133094909,0.000854586368538252,0.00731291826269181
"YGR254W",61446.6996058573,-0.636328281860955,0.190839671842538,-3.33436059555788,0.000854957435914701,0.00731291826269181
"YKR024C",130.184122886564,-0.795658201872271,0.238579961996606,-3.33497497113186,0.000853070771105507,0.00731291826269181
"YDL238C",385.421749328724,-0.75628734531763,0.22705354300776,-3.33087665270117,0.000865729544420313,0.00738955037146148
"YJR156C",107.695531516435,0.971557593164549,0.291698860804805,3.33068696423426,0.000866319645174589,0.00738955037146148
"YHL048W",513.155377380765,0.753038601027363,0.226260272627703,3.32819629483272,0.000874102531490775,0.00742504222191749
"YLR103C",232.328673486267,0.574573449139478,0.172606909462582,3.32879750253587,0.000872217954349274,0.00742504222191749
"YNL278W",542.799474732638,0.778612109856381,0.233931094246835,3.32838228437823,0.000873519116000733,0.00742504222191749
"YDL090C",418.857193018742,0.486240865901807,0.146185050883441,3.32620102372511,0.000880384102263698,0.00746808583299551
"YPR123C",56.5228079301283,-1.29827970390433,0.390399082335387,-3.32551935352397,0.000882539729645972,0.007476059693282
"YJL190C",11572.5335066668,-0.73138631178871,0.220496779817236,-3.31699316604504,0.000909918421593631,0.00769738417166552
"YIL159W",192.961145748557,0.762742715804567,0.229989516746756,3.31642383789359,0.000911774355685488,0.00770248940585955
"YOR187W",2816.24564286331,-0.409265729029215,0.123518218872603,-3.31340374533194,0.000921678254309013,0.00777547498491143
"YCL063W",501.513738089942,0.692604989617788,0.209187848931245,3.31092361796516,0.000929885868399863,0.00783396998720432
"YKR097W",165.0090702205,0.944495852811812,0.285392991363204,3.3094570693567,0.000934771001431571,0.0078643524744243
"YOR212W",1335.8137462713,-0.512545761455978,0.155255145349601,-3.30131256070023,0.000962336112658114,0.00808520094651284
"YOR074C",369.247113482741,0.604357748455969,0.183149120576899,3.29981245092693,0.000967494617170178,0.00811745142646193
"YIL123W",4308.99579914919,-0.77817523466627,0.236026944283456,-3.29697627119946,0.000977317577510387,0.00818869632382681
"YJR047C",798.952892459689,-0.958364922066847,0.29080127721886,-3.29560080076804,0.000982114628981649,0.00821769383433625
"YDL024C",61.0824254110027,0.92477249289948,0.280840888241059,3.2928698477328,0.000991703704153734,0.00826529874843225
"YDR037W",7364.00414186429,-0.446276392345444,0.135529641448749,-3.29283238393429,0.00099183584981187,0.00826529874843225
"YNL225C",327.017313571996,0.874247183781703,0.265488377656434,3.29297723500747,0.00099132500848559,0.00826529874843225
"YLR024C",436.541189649758,-0.544335712018162,0.165414525972123,-3.29073706688794,0.000999252646591378,0.0083052375776161
"YMR046W-A",62.4044848855007,-0.953678877974853,0.289808976168745,-3.2907154587909,0.000999329399583075,0.0083052375776161
"YKL185W",1177.31003394935,-0.742561317920893,0.225935477143564,-3.28660787278243,0.00101401927575381,0.00841594945463692
"YHR093W",15.3118612942705,2.1090998041478,0.641886515457196,3.28578300580991,0.00101699322511415,0.00842925651543397
"YJL138C",8569.06659949005,-0.512852722199766,0.156120374445048,-3.28498265535664,0.00101988649825327,0.00843051339281936
"YMR201C",323.580763131745,0.54874741013648,0.167032196926076,3.28527924696663,0.00101881342992412,0.00843051339281936
"YKL096W-A",13469.5065853663,-0.89910574204839,0.27377697137225,-3.28408097124389,0.00102315521872009,0.00844618066460211
"YIL130W",335.050473404637,0.627280731336086,0.19111764027414,3.28217076370507,0.00103011201857383,0.00849221034078962
"YDR344C",75.3428049987167,0.855662685471222,0.261117685904903,3.27692351632913,0.00104944792929226,0.00862351423281904
"YGL121C",94.7276147734357,-0.837248077974436,0.255514939878619,-3.27670890153103,0.00105024587973682,0.00862351423281904
"YNL103W",1019.97246343478,0.427901640381876,0.130567139283103,3.27725370052013,0.00104822138037058,0.00862351423281904
"YFL049W",657.462319432048,0.446264447954132,0.136294371031245,3.2742691028071,0.0010593567458849,0.00868672531625618
"YNL098C",4848.8667007577,-0.735694214878202,0.224752440590351,-3.27335361941243,0.00106279423328858,0.00869173475362339
"YOL154W",273.53989861071,0.881855983767912,0.26937391370059,3.27372451048878,0.0010614003576131,0.00869173475362339
"YLL023C",1580.40723617407,0.413990772282383,0.126499757624512,3.27266059679914,0.00106540327686023,0.00870150086678678
"YFL059W",254.679871835518,0.780288296997744,0.238458160874417,3.27222307735855,0.00106705346957302,0.00870342020938204
"YJL147C",162.853960276069,0.646665861794734,0.197739349504273,3.2702942707959,0.00107435657912951,0.00875138140615428
"YPL278C",58.7346547820818,0.905056597739234,0.276790680359325,3.26982323452619,0.00107614709130564,0.00875437117927205
"YGR208W",876.378583112873,-0.551230699692787,0.16868561884851,-3.26779901840847,0.00108387304300751,0.00879226530493052
"YJR129C",155.983090264193,-0.893072388781186,0.27328666425609,-3.26789597001451,0.00108350183511803,0.00879226530493052
"YLR175W",4533.07353281793,-0.737522333599483,0.225718787678037,-3.26743883921385,0.00108525312600179,0.00879226530493052
"YPR065W",667.539022036282,0.649207996496048,0.198710321327976,3.26710757728843,0.00108652384256052,0.00879226530493052
"YGL096W",159.503034155007,-0.779317571146316,0.238656381463015,-3.26543780798541,0.00109295003285331,0.00883264481215228
"YKL023W",579.608479105472,0.541359553620852,0.165939235791248,3.2623963286289,0.00110474572461837,0.00891625486404586
"YJL084C",480.642571580648,0.586417192609197,0.179940656711113,3.2589477182506,0.00111826273658935,0.00901352009177521
"YDL169C",325.084391304713,0.739105039429646,0.227180595164698,3.25338103324283,0.00114040466068724,0.00917995898328078
"YNL144C",1227.42489481031,-0.715241636737154,0.220165018652852,-3.24866157718234,0.00115949336179632,0.00932141722228416
"YLR192C",3890.67742607907,0.514989635394223,0.158565909399591,3.24779542679905,0.00116302857387524,0.00933763150043438
"YER109C",502.06047820278,0.462778000081385,0.142648103661586,3.24419314524688,0.00117783849110298,0.00943190979203561
"YJL169W",27.7687740067642,1.40981947484959,0.434563666673022,3.2442184723887,0.00117773375908461,0.00943190979203561
"YLR403W",539.322205335822,-0.464304120506077,0.143140074656826,-3.24370461325545,0.00117986033827449,0.00943581414874917
"YBR201C-A",163.104477276725,0.633860093825024,0.195446987603156,3.24313053681872,0.00118224031937701,0.0094425687846346
"YLL021W",1475.93730961766,0.47302597510773,0.145876843104244,3.2426392362337,0.00118428065370228,0.0094465966540454
"YMR252C",359.207076766361,0.541153762417631,0.166948079132415,3.24144946878014,0.00118923515524721,0.00947382928079057
"YGL168W",287.944929649972,0.708526520590812,0.218749092413906,3.23899181830741,0.0011995301435954,0.00954348044387028
"YNR072W",65.200448430075,-0.834740168288261,0.258905399640402,-3.22411262742162,0.0012636369023043,0.0100405257741233
"YHR064C",4055.61368779223,-0.612918109122998,0.190186396858134,-3.22272317709554,0.00126978204162813,0.0100763349109845
"YLR161W",76.7361208337926,0.903338244157796,0.280345044796925,3.22223724272405,0.00127193769305634,0.0100804340364645
"YPR106W",256.114324354049,-0.628709246742026,0.195289804455521,-3.21936543740675,0.00128474642823211,0.0101688423856209
"YDR273W",182.403675068744,0.80557933197838,0.250264603474266,3.21891038842501,0.00128678691694085,0.0101719017213191
"YER103W",593.205970834599,-0.47966914748227,0.149068974421844,-3.21776646913042,0.00129192959341757,0.0101994441585598
"YKL104C",2987.48805145539,0.352079207799069,0.109514908244624,3.21489752803909,0.00130491095199192,0.0102887209676286
"YNR003C",259.084542832731,-0.72494001058505,0.225530951838298,-3.21437037655399,0.00130730925399215,0.0102944326658793
"YHR148W",138.558252929582,-0.880634659496641,0.27435268562202,-3.20986345550087,0.00132798039344835,0.0104438355750733
"YGL007C-A",9.43111619259486,2.66940658212937,0.83291182676284,3.20490896678004,0.00135105203556854,0.0106117113904809
"YOL018C",976.857964127865,0.460160694917924,0.143639971535329,3.20356993947709,0.0013573506699133,0.0106475849744475
"YNR022C",396.391501723493,-0.496195696727559,0.155030220834317,-3.20063852103938,0.00137123440341449,0.0107427918229288
"YOL048C",755.976375329125,0.531798185121754,0.166269738256301,3.19840634079787,0.00138189412974303,0.0108125304044779
"YDL191W",6819.40585246405,-0.431471883142964,0.135048784916763,-3.19493347095939,0.00139863077446836,0.0109295797496574
"YJL158C",8619.17292307097,-0.716016727835174,0.224312867843215,-3.19204481989699,0.00141269409878303,0.0110254679029386
"YER110C",1829.53116209794,-0.518202114807212,0.162371609945052,-3.19145763833083,0.00141556867398956,0.011033900310565
"YIL077C",697.61999260481,0.47787901916179,0.149832260600972,3.18942674458114,0.00142555264374403,0.0110976566569946
"YDR361C",426.026153625665,-0.549707528389082,0.172517504522078,-3.1863869693219,0.00144061767089122,0.0112007568596473
"YMR260C",3033.35662930469,-0.462764667681291,0.145325500058951,-3.18433218873199,0.00145088407456616,0.0112663346699266
"YHR085W",125.73814788614,-0.770868830233688,0.242112865126155,-3.18392345583131,0.00145293427098944,0.0112680274484048
"YDR347W",748.668208625265,-0.408780489136635,0.12843206208808,-3.18285389559725,0.00145831180657249,0.0112954881743335
"YIL014W",794.698201756624,0.396046046605742,0.124533846199447,3.18022817645457,0.00147159128253374,0.011384008034695
"YOR182C",4442.664301599,-0.479075218262047,0.150691181091061,-3.17918550238549,0.00147689540944574,0.011410686894587
"YGR187C",360.716437042686,-0.54542417446398,0.1717900812374,-3.17494566936171,0.00149864558342221,0.0115642036863822
"YGR209C",4246.55835189639,-0.383283653687492,0.12076112047242,-3.17389944866427,0.0015040578576748,0.0115914233392231
"YGL034C",17.9905861086882,1.58884016448788,0.500814964378039,3.17250936473325,0.00151127685219834,0.0116324814030285
"YFR026C",74.9220948859539,0.826334004128954,0.260651378761703,3.17026523341132,0.00152299847963083,0.011708050812162
"YGL147C",15468.785670248,-0.885345576805023,0.279425061460491,-3.16845444062005,0.00153251766266556,0.0117665213800165
"YBR162W-A",1008.66167154709,0.45883116044684,0.144860180380733,3.16740707654033,0.00153804855022322,0.0117795748242501
"YML058W-A",106.173737408528,-0.88474358714253,0.279303252073137,-3.16768093667185,0.00153660058588428,0.0117795748242501
"YHR142W",1214.86820305811,0.459439327814686,0.145175579446372,3.16471495803054,0.00155234947067647,0.0118743149809208
"YLR372W",2453.4515334605,-0.423260684349104,0.13382935875338,-3.1626893253601,0.00156319054314684,0.0119326479453179
"YPR006C",429.348069085197,0.656589672670513,0.207612993569089,3.16256541261236,0.00156385597462214,0.0119326479453179
"YJL122W",344.752169142572,-0.69460726956761,0.21970797265935,-3.16150233949213,0.00156957557601883,0.0119614495570208
"YKR094C",9939.90654851019,-0.520225061067139,0.164568921804675,-3.16113793152627,0.00157154061134507,0.0119616024254606
"YOR028C",351.33328637238,-0.640609030247852,0.20287740515283,-3.15761644213299,0.0015906469564832,0.0120920627717821
"YKR096W",945.596498291783,0.41766397173035,0.132305496842294,3.15681496006323,0.00159502528045671,0.0121103771293935
"YER156C",1602.87879048769,-0.619317351434855,0.196356467229259,-3.15404610896651,0.00161023642459216,0.0122107940952427
"YML128C",1928.21528631159,-0.584035450663024,0.185196757492114,-3.15359436402602,0.00161273079264322,0.0122146482447732
"YOR244W",349.381480548586,0.576433119384503,0.1828439857503,3.15259546010831,0.0016182590014174,0.0122414426306483
"YLL011W",232.198555391953,-0.733486524147044,0.232712883298197,-3.15189478876921,0.00162214711110952,0.012254674436732
"YMR044W",821.38921173005,0.510522328103714,0.161990222658113,3.15156260499249,0.00162399344161571,0.012254674436732
"YER063W",1232.73251307676,0.623835682564902,0.198639848729917,3.1405364359349,0.00168638728821253,0.0127099041942488
"YPR019W",984.143015282189,0.431130247700016,0.137614744463048,3.13287830735159,0.0017310119473262,0.0130302612926024
"YBR018C",71.6110591354446,0.902452516925457,0.288209866377462,3.13123394514029,0.00174073432033556,0.013071448192996
"YDR075W",179.452609087613,0.584179856284125,0.186552641375492,3.13144778855364,0.00173946712648941,0.013071448192996
"YGL236C",325.057491272092,-0.798569793701273,0.255555407864417,-3.12484012909227,0.00177901718191454,0.0133426288643591
"YDR485C",649.559536906776,0.424594016136948,0.135906945016441,3.12415245656198,0.00178318037783437,0.0133575631226326
"YBR187W",1616.86186893813,-0.381791930357652,0.122246213464167,-3.12313911031333,0.00178933153845537,0.013387334503042
"YDR092W",1082.94017014835,0.500603526957863,0.160311479110396,3.12269295833225,0.00179204592533255,0.0133913516899091
"YDL056W",513.780797689552,0.469164470715926,0.150321974394998,3.12106378727511,0.00180198997091242,0.0134493183508633
"YDL003W",388.317117188422,0.645949676790057,0.207021905907327,3.1201996424437,0.00180728505125937,0.0134724885639335
"YNL058C",481.986908036427,-0.611526220923702,0.196125002168897,-3.11804315697126,0.00182056142792144,0.013555027580771
"YJL159W",41077.8299478365,-0.706885470206304,0.226928373777767,-3.11501580185192,0.00183935055951365,0.0136783626856214
"YNL064C",3658.94911588904,-0.563317883459846,0.180926701593153,-3.11351435968014,0.00184873513410867,0.0137315471917492
"YDR049W",431.314997912871,0.473387587592615,0.152236006500944,3.10956388355918,0.00187363762483398,0.0138997242373088
"YMR083W",4626.5163474267,-0.398875443745545,0.128362264428426,-3.10741981314886,0.00188728177517432,0.0139840758040025
"YOR377W",652.902644343721,0.493790099262519,0.158951957727994,3.10653675689554,0.00189292773832017,0.0140090319983984
"YIL099W",196.61953494407,-0.801587659735578,0.258136561144521,-3.10528526521587,0.00190095592809602,0.0140346686167954
"YKL162C",191.579635227245,0.8038703123261,0.258845514782421,3.10559876999149,0.00189894189704132,0.0140346686167954
"YLR181C",778.087371397693,0.518077709061288,0.166858745878759,3.10488794778385,0.00190351121069893,0.0140366833882475
"YLR431C",340.474073589212,0.515226433385556,0.165978561097984,3.10417459928091,0.00190810691353706,0.014053721578746
"YGR126W",42.4471415549545,-1.14298788276874,0.368701751736824,-3.10003377359756,0.00193498577352369,0.0142346441473334
"YKR059W",8524.97628602971,-0.503269826507122,0.16237948409666,-3.0993436720586,0.00193949900077156,0.0142507991096118
"YDR064W",14532.3609396819,-0.531924698248422,0.171741694032793,-3.09723681977222,0.00195333756659117,0.0143353532631691
"YPL255W",335.805205175035,0.476479460730156,0.154027028735194,3.09347953176016,0.00197824198613881,0.0145008202798018
"YMR136W",1553.70172348226,-0.461270357300944,0.149143001835007,-3.09280590859527,0.00198273765167164,0.0145164720925959
"YDR213W",579.871280892035,-0.681804390033842,0.220692068428033,-3.08939235963605,0.00200566369785116,0.0146668629509924
"YNL277W",398.502440228555,0.507374888929085,0.16455279981568,3.08335615983082,0.00204680030774369,0.0149499072358951
"YEL054C",2107.0218636175,-0.39728569933761,0.128916741532352,-3.08172309209281,0.00205806192107284,0.0150143307409228
"YGR138C",1044.72670433356,-0.57806414107061,0.187671940986867,-3.08018416621514,0.00206872632887211,0.0150742499082506
"YGR189C",7503.81299750434,0.434246394495473,0.141016360001868,3.07940436478235,0.00207414950593329,0.0150958810195145
"YCL055W",334.320607196775,0.480032884588322,0.156085731230121,3.0754437372664,0.00210189580721483,0.0152759994250836
"YHR137W",155.110697517919,-0.866297109036854,0.281707573178362,-3.07516443119675,0.00210386528667411,0.0152759994250836
"YBR008C",400.25275221692,0.491893629217189,0.160036303980289,3.07363777457503,0.00211466018673676,0.0153182098332522
"YMR078C",342.61663212236,0.488613490287419,0.158964329060245,3.07373039710211,0.00211400381363189,0.0153182098332522
"YJL115W",998.508749444325,0.549553661519729,0.178828624680962,3.07307436099874,0.00211865686647741,0.0153291055633365
"YJL148W",575.730449356288,-0.686133101882843,0.223466424344504,-3.07040802167701,0.0021376651706044,0.0154484615736981
"YGR195W",495.698660420988,-0.420153067419122,0.136879480793677,-3.06951096674916,0.00214409533674989,0.0154586006107993
"YJL177W",7103.21427862609,-0.440479337172419,0.143486130149085,-3.06983913159239,0.00214174096884857,0.0154586006107993
"YHL033C",8433.02834425722,-0.729539153423644,0.237820814427283,-3.06760009707524,0.00215785177767912,0.0155395649095159
"YBR230W-A",743.378343602384,1.03279532089043,0.337002580775672,3.06465107333383,0.00217924080607858,0.0156752408858284
"YER043C",8735.05983571844,-0.59944676533444,0.195688045857738,-3.06327738471173,0.00218927025576914,0.0157289860665656
"YDR506C",330.859372724076,0.593159890097475,0.193674548114818,3.06266309058754,0.00219376895944772,0.0157429161033879
"YNL233W",503.323695290256,0.5294552655957,0.172901452337955,3.06217940009446,0.00219731716505207,0.01575000065859
"YER061C",454.109522436595,-0.563225052609893,0.183957522069156,-3.06171254251922,0.00220074687738906,0.015756220367803
"YMR148W",345.726746625407,0.550985493691424,0.180072686890781,3.05979492617674,0.00221488594083364,0.015839009925729
"YER079W",773.81455008684,0.483793586949308,0.158142951707163,3.05921687768393,0.00221916433756758,0.0158431822229484
"YPR173C",1941.42679908891,0.332995060405252,0.108856770075704,3.05902021687464,0.00222062163840349,0.0158431822229484
"YNL047C",381.182356631494,0.473492495594445,0.155034994692679,3.05410076307632,0.00225736247433126,0.0160866503095449
"YJR115W",1588.88003563252,-0.999201563585039,0.327217998813729,-3.05362653401545,0.0022609335168998,0.0160934503807104
"YDL055C",15141.0705647915,-0.597216600368632,0.195903309945606,-3.04852736043333,0.00229965970798215,0.0163501817388327
"YBL037W",540.020444031548,-0.417609128257734,0.137350005317869,-3.04047405962061,0.00236206037914618,0.0167577812742438
"YLR415C",27.629467852208,1.21143268937486,0.398441778570173,3.04042586528487,0.00236243843329584,0.0167577812742438
"YJR059W",2151.70406520544,-0.491205409966707,0.161633409127505,-3.03900915422269,0.00237357641873284,0.016817390524432
"YDL127W",209.916791978993,0.592196076644766,0.195072542648503,3.03577360813834,0.00239919433681958,0.0169793385171927
"YLR392C",532.367516002778,0.510935130181149,0.168511129607244,3.03205569490874,0.00242894383150711,0.0171701201882399
"YDL137W",4016.9248450516,0.388315322697125,0.12813633259741,3.03048569305607,0.00244160754320271,0.0172398236402947
"YJR137C",743.680377991296,0.503710902963765,0.16640549314385,3.02700886519611,0.0024698671466893,0.0174193611836459
"YNL334C",92.7236828292897,0.688290641981332,0.227682509644529,3.02302817663039,0.00250258940709565,0.017629925376447
"YDL146W",519.003406364682,-0.440106036020267,0.14564242286478,-3.021825834557,0.00251255066437756,0.0176798473523135
"YBL060W",345.519605347079,0.439903614425515,0.145603523670499,3.02124291594081,0.0025173931171028,0.0176936773373511
"YJR016C",7321.4018402788,-0.565714880987315,0.187285978153431,-3.02059388836821,0.00252279479698393,0.0177114018281406
"YLR203C",1112.86947223813,-0.40177535367868,0.13303388928135,-3.02009777996475,0.00252693091929832,0.0177202111216473
"YBR149W",3454.31899331128,-0.349482644762485,0.115837553678207,-3.01700643414256,0.00255284393248118,0.0178678883727105
"YLR233C",168.660944199467,0.766304484585873,0.25400454106395,3.01689285308069,0.0025538006308313,0.0178678883727105
"YGR123C",403.107725512702,-0.588909121722814,0.195601627477623,-3.01075778007105,0.00260596642845659,0.0181987055319692
"YML003W",54.7462887478623,-0.900447319524918,0.299088619850342,-3.0106371816336,0.00260700155669347,0.0181987055319692
"YHR002W",268.468595918875,0.664626928934329,0.220831590597746,3.00965512739967,0.00261544479204271,0.0182369449785291
"YLR276C",971.392476506336,-0.620097789231037,0.206222441502074,-3.00693651338038,0.00263894870068507,0.0183592019334991
"YNL302C",12757.9470251937,-0.59931358370689,0.199291859531397,-3.00721557376241,0.00263652720914546,0.0183592019334991
"YBR189W",13846.2022109475,-0.475913874278949,0.158303979768778,-3.00632918372665,0.00264422571231567,0.0183751278313462
"YJL074C",334.384262268006,0.522909618688708,0.173971149395973,3.00572606724878,0.0026494756597738,0.0183908299182944
"YLL043W",2749.33344824956,0.43228782023073,0.143926027658418,3.00354166139209,0.00266857009733624,0.0185024871461306
"YCR024C-A",1197.26140524823,-0.806010994194452,0.26843421193768,-3.00263885283586,0.00267649843903086,0.0185365601351799
"YDR263C",109.515085499349,0.894456486330836,0.297935508819875,3.00218154550891,0.00268052265808355,0.018543548197091
"YBR222C",1830.29319777124,-0.371833199977709,0.123879195107835,-3.00157907592177,0.00268583271872217,0.0185488710822309
"YDR191W",157.698555264873,0.617965316555994,0.205891666650343,3.00141004543646,0.00268732424947443,0.0185488710822309
"YPL221W",2170.54295924489,-0.439536395426711,0.146500406004215,-3.00024011820189,0.00269766849473112,0.0185993960118793
"YJL056C",289.05204913294,-0.460787877945069,0.153628528835619,-2.99936399467906,0.00270543880272976,0.0186320813401881
"YIL079C",177.367510444735,-0.648921559546055,0.216487607751982,-2.9974997935655,0.00272204043094041,0.0187254459175431
"YIL009W",454.435789457551,-0.466364159648408,0.15564616423353,-2.9963100083127,0.00273268465853668,0.0187776655307269
"YFL021C-A",49.049320236442,1.21409046450695,0.405366655674333,2.99504275330019,0.00274406376746903,0.0188348126896591
"YOR276W",469.481825990685,-0.404254572217922,0.134995677490696,-2.99457419476104,0.00274828206182899,0.0188427365443125
"YER162C",728.338519976428,0.392622075957587,0.131127428933394,2.99420250325367,0.00275163250333449,0.0188446992154867
"YNL112W",3525.11848519801,-0.819416787278925,0.273902678128537,-2.99163481305717,0.00277487986860104,0.0189827710699626
"YIL057C",100.26568001703,-1.08474169680026,0.363012365733149,-2.988167344133,0.0028065583802497,0.0191781489317063
"YNL136W",831.544162948378,0.461458311586345,0.154578655995826,2.98526538876626,0.00283332389117334,0.0193395581916937
"YDR539W",554.401503929196,-0.398367605340557,0.133651462676067,-2.98064530955479,0.00287641736185855,0.0196119365581265
"YHR061C",306.519440340043,0.54184284794699,0.181944417575315,2.97806800102947,0.0029007162043181,0.0197427924612794
"YNL333W",251.246453635131,0.711521614851232,0.238931674847502,2.97792921472366,0.00290202998130026,0.0197427924612794
"YPL138C",306.60961283342,0.515035647953172,0.172986511026687,2.97731681445217,0.00290783356420421,0.0197604159335424
"YHR146W",2198.08544625149,0.646450862257252,0.217152016413379,2.97695076902553,0.00291130755259647,0.0197621870292144
"YKL170W",51.3307259607478,-1.06464082491438,0.357823404974128,-2.97532472754641,0.00292678548609447,0.0198453481140915
"YLR397C",422.708719262733,-0.481479490198019,0.161911524925804,-2.97371969301542,0.00294213707299715,0.0199274702631415
"YNL067W",5127.58197389295,-0.639693822738298,0.21521155524338,-2.97239533451109,0.00295485938374105,0.0199916228932975
"YBR055C",469.268342843811,0.534973861629092,0.180037616091408,2.97145603926168,0.00296391303065535,0.0200308408115719
"YNL315C",823.727841503484,-0.541492979968071,0.18231300433369,-2.97012811536455,0.0029767557679572,0.0200955521107978
"YDR127W",2646.558153717,-0.35541252343233,0.119714866941523,-2.96882528053878,0.00298940518429675,0.0201445641248858
"YPL177C",819.038585199414,-0.525694870254382,0.177078799013182,-2.96870587096791,0.00299056699935297,0.0201445641248858
"YBR275C",577.752575132397,0.446919997078429,0.150846161812754,2.96275352125427,0.00304900609844901,0.02051574125324
"YPL231W",16185.6134837589,-0.536840294724098,0.181224889782706,-2.96228788091848,0.00305362131038384,0.0205243399550389
"YJR054W",307.846953828841,0.56516858627547,0.190822063568641,2.96175701963402,0.0030588907340391,0.0205373122427298
"YBR115C",1393.14765857988,-0.462743779112755,0.156276998223565,-2.96104855079676,0.00306593604057666,0.0205621664662448
"YPL060C-A",46.3915692521334,-0.994753740177945,0.336183793230158,-2.95895804678757,0.00308681121789227,0.0206796176362064
"YGR009C",1550.00771067691,0.433171662234928,0.146469269483673,2.9574235179975,0.00310221698136785,0.0207602115728099
"YEL073C",90.3100572348661,-0.841594506632133,0.284661653439614,-2.95647304954147,0.00311179424901529,0.0208016680776566
"YMR034C",210.950459577056,0.789046373125289,0.267061121908921,2.95455350252886,0.0031312185513302,0.0209087883720746
"YPL245W",517.840634838529,-0.591942237808519,0.200412744613042,-2.95361574410572,0.00314074806153083,0.0209496752477382
"YAL025C",623.726568769522,-0.891044542378079,0.30213868853662,-2.94912428028919,0.0031867579618972,0.021233544383172
"YIL134W",247.001492004741,-0.468674615211617,0.159141401331416,-2.94502003432526,0.00322933751691713,0.0214939672392212
"YPR010C",2122.45889063463,-0.625730328093872,0.212577348791099,-2.94354187617977,0.00324479922110614,0.0215735299565435
"YIL044C",562.125210749133,-0.38242006614309,0.129966569462453,-2.94244949085596,0.00325626900610563,0.0216264086258635
"YDL199C",268.140442283476,0.52249340519696,0.177665379163063,2.94088475570364,0.00327276270714687,0.0217125033969291
"YPL143W",304.585018060576,-0.711671994656104,0.242077411753611,-2.93985295654289,0.00328368039045908,0.0217614594841847
"YOR107W",130.886503921785,-0.661245588629193,0.225414112659583,-2.9334702287598,0.00335195799203797,0.0221900340700038
"YNL186W",582.042704057488,-0.528428048016684,0.180371209600677,-2.92966959187427,0.00339322593840386,0.022439074753961
"YLR311C",16.0727662352622,2.17148725957337,0.741976008681538,2.92662732240091,0.00342659215563198,0.0226353831977838
"YBL028C",155.01259966493,-0.748697026933029,0.256006345306699,-2.92452527313759,0.00344982064904765,0.0226860902507873
"YCL014W",319.556777603075,0.50196678485636,0.171639282693206,2.9245448767902,0.00344960336029409,0.0226860902507873
"YGL157W",1294.33705838793,-0.442910367114562,0.15145993241589,-2.92427416313898,0.00345260507824439,0.0226860902507873
"YKL150W",2292.80307504692,-0.361499958343202,0.123634866695147,-2.9239321237315,0.00345640106747768,0.0226860902507873
"YMR024W",616.638153821395,-0.394534092264336,0.13492089610014,-2.92418819966559,0.00345355875273222,0.0226860902507873
"YPR152C",307.868260365335,0.553985398021724,0.189368338202427,2.92543834560948,0.0034397132789292,0.0226860902507873
"YJL037W",22.6198241936439,1.37538882656623,0.47102162541906,2.92001205962162,0.00350017840646272,0.0229489309165733
"YLL003W",412.440824321628,0.518994459221847,0.177815529311739,2.91872403513175,0.00351467218063365,0.02301941843546
"YOR077W",192.884654297994,0.769727809783802,0.26396683580634,2.91600195695991,0.00354548277002406,0.0231965096123915
"YFL008W",663.780928241575,0.700796714221212,0.240412347881339,2.91497803834562,0.00355713573131745,0.0232480177976646
"YHR066W",183.27080574404,-0.896155137744971,0.307483993692928,-2.91447735858383,0.0035628465171964,0.0232606221664096
"YLR257W",5386.42327267401,-0.424772809523324,0.145829016798061,-2.91281405340292,0.00358187821387228,0.0233600753078627
"YIL046W-A",14.949711319568,2.24466143974812,0.771198275586311,2.91061522154156,0.00360717938324725,0.0234845162064125
"YOR101W",643.896414007326,-0.627866135779259,0.21572504928352,-2.91049248969728,0.00360859639269265,0.0234845162064125
"YMR174C",142.934215591436,0.695912585776531,0.239191163851997,2.90944102854542,0.00362075687781624,0.0235387471443656
"YNL270C",71.3898035663845,0.835244353877684,0.287248165711243,2.90774477814182,0.00364045313549376,0.0236418023054769
"YMR244C-A",55.7188725731916,0.864672451047805,0.29781726455868,2.90336576802932,0.00369175190918598,0.0239496563728838
"YDR225W",7703.77482273941,-0.436335110476638,0.150392897221919,-2.90130131500016,0.00371616356134792,0.0240826194966172
"YFL040W",125.534231815641,0.602281811791989,0.207791379384044,2.89849277471151,0.00374960948128933,0.0242737876946625
"YKL103C",2221.44029860968,0.377883086758119,0.130466039118958,2.89640958911588,0.00377459388668889,0.0244098342830039
"YPL226W",3056.81928763489,-0.563234760256346,0.194576859294751,-2.89466467028919,0.00379563767165033,0.02452013832001
"YCL037C",27.9872070621721,-1.36528200355041,0.471872145168345,-2.89333035978069,0.00381180137751864,0.0245987182284781
"YPR112C",479.233751538626,-0.70969830835204,0.245420079325465,-2.89176953370172,0.00383078842994889,0.024671689433767
"snR128",42.754148810006,-1.10283353942318,0.381373508921915,-2.89174133395034,0.00383113226166626,0.024671689433767
"YLR090W",750.760506182858,-0.432914382179985,0.149785837045832,-2.8902224049896,0.00384969362173501,0.0247652884661823
"YPL124W",126.350304512586,0.623941559778123,0.216009211056853,2.88849515594917,0.00387089990994763,0.024875689076466
"YJR094C",112.442432571642,0.747753437749213,0.259644539882463,2.8799120447043,0.00397786127028348,0.0255363745430516
"YER141W",1486.87779366665,-0.341055503912729,0.118440773384489,-2.87954472237003,0.0039824980989916,0.0255394820738252
"YNL039W",797.49445623242,0.437873800903967,0.15212744278628,2.87833538041603,0.00399779871106987,0.0256108979927913
"YJL078C",2993.3977218405,-0.772653253056453,0.26847833003567,-2.87789801491166,0.0040033453940213,0.0256197441969105
"YHR141C",9399.5860960611,-0.685472943684769,0.238297124925082,-2.8765472680389,0.00402051974577666,0.0257029068986761
"YGR239C",198.653773930768,0.560611589376701,0.194978826779253,2.87524342328412,0.00403716116672198,0.0257824934323366
"YBR077C",578.726925455532,0.384546089562862,0.133799470064019,2.87404792693773,0.00405247462291999,0.0258534428744377
"YDR528W",165.586951327518,0.929508554800344,0.323749286320931,2.87107522417494,0.00409078164233295,0.0260707845599457
"YOR232W",1228.5306829419,-0.531104551017839,0.185112988058559,-2.86908312910938,0.00411663588631271,0.0262083961706244
"YDL244W",77.2275960064418,1.21838354885454,0.424876654617116,2.86761707336568,0.0041357575907728,0.0263009876973773
"YJL153C",95.0242271073936,-0.708971256277805,0.247259799551181,-2.86731307541586,0.00413973269773354,0.0263009876973773
"YBL054W",165.443334289859,-0.963576572980696,0.336249340558676,-2.86566085566063,0.0041613979711519,0.0263598010182947
"YGL131C",301.143384630086,-0.574565910228086,0.200496204150182,-2.86571964124422,0.00416062536433369,0.0263598010182947
"YGR144W",96.6096500624422,0.942535069417724,0.328910636759054,2.86562659908194,0.00416184825833564,0.0263598010182947
"YLR157W-D",20.591173782812,1.45833590195896,0.509499209141546,2.86229276865043,0.00420588201994388,0.0266112905582869
"YPL079W",14900.5683880798,-0.763707048243569,0.267114633152044,-2.85909850475642,0.00424846837446662,0.0268531145970912
"YDR365C",1816.5154326829,-0.560095910773458,0.196277347946641,-2.85359424626893,0.0043227703632197,0.027294699932034
"YLR249W",31236.5929160349,-0.573395511350153,0.201008400148041,-2.85259477179984,0.00433638798149443,0.0273526011140418
"YMR023C",253.34293419312,0.495636590690219,0.173820532996441,2.85142717115226,0.00435234552964374,0.0274251280812592
"YER111C",343.618245985557,0.612657493714232,0.215045827706467,2.84896247580537,0.0043862053364781,0.0275819660729451
"YGL149W",15.1336276276245,-1.53536342982768,0.538870789017938,-2.8492237120995,0.00438260521251941,0.0275819660729451
"YHR021C",6976.92436399528,-0.568820099321605,0.199735616546999,-2.84786513870329,0.00440135714809026,0.0276404943951501
"YLR159W",39.314745322283,1.00535125232325,0.353047440807981,2.8476378415955,0.00440450154589383,0.0276404943951501
"YCL040W",25718.9417149974,-0.650950268997505,0.228864016478965,-2.84426656060776,0.00445137905967053,0.027877781280014
"YLL028W",441.511251856917,-0.549535522320963,0.193201080141795,-2.84437085919834,0.00444992204144291,0.027877781280014
"YGL193C",179.651417050867,0.670733084990539,0.235862403869343,2.84374734585549,0.00445863875985022,0.0278948406643732
"YDR452W",2573.43977583453,0.471761227251756,0.166038547238828,2.84127532489898,0.00449335009865387,0.0280834381165867
"YNL062C",239.4670230858,-0.614954343302883,0.216610825928031,-2.83898249622668,0.00452576394355364,0.0282573078709187
"YPL036W",422.448081828566,-0.552921800948837,0.195189379846584,-2.83274531321031,0.00461501398980134,0.0287853306666108
"YOR033C",608.204265925041,0.369375843808511,0.130635433430365,2.8275318120746,0.00469083544905281,0.0292286099409066
"YPL150W",579.396084230955,0.398156392085804,0.140946038340273,2.82488530202297,0.004729754363769,0.0294412847542301
"YDR070C",108.053775864217,-0.847690480669517,0.300399086201877,-2.82188102296637,0.00477428858595813,0.0296884477286577
"YBR061C",214.124984937737,-0.553006122635693,0.196076635897225,-2.82035705123764,0.00479702409995911,0.0297996951664127
"YBL049W",127.230347254881,0.564614844252028,0.200611130794808,2.81447416210189,0.0048857105016904,0.0303199995816307
"YGR007W",1209.89044370677,0.349039815140643,0.12422563725587,2.80972448884862,0.00495839258725646,0.0307400346891403
"YDL070W",1488.28943330805,-0.575318430127055,0.204859974427346,-2.80834961409747,0.00497961340200322,0.0308174529306194
"YOL016C",3938.2941939482,-0.74223351831628,0.264303111641251,-2.80826628830516,0.00498090214846108,0.0308174529306194
"YGR088W",480.94208521706,-0.590841405963238,0.210461481890047,-2.80736123616157,0.00499491944984658,0.0308731202176447
"YML100W",7286.52810631003,-0.527949661888429,0.188189021573684,-2.80542221577847,0.00502507082800132,0.0310282987873576
"YGR271C-A",111.256716659525,-0.613775704670238,0.218994296070156,-2.80270178577441,0.00506765038042584,0.0312598293276017
"YBR010W",5189.37152181294,0.417546739017087,0.149040509302853,2.8015654332516,0.00508553268233804,0.0313387034031853
"YGL171W",217.447473084004,-0.765178637797763,0.273181293109785,-2.80099207777839,0.00509457696949095,0.0313630113737431
"YDR477W",1275.73482822292,-0.364883321575665,0.130337555262567,-2.79952559214881,0.00511777595566314,0.0314743221273283
"YFL041W-A",85.2779405402051,0.708965412327408,0.253275494480844,2.79918676609683,0.00512314955539978,0.0314758938718368
"YPL082C",490.524154711111,-0.440159380389227,0.157396971424006,-2.79649205703899,0.00516606808027432,0.0317079028879113
"YDR216W",806.31418982956,0.512747869719183,0.183489452082253,2.79442694879994,0.00519917859383128,0.0318509498415651
"YLR287C-A",5877.89000449213,-0.385514801063366,0.137960146601467,-2.79439251523139,0.00519973229933843,0.0318509498415651
"YLL026W",9088.61285534761,-0.793961884934233,0.284310198477225,-2.79259023836189,0.00522878811342901,0.0319970615896402
"YDL183C",137.543748561495,0.718089860512023,0.257208190148353,2.79186234348852,0.0052405645613802,0.0320372485611215
"YGL089C",98.448041925497,0.65404736338051,0.234493846483666,2.78918774709112,0.00528404231623197,0.0322709635003243
"YNR035C",2068.85409143031,-0.3641987636841,0.130606724449365,-2.7885146436338,0.00529503535599586,0.0323060192850938
"YER041W",364.415215070518,0.450115277469711,0.161470237444615,2.78760522430088,0.00530992068479054,0.0323647296446599
"YCR014C",195.06808259054,0.661834942477891,0.237515574755567,2.7864907097524,0.00532821453627468,0.032411987535202
"YLR256W",2617.32897529212,-0.496158532337508,0.178048567388309,-2.78664714698563,0.00532564331671846,0.032411987535202
"YGR225W",59.8029818520728,0.878242594258558,0.315296311162527,2.78545153611343,0.00534532298640413,0.0324839292157958
"YCR024C",314.503531369871,0.53688013097612,0.19299784867757,2.78179334461419,0.00540594509430975,0.0328199035834205
"YAL067C",33.6587558420238,1.17964069680751,0.424212930040148,2.78077496764625,0.00542293133407805,0.0328700362452608
"YBR043C",758.919471722177,0.424017502461857,0.152488211111572,2.78065759556727,0.0054248921608032,0.0328700362452608
"YBR247C",220.844461388552,-0.74581859813415,0.268259715815805,-2.78021094544904,0.00543235978491956,0.0328828864933615
"YIR029W",250.301492850198,0.556022217395945,0.200111249715221,2.77856551386902,0.00545995018607148,0.0330173978803733
"YJL145W",771.999687462096,0.488098147613457,0.175757712790885,2.7771079849804,0.0054844954391274,0.033133248478029
"YBL092W",19191.9403532217,-0.581825912990674,0.209600820179217,-2.7758761272651,0.00550531792905891,0.0331717055636685
"YGR084C",433.93595808929,-0.422851517061148,0.152336419620181,-2.77577429032033,0.00550704250089521,0.0331717055636685
"YPL054W",369.191272333528,-0.820931947925527,0.295741471629829,-2.77584318290356,0.00550587577656522,0.0331717055636685
"YBR286W",10576.5220583761,-0.458863226972505,0.165370766134516,-2.77475419445815,0.00552434437827701,0.0331812429531702
"YDL143W",3321.80154514415,-0.486794902568023,0.175458942723006,-2.77440918663529,0.0055302071588617,0.0331812429531702
"YDR299W",153.262473746615,-0.691626947009969,0.249275565132561,-2.77454770443373,0.00552785262645029,0.0331812429531702
"YMR012W",2506.388513536,-0.428485157685375,0.154422367706477,-2.77476096273715,0.00552422941980369,0.0331812429531702
"YGL078C",1170.68739842764,-0.564968387679292,0.203785330927885,-2.7723702442509,0.00556497007057187,0.0333247964303963
"YMR267W",456.014917741009,-0.426836805829558,0.153954289153006,-2.77249051116302,0.00556291412249627,0.0333247964303963
"YBR020W",163.610664375883,0.554753117193513,0.200177369580164,2.77130785741169,0.00558316124383031,0.0333687479587526
"YHL050C",856.775318899314,0.601259266931485,0.216949360572331,2.77142677602419,0.00558112234559813,0.0333687479587526
"YOR310C",2095.63925787495,-0.575921362380733,0.207979225565388,-2.76912927632604,0.00562063285380209,0.0335600893697892
"YFL034C-A",490.243731709973,-0.516556981992656,0.186648714335192,-2.76753570916648,0.00564818573845354,0.0336592464064819
"YHL015W",18695.9083073592,-0.457713488946945,0.165368278312546,-2.76784334708901,0.00564285718647837,0.0336592464064819
"YFL031W",2805.98849841844,-0.767330461776917,0.277352849558148,-2.76662187895078,0.00566404083737777,0.0336884440521018
"YLR079W",1168.65031287465,0.452403436926757,0.163512083030399,2.76678902587676,0.0056611378151356,0.0336884440521018
"YLR439W",502.156670533013,-0.462189732927588,0.167236323315812,-2.76369226352089,0.00571514115181508,0.0339595343803505
"YNL146C-A",26.8491578283719,1.1635766359447,0.421196304129246,2.76255186604782,0.00573514489420683,0.0340455029916718
"YCR107W",314.615212882354,0.479962821384954,0.173813916373129,2.76136014537876,0.00575611634513063,0.0341370448626359
"YLR298C",372.030547280141,0.486901529752891,0.176381309048397,2.76050525069689,0.0057712030283654,0.0341935439541881
"YKR002W",938.229174147966,0.388927637193782,0.140951346503713,2.75930416303996,0.00579245936096446,0.034286453387807
"YHR088W",240.668061712368,-0.530574182333362,0.192323631491548,-2.75875709198367,0.00580216456678268,0.0343108770054937
"YMR152W",867.761344832854,-0.414879553207888,0.150484732446153,-2.75695445288007,0.00583424776104329,0.0344674579542903
"YAL016C-B",58.4288469349541,0.959680695181984,0.3484761076552,2.75393541795279,0.00588833862258813,0.0347536300661391
"YER145C",3642.36652564953,0.643900445858495,0.233877986085777,2.75314687215725,0.00590254093621991,0.034804052500242
"YHR183W",7618.98453671354,-0.507911136295046,0.184921010302837,-2.74663833743533,0.00602094880613826,0.0354682329097225
"YDL082W",5796.41790405574,-0.322234518234478,0.117366823088177,-2.74553327555254,0.00604126405880405,0.0355381430671281
"YJL136C",9289.59563442212,-0.706141548197976,0.257212318213638,-2.74536442539841,0.00604437360133594,0.0355381430671281
"YML120C",1348.65325865652,-0.504113958133544,0.183681199302349,-2.74450493598828,0.00606022430907506,0.0355776667066229
"YNL301C",2426.8089641416,-0.488409683231384,0.177967693024259,-2.74437272817155,0.0060626658062668,0.0355776667066229
"YLR169W",145.622017411153,0.626545428233679,0.228810036137847,2.73827773820295,0.00617618922073311,0.036164859639608
"YMR032W",544.480548464857,-0.574674330120017,0.209864896275593,-2.73830612131225,0.00617565615923121,0.036164859639608
"YNL255C",3794.82286107231,-0.597840705041832,0.218345009384577,-2.73805527649518,0.00618036869613464,0.036164859639608
"YOL083W",249.813626448424,0.624110671823198,0.228241682528838,2.73442898294592,0.00624885734696831,0.0365308675702045
"YHL020C",1636.84111176949,0.739044259204454,0.270386133292778,2.73329201540157,0.00627047115410885,0.0366224098744249
"YNR033W",1000.42725299474,-0.539880937781847,0.197589220160344,-2.73234004033081,0.00628861998271089,0.0366935606201821
"YDL009C",157.993705936548,0.936537929326724,0.342883916162389,2.73135567223042,0.006307436074806,0.0367426197278788
"YLL039C",4399.80931984401,-0.353005686669632,0.129245741150312,-2.73127519350203,0.00630897665571383,0.0367426197278788
"YGR132C",1939.48487993328,-0.43656919012782,0.160000598187456,-2.7285472371568,0.00636139785324864,0.037012863573774
"YOR368W",232.021541412703,0.489254921187698,0.179336847631088,2.72813383111395,0.00636937609394261,0.0370242561226343
"YDL051W",657.000910746696,-0.477433867064584,0.175060007104434,-2.72725835535791,0.00638630145792688,0.0370628952680223
"YFL041W",1161.30517310678,0.434710545019472,0.159400064990736,2.72716667364431,0.00638807625757782,0.0370628952680223
"YDR073W",931.801682451037,-0.574408176298157,0.210730561042231,-2.7257943672586,0.00641469483135858,0.0371822556200332
"YEL034C-A",30.1959813290652,-1.50011668595284,0.550568294031383,-2.72466958634441,0.00643658653804924,0.0372740180875733
"YMR111C",344.750712224711,0.409487428944337,0.150444258670476,2.72185480897117,0.0064916656592322,0.0375363638148041
"YNL325C",275.059579841726,0.444818118470773,0.163432059397404,2.72173109799189,0.00649409611365066,0.0375363638148041
"YIL053W",25357.8710494254,0.544160417949856,0.199956141698511,2.72139886940972,0.00650062720415915,0.0375388331507782
"YEL069C",55.7531819174103,-0.829035391878908,0.304744011281454,-2.72043210428582,0.00651966590755071,0.0376134571589464
"YPL273W",1517.7684916573,-0.337926500417322,0.124275546918343,-2.71917129955873,0.00654457054155045,0.0377217514812889
"YLR193C",339.566731208921,0.423746810349546,0.156134483820808,2.71398604574675,0.00664789664325368,0.038281427299635
"YNL273W",280.733085264893,0.43121681981538,0.159005125618443,2.7119680459242,0.00668850401474399,0.0384792326386114
"YLR283W",157.4963949411,0.669960462587082,0.247174447096725,2.71047622622945,0.00671866648443575,0.0386166344666167
"YLR095C",1093.25009049026,0.394553213813756,0.145626937993342,2.70934223606209,0.00674167588333426,0.0387127046521995
"YDL075W",10403.1685553651,-0.36297597626392,0.134095382552275,-2.70684917970548,0.00679251081732908,0.0389682290359831
"YAR068W",204.292543450062,0.743143368557943,0.27475544294406,2.70474484725402,0.00683568724304339,0.0391539715788752
"YOR324C",354.217340559763,0.395129543500324,0.146092622249213,2.70465090856053,0.00683762040255479,0.0391539715788752
"YNL119W",142.746669857514,-0.582325012530699,0.215427124715051,-2.7031183436206,0.00686922843474228,0.0392983766266651
"YEL039C",566.787440205867,-0.608145171169885,0.225119462107108,-2.70143312123116,0.0069041364037695,0.0394613744267495
"YDR214W",1311.93328960202,-0.384531346103777,0.142511202605912,-2.69825346409521,0.00697043462351471,0.0398033174880366
"YIL093C",538.915941219461,-0.567078377074555,0.210340546651281,-2.69600125179242,0.00701774029717376,0.0400086633839834
"YMR266W",1543.12377129334,-0.387368036668568,0.143686653165291,-2.69592218995426,0.00701940614492976,0.0400086633839834
"YJL127W-A",29.3106324709468,-0.98761439759456,0.366644701266651,-2.69365517674915,0.00706732386810917,0.0402444831378439
"YAR053W",11.284558809741,1.67522736928968,0.622603919406933,2.69067912531844,0.00713067429504634,0.0405676659708927
"YOR317W",2153.25704333388,-0.377912297530122,0.140498492916168,-2.68979609450768,0.00714956896264036,0.0406375685029928
"YLR370C",1027.63680014782,-0.361615676085801,0.134503828077731,-2.6885158679411,0.0071770424508244,0.0407560582387535
"YJL052C-A",10.8009727139796,1.81847833152243,0.676624746710178,2.68757289821879,0.00719733901764461,0.0408096291222146
"YPR168W",100.686170457702,-0.5773300486929,0.214823588199081,-2.68746115607136,0.007199747576846,0.0408096291222146
"YKL081W",11241.238416239,-0.475245255927861,0.176918134937309,-2.68624387260392,0.00722603256026388,0.0409209026202789
"snR82",97.5983188821681,0.669730724817338,0.249480281701531,2.68450364192942,0.0072637591927852,0.0410967056445529
"YMR142C",12049.9192641018,-0.363112857105634,0.135278093649043,-2.68419555088995,0.00727045671484417,0.0410967911730622
"YIL158W",379.762207529305,-0.659038030935261,0.245612547959306,-2.68324251513588,0.0072912096435328,0.0411762528078299
"YGL120C",1078.99586285193,-0.603541133046729,0.225072621772334,-2.68153953285897,0.00732842549803573,0.0413484557916695
"YML001W",1318.77791636444,0.407832394757621,0.15211885897668,2.68101139793681,0.00734000158433215,0.0413758109474269
"YOR047C",674.094930368228,0.41609451410195,0.155242079410889,2.68029464486009,0.00735573819467202,0.0414265475249386
"YNL209W",19823.7526019134,-0.517731644183351,0.193275878116997,-2.67871836479227,0.00739045259844227,0.0415839739070631
"YDR313C",314.969911135356,0.422043409927088,0.157575255780866,2.67836093830625,0.00739834461002034,0.0415903284749772
"YKR095W",1745.79385683967,0.551614297866486,0.206005712064286,2.67766506248308,0.00741373130519311,0.0416258058762373
"YOR234C",3078.59072667969,-0.485672810310486,0.181407626890533,-2.67724581725308,0.00742301519760185,0.0416258058762373
"snR8",92.5160084310705,-0.866844031130244,0.323792628612076,-2.67715801575205,0.00742496082052558,0.0416258058762373
"YLR080W",309.570792611113,0.455240194712439,0.170223222317398,2.67437185429141,0.00748693834140791,0.0419350371581591
"YDR346C",2660.77087925735,-0.316680235408525,0.118535415264476,-2.67160860492157,0.00754886401127345,0.042243415531694
"YDR009W",160.035296096883,0.570614862513376,0.213722254732496,2.66988977459358,0.00758761507016363,0.0424216660740967
"YLR135W",259.212819530825,0.454001368256953,0.170217879998099,2.66717790317929,0.00764911698640367,0.0427266752646527
"YML101C",520.468731242367,0.630300124543237,0.236354201052135,2.66676082649449,0.00765861531642998,0.0427409112486791
"YNL206C",718.888998366579,0.395022269405947,0.148146381685687,2.6664321120177,0.00766610877037584,0.0427439428266649
"YDR381W",2025.63032993773,-0.526393744696098,0.197640609707058,-2.66338858940133,0.00773580235652172,0.0430934642143194
"YPR103W",3534.22709999793,-0.332024892472826,0.12467927663892,-2.66303191214682,0.00774400696153493,0.043100129242932
"YMR220W",892.169894857347,-0.368288785852102,0.13835821998715,-2.66184969629059,0.00777125711859359,0.0432126865093586
"YPR053C",71.7363494714673,0.730455001637618,0.27472807136521,2.65882913969351,0.00784127176435414,0.0435626209130786
"YBR157C",289.410585916445,-0.416025750992046,0.156493957440898,-2.65841415090524,0.00785093497219885,0.0435769405045333
"YNL082W",219.206141963307,0.589479197226798,0.221825909223436,2.65739560942379,0.00787469742440072,0.0436694221461357
"YFR041C",649.052773569989,0.532095088522187,0.200260855102561,2.65700996957034,0.00788371115705088,0.0436800212755522
"YDL167C",304.238805837411,-0.552865320053555,0.208232783708776,-2.65503495754426,0.00793001901822155,0.0438181643863994
"YMR098C",337.904708457575,0.406395657864099,0.153036397082322,2.65554904331347,0.00791794191906163,0.0438181643863994
"YNL137C",679.309112905382,-0.340077419236814,0.128080172288955,-2.65519176902403,0.00792633339555134,0.0438181643863994
"YFL004W",1395.11374937282,-0.592994193169246,0.223432151541693,-2.65402355514887,0.00795382743765221,0.0439061706281389
"YNL250W",409.491130463476,0.492480250781248,0.185578833723489,2.65375226743282,0.00796022443095526,0.0439061706281389
"YOR329C",1386.59719498334,-0.442929373052941,0.166969030167214,-2.65276364490686,0.00798357526233611,0.0439955088381426
"YPL268W",405.649301768917,-0.442914350245208,0.167061527447114,-2.65120496031273,0.00802051531583678,0.0441595068866573
"YBR081C",727.207481825456,0.429015856276813,0.161983108942105,2.64852217665577,0.00808445448821648,0.0443131863658925
"YBR233W",287.568011775003,0.449878244665089,0.169806478535356,2.64935854359301,0.00806447245073823,0.0443131863658925
"YDL014W",5749.76114906674,-0.493939000813211,0.186477431873703,-2.64878701862295,0.0080781222334626,0.0443131863658925
"YGL201C",832.103118547853,0.363078416935452,0.137074666956085,2.64876380879168,0.0080786769927376,0.0443131863658925
"YLR224W",1230.1500248255,0.41693941643994,0.157416559275877,2.64863759160968,0.00808169442142771,0.0443131863658925
"YHL029C",431.990185536246,0.379070332281612,0.143327689812901,2.64478087085928,0.00817438344398776,0.0447662138740202
"YMR302C",1071.24910609794,0.391704816874244,0.148172604325221,2.64357111530886,0.00820365303902699,0.044886535756242
"YMR147W",91.2807087666925,0.659690816323896,0.24960732188338,2.64291452408641,0.00821957826019955,0.0449336944890909
"YLR060W",3781.96340366373,-0.430995302521128,0.163122336057897,-2.6421599453318,0.0082379142708892,0.0449939367370947
"YBR048W",10856.6904747498,-0.624983965937648,0.236966811507534,-2.6374324824714,0.00835362531961194,0.0455854442906951
"YML056C",4589.05108250353,-0.554513220357853,0.21050575364748,-2.63419507899275,0.00843370170474539,0.0459723560163673
"YPR159W",3046.39794974796,0.304544848758967,0.115622312678583,2.63396261243769,0.00843947803942743,0.0459723560163673
"YFR046C",314.806089916044,0.442791700132814,0.168232539340104,2.63202173532941,0.00848784325903343,0.0461948991531465
"YLR174W",157.434247897559,0.516000575180411,0.19624971018093,2.62930617683303,0.00855592894232931,0.0465242820471488
"YDL021W",212.755200571192,0.567698387846069,0.216270655443051,2.6249441316164,0.00866631858920003,0.0470829145968023
"YJL218W",300.65526338878,0.431726920188223,0.16453766770391,2.62387893430656,0.00869346802613091,0.0471887275910901
"YGL062W",2458.93510280287,0.429924025480213,0.163938853230646,2.62246573651062,0.0087296045083191,0.0473430932329475
"YJL110C",374.355057189128,0.420831307861349,0.160541536822387,2.62132352904364,0.00875890959997467,0.0474601709602152
"YKL078W",101.662545734286,-0.976055080938159,0.372493340931328,-2.62032893929801,0.00878449889626955,0.0475569262430086
"YLR299W",1106.566843311,0.369020399526394,0.140866698838551,2.61964255973183,0.00880219734293692,0.0476108299551997
"YMR144W",232.027267701155,0.457529602611293,0.1746973193386,2.61898467786163,0.00881919086511133,0.047660829367693
"YOR163W",798.334131191142,-0.431702321805189,0.164963248198336,-2.61696060498367,0.00887165796517215,0.047902279618796
"YBR156C",202.620458396205,0.514659396066826,0.196781997004838,2.61537845890532,0.00891286360882364,0.0480825536791802
"YDR022C",213.642374806048,0.543443645183779,0.207917161242007,2.61375079352508,0.00895543307263426,0.0482698627490804
"YOL139C",3759.81549516942,-0.379979083257332,0.14543866202398,-2.6126414941488,0.00898454930423428,0.0483645306746859
"YOR045W",1247.54753764465,-0.686516770306311,0.262783282167181,-2.61248266877782,0.00898872496929528,0.0483645306746859
"YKL033W-A",1293.57562079181,0.311709385713687,0.119415144463625,2.61030028572831,0.00904627759616858,0.0486316496647174
"YFL057C",191.010415015044,0.508789187472726,0.194950565762451,2.60983693729152,0.00905853903097592,0.0486550349698707
"YDR200C",450.973142814091,0.420882774828399,0.161315833904344,2.60906052829242,0.00907911814935515,0.0487230162465394
"YGL068W",223.748611325861,-0.525470402986693,0.20149194654264,-2.60789779444357,0.0091100150687876,0.0488435492035415
"YOR391C",9.54649576983682,2.12512449402803,0.81496770245695,2.60761805360045,0.00911746251799441,0.0488435492035415
"YDR518W",800.095738481774,0.366198887682252,0.140450364434208,2.60731888562521,0.00912543318329344,0.0488437024171059
"YDR335W",2089.72054072196,0.47340908557304,0.181645927892961,2.60621909373056,0.00915478818391979,0.0489582150705276
"YMR191W",631.007593897103,0.538998560584298,0.206852715923872,2.60571178955498,0.00916835723499776,0.0489881815770949
"YDR184C",113.265909215057,-0.738696104833975,0.283748221060838,-2.60335061158178,0.00923174903516514,0.0492729068132462
"YFR032C-A",8440.75401816776,-0.582875231363748,0.223938718673714,-2.6028336449179,0.00924568040040426,0.0492729068132462
"YNR056C",187.801105508134,-0.496883806779191,0.190883277551012,-2.60307667153506,0.00923912891464961,0.0492729068132462
"YJR134C",1178.89579216875,0.352525862446201,0.13560468876454,2.59965835737669,0.00933166121299998,0.0496021749869921
"YOL123W",2635.22136104846,-0.499942627689079,0.192299805730101,-2.59980828264987,0.00932758552740644,0.0496021749869921
"YOR091W",523.674257746448,-0.486912368928624,0.187290845464933,-2.59976598279488,0.00932873527879842,0.0496021749869921
"YMR133W",133.072955419274,0.648069685588191,0.249461337158132,2.59787625998888,0.0093802289714201,0.0498172782160912
"YBR079C",3463.50130179025,-0.372262045207165,0.143400930619859,-2.59595278495083,0.00943290264399388,0.0498440049756652
"YDR497C",6525.95604748582,-0.367618901400355,0.141535728581086,-2.59735760776294,0.00939440617677149,0.0498440049756652
"YDR533C",244.418506479971,-0.476742326387911,0.183656953924704,-2.59583052097971,0.00943625969972391,0.0498440049756652
"YGL205W",157.253305027742,-0.63656825495352,0.24517157413149,-2.59641949605511,0.00942009774403147,0.0498440049756652
"YKL113C",578.975891193302,0.368715437364004,0.141989020412777,2.59678837343979,0.00940998802763421,0.0498440049756652
"YOR009W",502.150834173822,-0.875016681763688,0.337112555500265,-2.59562175151023,0.00944199443847967,0.0498440049756652
"YPL130W",23.2723289083075,1.40225363493929,0.540122567700405,2.5961767176466,0.00942675678755926,0.0498440049756652
"YFR024C-A",2422.41613097502,0.36613556497293,0.14110670099133,2.59474257707596,0.00946617881734694,0.0499288162321472
"YOR197W",2412.98299320781,-0.376817689717273,0.145255860076622,-2.59416514775035,0.00948209281949455,0.0499698978919378
"YBR057C",770.893673079128,0.365553233174068,0.141041251912893,2.59181784205826,0.00954703068844202,0.0502476283723757
"YFR042W",306.052104596648,0.471580744518011,0.181960183382687,2.59166997829527,0.0095511345637898,0.0502476283723757
"YBL061C",729.758633284234,-0.456150424142667,0.176070730884327,-2.59072261387013,0.00957746547495317,0.050343087752959
"YAL001C",608.641125047301,0.545392964217072,0.210596261776835,2.58975615053896,0.00960439389400067,0.0504415221589275
"YBR184W",32.0859139756327,0.941383011487182,0.363760362050469,2.58792081187936,0.00965571753097864,0.0506647593713565
"YFL032W",12.0616868586265,-2.01621064999672,0.779255782405483,-2.58735410826582,0.00967161422796302,0.0506647593713565
"YLR344W",6596.51103461052,-0.52441156823231,0.20267935329237,-2.58739511308699,0.00967046321244804,0.0506647593713565
"YBR148W",72.1448479248758,0.853267468026834,0.330245948069783,2.58373334484193,0.00977373271175916,0.0509825752140109
"YDR100W",563.862268387024,0.39933292000501,0.1545459919821,2.58390990852264,0.00976873078513008,0.0509825752140109
"YDR379W",974.36580267301,0.367484308495719,0.142180449820463,2.58463318240839,0.00974826474303147,0.0509825752140109
"YLR409C",500.702720231453,-0.540582209908307,0.209222351768052,-2.58376892019456,0.00977272470311362,0.0509825752140109
"YLR446W",159.222583211673,-0.50587214096051,0.195736951572489,-2.58444885800302,0.00975347682710941,0.0509825752140109
"YOR260W",1106.41753907808,-0.370001264997874,0.143294414271725,-2.58210528915838,0.00981996206390925,0.0511803107568152
"YBR191W",12893.5898838851,-0.556735262529697,0.215674110427236,-2.58137270823485,0.0098408275092129,0.051245630128416
"YDR026C",645.826578509716,0.355233417662101,0.137825847156502,2.57740783017813,0.0099544425215628,0.051793419211177
"YDL117W",639.395249943919,0.342322560180808,0.132834936513705,2.57705216086348,0.00996469124197454,0.0518029172765371
"YKL042W",277.048044146394,0.514975280320793,0.199917226998642,2.57594249406176,0.0099967270656996,0.0519255671064633
"YNL175C",518.963759724071,-0.596982571680473,0.231859625706584,-2.57475862760146,0.0100310061281246,0.0520596520573554
"YOR320C",685.538254900733,0.458801665195868,0.178273742890872,2.57357958472166,0.0100652495316787,0.0521933259863611
"YPR175W",230.73525446353,0.43874831502067,0.170568795311749,2.57226601277665,0.0101035226802404,0.0523476533137984
"YDL131W",2435.31067650002,-0.342878886978873,0.133379306233142,-2.57070528151895,0.0101491656570062,0.0525398727193504
"YPR134W",386.69997562345,0.448683321504621,0.174632830587644,2.56929536098561,0.0101905559716819,0.0527097722673203
"YBR023C",1602.34906842073,0.320822098760894,0.124897853326852,2.56867584362173,0.0102087902993657,0.0527597145723523
"YLR124W",24.481867374471,-1.13276339713009,0.44114952282586,-2.56775387599646,0.0102359804601454,0.0528558184969726
"YMR215W",1236.62403024659,-0.523956233770528,0.204094648179431,-2.56722181813356,0.0102517009357168,0.0528614019780794
"YNL162W",8352.64416981659,-0.529965571623573,0.206442381102913,-2.56713553095176,0.0102542524487559,0.0528614019780794
"YJL141C",1596.12658010973,-0.362431482723132,0.141213557316284,-2.56654877627206,0.010271617787913,0.0529065740332203
"YGR179C",314.81523907908,0.454768065418946,0.177261961399454,2.5655141228757,0.010302302727383,0.0530202190572432
"YGR056W",618.559599088605,0.502123251140678,0.195749599374498,2.56513041531208,0.010313703147634,0.0530345103327333
"YHR047C",1001.1578857644,-0.388574075440863,0.151593255214316,-2.56326757342544,0.0103692101792665,0.0532345491757071
"YPR141C",205.205480210264,0.642494778580944,0.250656902646906,2.56324390749378,0.0103699170589426,0.0532345491757071
"YOL060C",1408.22049013198,-0.375020928926078,0.146330971815263,-2.56282675003025,0.0103823842116275,0.0532540974991734
"YOL108C",353.956783556719,0.499447444007733,0.195111220478339,2.55980892735577,0.0104729726962396,0.0536739850682282
"YER127W",227.551064389532,-0.623459924698635,0.243655309071451,-2.55877832941374,0.0105040696975565,0.053788533422125
"YGR202C",1014.13681627933,-0.30540803940096,0.119439109433209,-2.55701872569424,0.0105573534166766,0.0540164089122805
"YLR348C",1671.05182157679,0.755536537073526,0.29553954577617,2.55646510888847,0.0105741675005891,0.0540574647785728
"YKR079C",303.831285677202,-0.470598618595587,0.18422361323403,-2.55449673543075,0.0106341426915743,0.0543189182335396
"YBR121C",4746.37636308719,-0.400308228791003,0.156923473278281,-2.55097736768236,0.0107421301292589,0.0548249794978775
"YPL011C",401.523785476198,0.421824242798427,0.165495715284029,2.54885295413527,0.0108077860040657,0.0551143316127728
"YDR473C",338.803627309652,0.650524725372939,0.255321466992462,2.54786537550383,0.0108384288055987,0.0552248029448483
"YPL086C",589.276685596829,-0.546731904106739,0.214720600665196,-2.54624801911408,0.0108887793067729,0.0554354244508719
"YGL252C",1917.86559558548,0.327642301978293,0.128725275407167,2.54528336367459,0.0109189092166553,0.0555183105324457
"YLR037C",166.490628920468,0.634786358853233,0.249410302707829,2.54514890508292,0.0109231147551641,0.0555183105324457
"YOL121C",7703.13898488827,-0.484594793789491,0.190550875267774,-2.54312552019773,0.0109865753764487,0.0557947469571919
"YKL216W",5490.46405988655,-0.48632363742067,0.191253430149885,-2.54282308578486,0.0109960888965209,0.0557969857372965
"YGR214W",12157.470195461,-0.539103039451722,0.212095610248228,-2.54179253790674,0.0110285612882914,0.0558695650107019
"YNL050C",242.459134409395,0.480054767033584,0.188850612685374,2.54198151759961,0.0110226001980622,0.0558695650107019
"YML038C",922.435677405225,0.362656140075619,0.142695697996266,2.54146512591507,0.0110388958047305,0.0558758923449321
"YDR379C-A",87.0949107972484,0.919234892460816,0.362090373093299,2.53868912505984,0.0111268645097048,0.0561869288691446
"YGR161W-C",628.91689961926,0.671647005205814,0.264549541078971,2.53883262267811,0.0111223019960927,0.0561869288691446
"YOR289W",415.386810065466,0.52889076929233,0.20833452307177,2.53866119495774,0.0111277527418891,0.0561869288691446
"YDL176W",322.720424199375,0.388970664437255,0.153286039076108,2.53754788617199,0.0111632094813739,0.0562943253904478
"YMR269W",257.160088720143,-0.546088429923067,0.215214156462811,-2.53741872234799,0.0111673295896498,0.0562943253904478
"YGR162W",2533.03171936814,-0.48293373514623,0.19071144972754,-2.53227446928946,0.0113325245669849,0.0570802834455013
"YDR541C",393.20878573549,0.418041870102773,0.165134427990247,2.53152462021708,0.0113567844254937,0.0571556662985155
"YPR146C",172.301113248118,0.501136063679844,0.198087524446574,2.52987190929839,0.0114104174286175,0.0573786322044133
"YLR178C",1750.19026187252,-0.590029430977757,0.233494588670012,-2.52695119976258,0.0115057488939082,0.0578107481189015
"YDR341C",2547.67660613459,-0.357299723042473,0.141467992941781,-2.52565768137753,0.011548194490439,0.0579766498907754
"YKR104W",63.9812592969767,0.804735033832153,0.318692355003174,2.52511558937188,0.0115660240124485,0.0580187990836528
"YDL160C",997.622183417847,-0.558837559786771,0.221377153654699,-2.5243687099638,0.0115906290462542,0.0580799202355469
"YOR369C",30844.0337239175,-0.559070092303347,0.221486472469608,-2.52417263262009,0.011597096268171,0.0580799202355469
"YOL052C",548.532187954972,-0.464875653462035,0.18423208836253,-2.52331533335961,0.0116254102012661,0.0581743472235855
"YLL042C",34.4463301752767,-0.896470007643194,0.355753498584964,-2.51991902035812,0.0117381835837531,0.0586909179187656
"YDL157C",548.647287348218,0.432235553138938,0.171617805553565,2.51859387051788,0.0117824472133986,0.0588391930746031
"YNL075W",359.834674187656,-0.502694341211965,0.199603971053254,-2.51845861863062,0.0117869733118555,0.0588391930746031
"YOR221C",557.900858835151,-0.452630675725045,0.179821003146577,-2.51711795510391,0.0118319210328193,0.0590156645189282
"YMR308C",1746.02554257088,-0.422861703079473,0.168060850496496,-2.51612259387137,0.0118653902385311,0.0591346434092108
"YAR007C",786.907781273437,0.360457468743617,0.143368647326579,2.51420010905546,0.0119302718961748,0.0593617897746563
"YER117W",10614.6682962776,-0.406450511620702,0.161655079157523,-2.51430708975523,0.0119266531720535,0.0593617897746563
"YAL056W",1346.54475799925,0.358641670098328,0.142694803424242,2.51334779888277,0.0119591368900277,0.0593770897611776
"YIL140W",775.47443356185,0.352623037972013,0.140302523106851,2.51330503659913,0.0119605867403101,0.0593770897611776
"YJL006C",103.283998580715,0.723896601685254,0.288031591730763,2.51325417929126,0.0119623112543251,0.0593770897611776
"YOL011W",478.569565914137,-0.354886900152948,0.141294267179257,-2.51168647700838,0.0120155785167331,0.059593393449926
"YJL214W",86.5540318007888,-0.701963794661914,0.279575104544034,-2.51082368656095,0.0120449839544003,0.0596910969537163
"YDL197C",652.758884398708,0.423014437575495,0.168639750503056,2.50839103066527,0.0121282369663027,0.060055279664059
"YPR111W",215.065582584034,0.523114765245132,0.208593934110073,2.50781388958842,0.0121480632096713,0.0601050593237959
"YOL080C",71.4697060509705,-0.899553765628714,0.358770383641458,-2.50732448007107,0.0121648981530548,0.0601399707727387
"YGR109W-B",605.930457899971,0.380422552864039,0.151960805330103,2.5034254855234,0.012299757731609,0.0607578393971048
"YLR156W",33.0495088475237,1.08911627921459,0.435228301721152,2.50240224477032,0.0123353685702372,0.0608360198131187
"YNR006W",1141.77431585492,0.316144981353171,0.126335039218537,2.50243308039265,0.0123342940952487,0.0608360198131187
"YBR237W",529.420656023467,0.410042025680588,0.164192527904946,2.49732451843344,0.0125134382071275,0.0616647796264696
"YDL058W",1043.74930674337,0.55884066430843,0.224311586055364,2.49135889115642,0.0127255504556935,0.0626137098338681
"YHR017W",514.387822286019,0.503340404231779,0.202036323725066,2.49133618624309,0.0127263637873716,0.0626137098338681
"YER130C",530.786736779018,-0.332203243480141,0.133451057369235,-2.48932642445083,0.0127985396733085,0.0628682260310283
"YJR073C",1983.84411708156,-0.624048348553132,0.250674793264136,-2.48947387340846,0.0127932321029696,0.0628682260310283
"YMR134W",287.278848573272,0.480503157831591,0.193298511656055,2.48580888551575,0.0129257359985436,0.0634423594501542
"YFR035C",189.619288104419,0.748948393287543,0.301368548231211,2.48515778332962,0.0129494025242855,0.063468548450282
"YGL174W",207.471696491372,0.442304250005665,0.177982883451573,2.48509430473414,0.0129517119195291,0.063468548450282
"YPR155C",427.557994340757,0.399007911727018,0.160664589814776,2.4834838354053,0.0130104239138496,0.0637054992596936
"YML082W",393.438365146831,-0.37750396784269,0.152044405577121,-2.48285339016443,0.0130334717492106,0.0637675825438704
"YHL011C",1171.00449029439,-0.429310833926015,0.1729990265076,-2.4815794781779,0.0130801536969883,0.0639451075011751
"YMR312W",331.176001464007,-0.428152593375786,0.172653608030436,-2.47983577209873,0.0131442907468087,0.0642076156416785
"YJL176C",581.055925818841,0.353757657978593,0.142678725255027,2.47940018630162,0.0131603558242303,0.0642350700944573
"YLL012W",484.817921187522,-0.371780488784141,0.150014244265304,-2.47830124802441,0.0132009635467103,0.0643821774879208
"YHR196W",238.510148872049,-0.55672855961788,0.224666904629882,-2.47801767035976,0.0132114602112836,0.0643823140248765
"YBR199W",2679.85765828877,0.293082187308374,0.118336160556032,2.47669170548761,0.0132606389592177,0.0645708072836014
"YBR104W",352.211449795153,-0.399893035544016,0.161485798613486,-2.47633562194007,0.0132738732877294,0.0645841144933037
"YLR457C",120.648552520214,0.673252841225289,0.271969731288152,2.47546974450616,0.0133061035272207,0.0646897523260138
"YOR286W",602.437891018203,-0.324596994364021,0.131178112420751,-2.47447526400504,0.0133432060475807,0.0648188919372996
"YJR015W",1380.45861155697,-0.366805968723048,0.148290629618595,-2.47356134144467,0.0133773836792815,0.0649336303295828
"YGR014W",1326.02082701051,-0.413833553497059,0.167417930641847,-2.47185920833272,0.0134412440331244,0.0651431526743749
"YOR332W",2318.8776372079,0.356653425073367,0.144286253077719,2.47184619092754,0.0134417334542735,0.0651431526743749
"YER009W",2859.62214970401,-0.294876545573302,0.11940200872038,-2.46961126310576,0.01352599483985,0.0654483621283066
"YOR070C",623.36249664369,0.365126089596244,0.147839481650153,2.46974681946111,0.0135208708222016,0.0654483621283066
"YMR230W-A",18.8718380637753,1.27013545100435,0.514606838894052,2.46816667600846,0.0135807067560593,0.065661435966796
"YLR197W",1941.0590298571,-0.521383138823349,0.211358945867054,-2.46681367890291,0.0136321270355077,0.0658582727952649
"YGR204W",7653.20842066219,-0.346949393369812,0.140719926308261,-2.46553137478046,0.0136810193083208,0.0660425971320037
"YCR084C",2302.50252883592,-0.520925427273048,0.211309728091807,-2.46522217399628,0.0136928318072314,0.0660477769525278
"YFR052C-A",297.720558533564,-1.74571484614255,0.708301328812354,-2.46464996623638,0.0137147158108984,0.0660561139097144
"YOL155W-A",17.4243719431577,-1.55210070018847,0.629753733957957,-2.46461531944182,0.0137160418638545,0.0660561139097144
"YNR052C",1050.83235582869,-0.434149923837339,0.176218812189294,-2.46369793578552,0.0137511945364464,0.0661735887317256
"YHL015W-A",11.4131348348611,1.57339540006158,0.639662140215957,2.45972881798254,0.013904203227946,0.0667532005088741
"YLR279W",42.0663962854209,0.929204675273227,0.377765242885664,2.45974105022272,0.0139037293778316,0.0667532005088741
"YML116W",444.516918802304,-0.562395577579785,0.228615512145878,-2.46000620124554,0.0138934615130301,0.0667532005088741
"YGL179C",422.734372392212,-0.384369175012423,0.156435543451853,-2.45704503293219,0.0140085125184347,0.0671186834172139
"YLR347C",710.369034442387,-0.363578680831696,0.147980999195329,-2.45692813813068,0.0140130714646671,0.0671186834172139
"YML109W",297.632328100117,0.399115074653242,0.16242728958188,2.45719223463399,0.0140027734527231,0.0671186834172139
"YJL055W",2215.68643031513,0.314460610419904,0.128068392614818,2.45541155002769,0.014072337856662,0.0673500994696275
"YDL018C",337.438052934111,0.371515091696919,0.151344022669856,2.45477214853307,0.0140973911004819,0.0673651556083636
"YGR223C",920.154920141254,0.364702167795081,0.148559838679643,2.45491763478238,0.0140916871528256,0.0673651556083636
"YKR026C",788.457872725207,-0.35399943357313,0.144272679360501,-2.45368308914936,0.0141401536173601,0.0675170378468671
"YKL061W",193.949577412383,0.588975805086974,0.240151946292188,2.45251314503352,0.0141862196108701,0.0676844457772314
"YJL010C",351.366560608736,-0.5426151643033,0.221305276781987,-2.45188534224534,0.0142109935993228,0.0677500857642136
"YPL040C",345.230412304233,-0.365178904518464,0.149129549198504,-2.44873605855524,0.0143358456893643,0.068292371022146
"YDL010W",246.338225054658,0.753095218820688,0.307892764690996,2.44596595043895,0.0144464643064072,0.068766064616412
"YDR398W",819.410841502204,-0.510993650041602,0.209330241273496,-2.44108852563722,0.0146430647665094,0.0696479878685481
"YDL208W",2044.97950933398,-0.510828938076238,0.20943512457731,-2.4390795913876,0.0147247247440188,0.0699822698421297
"YOR173W",527.763413347145,-0.478361213749211,0.196250207730132,-2.43750678932792,0.0147889365042414,0.0702331733599107
"YBR269C",633.473268074458,0.456909366960476,0.187505784490235,2.43677478112294,0.014818905784841,0.0703211964326944
"YDR319C",504.030356182048,0.465848332815229,0.191320251635922,2.43491386213378,0.0148953350981373,0.0706293838500727
"YER164W",1199.07333955673,0.30993199572927,0.127326764606926,2.43414647883396,0.0149269530990739,0.0707247777806662
"YOR177C",54.2760641019103,0.686832865501549,0.282275798846331,2.43319784518777,0.0149661207595319,0.0708557680301166
"YPL281C",31.9847300550302,0.94866797579894,0.38995831454518,2.43274201475971,0.0149849734987877,0.0708904515519572
"YBR180W",35.0701464410677,-0.834892025493992,0.343277855538291,-2.43211734175164,0.0150108433949715,0.0709582527894504
"YIL012W",20.4590381941332,1.23568007295393,0.508374291443431,2.43065019957136,0.0150717576524504,0.0711914819989017
"YML042W",289.053843965626,0.441580243479762,0.181720159598836,2.43000140685872,0.0150987642245968,0.0712643131091868
"YHL004W",763.647000085043,-0.376266848888022,0.154860146468287,-2.42972034748188,0.0151104767951906,0.071264902063207
"YEL072W",130.09147248379,0.522159555183502,0.21503463064878,2.42825796760316,0.0151715476877069,0.0713341118344019
"YER137C",26.5501997072426,0.988339020793194,0.406991196391116,2.42840393000395,0.0151654423579953,0.0713341118344019
"YGL004C",433.137809776452,0.399817731657491,0.164627106582885,2.42862636631589,0.0151561424308413,0.0713341118344019
"YGR095C",652.237285353025,-0.370387369465128,0.152501452835306,-2.42874649768176,0.0151511219002812,0.0713341118344019
"YFL044C",445.192396968261,-0.432259381214501,0.17814516059234,-2.42644470260781,0.0152475737669695,0.0716263308868923
"YMR048W",253.652694887237,0.492386209062653,0.202943705053882,2.42622065528923,0.0152569908068015,0.0716263308868923
"YFR047C",1474.23813181634,0.331404129134559,0.136622163916149,2.42569814175946,0.0152789727220048,0.0716748148286265
"YBL076C",4275.09977875657,-0.380582217923101,0.156981437727018,-2.42437719665246,0.0153346686981745,0.0718265137043208
"YMR323W",15.9227297905679,1.25089835820174,0.515953325884067,2.42444092410564,0.0153319776132015,0.0718265137043208
"YHR112C",760.652036689508,0.316713777311474,0.130684170886755,2.42350527353403,0.0153715300821844,0.0719064654829604
"YNL234W",397.638641063858,0.431468965285718,0.178041319217037,2.42342040141674,0.015375122294324,0.0719064654829604
"YCR093W",1235.02628640603,-0.393189531258293,0.162328461266508,-2.42218479859032,0.015427502930604,0.0720966132395249
"YDL001W",241.527584432889,0.450082081084788,0.185907309594945,2.42100260643558,0.0154777663042027,0.0722156974117876
"YJR089W",433.330726653099,0.546078088200696,0.225544104628732,2.42115877557339,0.0154711181953395,0.0722156974117876
"YOR371C",246.563036835609,-0.50102293871655,0.206969500651072,-2.42075734415198,0.0154882121766094,0.0722156974117876
"YGL090W",239.755888318089,0.403290724830268,0.166617501542367,2.42045836179892,0.0155009544111229,0.0722203557790953
"YKL044W",55.1407309260388,-0.705969113987697,0.292127483908492,-2.4166473641653,0.0156641841886797,0.0729256114764422
"YOL019W",629.895159897849,-0.42305926408852,0.175433728263721,-2.41150472190021,0.0158868461342776,0.0739062811844231
"YMR240C",289.26659454767,0.44115521325788,0.183068054385111,2.40978806892132,0.0159617895182237,0.0741932971495634
"YOL070C",1017.84719354954,0.399620088098518,0.165849160279602,2.40953941174502,0.0159726708009792,0.0741932971495634
"YGL115W",897.450344857038,-0.371419541570005,0.154190027632212,-2.40884282384298,0.016003188347504,0.0742789496884147
"YDR058C",192.805861896983,0.531412339484748,0.220800396802683,2.40675445868714,0.0160949871440012,0.0746486960298698
"YDL242W",33.0069256586352,-0.908397259409785,0.377735723838338,-2.40484868674629,0.0161791632573914,0.074982557673668
"YDR146C",478.930244916377,-0.357813459688762,0.1488838541084,-2.40330599870315,0.0162475854238246,0.0752280820983032
"YDR253C",224.487169109196,0.508699230136145,0.21168431685391,2.40310306260059,0.0162566050583163,0.0752280820983032
"YDL043C",207.533352321326,-0.422362756978279,0.175805201045865,-2.40244745016441,0.016285774279443,0.0752498210507699
"YLR447C",3460.82412497052,-0.310237349974384,0.129130620426228,-2.40250801049641,0.0162830779291454,0.0752498210507699
"YKR010C",291.343168846408,0.434212494568366,0.180798621052154,2.4016360967881,0.0163219363258033,0.0753164957219775
"YMR036C",246.88765290382,0.42773560570398,0.178106345131078,2.40157421336778,0.0163246973654302,0.0753164957219775
"YHR065C",388.763065159704,-0.554048752177601,0.230762017498681,-2.40095297390424,0.0163524378232334,0.0753867891865833
"YKR099W",290.958123088081,0.463763329868874,0.193179643148377,2.40068426626437,0.0163644493600144,0.0753867891865833
"YNL094W",1271.85488509053,0.299204352304608,0.1246763793651,2.39984794095137,0.016401883673992,0.075502683080128
"YBL042C",583.843613581285,0.356523586406866,0.148710098308276,2.39744032491857,0.0165100700340452,0.075881527562171
"YGL076C",15506.4414052435,-0.401848551005944,0.167620848977946,-2.39736615973599,0.0165134125783935,0.075881527562171
"YLR130C",1151.40686172964,-0.370792045573993,0.15467756338785,-2.39719347430009,0.0165211976269507,0.075881527562171
"YPL272C",229.381396985041,0.527839335815527,0.220247494795333,2.39657361962744,0.0165491686310597,0.0759532739410577
"YKL212W",2171.2838819671,-0.345326192612519,0.144166620545937,-2.39532695782714,0.0166055503379259,0.0761359458906815
"YOL022C",677.520364423279,-0.333802901411923,0.139366387211823,-2.395146405744,0.0166137299813487,0.0761359458906815
"YJL144W",231.137841657723,-0.484078440817386,0.202212594430593,-2.39390846144126,0.016669908564246,0.076336513529496
"YDR367W",420.994009543136,0.366180535688611,0.153177672756896,2.39056077232461,0.0168226647651675,0.0769787115370387
"YIL047C-A",27.6739140614996,-0.978348976620065,0.409430011340891,-2.38953899206351,0.0168695330572398,0.0770911723129275
"YMR115W",500.860070922797,0.355756253747906,0.148884476392798,2.38947848941164,0.016872311859057,0.0770911723129275
"YGR173W",386.341046668373,-0.495604740046277,0.20747067279031,-2.38879420103478,0.0169037682424945,0.0771775610180707
"YKR057W",9926.31194827828,-0.580070027206414,0.242877769238546,-2.38832079619724,0.0169255605304769,0.0772197309068496
"YMR163C",285.456491121593,0.392825582805653,0.164565440810339,2.38704785689714,0.0169842801942288,0.0774301876905167
"YOR243C",1173.75530168656,-0.3797723962483,0.159160371871324,-2.38609895027974,0.017028168719865,0.0774620989200074
"YOR341W",2143.46867883303,-0.559739057820641,0.23458524423634,-2.38607956626937,0.0170290662991626,0.0774620989200074
"YPL218W",3061.09191736814,0.26044453118683,0.109135276109462,2.3864376439164,0.0170124921622803,0.0774620989200074
"YGR257C",897.492490382971,-0.42912051655921,0.179911770578016,-2.38517199391982,0.0170711380668306,0.0775960821219573
"YLR187W",327.545528309693,0.531334840831645,0.222819410363677,2.38459854087407,0.0170977682666227,0.0776597303099925
"YLR216C",1950.48458904199,-0.308270964462303,0.129382360519212,-2.38263518477488,0.0171892194494002,0.0780174904898976
"YKL110C",458.858704466114,-0.417818149872678,0.175385930991772,-2.38227859845998,0.0172058748509296,0.0780354943460301
"YLR259C",6685.79019710759,-0.449646464127316,0.188921830154826,-2.38006620917667,0.0173095276585069,0.0784477487839482
"YGR244C",2910.13970798934,0.317405284503189,0.133402849719506,2.37929913169447,0.0173455937010103,0.0785226247015723
"YJR094W-A",5832.1075113913,-0.433284995107359,0.182130129489499,-2.37898581811715,0.0173603438582338,0.0785226247015723
"YLR238W",397.754990336049,0.465203517424504,0.195553987076828,2.3789007034755,0.0173643527795347,0.0785226247015723
"YOR003W",381.99869104585,0.542570168383696,0.228217674746392,2.37742396151669,0.0174340370481907,0.0787798147291498
"YGR232W",849.760011531293,0.369014114642845,0.155362263361055,2.37518498160183,0.0175401573945556,0.0792011512309227
"YPR074C",6875.96753976016,-0.44596244068366,0.187822118911022,-2.3743872301586,0.0175781048070795,0.0793142660040638
"YER025W",2992.67998671719,-0.458809830109893,0.193304650076644,-2.37350643105573,0.0176200862038781,0.0793872015779124
"YPR091C",1196.6954911084,0.439584509150588,0.18518375446581,2.37377468892255,0.0176072909717089,0.0793872015779124
"YMR004W",774.339190665762,0.435512255622284,0.183779274528304,2.36975718148898,0.0177997709000865,0.0801380607873588
"YDR421W",580.674363508708,0.374196283546939,0.158090858942082,2.36696976694921,0.0179343977832262,0.080685110729218
"YIL148W",12853.4616812726,-0.387372985472328,0.16369938011892,-2.36636806560245,0.0179635756098208,0.0807573026318697
"YHR138C",822.595357933974,-0.483702222810563,0.204629039790362,-2.36380048162326,0.0180885512385752,0.0812004307425093
"snR4",73.2133688596486,-0.654838394984178,0.277013679855324,-2.36392078299592,0.0180826786816041,0.0812004307425093
"YOL124C",273.029018029871,-0.605628555783967,0.256255994418671,-2.3633732243332,0.0181094214668934,0.0812348227727167
"YDR142C",342.593044798023,0.417029565710724,0.176531485311838,2.36235233037355,0.0181593744661043,0.0813995284012691
"YOL089C",316.792087623747,0.44991299204805,0.190666031639358,2.35969138382789,0.0182901438148543,0.0819259901393692
"YHR162W",3293.90705187506,0.327512048222128,0.138821487339963,2.35923166145078,0.0183128197021994,0.0819678611124645
"YDR054C",1974.24120894651,0.396987044267595,0.168310159928496,2.3586635794075,0.0183408744427551,0.0820337293257773
"YKL107W",82.7805129170846,0.567212417071984,0.240580648950351,2.357680967055,0.0183894895964448,0.0821317073479559
"YML115C",1428.40551052485,0.31458977558916,0.133428667374348,2.35773752207647,0.018386688457214,0.0821317073479559
"YBL056W",2913.70015084901,-0.324799633050284,0.137808079954373,-2.3568983267006,0.0184282917130565,0.0821925296470235
"YDR352W",476.425144321357,-0.349691127460205,0.148371163905665,-2.35686718534163,0.018429837135487,0.0821925296470235
"YNL099C",520.651355763162,-0.325148250010513,0.138073486338211,-2.35489273598889,0.0185280531243666,0.0825706715325033
"YOL120C",18167.0678846416,-0.361582826471726,0.153589493987071,-2.35421588472818,0.0185618273271265,0.082661287517616
"YMR251W",205.754092284824,-0.414606033387508,0.17613518964888,-2.35390800790014,0.0185772078911475,0.082669919341937
"YER048C",1862.49331418681,0.36124288424933,0.1535152635061,2.35313985071572,0.0186156312545092,0.0827211937971328
"YIR012W",953.526447182265,-0.468460928919908,0.199072635881325,-2.353216085405,0.0186118148758699,0.0827211937971328
"YER174C",493.887956137343,-0.456631535214516,0.19421506583256,-2.35116433041397,0.0187147666693715,0.0830417135762154
"YOL091W",35.327549586184,0.899996491479048,0.38275554792116,2.35136106156306,0.0187048736579278,0.0830417135762154
"YMR014W",478.545045263631,-0.557526136880699,0.23715811402587,-2.35086258452823,0.0187299494472493,0.083049163014119
"YBL068W",465.041467661195,-0.385928288309565,0.164335488152531,-2.34841720828649,0.0188533900664861,0.0832885092565704
"YFL016C",1480.25549111262,-0.364803405436427,0.155288319224664,-2.34920055325375,0.0188137702125821,0.0832885092565704
"YGL007W",19.1220611095951,1.22057254097989,0.519602577304262,2.3490502054711,0.0188213688184275,0.0832885092565704
"YHR101C",218.786553930187,0.510241966474901,0.217221765739458,2.3489449353197,0.0188266907896914,0.0832885092565704
"YKR100C",783.262319835626,0.311211402298502,0.132520665806848,2.34839902443668,0.0188543106313029,0.0832885092565704
"YPL209C",66.3766309635713,0.697349384521634,0.296973876829261,2.34818426444478,0.018865185917789,0.0832885092565704
"YGL055W",10389.4077046483,-0.483475372415249,0.20596941293885,-2.34731635885561,0.0189091919168336,0.0834229055154424
"YBL027W",16163.9045156388,-0.451351512947927,0.192399263820761,-2.34591081059648,0.0189806487893398,0.0836706015494934
"YJR123W",32471.7193293737,-0.502269918573743,0.214125758893566,-2.3456772373818,0.0189925463029419,0.0836706015494934
"YMR141C",151.177832273521,0.701399770787679,0.299113337730357,2.34492977180434,0.0190306637742595,0.0837785126783793
"YOL165C",55.5970498010351,0.679768666968689,0.290135437817585,2.34293567198115,0.0191326815531164,0.0841673759310916
"YLR191W",382.204806715299,0.368947707391544,0.157540469667841,2.34192336844897,0.0191846535238141,0.0843356820382107
"YFL007W",1576.40036217945,-0.295416186315469,0.126176850653176,-2.34128673196546,0.0192174018037818,0.0843590443206694
"YLR048W",11156.1219630002,-0.382868075540825,0.163518688970719,-2.34143312884184,0.0192098668947854,0.0843590443206694
"YFL015C",9.14249196241424,1.70622851956624,0.728880986153281,2.34088767848229,0.0192379538287935,0.0843890271377178
"YMR294W",258.982610623643,0.407480265265312,0.174353359514819,2.33709442937737,0.0194342746113417,0.0851894432357458
"snR85",26.1643402421627,-1.14987064918479,0.492111366995169,-2.33660656165271,0.0194596509676241,0.0852399241103191
"YLR099C",734.673189938688,-0.426015253396211,0.182454892064064,-2.33490726708839,0.0195482656433108,0.0855671414280154
"YMR077C",235.559434662303,0.373751290924252,0.160133319741239,2.33400076591306,0.0195956818151658,0.0857136864603625
"YMR261C",2236.10463396831,-0.30685925889291,0.131497554386611,-2.33357388526577,0.0196180453450129,0.0857505180325726
"YBR170C",866.824235905447,-0.314318466896691,0.134754235562118,-2.33253126022743,0.0196727603826277,0.0859286053644606
"YOL010W",154.07001767585,-0.654657418523477,0.280740399746029,-2.33189601181629,0.0197061623439675,0.0860134126440029
"YIR018C-A",49.6361084552681,0.700660656702555,0.300601857368504,2.3308593727138,0.0197607761659658,0.0861906194472976
"YDL201W",441.807679469851,-0.467871587941951,0.200809816201899,-2.32992388913669,0.019810174160285,0.0863448413081166
"YOR133W",28405.9829626331,-0.500509929452971,0.215054463301071,-2.32736359790063,0.0199459214927486,0.086874941345895
"YHR139C-A",21.2729082142482,1.06013976058063,0.455564584358529,2.32708993846259,0.0199604789130843,0.0868768190484561
"YBR035C",1353.01987322764,0.375984540063581,0.161612524243501,2.32645670144405,0.0199941997674143,0.0869620428356421
"YCL057W",2026.33713770003,0.329991089543777,0.141864010055213,2.32610856985747,0.0200127594894332,0.086981251491176
"YFR025C",778.232497794673,0.287834764504702,0.123763949849601,2.32567532673676,0.0200358777095067,0.0870202315773067
"YPR102C",9582.01068640239,-0.36612084538722,0.157548611408496,-2.32385955111933,0.020133022778969,0.0873804446652501
"YNL259C",274.783343756733,0.72212400271569,0.310827350589998,2.32323185635044,0.0201667002942524,0.0874648849151284
"YML099W-A",24.4554627810867,1.03432667798998,0.445623667648394,2.32107662379838,0.0202827087693508,0.0878783300091912
"YPL024W",292.359094413529,0.417538394990472,0.179901307757403,2.32093029336687,0.020290606278545,0.0878783300091912
"YGR034W",10753.1094858792,-0.478001526605119,0.206015561076903,-2.32022049260001,0.0203289525762205,0.0879824478140435
"YDR385W",18256.5933079156,-0.487055128614693,0.209961128817652,-2.31973952206026,0.020354972462243,0.0880112441201841
"YGR017W",573.488650348344,-0.346341268518366,0.149312795874795,-2.31956857072577,0.0203642277045564,0.0880112441201841
"YGR185C",2499.91297960115,-0.284544724641326,0.122701720406751,-2.31899539548486,0.0203952859941763,0.0880835736405787
"YHR024C",1164.01770840103,-0.319238029097865,0.137811801693867,-2.31647816205912,0.0205321754412347,0.0886125466411184
"YNL016W",2770.06121677894,-0.41779885451477,0.180451271248918,-2.31530014514805,0.020596511826188,0.0888278735841907
"YFL023W",247.206231490935,-0.535577532906948,0.231628524670269,-2.31222615465587,0.0207652236771178,0.0893342740996879
"YFL036W",1457.19453684067,-0.279509522169289,0.120862193268937,-2.31262990195237,0.0207429960459451,0.0893342740996879
"YKR065C",901.451451514005,-0.386281420648925,0.167069330934358,-2.31210251749135,0.0207720344654559,0.0893342740996879
"YOR144C",150.679230613377,0.432736695285029,0.187149306401378,2.31225380208967,0.0207637009320038,0.0893342740996879
"YIL069C",6816.30403064039,-0.431832895042845,0.186905264725454,-2.31043729922303,0.0208639560930746,0.089666897255352
"YBR248C",1330.31790880183,-0.529621660428307,0.22927526195208,-2.30998170460711,0.0208891670355996,0.0897125539587554
"YHL018W",31.8451048542009,-0.952032498000476,0.412379636774004,-2.30863120557579,0.0209640547822353,0.089971344669049
"YBL106C",290.60167536516,0.395511312316846,0.171391090601194,2.30765386304211,0.0210183961094661,0.0901001616965549
"YMR135W-A",35.9613959219513,1.04558563492375,0.453112203860282,2.30756449730531,0.0210233710625295,0.0901001616965549
"YLR332W",1749.50333606549,0.487622317204058,0.211553405646305,2.3049608476609,0.0211687662635395,0.0906601062122341
"YBR252W",698.057982535267,-0.624167110823925,0.270969070966399,-2.30346256344999,0.0212528311645351,0.0909567930841271
"YPR187W",1371.13133778267,-0.287059179818578,0.124702693937693,-2.30194850451271,0.0213380763834618,0.0912581152700209
"YJR005C-A",16.252929694832,1.31217455261937,0.570230746010187,2.30112908116661,0.0213843359930158,0.0912676466018673
"YLR350W",4830.71488135151,0.634896238528598,0.275907438374216,2.30112041295343,0.0213848258135432,0.0912676466018673
"YNL055C",7749.1072922123,-0.464207565206737,0.201705498465862,-2.30141254818248,0.0213683233155395,0.0912676466018673
"YDR356W",378.011435030476,0.578102029685077,0.251296989581133,2.30047335882801,0.0214214169308412,0.0912970991854977
"YHR175W-A",82.9069848599575,1.22943513474925,0.534398326312778,2.30059690349717,0.0214144262322727,0.0912970991854977
"YLR159C-A",12.5796193255352,1.65017934862395,0.717449297092681,2.30006406767833,0.0214445906156846,0.0913325708354988
"YDR423C",659.699818214296,0.299063134550379,0.130065343436255,2.29932991102237,0.0214862125816464,0.0914465102955886
"YDR143C",832.366239016896,-0.575983994715447,0.25053595370102,-2.29900733290682,0.021504522919594,0.0914487321134238
"YHR070W",250.501437125179,-0.725774111943173,0.315755049014715,-2.29853525448883,0.0215313437561362,0.0914487321134238
"YIL164C",332.091071958817,-0.413652662719063,0.179951403660765,-2.29869094824544,0.0215224948970315,0.0914487321134238
"YBR038W",490.420775913159,-0.427053119981888,0.185849753505893,-2.29784065852069,0.0215708597353609,0.0915533384213042
"YHL016C",166.092592194392,0.435376237397555,0.18957170091223,2.29663095969756,0.0216398309630717,0.0917827313261315
"YLR441C",12558.9678040802,-0.35988967827938,0.156790906948946,-2.29534789537614,0.0217131948427224,0.0920304261080238
"YPR016C",2312.48310139049,-0.46538744025089,0.20290463670222,-2.29362644350945,0.0218119651287542,0.0923853894916243
"YKL099C",241.990311760942,-0.460321715730442,0.200757927279269,-2.29291924841453,0.0218526544279347,0.0924940294093588
"YDR025W",13491.8074139116,-0.619250440881865,0.270278893832969,-2.29115352701036,0.0219545357281287,0.0928451619009228
"YER074W",12818.9126457632,-0.491742721475066,0.214644959306765,-2.29095862797449,0.021965806596072,0.0928451619009228
"YIL005W",872.637904286836,0.51351888345652,0.224434589934927,2.2880558812499,0.0221342670649574,0.0934929549790441
"YGL185C",337.220060013299,0.461290680240983,0.201651596224315,2.28756275119117,0.0221629971808443,0.0935500567345177
"YNL097C-B",48.7288034673094,0.744257501201921,0.325434547675652,2.28696524851963,0.0221978515731117,0.093586596354256
"YOL105C",906.134623140888,0.553436537368417,0.242003721552828,2.28689267180383,0.0222020884684325,0.093586596354256
"YER013W",449.277023323497,0.374983303890397,0.164081103138394,2.28535338145622,0.022292115195541,0.0938178929410275
"YLL041C",1223.0765564779,-0.47247476763495,0.206725668798736,-2.28551572903577,0.0222826052068399,0.0938178929410275
"YNR037C",553.902174763527,-0.47674262325862,0.208624363899536,-2.28517232765871,0.0223027251186638,0.0938178929410275
"YDR381C-A",307.006185162258,0.5556297060415,0.243225584143953,2.28442130377474,0.0223467827225151,0.0938842442450835
"YER182W",444.592783203746,-0.463167650946172,0.202753935870707,-2.28438303284789,0.0223490298495614,0.0938842442450835
"YLL034C",355.703664810552,-0.472443147779853,0.20700329262825,-2.28229774406679,0.0224717676498138,0.0942067968959474
"YMR128W",570.89823040568,-0.525711440353838,0.230337390539902,-2.28235389452659,0.0224684550346898,0.0942067968959474
"YPL168W",353.410354648602,0.480673197577908,0.210594022101417,2.28246363681884,0.0224619819770634,0.0942067968959474
"YPR148C",1734.84973741236,0.318782344006428,0.139708497978721,2.28176774225274,0.022503056205744,0.0942737027692953
"YHR169W",207.845277359769,-0.705535646886407,0.309361024922313,-2.28062228286055,0.0225708075693055,0.0944931698783042
"YDL063C",138.306338029015,-0.545324143805293,0.239174680345457,-2.28002455367618,0.0226062322597202,0.0945770941478088
"YNL073W",1147.9931713355,-0.389053453506304,0.1706686438067,-2.27958367060646,0.0226323923500287,0.0946221706000521
"YEL024W",532.429296820211,-0.453992544562888,0.199192153062517,-2.27916882057298,0.0226570317733146,0.0946608324768241
"YJL157C",587.545349735438,-0.435012001904599,0.19090453244422,-2.27868870547483,0.0226855766193919,0.094715747596239
"YMR116C",30182.4333097847,-0.601220998176763,0.264026801422744,-2.27712109125666,0.0227789955352124,0.0949768288417332
"YPR198W",722.275676373984,0.465932223746425,0.204607650864893,2.2771984418808,0.0227743781480621,0.0949768288417332
"YNL298W",608.371415018884,0.368415802830812,0.161809458699425,2.27684960936169,0.0227952078798933,0.0949800328328888
"YJR145C",23771.6558505944,-0.621442447118427,0.273126075224428,-2.27529519694444,0.0228882273811881,0.0952385645428325
"YPR081C",467.828793683029,0.403850773009212,0.177488846627932,2.27535859679003,0.0228844269526629,0.0952385645428325
"YKR062W",726.868626213038,0.392300385542504,0.17259610278876,2.27293883931226,0.0230298658527224,0.0957631338703465
"YBL072C",16606.6341055206,-0.36166422997346,0.159279266021901,-2.2706296871291,0.0231694047531338,0.0961043434995954
"YDL013W",685.57310209929,0.328252576159395,0.144569837455798,2.27054676090202,0.0231744294975447,0.0961043434995954
"YHR033W",246.121852403336,-0.727094493535841,0.320217521250788,-2.27062682484009,0.0231695781718931,0.0961043434995954
"YKR071C",1017.05095222937,0.294991962542601,0.129883879712478,2.27119765128375,0.0231350155530012,0.0961043434995954
"YOR201C",485.951868969779,-0.325524747168506,0.143410320191415,-2.26988369270787,0.0232146407945944,0.0962062270126386
"YOR168W",1400.67539288702,-0.424713901894281,0.187133037433197,-2.26958268684062,0.0232329150643053,0.0962171229935877
"YBR143C",2791.10923732684,-0.371124741278337,0.16357399095077,-2.26884933919618,0.0232774893861171,0.0962282847078733
"YDR412W",59.4487534707823,-0.750427146803659,0.330839390069952,-2.26825211666903,0.0233138445877612,0.0962282847078733
"YLR050C",747.798950733509,0.506207416003901,0.223128898920657,2.26867706716871,0.0232879711838014,0.0962282847078733
"YLR435W",247.223174086024,-0.511205404953634,0.22536145872538,-2.2683799077489,0.0233060613172312,0.0962282847078733
"YOL043C",428.907573304754,0.407792836859541,0.179756352149277,2.26858651715903,0.0232934822925949,0.0962282847078733
"YKL048C",195.332615864094,0.473087621780819,0.208603801801349,2.26787631718877,0.0233367461866741,0.0962582086170663
"YIR032C",65.2101019416629,0.636916571490215,0.280900564404716,2.2674093690056,0.0233652296859762,0.0963111009173952
"YGR128C",281.353931202953,-0.546320144478311,0.241049718523672,-2.26642100154396,0.0234256189378831,0.0964953492752719
"YNL108C",115.82276064215,-0.633836039092703,0.279745105915285,-2.26576274504923,0.0234659135271229,0.0965966319891603
"YDL045W-A",392.730384893279,-0.364371598042912,0.160876550515145,-2.26491428910026,0.0235179397376287,0.0967460397233553
"YBR112C",2585.288968581,-0.461245576731724,0.203776479593228,-2.26348780611211,0.023605635453664,0.0970418837165999
"YHR180W",207.782239713533,0.617057738849847,0.272811627858867,2.26184544879102,0.0237069537344204,0.0972332426277064
"YMR040W",88.4521818730444,0.537854865379116,0.237736273691127,2.26240134510525,0.023672617906303,0.0972332426277064
"YPL090C",15631.0533956136,-0.476164388360221,0.210498628448337,-2.26207834165098,0.0236925634775942,0.0972332426277064
"YPL174C",325.341757684693,0.437116613438868,0.193268333025133,2.26170840611547,0.0237154250311479,0.0972332426277064
"YJL167W",3923.53364666809,-0.326606363407165,0.144428744579568,-2.26136676849138,0.0237365548051211,0.0972550380089903
"YDL105W",132.659825686613,0.492694708145592,0.218031783150994,2.25973801170256,0.0238375156577552,0.097443852953735
"YDR395W",807.576945510744,-0.461926462105491,0.20438858356634,-2.26004042909549,0.0238187417658219,0.097443852953735
"YLR212C",422.212437361146,0.384315721586206,0.170081220420444,2.25960115194476,0.0238460160480278,0.097443852953735
"YMR058W",6110.35421330925,0.499397586187914,0.221006586110322,2.25965024381049,0.0238429666388667,0.097443852953735
"YCR053W",3666.81481772663,-0.281171232731619,0.124514758955546,-2.25813578318055,0.0239371953430916,0.0976866299668302
"YDL121C",560.766507058213,0.380603199284848,0.168540645278717,2.25822797020529,0.0239314503118699,0.0976866299668302
"YGL035C",2133.72543078078,0.504747932844408,0.223590570996906,2.25746519897475,0.0239790216911299,0.0977924293106426
"YER020W",1897.80444472497,-0.333504948215685,0.147923495908724,-2.25457724729189,0.0241598769358727,0.0984647071939145
"YER004W",2085.34283871741,0.451796969218094,0.200501232854199,2.2533376118771,0.0242378699653068,0.0987171525077064
"YOR253W",546.538821605921,-0.352505154296285,0.156714659854281,-2.24934383690751,0.0244906288458314,0.0996805872944162
"YJL103C",260.932188052223,0.493689348092686,0.219820279832341,2.24587717051961,0.0247118765493103,0.100435289955723
"YLR325C",7478.91246743744,-0.36965545581687,0.164607969597468,-2.24567168115143,0.0247250453647098,0.100435289955723
"YNL179C",72.6253291255059,-0.653201395478202,0.290818551519603,-2.24607884216827,0.0246989583008012,0.100435289955723
"YDL061C",4554.9767586325,-0.525723331480091,0.234212370927805,-2.24464373678256,0.0247910126264591,0.100600399289939
"YNL128W",51.4931739028028,0.683040040426556,0.304313352805794,2.24452865485156,0.0247984073696825,0.100600399289939
"YDL142C",344.364014416419,0.362870429529335,0.161805050322773,2.24263970009262,0.024920057991875,0.101027262129223
"YMR217W",3612.44719512144,-0.376420778684758,0.167922832273979,-2.24162952462949,0.0249853261523688,0.101225135597541
"YMR029C",732.025987818793,0.397094268283485,0.17721322297055,2.24077109838172,0.0250409059687782,0.101383523178397
"RPR1",40.1667298858014,-1.10995987194468,0.495538149620708,-2.23990801272164,0.0250968953501652,0.101476598555895
"YER006W",1215.64533376801,-0.389252144199322,0.173778954760758,-2.23992683541691,0.0250956731447417,0.101476598555895
"YDR314C",123.375855302451,-0.530847053385946,0.237126865900611,-2.2386626305281,0.025177875760323,0.10169085768374
"YLR333C",3582.65671395398,-0.264145074715791,0.117996466002775,-2.23858462599702,0.0251829554881847,0.10169085768374
"YLR424W",157.437079716923,0.445877038766262,0.199268137183475,2.23757317686833,0.0252489023699419,0.101890255626734
"YBR151W",1522.85453920879,-0.299256048456997,0.133825553184467,-2.23616522656551,0.0253409501052977,0.101933142501071
"YDL069C",79.6445537257357,0.840740307622798,0.375839478167833,2.23696646164286,0.0252885321206577,0.101933142501071
"YDR270W",316.618903697681,0.413708045238206,0.184954926212128,2.23680468377316,0.0252991083010389,0.101933142501071
"YER107W-A",48.9222812092754,-0.713980945896851,0.319226474604944,-2.23659690751035,0.0253126972280549,0.101933142501071
"YJR071W",13.4480731833789,-1.22699032489678,0.54870833339334,-2.23614304763477,0.025342402420185,0.101933142501071
"YBL051C",1221.17653007943,-0.343215318270228,0.153535983772076,-2.2354063838203,0.02539068139115,0.102060582062466
"YJR091C",1810.41734956379,-0.35806786382919,0.160326252652442,-2.23337013062618,0.0255245462297377,0.102464725400057
"YML066C",150.314243446864,0.457943217161335,0.205028021179173,2.23356404908742,0.0255117716300408,0.102464725400057
"YJL023C",220.315666812183,0.445385808010109,0.199473622618901,2.23280553169192,0.0255617713458464,0.102547223598797
"YNR016C",6867.11699871131,-0.359512346051059,0.161100729802066,-2.23159973572292,0.025641429130928,0.10279973217419
"YBL105C",1635.96100954513,0.299761482115875,0.134361120106142,2.23101356909701,0.0256802302120216,0.102823717003301
"YOR281C",768.250202306766,0.343763580110438,0.154084684788175,2.23100420773823,0.0256808502954586,0.102823717003301
"YER098W",584.458013732238,0.346849460070009,0.155533445201579,2.23006350576543,0.025743227165049,0.10293943242201
"YMR179W",255.596685034476,0.498522652240921,0.22353435033384,2.2301836451373,0.0257352535691531,0.10293943242201
"YHR062C",393.75381523501,-0.697950951764651,0.313082434556709,-2.22928811944647,0.0257947406189015,0.103078398184694
"YDR520C",213.974483269781,0.500750217638579,0.224729275001975,2.2282375878006,0.0258646757801807,0.103240088746846
"YER165W",5805.93327387959,-0.331476071049916,0.148775887289542,-2.22802281397126,0.0258789937027179,0.103240088746846
"YOR316C",1243.64166501207,0.309184919094518,0.13877712077808,2.22792429588549,0.0258855637150629,0.103240088746846
"YGL240W",72.6471509782979,-0.602168280540497,0.270351422576672,-2.22735384486361,0.0259236345347629,0.10332492053713
"YOR231W",560.668531797597,0.328779893517105,0.147710160686959,2.2258448030118,0.0260245786391142,0.103660076833259
"YPL183C",331.519811981031,-0.408642130384411,0.183641762925591,-2.22521350195264,0.026066908872662,0.103761481920305
"YMR315W",2291.73666224618,-0.303150355541972,0.136289360357224,-2.22431417058084,0.0261273139572841,0.103934657721408
"YML009C-A",43.9001828195493,1.23644065413732,0.556319074080799,2.2225386684436,0.0262469238077617,0.104342974413532
"YCL056C",249.501209850654,0.57152269012022,0.257335442668231,2.22092489162891,0.0263560489788156,0.104709109315062
"YLR323C",186.780394932224,0.405668827957634,0.18269797821296,2.22043413903995,0.0263893117916261,0.104773574898967
"YOR226C",517.361411303303,0.365260875234039,0.164670885051824,2.21812662948332,0.0265461995938137,0.1053284693561
"YDR463W",715.741272680697,0.285392148338474,0.128724190455793,2.21708248719952,0.0266174552985959,0.105373240696141
"YDR471W",6469.63901836349,-0.41604265264009,0.187655217824131,-2.21705880318235,0.0266190734881488,0.105373240696141
"YHR010W",12218.5906848426,-0.504472344007023,0.227576940761548,-2.21671115851585,0.0266428357822462,0.105373240696141
"YIL018W",27675.6590299841,-0.472510799538765,0.213104670545538,-2.21727096984388,0.0266045804168634,0.105373240696141
"YJR133W",430.518459361945,-0.38363745251391,0.173066415635085,-2.21670652336627,0.0266431527288617,0.105373240696141
"YBR161W",312.812476907953,-0.36936164021295,0.166701122816313,-2.21571177189939,0.0267112481681109,0.105506856926064
"YOR141C",779.384541684428,0.29771014900894,0.134349613849815,2.21593602302229,0.0266958840101514,0.105506856926064
"YIL052C",8209.88806220258,-0.385247598025529,0.174144244992372,-2.21223272719925,0.0269505886330655,0.106383902498943
"YDL232W",311.43716122725,-0.483055099175658,0.218467736483789,-2.21110497572946,0.0270285684767419,0.106623281675409
"YJL050W",973.724780384244,-0.513628092240232,0.232414993628823,-2.20996108822703,0.0271078629590763,0.106867536665589
"YKL218C",659.095160832611,-0.490453676255025,0.221977043018308,-2.2094792758122,0.0271413223302146,0.106930898354145
"YCR026C",883.917100745872,0.451410861226748,0.204342667248583,2.20908764334375,0.0271685454278106,0.10696962508389
"YNR058W",176.797943160109,0.474909501423412,0.215022716669467,2.20864803858582,0.0271991312371693,0.107021533658728
"YNL018C",37.9755047024077,-0.848065846246939,0.38413919276681,-2.20770455661824,0.0272648749972499,0.107211624829339
"YOR312C",8748.96285198658,-0.334481973074616,0.15164664197559,-2.20566686289339,0.0274073337247618,0.107702940835326
"YNL208W",11016.1643276264,-0.435336752063837,0.19741371439702,-2.20520014728221,0.0274400528675264,0.107762659728791
"YER187W",194.259010448605,0.667143958717183,0.302727731801413,2.20377550066944,0.0275401363599279,0.10801775421783
"YML129C",996.391645731855,-0.67200965823242,0.304906808440667,-2.20398377349842,0.0275254852686163,0.10801775421783
"YBR136W",368.282592209061,0.330695469028255,0.150104016429121,2.20310873016784,0.0275870860240607,0.108102928168494
"YMR316C-B",13.6285145797033,1.42248339980725,0.645712253711141,2.20296794993703,0.0275970076787864,0.108102928168494
"YPL188W",373.530009326709,0.486668230596029,0.221023693759065,2.20188262316592,0.0276736007529538,0.108333955843836
"YML118W",211.359494338747,0.394135342067666,0.179082046738361,2.20086462739338,0.0277456087324188,0.108546751720341
"YBL048W",25.8571572965746,0.870995055000503,0.39598550005779,2.19956300135583,0.0278379146326515,0.108828772027682
"YLR150W",20111.4808473482,-0.514096478340976,0.233749343080763,-2.19934940378998,0.0278530873449708,0.108828772027682
"YDR492W",773.734107009874,-0.527423051362019,0.239840979067808,-2.19905311182417,0.0278741459847007,0.108841903368831
"YML126C",2588.1552018333,-0.3605162605468,0.163997963571545,-2.19829717818125,0.0279279353695692,0.108982742717545
"YBR123C",497.82896002756,0.343789992047091,0.156413852956023,2.19795104813222,0.0279525945293929,0.109009801113359
"YOR063W",46478.7778898282,-0.493607390021239,0.224608592417371,-2.19763360211978,0.0279752266661264,0.109028925219694
"YKR023W",532.766161177233,0.336115835093688,0.152964027951638,2.19735214608729,0.0279953061268768,0.109038082761427
"YLR190W",553.955266576086,-0.366380142673888,0.166808232867758,-2.19641522708502,0.0280622367532657,0.109229592425686
"YLR154W-F",26.9631253017665,0.859006334037999,0.391205403341102,2.19579363347651,0.0281067175646459,0.109333531323575
"YBL069W",266.341799356049,-0.370672129295001,0.168875176475918,-2.19494739860632,0.0281673712170982,0.109378967619572
"YDL155W",763.867471891411,0.29363356621426,0.133761714128406,2.19519888876711,0.0281493339597569,0.109378967619572
"YIL006W",251.23191982392,0.418121261271981,0.190497912397869,2.19488631664742,0.0281717536112848,0.109378967619572
"YER082C",493.776986793356,-0.481896246732481,0.219735356597532,-2.19307558962904,0.0283019334238322,0.109623638083442
"YLR182W",711.458824780041,0.291524925460639,0.13293320205388,2.19301815465544,0.0283060711018708,0.109623638083442
"YNL178W",20313.3398282084,-0.443244008637982,0.2021108234185,-2.19307408253036,0.028302041990204,0.109623638083442
"YOL132W",46.2509300275153,0.654855993757185,0.298583682259023,2.19320757518522,0.0282924270153947,0.109623638083442
"YDL060W",675.437131400983,-0.49792977234027,0.227228334355823,-2.19131902608831,0.0284287141798445,0.109821980028922
"YHR096C",473.245480508858,0.430575500753949,0.196483053528472,2.19141291333583,0.0284219254707156,0.109821980028922
"YJL003W",217.465995619903,0.500876191944127,0.228534361768335,2.19168875992427,0.0284019878986149,0.109821980028922
"YML133C",821.292668647499,0.400960601301402,0.182972663517636,2.19136888315972,0.0284251089885819,0.109821980028922
"YBL086C",1068.83812734246,0.283438969716303,0.129363360678173,2.19102973384741,0.0284496408299273,0.109833829946047
"YBR118W",150485.850109913,-0.509795221770557,0.232709034535752,-2.19069802247938,0.0284736522995186,0.109857566902158
"YDR003W-A",178.496926541779,0.621062095840495,0.283589931518648,2.1900005141743,0.0285241995315165,0.10998359067011
"YPL190C",1722.24923448502,-0.38889449203628,0.177720476707704,-2.18823682695772,0.0286523558514053,0.110408514089062
"YOR337W",204.495963574947,0.425012800619696,0.194335070269471,2.18701030148784,0.0287417719808787,0.110683718022795
"YJL173C",614.242393646145,0.307346843561981,0.140564233396903,2.186522390046,0.0287774084339672,0.110751603172026
"YMR172W",471.806890292839,0.403303048755967,0.184530374719696,2.18556456826466,0.0288474772239882,0.110951835476878
"YGR103W",2206.88707659251,-0.428604146402247,0.196230855616145,-2.18418324201092,0.0289487858262946,0.111193031059472
"YKL209C",1112.57362261676,0.354257560022879,0.162208046373363,2.18397032664746,0.0289644285784185,0.111193031059472
"YKL224C",14.3647120111731,1.19634930123054,0.547663131959907,2.18446200121085,0.0289283165646605,0.111193031059472
"YHR026W",3174.86114723067,0.249319002298947,0.114189290266015,2.18338341291144,0.0290075864237916,0.11128924298585
"YDR147W",314.649485470835,0.470401738544813,0.215526828073474,2.182566981334,0.0290677135749188,0.111338105151042
"YKL122C",809.325834802093,-0.295111815732596,0.135234203916708,-2.18222762574443,0.029092737394752,0.111338105151042
"YOL086C",176994.145972827,-0.538192630732889,0.246610283760713,-2.18236085910797,0.0290829106593481,0.111338105151042
"YPL194W",177.565384682564,0.389964332602359,0.178661832615488,2.18269524550121,0.0290582602993278,0.111338105151042
"YMR131C",1325.42703902057,-0.439397341687154,0.201469933893011,-2.18095739248365,0.0291865680666125,0.11162773234432
"YOL069W",242.749205936653,0.503945588056754,0.231112302642229,2.18052255243583,0.02921874897986,0.111681358748377
"YBR103W",633.859940170539,0.372576415742836,0.170947633140863,2.17947688948596,0.0292962596643815,0.111908072631022
"YER038C",99.7984315975876,-0.611788591140336,0.281051455889576,-2.1767849919294,0.0294966133465703,0.112572270216845
"YER180C-A",67.6979170629026,-0.61643714819244,0.283236522404553,-2.17640416906393,0.0295250523349222,0.112572270216845
"YOR262W",537.221050725749,0.357449228381397,0.16423738886427,2.17641811559001,0.0295240104240886,0.112572270216845
"YGL253W",27398.5342765063,-0.363011418202472,0.166854296500388,-2.17561924275428,0.0295837432597,0.112726159260939
"YIL145C",1075.43393549382,-0.29085569056374,0.133708513152429,-2.17529672349406,0.0296078879091681,0.112748303802714
"YLR002C",381.510329484379,-0.417689178050277,0.192072474380688,-2.17464360469693,0.0296568340312684,0.112864807730384
"YGL050W",321.990259709469,-0.358308999951987,0.164851455345701,-2.17352645871761,0.0297407166527128,0.113114042927757
"YFR013W",941.342402479836,0.307055433365112,0.141301438707199,2.1730524202332,0.0297763721628687,0.113179659333524
"YLR044C",134797.657238472,-0.590686098507691,0.271873711044876,-2.17264882374078,0.0298067582352346,0.113225177978192
"YDR324C",298.386554453428,-0.472782168390072,0.217712916161721,-2.17158530015225,0.0298869567801634,0.113459743332102
"YML087C",145.466770853064,0.483075307302276,0.222489953127395,2.17122301709359,0.029914318268619,0.11347805272139
"YNL002C",739.915486468741,-0.444905561930516,0.204928057793281,-2.17103293088011,0.0299286831730234,0.11347805272139
"YDR020C",136.111036548557,-0.420762557030701,0.193866502181725,-2.17037266518735,0.0299786258413905,0.113527431603788
"YHR203C",19404.6251184883,-0.607397476607764,0.279840331157523,-2.17051442905082,0.0299678967508456,0.113527431603788
"YDR510W",1721.42487308474,0.283955890922466,0.130885474618192,2.16949888252152,0.0300448291084217,0.113708122471873
"YBR226C",31.1191332428287,1.14434910863521,0.52762593559706,2.16886440076201,0.0300929801490972,0.113820312372047
"YCR034W",1328.0536720182,-0.366279562955498,0.168953018310116,-2.16793737465634,0.0301634517145554,0.113956445200437
"YGL215W",1225.51069566176,-0.300642516073457,0.138678921554227,-2.16790347591431,0.0301660313473678,0.113956445200437
"YDR116C",568.736035930369,-0.341512231915434,0.15763769849513,-2.16643756649355,0.030277765905114,0.114308324319491
"YLR167W",47994.9749887539,-0.517224183751378,0.239005751281809,-2.16406584769387,0.0304592961425882,0.114923111212833
"YHR140W",40.3007789475231,-0.761638136485418,0.35202363064287,-2.16359945806622,0.0304951031711081,0.114987666770273
"YOR185C",635.962832239382,-0.33579489531647,0.155432622422042,-2.1603887915157,0.0307425844084415,0.115849812568575
"YKL085W",3476.98862114458,-0.426602743372776,0.197495499299469,-2.16006311478473,0.0307677839510984,0.115873772994032
"YOR044W",211.873476328627,0.520146225551093,0.24093207050062,2.15889160986459,0.030858576940686,0.116144582732692
"YDR512C",366.426344602817,0.351656416121237,0.162919043931628,2.15847335974312,0.0308910474823916,0.116195683190647
"YDR298C",1213.1981879534,0.304052613131416,0.140923761790822,2.1575681011321,0.0309614270294794,0.116247116136324
"YDR535C",23.514709185995,0.944069594310173,0.43751517704498,2.1577985035548,0.0309435012928128,0.116247116136324
"YLL057C",164.15774064441,0.489084302293008,0.2266721779061,2.15767240078142,0.0309533112189601,0.116247116136324
"YAL053W",4371.08736656573,0.280895442630185,0.130303178075312,2.15570676616832,0.0311065695117122,0.116507553286864
"YLR082C",223.120163619451,0.468574755647286,0.21736033799266,2.15575095242587,0.0311031172174421,0.116507553286864
"YMR205C",9219.70899886752,-0.418478621645392,0.194107931793361,-2.15590685954496,0.0310909387435941,0.116507553286864
"YNL015W",613.742786588406,-0.454154361452316,0.210629381844169,-2.15617763047092,0.0310697975646107,0.116507553286864
"YBR063C",143.210151285503,0.537512521503741,0.249405916227687,2.15517149566346,0.0311484165909382,0.116522361334714
"YKR041W",42.6163373267403,0.926583058108496,0.42992243213679,2.15523310450031,0.0311435975955226,0.116522361334714
"YHR039C",1836.2549455973,-0.24317137641542,0.113140061521488,-2.14929506971529,0.031611017098033,0.118181006171978
"YMR321C",335.130341631297,-0.412058397209083,0.191743708335548,-2.14900609144363,0.0316339170783646,0.118194769156708
"YEL008W",22.4782167852367,0.914351260782442,0.425557065769961,2.14859847087277,0.0316662430123865,0.118243712523483
"YJR069C",656.803770008519,-0.407226590370085,0.189592744176383,-2.14790176775558,0.0317215599312788,0.118378394161022
"YGR278W",255.43969327116,0.437052915090635,0.203616153094904,2.14645502553487,0.031836693277855,0.118735999793092
"YDR219C",386.687565192306,0.443342067601035,0.206627180720052,2.14561349603707,0.031903827793064,0.118842241627707
"YMR309C",1039.80313651385,-0.4346294246507,0.202556614755053,-2.14571824858096,0.0318954643643602,0.118842241627707
"YJL073W",422.26034015412,0.323413703315474,0.150759933979727,2.14522316890219,0.0319350080141577,0.118886379713723
"YNL101W",648.985973652603,0.315544032792357,0.147281597523679,2.14245389850301,0.0321569746624822,0.119640286856785
"YLR091W",342.018466620863,0.40394261304433,0.188581206091943,2.14200885345588,0.0321927696027244,0.119701047797312
"YPR172W",382.364767293755,-0.337003538553588,0.157407102034551,-2.14096781020476,0.0322766340092879,0.119940362028472
"YBR150C",688.246056496897,0.312648664309459,0.14611938798982,2.13967953610126,0.0323806739508978,0.120181740976476
"YPL111W",1542.43633407236,-0.291183937321199,0.136086470084211,-2.13969792251215,0.0323791870610746,0.120181740976476
"YDL052C",1494.60645997773,-0.388608107815657,0.181647065602762,-2.13935802665533,0.0324066835399279,0.120205732069093
"YHR158C",992.758293434022,0.308414181175591,0.144255186633245,2.13797637626511,0.0325186606225442,0.120548380246321
"snR44",132.909661233039,-0.626206869687232,0.293146165568874,-2.13615916985312,0.0326664422164854,0.121023264838184
"YPL012W",568.188789423099,-0.523737376726146,0.245257566469734,-2.13545858855603,0.0327235693588037,0.121161921466973
"YKL188C",330.175277404147,0.428303934721906,0.200600539025521,2.13510859343911,0.0327521408629118,0.121194745070342
"YMR157C",357.823949303671,-0.336563409168542,0.157686612745221,-2.13438162764227,0.0328115542641876,0.121341586725649
"YIL126W",1574.1946573811,0.413093442544065,0.193646197010898,2.13323808533569,0.0329052003469337,0.121614772916852
"YDL207W",857.363547790988,0.321264434632163,0.150623443915059,2.1328979492285,0.0329330986240288,0.121644778701368
"YPR080W",88800.4573501317,-0.49400160695116,0.231804057549425,-2.13111716927487,0.0330794905900305,0.12211216514327
"YBR185C",287.465108568782,-0.353211091794696,0.165866461553175,-2.12949072698135,0.0332136812800205,0.12253397712785
"YDR527W",531.133921457866,0.286174199921115,0.134499876462398,2.12769117301845,0.0333626972561243,0.123009944919163
"YER039C",91.4862196224351,0.512171389619591,0.240905436117261,2.12602670107573,0.033501036337891,0.123445999687256
"YDL234C",1492.53374725201,-0.50138510901591,0.235866080493765,-2.1257194250496,0.0335266285213853,0.12346632659073
"YER026C",2084.39362058048,-0.336900819463672,0.158564916984091,-2.12468701066752,0.0336127380301031,0.123709358997687
"YGR070W",763.135849936968,-0.409824877583855,0.193249577688592,-2.12070257790813,0.0339468394531574,0.124624141668577
"YHR006W",1160.3290408817,0.389000329241456,0.183446130768757,2.12051531210441,0.0339626116156968,0.124624141668577
"YJR060W",684.558082728339,-0.380582897112557,0.179418135477619,-2.1212063992273,0.0339044369925892,0.124624141668577
"YLR309C",910.268747188165,0.471915654368238,0.222483368611083,2.12112778278354,0.0339110505032072,0.124624141668577
"YOL023W",320.150298383229,0.40534701845496,0.191141910171723,2.12066007968004,0.0339504182489804,0.124624141668577
"YDR408C",1546.28488814534,-0.404114565607923,0.190656003810007,-2.11960052414942,0.0340397482465698,0.124832708238762
"YOL090W",684.316258999984,0.309350894222482,0.145982516855167,2.11909549778072,0.0340823971401533,0.124914625990431
"YFL002C",513.858016946676,0.423028493084459,0.199703797366857,2.11827966549556,0.0341513897234772,0.125092940321254
"YAL064W",8.33764018152714,1.78024340944731,0.84062763333636,2.1177550426004,0.0341958186004754,0.125181121662455
"YLL008W",645.540722403049,-0.571532249704828,0.269910482177386,-2.1174881579042,0.0342184392854588,0.125189412019971
"YOR279C",220.004708336827,0.369188091833621,0.174437561917536,2.11644835994757,0.0343066927718025,0.125437669766103
"YHR046C",314.632832715914,-0.349433577888988,0.165158555483471,-2.11574614991083,0.0343664032476331,0.125581330940549
"YGL122C",2553.96162742106,-0.480404904816985,0.227138210436258,-2.11503341465219,0.0344270994905751,0.125653805262336
"YLR069C",1115.47981345427,-0.340820468462184,0.161139256360809,-2.11506789940154,0.0344241606763204,0.125653805262336
"YOL025W",264.262177813774,0.331634370802295,0.156830316531745,2.11460627088109,0.0344635187539074,0.125712123568524
"YER126C",670.751905767446,-0.44203088323609,0.209474821572674,-2.11018622628465,0.0348423184560189,0.12701852904832
"YER056C-A",4803.7981474229,-0.269201167097032,0.127608358463458,-2.10958882583009,0.0348937876616051,0.127130802203123
"YGL231C",1198.98370705572,-0.379119893063563,0.179733154359775,-2.10934868646811,0.0349144952219738,0.127130932868644
"YOL017W",173.942638738532,0.503283217380022,0.238642143282557,2.10894526196123,0.0349493067141014,0.127182388338298
"YHR150W",273.29036842773,0.435979032175159,0.206768756912378,2.10853437765703,0.0349847923692449,0.127236234814226
"YGL123W",21188.3395742259,-0.491224421516427,0.233000490937867,-2.10825487765783,0.035008948712236,0.12724843307628
"YJL077W-B",40.8471169495391,0.780904805693873,0.370445230913891,2.10801689568894,0.0350295279996978,0.12724843307628
"YPL147W",315.590764377441,0.525416255391061,0.249587560151893,2.10513799274012,0.0352792979137472,0.128080095731727
"YFL045C",3363.22258207212,-0.278783770631887,0.132501138808667,-2.10401037408783,0.0353775420810366,0.128274286023185
"YKR060W",102.039167218204,-0.499673071350833,0.237502370532723,-2.10386561713071,0.0353901709740355,0.128274286023185
"YOR393W",23.8084122309725,0.91229834041727,0.433641825463413,2.10380615255998,0.0353953598994056,0.128274286023185
"YPL126W",696.28858759153,-0.437282702166209,0.207904992139283,-2.10328139630845,0.0354411786932617,0.128364693146972
"YER146W",103.302517800725,0.610237743694933,0.290194172231495,2.10286009192538,0.035478001263096,0.128422429527981
"YEL002C",2173.79979323949,0.259959026799414,0.12374625787304,2.1007425296539,0.0356635737823411,0.129018222800822
"YHR213W-B",29.8182887206834,-0.822503005944059,0.391598017831034,-2.10037581522936,0.0356957947579982,0.129058869936325
"YMR124W",1367.11638795126,0.278887864972312,0.13284442127238,2.09935699445361,0.0357854427203614,0.129306975752187
"YGL045W",366.870867661612,0.363643562870442,0.173254820967402,2.09889433863928,0.0358262160340777,0.129378290434279
"YEL035C",19.5972084989859,1.00985510424962,0.481261679752225,2.09834929049315,0.0358743013121694,0.129475911425964
"YLR448W",3090.13365977419,-0.514043842035458,0.245035491908964,-2.09783422813882,0.0359197917496861,0.129488112110533
"YNR014W",1197.94647068535,-0.695987210333877,0.331728865049619,-2.09806044532716,0.0358998061362023,0.129488112110533
"YGR124W",8903.54901363842,-0.359925655950893,0.171593162650271,-2.09755243386048,0.0359447007027197,0.129501997259359
"YBR017C",1074.77448152119,-0.323154142068036,0.154143613876567,-2.09644846089314,0.0360424273357655,0.129737767782733
"YNL168C",627.588292689956,-0.345463494548837,0.164793896465976,-2.09633670880622,0.0360523325432016,0.129737767782733
"YNR046W",696.077707139869,-0.681569202820545,0.325190707972831,-2.09590614402638,0.0360905175881241,0.129799229922201
"YKL137W",233.20237801928,-0.389658528343077,0.185957987197155,-2.09541162612153,0.036134416913779,0.129881159567353
"YMR258C",772.068776955622,-0.299225271707313,0.142832922439548,-2.09493208286035,0.0361770303770088,0.129882508358788
"YOR356W",1228.70762122845,0.342162839144669,0.163323134134888,2.09500534604044,0.0361705172488577,0.129882508358788
"YGL077C",1602.74220560433,-0.30300489897838,0.144659967595159,-2.09460090455958,0.0362064847454893,0.129904424208332
"YMR080C",1252.47849057177,-0.344455497372986,0.164465898172826,-2.09438857051704,0.036225380084112,0.129904424208332
"YKL203C",1067.93011133599,0.319594144953982,0.152684267722339,2.09317010666202,0.0363339722325018,0.130217907476624
"YGL001C",1687.02404056564,-0.235516970726019,0.112557469642591,-2.09241529215136,0.0364013820133659,0.130383517403728
"YGR011W",42.8385000725471,0.701897311437345,0.335619188496231,2.09135036224315,0.0364966683270716,0.130648725385035
"YPR049C",238.346464197594,0.438521576430962,0.209813210402419,2.09005703496879,0.0366126765833966,0.130987760900459
"YMR175W",29.9526247438699,0.917807937119122,0.439222358413393,2.08962025620583,0.0366519254550245,0.131051942760698
"YER102W",14575.2732697184,-0.320793910695263,0.153583032571709,-2.08873275467771,0.0367317866260897,0.131184952236035
"YIL020C",213.618224643515,-0.383219677833667,0.183452483455737,-2.08893153483054,0.0367138866703038,0.131184952236035
"YAR019C",333.298092260039,0.334736695759623,0.160299758451506,2.08819214073169,0.0367805059828907,0.13120656136588
"YDL017W",247.744566060082,0.345295576067957,0.165351652626522,2.08824992422587,0.0367752959911288,0.13120656136588
"YHR054C",207.034224390627,0.782041770617553,0.374712156344536,2.08704670338608,0.0368839130399207,0.131499168229282
"YHR201C",950.518449586497,-0.289792653317651,0.138925855368998,-2.08595190972868,0.0369829794387394,0.131775969610804
"YLR248W",2351.12491437314,0.239642033445864,0.114954153617426,2.08467485431981,0.0370988246795299,0.132112201377596
"YOR206W",491.862065917019,-0.454187786871364,0.217919888676483,-2.08419612193193,0.0371423313721374,0.132190589084864
"YMR270C",484.9137808409,0.287732235902015,0.138079078572504,2.08382210307791,0.0371763520286391,0.132235144578445
"YOL082W",1261.5918325758,0.366356378683909,0.175855284723636,2.08328330456292,0.0372254076331839,0.132290331678366
"YPR079W",602.239981834679,0.315266662536382,0.151339191635294,2.08317924213663,0.0372348884772766,0.132290331678366
"YHR028C",1788.64239313733,0.271917786512912,0.130624582618538,2.08167391666997,0.0373722646767122,0.132701748130358
"YDR447C",5044.21147926107,-0.354260297659534,0.170444578889524,-2.07844860756265,0.0376680597025162,0.133615484560263
"YLR255C",24.2623345462284,0.908736755842867,0.437230180824734,2.07839439200822,0.0376730488174791,0.133615484560263
"YBR257W",198.701989764751,0.474920403557462,0.228868609979288,2.07507881312532,0.0379792309775674,0.134082818893249
"YGL183C",12.0788829569163,1.47536362363626,0.710817954769622,2.07558575826131,0.0379322797468138,0.134082818893249
"YHR164C",479.639428918817,0.289884948273486,0.139696138393204,2.07511067669991,0.0379762784457595,0.134082818893249
"YIR043C",56.5604920871627,0.733669506362648,0.353550142698045,2.0751497956239,0.0379726538881634,0.134082818893249
"YJL155C",1028.8302613522,0.325220094067532,0.156641938287645,2.07620064985612,0.0378753972098899,0.134082818893249
"YMR030W",287.121261061233,0.460921566252721,0.221962756299486,2.07657164623968,0.0378411120959801,0.134082818893249
"YOL067C",281.91642766614,-0.497659419928101,0.239791050153975,-2.07538779953857,0.0379506080136871,0.134082818893249
"YPR132W",11777.1290377669,-0.349057547234859,0.168101814472064,-2.07646507761442,0.0378509577834743,0.134082818893249
"YDR320C",436.505373750502,0.335704830828316,0.161863016079398,2.07400577945269,0.0380787741118101,0.134357120360087
"YDR280W",830.401832031027,-0.337619756392052,0.162857779894171,-2.07309565813464,0.0381633780128137,0.134501303598169
"YNL185C",372.797253515881,-0.418339464425218,0.201772647397626,-2.07332098686702,0.038142416822474,0.134501303598169
"YKL060C",159061.821189042,-0.418333218353804,0.201898227763679,-2.07200044788635,0.0382653994263034,0.134783623408801
"YHL043W",114.615212887314,0.463904002850139,0.22429734467195,2.06825454634173,0.0386160934938279,0.135870226960696
"YOL040C",11269.277596741,-0.304742329513246,0.14734425960907,-2.06823347120396,0.038618074264601,0.135870226960696
"YGL083W",463.993613915817,-0.308945987963803,0.149453198974541,-2.06717547756493,0.0387176220220688,0.136142581724256
"YGR072W",436.557885110191,0.417279366441559,0.201937637000775,2.06637738580629,0.0387928595314461,0.136329192067653
"YHR207C",435.411695606708,0.353450040526829,0.171172389719846,2.06487764238913,0.0389345790322024,0.13669261861428
"YMR182C",363.094499669667,-0.493129929716136,0.238825502947625,-2.06481269223698,0.0389407264735314,0.13669261861428
"YDR453C",302.105459913377,-0.481360225490835,0.233234886412416,-2.06384316212316,0.0390325892051318,0.136936921626675
"YGL030W",21696.0997958931,-0.318302909704912,0.154315710241932,-2.06267339343405,0.0391436694402693,0.137248327854992
"YHR152W",483.339902545735,-0.354535459042153,0.172012577630974,-2.06110194920021,0.0392933149108372,0.137694522337122
"YJR064W",2613.10724467806,-0.436312230911214,0.211962979001,-2.05843602013706,0.0395482970155042,0.138509126791202
"YOR347C",1512.5412567468,-0.337430010007762,0.163954389159055,-2.05807244160091,0.039583179985864,0.138552394372831
"YPL247C",1303.83854321549,-0.4124232791795,0.200427891457093,-2.05771400467879,0.0396175952124876,0.138593976425938
"YDR186C",1396.88978695039,-0.320853536362195,0.15598246988969,-2.05698458672375,0.0396877085157129,0.138760322553516
"YGR178C",3069.25046033196,0.319098295159604,0.155293127712008,2.05481272649343,0.0398970965107952,0.139413149739426
"YDR499W",314.051695215078,0.395664600684587,0.19267589544048,2.05352413066539,0.0400217718787491,0.139755545061887
"YGR296W",955.446052581601,0.386244507952293,0.18810634829427,2.05333053059995,0.0400405317722023,0.139755545061887
"YNL281W",1047.70554880418,-0.38259958562856,0.186375970315846,-2.05283752503168,0.0400883378191146,0.139843038903888
"YOR167C",6551.01193811318,-0.270447891914802,0.131790225837872,-2.05210887374536,0.0401590827491477,0.140010407543797
"YOR087W",789.654615898838,0.303065992712744,0.147711202020803,2.05174684496889,0.0401942715683749,0.140053694133431
"YOR031W",260.544609113092,0.401080378794481,0.195575429357111,2.05077079525225,0.0402892729015993,0.140305225563327
"YPL008W",380.262850699877,0.384862661861483,0.187739910632123,2.04997786866758,0.0403665905251654,0.14049492457825
"YDL221W",67.0863279468145,0.534968621629591,0.261062632646793,2.04919645606034,0.0404429084836522,0.140680931659763
"YPL145C",1396.76236649565,-0.339005279855596,0.165482102441587,-2.04859181055704,0.0405020461144462,0.140807000341348
"YLR030W",121.449860930743,0.428710908937055,0.209381743213848,2.04750854757761,0.0406081784833227,0.141096213374257
"YGR089W",604.881096355855,0.434795175388481,0.21242735621108,2.04679464614926,0.0406782515692552,0.141259879814184
"YER147C-A",104.688462004684,-0.522653481990804,0.255537569114712,-2.045309751523,0.0408243299350718,0.141687149605356
"YOR247W",2799.81433637238,-0.552131690821353,0.270031931264613,-2.04469037508124,0.0408853931294675,0.141819045542146
"YER084W",54.5409987367243,0.981683603974359,0.48067398149108,2.042306514967,0.0411211362645227,0.142327320920777
"YKL172W",1410.24382338078,-0.492837461731677,0.24125071674219,-2.04284351311728,0.0410679315510551,0.142327320920777
"YKR087C",394.662686816731,0.324283566183331,0.158755175476082,2.04266453179152,0.0410856581828241,0.142327320920777
"YNL197C",1020.62206465709,-0.419744528734568,0.205528156854657,-2.04227262657446,0.0411244958172717,0.142327320920777
"YPR181C",3305.98338198616,-0.304573010431384,0.149313741264039,-2.03981902705654,0.0413683539966413,0.143090763261723
"YCR042C",956.210516897827,0.309767343686279,0.151912067391223,2.03912269121141,0.0414377840693942,0.143250349649676
"YLR098C",270.63510850512,0.380149280994967,0.186522002161993,2.03809350419051,0.0415405826728735,0.143525046875377
"YAL051W",507.644105101937,0.329895138014252,0.161928023552793,2.03729490903529,0.041620497708794,0.143639764819912
"YKL091C",801.627635788576,-0.356844345360301,0.175145970928834,-2.03741110039748,0.041608862409475,0.143639764819912
"YDR086C",1755.84952820846,0.294178500631005,0.144447267408949,2.03658058686668,0.0416920898348695,0.14379319765158
"YPL131W",25842.6984423623,-0.450416646760337,0.221184433667371,-2.03638492678783,0.0417117178228323,0.14379319765158
"YCL048W-A",18.3127117444587,1.16949912744302,0.575038811205006,2.03377425080633,0.0419743618316613,0.144617549167909
"YDL130W",11614.7632295454,-0.407997170602815,0.200703355027053,-2.03283682302082,0.0420690115389401,0.144781433108272
"YOR062C",608.159530844815,0.480680604233094,0.236456961567905,2.03284606655598,0.0420680773617212,0.144781433108272
"YDR386W",228.016071011819,0.412740015402976,0.20307145311916,2.03248663986653,0.0421044149481799,0.144822232623773
"YGR286C",914.639061222799,-0.540464470850444,0.265969140591564,-2.03205706364412,0.0421478794008992,0.144890697772795
"YBR181C",10099.0048090193,-0.435657227316382,0.214473682315845,-2.03128524960377,0.0422260668018402,0.144906015507085
"YBR190W",25.5946155956777,-1.26227021032498,0.621457796120292,-2.03114389779197,0.042240399510292,0.144906015507085
"YLR141W",355.699777702664,0.545625950568429,0.268668670814975,2.03085067162217,0.0422701450113351,0.144906015507085
"YMR102C",1179.65046355453,-0.383237402662867,0.188676278830422,-2.03119016888876,0.0422357072875812,0.144906015507085
"YNL339C",1142.47192833629,0.383408495775803,0.188790951433175,2.0308626704046,0.0422689274810891,0.144906015507085
"YML024W",8822.827686055,-0.34136754631713,0.168121209000875,-2.03048472198028,0.0423072925959088,0.144952562375955
"YDR062W",2146.01231779799,-0.357519894617411,0.176119589787043,-2.02998368920636,0.0423581972691318,0.145046165481715
"YBR126C",10408.2227761341,-0.393713832981806,0.193989244989443,-2.02956526277131,0.0424007488731031,0.145111077111622
"YBR113W",18.33127612009,-1.1145306301302,0.549406072534727,-2.02860995872912,0.042498033420098,0.14536312877286
"YDR218C",18.2985995284029,1.00399964152797,0.495075167196621,2.02797415029551,0.042562886323679,0.145504030511743
"YNL309W",419.854202927895,0.416078029548183,0.205199929606497,2.02767140488828,0.0425937959684188,0.145528802892098
"YHL026C",230.205582905597,0.467953973410061,0.230824166216448,2.02731794110003,0.0426299078659074,0.145571312257263
"YNR070W",304.44039726045,-0.358577811951951,0.176924375707933,-2.02672927637677,0.0426901067086252,0.145695980165397
"YMR079W",847.12376170582,-0.311948846378086,0.153950157056735,-2.02629768193822,0.0427342886694002,0.145765876492962
"YGR143W",1217.45914007227,-0.292234774119694,0.144282105420923,-2.02544018377844,0.0428221847583079,0.145984720766959
"YBR162C",9537.28907061826,0.267619522781998,0.132144253005805,2.02520742820531,0.0428460692473782,0.145985222089405
"YPL076W",213.322504749544,-0.368498958161406,0.181977288628357,-2.02497224208002,0.0428702145887461,0.145986611141079
"YLR074C",921.507802221481,-0.611815939003584,0.302324887112369,-2.02370352254918,0.0430006659376136,0.146349803827517
"YHL001W",6221.85705544764,-0.301364345673021,0.14907647930569,-2.02154187620072,0.0432237019760777,0.147027526080132
"YBL010C",201.589763549944,0.378718146920833,0.187582042035267,2.0189467115921,0.0434927584331365,0.147848435598309
"YGR105W",707.764668200391,-0.337041675975315,0.166955554639847,-2.01875089871897,0.0435131168183642,0.147848435598309
"YFR039C",515.297190183378,0.364091203435269,0.180490006346665,2.01723746818405,0.0436707377382123,0.148056801041899
"YIL160C",130.619570896296,-0.43080593990355,0.213530098968922,-2.01754198580806,0.0436389841108034,0.148056801041899
"YLR075W",10522.3369792412,-0.476849103406964,0.236337441857678,-2.01766211760099,0.0436264627125099,0.148056801041899
"YPL004C",10440.7579363155,-0.254575752428288,0.126186144581208,-2.0174620064127,0.0436473220871238,0.148056801041899
"YNL110C",431.841449918944,-0.416493366624966,0.206555687563327,-2.01637326736537,0.0437609587158338,0.148271636483806
"YNL184C",25.1131512889517,-0.834260069336644,0.413784824979145,-2.0161688369763,0.0437823238787954,0.148271636483806
"YAL035W",4572.49369882925,-0.390677656367647,0.193966321791478,-2.01415200721103,0.0439935766822968,0.14890506141779
"YBR076W",71.8409401800662,0.630239356342717,0.31337403560324,2.01114095215169,0.0443105706321708,0.149629769694159
"YDR042C",24.0243233326492,1.11854562964636,0.556046456620556,2.01160463541926,0.0442616303842904,0.149629769694159
"YHL038C",221.106120718055,0.378669314025448,0.188303650005176,2.01095047289333,0.0443306883222544,0.149629769694159
"YJL045W",100.317827491322,0.597961655866455,0.2973849167629,2.01073296647119,0.0443536699434881,0.149629769694159
"YKL041W",689.023366392022,0.315046965238436,0.156638064934032,2.0113052684296,0.0442932223664048,0.149629769694159
"YNL088W",873.066914208917,0.456610185314535,0.226987055140222,2.01161332760788,0.0442607133880775,0.149629769694159
"YIL042C",939.862518196481,0.492873488855656,0.245258338414283,2.00960950825292,0.0444725341247719,0.149948511440432
"YKL017C",419.105194602505,0.316922659201114,0.15783293222595,2.00796281695771,0.0446472430569951,0.150455093041381
"YNL251C",1155.68795545744,-0.456848944800805,0.227568739028547,-2.00752065837784,0.0446942532205961,0.150531028097846
"YLR121C",1848.01713112449,-0.412065610204668,0.205317028353075,-2.00697240511419,0.0447526013153305,0.150645045478534
"YBR285W",109.869004039475,-0.689925031449992,0.344059576427117,-2.00524873806598,0.0449364620352703,0.151181204330915
"YHR178W",252.596791109948,-0.353735373077066,0.176440340880838,-2.00484408107082,0.0449797183357428,0.15124399549744
"YKL084W",392.879520534137,0.411452925031909,0.205468888111053,2.00250718643849,0.0452302109804097,0.152003168048918
"YFL055W",184.137461788583,0.40781130799174,0.2038036033107,2.0010014610489,0.0453922324399263,0.152464352542625
"YOR338W",53.1074470439518,0.582787096390896,0.291320129542095,2.00050404105936,0.0454458639951391,0.152561170071018
"YPL162C",272.647484683491,0.346260065836104,0.173141452319011,1.99986809165793,0.0455145094931067,0.152708256073435
"YMR092C",1804.7815216767,-0.285511382722133,0.142831229485827,-1.9989422743887,0.0456146000247821,0.152949478820012
"YMR173W-A",107.768998300124,-0.591471298175397,0.295921604921691,-1.99874320880328,0.045636145306459,0.152949478820012
"YNL289W",475.93321925652,-0.296758830698437,0.148629443519575,-1.99663554993633,0.0458647880792531,0.153632051572662
"YFR031C-A",17802.5236974393,-0.4121806431322,0.206482318914758,-1.99620309040776,0.0459118212148535,0.153705879407376
"YEL017C-A",2159.93319862358,-0.37809336125105,0.189448299827791,-1.99576011816806,0.0459600397981908,0.153783593448789
"YDR079C-A",149.056429216938,0.381361211387498,0.191152458702813,1.99506307151614,0.0460360013513097,0.153882855481947
"YGR054W",1311.74996300886,-0.334061820659189,0.167447124404372,-1.99502871039132,0.0460397486319973,0.153882855481947
"YOR215C",977.20990141656,0.331639741670977,0.166466748203019,1.99222814917076,0.0463460310384988,0.154822428509923
"YCR077C",1986.79849842609,-0.268039378130782,0.134615681890693,-1.99114526900684,0.046464918864232,0.154967055864982
"YGL221C",1306.57383757962,-0.445069733108919,0.22350699363837,-1.99130114840626,0.0464477892919246,0.154967055864982
"YGR055W",1738.55596628207,-0.712376957457729,0.357750835488317,-1.99126567093927,0.046451687440051,0.154967055864982
"YNL131W",1163.09193310761,-0.294607924152598,0.147992031344773,-1.99070126597733,0.046513739462956,0.155045798209853
"YGR217W",388.629645443815,0.316880548246643,0.159200119675228,1.99045420878506,0.046540923465217,0.155052372324531
"YLR461W",23.9256872277882,0.979152687060974,0.492004645748059,1.99012894598229,0.0465767329164109,0.155087659683772
"YOR349W",275.324047383288,0.330883387400011,0.166290417047544,1.98979227591574,0.0466138226594907,0.155127169564863
"YDL119C",245.32304666356,0.374795417774041,0.188397299231747,1.98938848541033,0.0466583396051739,0.155175609224387
"YGL110C",535.257354700689,0.419060789669168,0.210740357218122,1.98851703205299,0.0467545372183398,0.155175609224387
"YHR108W",2013.93470543914,-0.255502638917087,0.12848047323329,-1.98864957831494,0.0467398950061942,0.155175609224387
"YKL181W",3361.59107901906,-0.34657605776497,0.17426030347817,-1.98884112358031,0.0467187420690105,0.155175609224387
"YNR044W",422.184230748975,-0.562436263728828,0.282754185571551,-1.98913505945787,0.0466862974863861,0.155175609224387
"YBL022C",1739.9453806269,-0.273811248128992,0.137762858628653,-1.98755492485144,0.0468609356797096,0.155444851364732
"YNR002C",439.234582698516,-0.417601429692,0.210224120432116,-1.98645820866615,0.0469824688163036,0.155688997798834
"YOR056C",616.91693587862,-0.459975767815159,0.23155855914564,-1.98643388312783,0.0469851674657944,0.155688997798834
"YBR209W",46.2894286632147,0.807313155229112,0.406652094061597,1.98526742396862,0.0471147263503247,0.155796089242288
"YBR295W",585.226612379605,-0.352783441006872,0.177685293067275,-1.98543973402065,0.0470955689378281,0.155796089242288
"YER134C",201.339316193156,-0.359224152253374,0.180886650811108,-1.98590747654727,0.0470435984077557,0.155796089242288
"YGL042C",127.304946298638,0.460326885608158,0.231875771591407,1.98523063642591,0.0471188172342529,0.155796089242288
"YHR170W",1335.24029959725,-0.358652583841667,0.180770585000779,-1.98402070690937,0.0472535315941693,0.156073694577949
"YMR232W",42.3776043821008,0.809508036384855,0.407997767868137,1.98409917930356,0.047244784613139,0.156073694577949
"YLR003C",145.423797845918,-0.581437404174,0.293222867448365,-1.98291971302814,0.0473763983322598,0.156395517844014
"YER030W",1068.97428903009,0.317601326263204,0.160359776182371,1.98055481133878,0.0476412208275411,0.157185358417048
"YOL009C",240.082842379988,0.38044917633741,0.192193383139735,1.97951235428747,0.0477583500792018,0.15748732063651
"YNL035C",394.38549212093,-0.321658009798199,0.162577512907276,-1.97849016168462,0.0478734373819388,0.157697718210457
"YNL117W",80.2593007628641,-0.582796732237489,0.294553486854143,-1.97857692489676,0.0478636597837897,0.157697718210457
"YBR127C",6107.09277531812,-0.291276458506967,0.147359201549559,-1.976642486143,0.0480820561359561,0.158300131282725
"YJL063C",1051.44980854534,-0.51821562078832,0.262470203018508,-1.97437886216661,0.0483386797289475,0.15905986106636
"YLR243W",273.88593771738,-0.314940129012666,0.159537503197407,-1.97408209794389,0.0483724085813157,0.159085728756733
"YPR121W",255.681998103771,0.319470250074538,0.161860930231444,1.97373294233346,0.0484121173052899,0.159131224707393
"YLR038C",451.034708332258,0.314398244872218,0.159397761439222,1.97241317590333,0.0485624589389395,0.159540129526965
"YLR355C",8968.75996821979,-0.40083584770362,0.203356029328376,-1.97110382725047,0.0487120010661296,0.159945972534275
"YPR194C",123.556682622674,-0.459226702429511,0.233221378879584,-1.96905920304423,0.0489462929840689,0.160629510059778
"YER014W",362.95076032469,0.333646955303177,0.169488006648682,1.9685579050721,0.0490038804993284,0.160664900225646
"YKR072C",1739.20188166221,-0.304001920349755,0.154432458255547,-1.96851053064705,0.0490093256623272,0.160664900225646
"YHL042W",49.3615687172671,0.623686318318034,0.31701742433569,1.96735658812751,0.0491421154316355,0.160969458468242
"YMR315W-A",18.8526415827912,0.914001057465481,0.464608861386203,1.96724843933987,0.0491545760981071,0.160969458468242
"YLR119W",184.006068820076,0.49496811471659,0.251840257985386,1.96540504951878,0.0493673755262166,0.161580151126971
"YNR060W",453.677225809728,0.340841189111367,0.173440340223429,1.9651782778579,0.0493936071737732,0.161580151126971
"YIL013C",324.979485189663,-0.319064263480416,0.162402437187124,-1.96465194123154,0.0494545358518733,0.161693458526858
"YBR261C",1068.1056519628,-0.549522643806243,0.279781622680037,-1.96411271956445,0.049517021472141,0.161811733291003
"YPL201C",45.9446444084088,0.653072199574542,0.332661943463634,1.96317075760106,0.0496263359896972,0.162082828643993
"YDR392W",614.446417384044,0.265353404402949,0.135281744398507,1.96148715839502,0.0498222215631138,0.162636232809527
"YDR120C",559.560939806303,-0.429554832924012,0.219075263149769,-1.96076374277981,0.0499065893872327,0.162825212059141
"YOR125C",573.873469488625,-0.365467805530165,0.186443997528631,-1.96020151023656,0.0499722420501799,0.162952963207108
"YHR044C",244.66860040901,0.378319160541849,0.193160196261922,1.95857722172147,0.0501623193399537,0.163486096417973
"YDL025C",840.656731922375,-0.384101544811673,0.196280614035038,-1.95690005709432,0.050359219857459,0.164040890955176
"YAL015C",555.775140032865,0.349504035130553,0.178950559220055,1.95307595938143,0.0508105951542155,0.165161289745468
"YBR239C",252.491236907619,-0.340672020374519,0.174402814368572,-1.95336308997035,0.0507765865850485,0.165161289745468
"YDR293C",4680.58241609587,-0.217533908391067,0.111375897614762,-1.95315066410056,0.050801745077669,0.165161289745468
"YMR286W",382.650402599672,-0.308113301264083,0.157705528465893,-1.95372542904048,0.050733697322383,0.165161289745468
"YHR205W",1058.21938723909,0.342475492168603,0.175439559747964,1.9520995872345,0.0509263822431796,0.165450211725068
"YPR157W",374.85917215709,0.391481242776195,0.200686838960102,1.95070710568133,0.0510918976177774,0.16590030113481
"YKL175W",1491.33351850262,0.306261359222373,0.157027477005837,1.95036795509991,0.0511322784221922,0.165943805961204
"YGR079W",75.2755563899432,-0.660780747351098,0.33883918076147,-1.95013087290004,0.0511605223695388,0.16594789692651
"YDR194C",852.257196631744,-0.397460252657453,0.203860164873456,-1.94967100563355,0.0512153442686139,0.166038148261453
"YHR151C",299.993525651141,0.340749274629974,0.174866464323486,1.94862563241183,0.051340148759587,0.166267464387288
"YOL039W",8766.71825081117,-0.284308412415224,0.145901537265367,-1.94863205517925,0.0513393811848684,0.166267464387288
"YJL113W",79.4187477557307,-0.547624968882259,0.28109028730373,-1.94821732951067,0.0513889641107697,0.166337962779597
"YGL148W",5355.22375743811,-0.423219469492555,0.217420407241956,-1.9465489687064,0.0515888317363907,0.166807487642591
"YGR159C",4245.50984121247,-1.06069611355087,0.544973039130074,-1.94632768484112,0.0516153900786748,0.166807487642591
"YIL144W",403.572661483166,0.415688477206371,0.213551493448127,1.94654914603697,0.0515888104578808,0.166807487642591
"YNR038W",301.689958051606,-0.477488756217585,0.245430575339289,-1.94551455358605,0.0517130798408225,0.167035420704337
"YMR318C",4111.95851019798,-0.411683839935685,0.211704851431693,-1.94461221437108,0.0518216681202145,0.16729829865581
"YBR041W",1072.20325832422,-0.316490883588825,0.162831992068656,-1.94366524396128,0.0519358324498573,0.167329346794703
"YCL073C",37.5720189401211,0.719638553660773,0.370197425035504,1.94393181852023,0.0519036736454915,0.167329346794703
"YOR367W",332.172296704753,0.423726273234987,0.217999172875011,1.94370587579215,0.0519309296637317,0.167329346794703
"YPR002C-A",61.1762898770817,-0.537996002364867,0.276799635773016,-1.94362973369676,0.0519401175660307,0.167329346794703
"YCR065W",361.121937487272,0.389107796668794,0.20041840757594,1.94147733920777,0.0522004054537604,0.168079839550066
"YLL032C",251.023046319628,-0.331304548317294,0.170721947094604,-1.94060900754432,0.0523057206977895,0.168330812292729
"YLR164W",186.815577184813,0.404880932526026,0.208967627875779,1.93752944722475,0.0526806573619271,0.169448767142182
"YDL139C",244.665717717442,0.432594186853479,0.22337395156905,1.9366366750232,0.0527897715358052,0.169706050591105
"YGR283C",346.469153480166,-0.372317266353377,0.192270562717657,-1.93642365784362,0.0528158342815243,0.169706050591105
"YMR089C",1562.1342349533,0.239647505671686,0.123858879702002,1.93484315576135,0.0530095454911113,0.170239532517146
"YKR006C",518.734679101963,-0.306968277520231,0.158675566085059,-1.934565510582,0.0530436357674738,0.170260104368457
"YGL081W",83.0051319835662,0.47495950043043,0.245623356390951,1.93369029480426,0.0531512178185152,0.170427523244978
"YJR097W",23.1030798808963,-0.880520670973431,0.45534525452946,-1.933742939483,0.0531447415542959,0.170427523244978
"YLR319C",448.285451041638,0.307855758881171,0.159338982695705,1.9320806099854,0.0533495571840423,0.170974349495498
"YBR278W",194.927392454118,0.381121170780926,0.197332170159452,1.93136866874248,0.0534374768972303,0.170988804848057
"YLR126C",377.784853461279,0.335049316759646,0.173475926435155,1.93138796630025,0.0534350921906438,0.170988804848057
"YPR115W",1649.76333728976,0.236810983845049,0.122599435765884,1.93158298295323,0.0534109978848815,0.170988804848057
"YPL229W",205.971055455878,0.393266458422562,0.203672128836761,1.930880089822,0.0534978829315297,0.171093073337966
"YOR143C",174.968324290587,0.388000959996191,0.201060891423058,1.92976842612215,0.0536355372932535,0.171444155069391
"YKL006W",10601.073866508,-0.366569262269413,0.190054597836646,-1.92875766459743,0.0537609537840032,0.171755774426815
"YOR294W",560.809429709643,-0.436219186095249,0.226230358610249,-1.9282079946077,0.0538292602033062,0.171884709371928
"YMR303C",22500.4585115374,-0.561834362004692,0.29143233908125,-1.92783808336402,0.0538752691254958,0.171942348272859
"YER092W",527.119807490116,0.32675430691673,0.169576842654173,1.92688047378673,0.0539945274592758,0.172233580847794
"YDR165W",420.292016098046,-0.468814879392937,0.243393163312844,-1.92616289221875,0.0540840376456248,0.172316626595574
"YNR032W",645.324976357519,0.274199589358368,0.142359520954629,1.9261064347481,0.0540910853285488,0.172316626595574
"YPL132W",227.728651208588,-0.420199975613298,0.218172587597429,-1.92599803779497,0.0541046188546428,0.172316626595574
"YGR149W",461.902300556991,-0.485642199684175,0.252482927500063,-1.92346549722279,0.0544216155782817,0.17323650921658
"YLR017W",678.956962268221,-0.439551853380648,0.228550764488299,-1.92321322733161,0.0544532767484561,0.173247621315574
"YGR081C",162.45359657642,-0.368296949037217,0.19152407781073,-1.92297988455101,0.0544825761475057,0.173251211637621
"YFR017C",1978.60764338373,-0.585485992025626,0.304604171358952,-1.92212072938317,0.0545905682859515,0.17350490695535
"YBR240C",90.8330848358454,0.590928914623735,0.307576585027866,1.92124154889813,0.0547012622973192,0.173746749694245
"YER086W",2637.89838522292,-0.226983608533914,0.118154919460438,-1.92106777754535,0.0547231632776834,0.173746749694245
"YHR018C",3224.09828275152,-0.460922695426274,0.240035417684287,-1.92022785584299,0.0548291245195544,0.173903618254389
"YNL142W",301.228367145521,0.402663837888347,0.209672822687354,1.9204388662653,0.0548024881896289,0.173903618254389
"YBR098W",189.610481588047,0.343369188292301,0.178938046840944,1.91892777614544,0.0549934748298263,0.174334984640944
"YKL114C",622.686241307495,0.317741302069806,0.165681607579016,1.91778258741405,0.0551385845613564,0.174704943355148
"YGR136W",954.389145562749,-0.234170399483543,0.122240397252541,-1.91565476509178,0.0554090537702923,0.175471514257105
"YDR322W",418.071760543106,-0.315610576594677,0.1649712437407,-1.91312479337763,0.0557320784235353,0.176403645035894
"YCL044C",517.290495282969,0.326274937152109,0.170757261290756,1.9107529289577,0.0560363393869157,0.177093261680129
"YGR043C",224.331759587487,0.340991877728656,0.178454745387024,1.91080308337629,0.0560298913291033,0.177093261680129
"YJR119C",139.89934799178,0.399511427554933,0.20905075774894,1.91107380741823,0.0559950966042352,0.177093261680129
"YDR130C",235.858326289627,-0.325727890127364,0.170616410416491,-1.90912403638215,0.0562460926909975,0.177664853646448
"YIL106W",761.326467192228,0.266201857709616,0.139477788547073,1.90856092918174,0.0563187561687862,0.177803054639648
"YBR153W",333.974225306801,0.358209535905702,0.187741601289235,1.90799233332331,0.0563922071857094,0.177943598867169
"YDR261C",1034.15513633736,-0.286999480207477,0.150456337842125,-1.90752669062455,0.0564524181274697,0.178042241786635
"YLR196W",1419.14290478547,-0.438075851475421,0.229756626887771,-1.90669517310335,0.0565600724138014,0.178198998639794
"YPL203W",1185.58164579867,-0.261278413396243,0.137026681348509,-1.90677035176614,0.0565503322183392,0.178198998639794
"YDL115C",518.452889292888,0.387678779644556,0.203378161763543,1.90619669429056,0.0566246909761356,0.178214138944101
"YDR315C",170.178898228304,0.513117389204592,0.269222948167254,1.90591995480942,0.0566605916494217,0.178214138944101
"YLR406C",3758.03641650523,-0.266084835771039,0.139621060400536,-1.9057643238614,0.0566807895568555,0.178214138944101
"YMR264W",1236.28304752246,0.286209068003915,0.150175094860839,1.90583577302969,0.0566715160834789,0.178214138944101
"YBR188C",217.751303372547,0.328968029252777,0.172653150332838,1.90536939881258,0.0567320701372164,0.17823640755935
"YDL171C",2887.69075969792,-0.493615545836467,0.259079944033669,-1.90526344166694,0.0567458351221475,0.17823640755935
"YDL073W",587.630904799851,0.419809782485595,0.220489822806575,1.90398711896046,0.056911861791332,0.178666641151961
"YNR048W",246.723158404872,0.340061378818032,0.178651172608056,1.90349368466836,0.0569761569681959,0.178777227221635
"YBR076C-A",179.256729890471,0.51321432741908,0.269808210246012,1.90214496049297,0.0571522059968453,0.17919366239753
"YLR078C",589.590818127844,0.270995150803276,0.142476753495838,1.90203064116837,0.0571671488819438,0.17919366239753
"YOL095C",166.725829023051,0.378282021430831,0.199053870624045,1.9004002295705,0.0573806168197244,0.179771163240604
"YHR091C",520.779009635944,0.362247923537305,0.190793738512001,1.89863633032443,0.0576123082062753,0.180405140258958
"YMR193C-A",53.6888526822878,0.61774051754856,0.325482433431479,1.89792275741544,0.0577062580165046,0.180607372418068
"YAL036C",534.074458506972,-0.516358130816626,0.272236557098178,-1.89672590749966,0.0578641225536288,0.181009335556876
"YCR068W",434.580818460569,-0.454994490746466,0.239945316919891,-1.89624242967981,0.0579279949963144,0.181024984363482
"YPR179C",352.657115683316,0.364203207482059,0.192065585985582,1.89624396069267,0.0579277926411657,0.181024984363482
"YBR011C",11536.8168530038,0.313607166885738,0.165528850007691,1.89457708955971,0.0581484524067775,0.181621626359412
"YBL041W",3491.1453842731,0.240979922400625,0.127334113659249,1.89250088193566,0.0584242762512621,0.182390507078813
"YNR008W",724.02590706647,-0.243531230958116,0.128786298639132,-1.89097158262548,0.058628137753905,0.182934067573067
"RDN5-6",22.9903264190614,-1.03780807084553,0.548912406069556,-1.89066244335171,0.0586694189075999,0.182970043753418
"YGL242C",534.85388491173,-0.273871735584613,0.145043001841646,-1.88821061414338,0.0589976814536908,0.183528447617703
"YIL049W",233.550755361112,-0.423037128220151,0.224030662976402,-1.88830012195567,0.0589856709642214,0.183528447617703
"YKR068C",605.36016539504,0.272645065230694,0.144389844036772,1.88825652558542,0.0589915206329351,0.183528447617703
"YOR319W",190.705559859246,-0.376999253881449,0.199617964869932,-1.88860383446498,0.0589449328231336,0.183528447617703
"YPR078C",71.0145289440348,0.557337527043728,0.295140616401182,1.88837962676796,0.0589750044165407,0.183528447617703
"YER145C-A",19.4989945139673,-0.896226028857536,0.475347706313724,-1.8854114934259,0.059374303488419,0.184513373650216
"YKL097C",15.5106939493244,0.970506892736179,0.514704593188667,1.88556097143752,0.0593541409008634,0.184513373650216
"RDN5-1",61.9556522257515,-0.637358419536099,0.338438146442749,-1.88323457693891,0.0596685851082783,0.185334241624198
"YGR201C",281.144353267822,-0.406740515224847,0.216006015837006,-1.88300549708655,0.0596996229996092,0.185337042628772
"YBR071W",657.161461268907,0.247149807740461,0.131288042778752,1.8825005119237,0.0597680904383055,0.185406545035602
"YDR050C",57162.1512378599,-0.324769518132572,0.172529884801217,-1.88239572817637,0.0597823054968453,0.185406545035602
"YER133W-A",50.1143014141099,-0.586526362109847,0.311754293928901,-1.88137380472973,0.0599210876532101,0.185743290860505
"YLR189C",980.149643842657,0.322604451971966,0.171503350614715,1.88103877163719,0.0599666448869803,0.185790864511299
"YJR043C",276.863229101402,0.36681826476741,0.195117184512932,1.87998953389519,0.0601095043318423,0.185989060480555
"YMR207C",562.422672808003,0.347085633289716,0.184629574677357,1.87990268566806,0.0601213418268852,0.185989060480555
"YOR096W",8184.76777118318,-0.304815499003125,0.162110725519447,-1.88029199194818,0.0600682940982836,0.185989060480555
"YBR031W",27031.4953687283,-0.44289080810773,0.235683711010685,-1.87917445040421,0.060220677052709,0.186202696769311
"YJR153W",96.2904691570844,-0.471112919057229,0.250804932204258,-1.87840372562351,0.060325956249378,0.186434487906369
"YDR404C",785.839330676042,-0.261359012608097,0.139174508834997,-1.87792301044122,0.0603916980403605,0.186543919110104
"YPR001W",171.505413631045,0.501055679417235,0.266894594822377,1.87735416579229,0.0604695689709234,0.186690687334929
"YBR282W",291.999746379224,-0.326776900278363,0.174186692127965,-1.87601530453485,0.0606531783868533,0.187154653031335
"YGR125W",864.991419860711,0.251890167225246,0.134283066845619,1.87581482268972,0.0606807118934116,0.187154653031335
"YAL048C",166.494469861778,-0.368018726849904,0.196268048918888,-1.87508220964684,0.0607814146112671,0.187312793112207
"YFR014C",1620.75105696731,-0.229618666143513,0.122463372394246,-1.87499871720258,0.0607929000084495,0.187312793112207
"YDL120W",569.218309865958,-0.27517594409497,0.146837523513598,-1.87401651505984,0.0609281488675371,0.187354057767676
"YDL233W",518.841746821136,0.373557327864047,0.199292737170803,1.87441516016658,0.060873225564307,0.187354057767676
"YEL023C",225.985470206471,0.346416066611189,0.184817321470631,1.87437012859338,0.0608794277305516,0.187354057767676
"YMR200W",1586.66789117512,0.241554966008836,0.128889680748174,1.87412184285559,0.0609136333484882,0.187354057767676
"YHR114W",1070.34294060276,0.270755716550853,0.14456430336698,1.87290852751894,0.0610810174308645,0.187730263468174
"YER008C",1235.74290409628,0.257085051941773,0.137302452030201,1.87239956854684,0.0611513446909083,0.187830510997335
"YPR110C",1144.28867697195,-0.33426013286768,0.178535777670889,-1.87223052560284,0.0611747176467742,0.187830510997335
"YGR266W",847.604233931585,0.262632793682219,0.14038713069496,1.8707754220925,0.0613762156548337,0.188355152832948
"YGL169W",344.064242813557,-0.410478798688818,0.219559253601042,-1.86955818056611,0.0615451971821122,0.188685425059816
"YOR359W",148.663785737615,-0.435901076640053,0.233141810591143,-1.86968212837845,0.0615279727388188,0.188685425059816
"YDL008W",453.096382952639,-0.494100232264383,0.264468006003259,-1.86827979584908,0.0617230813053113,0.189136497273376
"YHR090C",222.126313896918,0.425468610994494,0.227955557289365,1.86645421613656,0.0619778438952035,0.189822579659114
"YDR500C",9023.57078199607,-0.458296267009667,0.245585943895181,-1.86613394781776,0.0620226274503063,0.189865186072366
"YHR063C",1019.62015783787,0.259293386440983,0.139167564412559,1.8631739912636,0.0624377908629262,0.191041001894028
"YEL055C",782.691642854585,-0.280397003294269,0.15055810293765,-1.86238400871979,0.0625489815644521,0.19120958787796
"YGL143C",381.419019247282,-0.330019708212483,0.177215493850877,-1.86225087344895,0.0625677365799316,0.19120958787796
"YOR302W",32.4625404242244,-0.933770190433608,0.501455404403004,-1.86212010526696,0.0625861626663955,0.19120958787796
"YPL113C",120.56186034825,0.399890430523289,0.214946864942358,1.86041527347015,0.0628267954307576,0.191849449800973
"YKL115C",20.3956752525247,0.905126957860828,0.486710417728119,1.85968272897426,0.0629304269624181,0.192070533905147
"YLR402W",19.4446884722419,-0.826814752417326,0.444879501462584,-1.85851393399582,0.0630960665134526,0.192480560048479
"YDR248C",298.296868175795,-0.36844975557867,0.198424817423324,-1.85687335063845,0.0633291748364644,0.193095897493434
"YPL005W",176.134944792106,0.418204030473941,0.225379423945316,1.85555550348469,0.0635169410351221,0.193572441707632
"YJR050W",325.417698414907,0.278865977345349,0.15030744295076,1.85530384837099,0.0635528489796242,0.193585944142986
"YOR292C",502.648251944102,-0.305675410319861,0.164815343906752,-1.85465383910374,0.0636456745416825,0.193772721995717
"YBL100C",33.4938315896636,-0.704462056368151,0.379952000662675,-1.85408171332036,0.0637274704829079,0.193868208604733
"YJL142C",51.8652319218156,0.862848325862602,0.465399855615595,1.85399354007382,0.0637400841949218,0.193868208604733
"YIL163C",38.2455259606116,0.699005984971521,0.377187193901763,1.85320709788884,0.0638526807194314,0.194114674456007
"YLR005W",664.123595039959,0.278074371093462,0.150262635197432,1.85058894200874,0.0642287117580446,0.195161352426865
"YDR458C",546.277363832447,0.399105626212525,0.215847959313339,1.84901273786498,0.0644559734358475,0.195678326651279
"YOR015W",487.923087556682,0.371823202899022,0.201097734601426,1.84896763574176,0.0644624861456083,0.195678326651279
"YAL031C",556.039300354964,0.285961401177363,0.154730540200533,1.84812513939881,0.0645842417955338,0.195854579409533
"YPR036W-A",5516.73471504216,0.363423606259051,0.196633102435979,1.84823207159322,0.0645687776909323,0.195854579409533
"YCR043C",433.937440163564,-0.348943278845424,0.188839165401232,-1.84783319765269,0.0646264768028774,0.195886068180235
"YDR513W",1284.92959832541,-0.25152144711675,0.136154048315129,-1.84732991952324,0.0646993392096269,0.196010313369067
"YJL156W-A",62.8836296277897,0.575803540170517,0.311779953923503,1.84682668954333,0.064772262408958,0.196134620293004
"YDR113C",387.290511623497,0.291931980679444,0.158114794645542,1.84632931620276,0.0648444035465237,0.196256437899174
"YFR023W",10.0722265897769,1.26067441375528,0.683148831450921,1.84538764573127,0.0649811689898276,0.196573629752799
"YER027C",1010.65931274892,-0.286487049233055,0.155395682149965,-1.84359723043385,0.0652418599572097,0.196997131349133
"YIL170W",116.864152588161,0.455858419171453,0.247272568396916,1.84354626203308,0.0652492937492981,0.196997131349133
"YIR015W",165.976299679553,0.384426161304151,0.208488351382537,1.84387357257577,0.0652015673389577,0.196997131349133
"YLR362W",583.882196669312,0.259870616235676,0.140919292240653,1.84410957579808,0.0651671726676383,0.196997131349133
"YPL170W",970.779669078664,-0.493062226790556,0.267680017933386,-1.84198368857424,0.0654775358494005,0.197589227416003
"YDL002C",403.458026290504,0.386624433911731,0.209950119758967,1.84150613657946,0.065547422143558,0.197606199109256
"YIL104C",141.004745116833,-0.368983572964129,0.200363583773486,-1.84157003989942,0.0655380667905089,0.197606199109256
"YML093W",881.436694923364,-0.467710259095563,0.254288488526857,-1.83928994114165,0.0658725517536382,0.198391867426481
"YPR025C",385.898047597039,0.481851273681107,0.26195169936725,1.8394661109091,0.0658466580196867,0.198391867426481
"YLR408C",87.0268301800561,0.5765232111773,0.313752640375046,1.83750871542674,0.0661348310432859,0.198986893794622
"snR13",15.8051159915499,-0.9359261685331,0.509290479239515,-1.83770599821667,0.0661057395316991,0.198986893794622
"YLR070C",300.131402972038,0.408499091721803,0.222543133868231,1.83559512540916,0.0664175586400233,0.199739846276843
"YIL019W",328.81581968327,-0.355765915496976,0.193854197527389,-1.83522420476199,0.0664724761638126,0.199807296386827
"YHR219W",993.495632396722,0.461899315635897,0.251853259829572,1.83400173556801,0.0666537365221141,0.20025426458769
"YBR168W",263.798646782148,0.398915185855686,0.217668124195805,1.832676177688,0.0668507420220093,0.200550200242323
"YCR033W",1140.10560785131,0.225756907070088,0.123198710437055,1.83246160831718,0.0668826765360982,0.200550200242323
"YGL256W",685.722868009792,-0.427558457927178,0.233308428400884,-1.83258899328113,0.0668637162255905,0.200550200242323
"YPL249C",879.747366353217,0.328604078081486,0.179268981068414,1.83302251244504,0.0667992232569441,0.200550200242323
"YCL049C",1195.33264028188,0.325167671355728,0.177491837652319,1.83201478815428,0.0669492174132578,0.200651894294121
"YIL146C",185.474236268872,0.351805109370446,0.192063962335728,1.83170806793776,0.0669949260147228,0.200691083775229
"YBR066C",306.434431515476,0.460957886622397,0.251688844508831,1.83145934624934,0.0670320103173208,0.200704412585941
"YGR118W",11337.224694546,-0.339845937392316,0.185607784146005,-1.83098968050275,0.0671020833711532,0.200816453884473
"YGR263C",263.59713932606,0.314946235884129,0.172128429149944,1.82971655199255,0.0672923345294729,0.201287868363939
"YBR267W",153.79512617698,-0.644451445620372,0.352297916713588,-1.8292797517287,0.067357710381201,0.201385473429454
"YIL167W",124.56944382203,0.42575194749625,0.232797449097911,1.82885142919751,0.0674218681179295,0.201479343501101
"YBL006C",945.623437028539,-0.526383516464386,0.287995218831334,-1.82775088628352,0.0675869472750672,0.201580856324764
"YGR158C",336.661525441063,-0.427875106534771,0.234090345623349,-1.82782038872813,0.0675765122242989,0.201580856324764
"YHR179W",9741.81510811892,-0.389700367715259,0.213171145402981,-1.82811030535378,0.067532998630758,0.201580856324764
"YJL125C",218.133541536125,-0.415805962026211,0.22747442777109,-1.82792398293069,0.0675609611199866,0.201580856324764
"YAL024C",258.014317783188,0.388392667173702,0.212564391067555,1.82717653329935,0.0676732310037375,0.201740363874448
"YNR030W",643.54284007873,-0.276748852007908,0.151483417489062,-1.8269250627904,0.0677110373532958,0.201755271183512
"YFL017W-A",239.821842140485,0.310839382281459,0.170225913875395,1.82604032021231,0.0678441886356148,0.201956321446772
"YML071C",776.084211210466,0.228876725836486,0.125329750302809,1.82619629643798,0.0678206990253301,0.201956321446772
"YLR423C",145.101136983143,0.4460840492561,0.244371134241059,1.82543675070912,0.0679351476745499,0.202129249249386
"YIL003W",294.350800118826,0.352642734058663,0.193228741115136,1.82500145694444,0.0680008094795328,0.202226778674626
"YHR032W",1294.74834074187,-0.55882309192059,0.306306944862246,-1.82438923208845,0.0680932487377019,0.2023435752316
"YOR330C",923.613820658146,0.223540110003263,0.122534355885347,1.82430558669133,0.0681058862974655,0.2023435752316
"YDR522C",41.9996659074164,0.704466589160912,0.386795647824579,1.82128882039646,0.0685629649484367,0.203603203492461
"YNL271C",1642.21036654405,0.270390599543248,0.148485649492711,1.82098809189316,0.0686086670321883,0.20364058988801
"YJL011C",92.8943917508645,-0.520164911281912,0.285715691706853,-1.82056823051779,0.0686725157631108,0.203731776142369
"YMR143W",8251.83482535597,-0.210727260511126,0.115775853213998,-1.82013135434746,0.068739003782655,0.203830700705559
"YDR504C",43.6431197327321,1.04766262745495,0.576195418703238,1.8182418558842,0.0690271752709141,0.20458656767042
"YDR190C",2097.87006122582,-0.337658720034639,0.185766450818178,-1.81765178021907,0.0691173720879708,0.204755220780838
"YPL156C",348.428796139213,-0.384825663432251,0.211944151175019,-1.81569371600384,0.0694173685546503,0.205544928556138
"YPL267W",149.247425703095,0.449626470583729,0.2477705487065,1.81468892461606,0.0695717280401939,0.205902852476993
"YPR073C",472.02743910786,0.334406440197863,0.184315351965316,1.81431680341414,0.0696289660366551,0.205973131854463
"YNR026C",513.530758062402,-0.278659683609633,0.153626923467003,-1.81387270747165,0.0696973254585262,0.206038428339489
"YOR029W",18.6498231623537,1.00031025800302,0.551518553284162,1.813738181692,0.0697180438007278,0.206038428339489
"YDR524C-B",39403.9708424758,-0.599222573795441,0.330430941146878,-1.81345781879756,0.0697612387950869,0.206067059841395
"YDR227W",392.279674832677,0.344070256946948,0.18978746381421,1.81292404688948,0.0698435367784846,0.206211114348382
"YJL013C",405.523324999078,0.288593949483001,0.15921789879668,1.81257227776592,0.0698978167749889,0.206272347968417
"YDR087C",557.151626877251,-0.328887154314266,0.181548138093962,-1.81156996577981,0.0700526691841499,0.206630175291377
"YDL158C",58.4106326001271,0.957569408390286,0.528741339488532,1.81103563666229,0.0701353354599845,0.206774838484614
"YDR163W",355.137688008911,0.307777237765201,0.169986480290569,1.8105983325209,0.070203050513974,0.206875304581188
"YGL002W",572.480555549549,0.320759067546827,0.177198572347419,1.81016733542266,0.0702698414257266,0.206972952475201
"YML069W",2220.84311789169,0.247378094822512,0.136723134851186,1.80933603586377,0.0703988138144997,0.207055334748529
"YML116W-A",219.7279902855,0.370536914999133,0.204787274544647,1.80937470759859,0.0703928097648468,0.207055334748529
"YNL012W",112.072580697509,-0.487543695955145,0.269428298232827,-1.80954895663496,0.0703657616284341,0.207055334748529
"YBR125C",622.234000118374,-0.302129656678607,0.167506499024618,-1.80368916094535,0.0712800496932884,0.209346850818397
"YJL100W",586.124445553371,0.339005274550311,0.18791363441434,1.80404830978268,0.0712237339378747,0.209346850818397
"YLR097C",330.0188314418,0.364044118558156,0.20181211810065,1.80387640734535,0.0712506842706627,0.209346850818397
"YGL113W",230.656997377266,0.313383849043429,0.173808413729016,1.80304187996344,0.0713816377088342,0.209522009051373
"YNL239W",2026.61527142687,0.201815083929625,0.11194068825849,1.80287513923087,0.0714078261742565,0.209522009051373
"YDL085C-A",330.305270637741,0.495029782125841,0.274669537232398,1.80227406036293,0.0715022975835045,0.209699156003125
"YOR025W",469.906030057121,-0.316211627437904,0.175523244374833,-1.80153704749571,0.0716182734632808,0.209939171496271
"YDR297W",2163.43085581603,-0.324283047003288,0.1801168923204,-1.80040329824501,0.0717969804155767,0.210362758244782
"YLR313C",118.943261743641,0.395805180988499,0.219882636911488,1.8000747423628,0.0718488371769657,0.210414451732543
"YBR231C",602.214022448518,0.36850547491553,0.204783795754106,1.79948551865897,0.0719419126158346,0.210486566406938
"YNL198C",11.6396657150928,-1.2057309474767,0.669980125400296,-1.79965181318821,0.0719156342647652,0.210486566406938
"YLL038C",192.375605848902,-0.406178483820136,0.226020257263173,-1.79708884831146,0.0723215158105515,0.211496586892483
"YMR203W",2260.31758445053,-0.194080486900362,0.108051547576669,-1.7961842403289,0.0724652202905334,0.211715489209872
"YPR068C",204.306753018162,0.316938548747518,0.176437148734245,1.79632549619639,0.0724427652349423,0.211715489209872
"YGR289C",672.498757610515,0.349327386181928,0.194632865789756,1.79480163724905,0.0726853098757395,0.212257671289553
"YDR187C",14.2579542305682,-1.00945136685017,0.562608284409755,-1.79423480745437,0.0727756986358689,0.212356935479524
"YMR038C",1742.31048456715,-0.333802664960726,0.186050024478632,-1.79415544768748,0.0727883609741196,0.212356935479524
"YPR135W",494.335384624216,0.262559826576421,0.146485416871374,1.79239566766547,0.0730696082908962,0.213076382640594
"YGL036W",1278.76651147775,0.227215706849414,0.126852432308239,1.79118131765342,0.0732642032032094,0.21340343293775
"YKL217W",402.135876428457,0.403700255135794,0.225453536399337,1.79061398451846,0.0733552613382769,0.21340343293775
"YLL054C",181.941684245171,-0.378095201781112,0.211136595613405,-1.79076109796433,0.0733316404422791,0.21340343293775
"YOR228C",308.497527131131,0.304728742559858,0.170144166969025,1.79100317094817,0.0732927861517206,0.21340343293775
"YOR327C",2092.27037401251,0.310292757891399,0.173256908911313,1.79094016995439,0.0733028966001407,0.21340343293775
"YMR278W",675.856232366829,-0.269604554089266,0.150618890101307,-1.78997836133255,0.0734573901017208,0.213599503132663
"YPL283C",1113.32216565217,0.371812180340827,0.207745138548088,1.78975153372728,0.0734938637730805,0.21360456625919
"YJR063W",307.256876270021,-0.513033652969902,0.286860031055377,-1.788445922851,0.0737040928941261,0.21411439362252
"YNL291C",570.701250862644,0.23674464992726,0.132426732893572,1.78774062271494,0.0738178645423692,0.214330197929969
"YNR018W",1356.07495133075,-0.346962809024604,0.194099262796073,-1.78755346118514,0.073848079579448,0.214330197929969
"YAR035W",415.000877373127,0.642464886650727,0.359484874013855,1.78718197368706,0.0739080818372972,0.214403161933669
"YIL133C",6526.35365872026,-0.272930691376791,0.152865926306819,-1.78542529372431,0.0741923589510095,0.215126359051725
"YHL005C",35.5807794281417,-0.801750810452024,0.449172301699792,-1.78495158187176,0.0742691708082517,0.215247596828816
"YOL062C",1721.54962957994,-0.289994497823693,0.162489943879937,-1.78469196861788,0.0743112943726005,0.215268233816059
"YHR189W",179.263005280926,-0.509984132994025,0.285873900740518,-1.78394785838434,0.0744321382095215,0.215418576265135
"YNL164C",178.352541457339,0.368897409408543,0.206787894453454,1.78394102993093,0.0744332478964897,0.215418576265135
"YOR329W-A",10.8048897376756,-1.10730933873695,0.621571876642309,-1.78146627984291,0.0748363088250217,0.216483207560623
"YEL001C",1788.65661446515,0.222567898506046,0.124955143981296,1.78118236204315,0.0748826641070574,0.216515460394171
"YBR139W",1886.41822129384,-0.247262228663341,0.138844189656817,-1.78086118889456,0.0749351303386944,0.21656534378899
"YML020W",474.580284179335,0.293156777321531,0.164660801361952,1.78036773109784,0.0750157991544492,0.216696648567338
"YLR449W",2264.41356708454,-0.357924767408932,0.201184909969444,-1.77908356776507,0.0752260622925785,0.217100085921801
"YPR098C",440.648577443016,0.300839215212195,0.169095605426928,1.77910723612624,0.0752221825934455,0.217100085921801
"YLR009W",597.830438064677,-0.372664916747736,0.209552182264549,-1.7783871908204,0.0753402849886541,0.217124064048839
"YNL042W-B",11.4115867490678,1.05543195811169,0.593459105331466,1.77844092142154,0.0753314668301413,0.217124064048839
"YPL042C",466.333966899602,0.296016727483847,0.166429492862621,1.77863143360169,0.0753002071430951,0.217124064048839
"YDL133W",643.993182372359,0.285295391024703,0.160551932242108,1.77696641230381,0.0755737662155435,0.217486273168154
"YDR432W",3209.35262617389,-0.349037709901482,0.196445967270026,-1.77676189922346,0.0756074230948802,0.217486273168154
"YFL022C",2614.43433309597,-0.300318719059756,0.169000264379133,-1.77703106064985,0.075563129530125,0.217486273168154
"YOL036W",723.964689773402,0.290527790421395,0.163478873678421,1.77715801365803,0.0755422453246265,0.217486273168154
"YKL125W",209.294341498915,-0.325094215549619,0.18305193018818,-1.77596715432292,0.075738331047103,0.217659222401721
"YOL088C",600.054228937935,0.264210979379902,0.148768874058611,1.77598292016252,0.0757357323491563,0.217659222401721
"YGR240C",11384.6673037642,-0.271258648101893,0.152819212216557,-1.77502975030063,0.0758929750508711,0.217697064924854
"YKL068W-A",210.013165190883,-0.577891230644431,0.325567195926927,-1.77502905045181,0.075893090601445,0.217697064924854
"YMR186W",13354.553510137,-0.344998395560213,0.19432229644637,-1.77539274632557,0.0758330608798727,0.217697064924854
"YNL211C",53.3715172625971,-0.512231740414951,0.288514425116302,-1.77541119550077,0.0758300167891818,0.217697064924854
"YAL021C",1236.18019901939,-0.316736009017449,0.178567857529016,-1.77375712180442,0.0761033333960454,0.218096691698825
"YKL075C",236.134036147505,0.3027555867217,0.170678094397041,1.77383974077782,0.076089662522283,0.218096691698825
"YML063W",14994.4801867762,-0.32992163729014,0.186026249382082,-1.77352195395022,0.0761422573397041,0.218106605793749
"YMR041C",349.461512110701,0.346538086988931,0.195527469414671,1.77232430832519,0.0763407383620847,0.218471633749102
"YMR254C",28.2853281326913,0.792425076791347,0.447099062970368,1.77237024727083,0.0763331173097853,0.218471633749102
"YJR035W",370.896326981661,0.322280614158414,0.181893359795589,1.77181077154543,0.0764259739154867,0.218613832362904
"YOR385W",160.415894981648,-0.431580060205565,0.243632598341777,-1.77143807168254,0.0764878822956438,0.218689203216276
"YGR175C",2861.84281077481,-0.305853116406313,0.172695386135935,-1.77105551717268,0.0765514701326212,0.218769303585326
"YDR417C",8.45845163836918,-1.20362100270943,0.68051054332847,-1.76870294591227,0.076943460416849,0.219787404349104
"YER161C",931.09341404565,0.246142126704753,0.139213899867952,1.76808585161557,0.0770465523504645,0.219979710749934
"YNL036W",1127.54120593505,-0.436277564546158,0.246804258714599,-1.76770679249366,0.0771099338583212,0.220058511939061
"YER059W",737.294175889702,0.268178069475121,0.151744678675747,1.76729801542611,0.0771783320391675,0.220118675175644
"YHR048W",362.210283197937,0.276437102980694,0.156430764008242,1.76715305798884,0.0772025987567258,0.220118675175644
"YCR010C",134.72874618138,0.644515995627578,0.364781136413672,1.76685670197781,0.0772522298244845,0.220158115579509
"YBR227C",652.801759638236,0.276713213809602,0.156632325782692,1.76664179904669,0.0772882361141943,0.220158708708798
"YDR330W",1031.48521937288,-0.232303075374643,0.131646427684624,-1.76459839784756,0.0776312849456202,0.221033519636835
"YDR480W",339.739460517987,0.293742106679974,0.16649848046456,1.76423295792479,0.077692766008862,0.221106205902129
"YHR050W",1776.69105257576,0.303278976300371,0.171934333754644,1.76392329372189,0.0777448944832444,0.221152220662328
"YPL149W",505.686677235478,0.344736271059719,0.195546075646378,1.76294139332734,0.0779103747227626,0.221520482914928
"YLL020C",22.9525508592034,0.970604356813322,0.550713966958256,1.7624473230164,0.0779937490808847,0.221655063238189
"YCR079W",863.696802045728,0.393220679396889,0.223140294360769,1.76221278421878,0.0780333529201902,0.221665182660125
"YKL180W",11083.0779030947,-0.238530621233567,0.135424410175914,-1.76135617591924,0.0781781375300261,0.221973936200213
"YPR057W",486.642769099367,0.242583248249814,0.137748992857605,1.76105279042278,0.0782294683988188,0.222017180734996
"snR33",168.431759265511,0.524091265216679,0.298084645906491,1.75819611111767,0.0787141467140806,0.223289668953688
"YBR056W-A",12.1242210936886,-1.11083267820782,0.631897918772813,-1.75793058531531,0.0787593209672911,0.22331481048817
"YLR310C",1303.77551006297,0.243256564288507,0.138404727369017,1.75757410106327,0.0788200032682613,0.223383880230326
"YOR083W",240.994243915299,-0.517973713832298,0.294989698252568,-1.7559044159868,0.0791047308270851,0.224087560841351
"YDR374W-A",159.71943078851,0.545137985144275,0.310631340179273,1.75493556068638,0.079270330676564,0.224453284374249
"YDL240W",390.075189848026,0.27982575770268,0.159499468129339,1.75439931546209,0.0793621085581815,0.224609741202401
"YCR012W",47026.5461532594,-0.393533617531527,0.22441028644877,-1.75363448689936,0.0794931577497482,0.22487714818811
"YMR298W",807.093732910161,0.214285053210108,0.122226858437622,1.75317484184106,0.0795720000206934,0.224996689713685
"YEL026W",2407.88956460543,-0.287583064706999,0.164137788508463,-1.75208321813213,0.0797594994871549,0.225319670117594
"YOR130C",533.567380566112,0.29647756558496,0.169212809209097,1.75209883324259,0.079756814875102,0.225319670117594
"YDL168W",860.007310925946,-0.258752825868964,0.147733690504689,-1.75148150015755,0.0798630052008989,0.225404994027319
"YEL061C",349.822208774895,0.272817129034054,0.155753569791941,1.75159471078891,0.0798435227158568,0.225404994027319
"YLR188W",948.526186383516,0.235848432473999,0.134786532458925,1.74979226908943,0.0801541651755069,0.226122988912554
"YBL002W",2652.63112145979,0.285682423782275,0.163329565944718,1.74911640847053,0.0802708994641171,0.226348478543934
"YKL076C",27.3702443023254,0.927031486548826,0.530303295373747,1.7481156437006,0.0804440046614053,0.22652501312621
"YOL137W",303.805630475951,0.271107920969782,0.155075061538688,1.74823674599765,0.0804230411313671,0.22652501312621
"YOR184W",2118.51972695975,-0.376646874101337,0.215420275006501,-1.74842815556693,0.0803899160432224,0.22652501312621
"YDR496C",544.481876020236,-0.42951663466487,0.245906187755849,-1.74666867306048,0.0806948274291595,0.227037091985348
"YLR222C-A",17.371154806807,0.916032516765063,0.524453903960902,1.74664066726702,0.0806996883056864,0.227037091985348
"YKR054C",810.148843597325,0.255840108474864,0.146586223608629,1.74532164194319,0.0809288968015297,0.227577830511846
"YGR145W",698.210117541902,-0.381086435174312,0.218383113230352,-1.74503618680598,0.0809785701634439,0.227613439901819
"YDR004W",391.884128396648,0.333088067222671,0.190989049994232,1.74401656656615,0.0811562011198496,0.228008513881715
"YPR128C",395.806325450142,-0.25404713174839,0.145713177542661,-1.74347396736999,0.0812508577394728,0.228170216939616
"YOR210W",602.432135509423,-0.314769111827567,0.180602681684325,-1.74288171632884,0.0813542784031224,0.228356372514469
"YMR091C",942.290098930568,0.255353233730172,0.146617086739997,1.74163352585911,0.0815725910352139,0.228864705687302
"YBL055C",732.235464150495,-0.300829244878394,0.172779540132764,-1.74111613358409,0.0816632238970296,0.22897669179478
"YDL059C",214.621098488809,0.347117295936675,0.199413439874089,1.74069158104813,0.0817376548061032,0.22897669179478
"YDL085W",124.044819027458,0.480371188902881,0.27598720457426,1.74055601470331,0.0817614333628189,0.22897669179478
"YKR052C",613.495736400568,-0.338189667553316,0.194296591656463,-1.74058466322081,0.081756407898801,0.22897669179478
"YOR256C",929.715841990428,0.286302837847002,0.164584884766897,1.7395451487085,0.0819389178809495,0.229369296753682
"YDR351W",732.162837273547,0.228977455540352,0.131655768346195,1.73921324083761,0.0819972612725676,0.229428187819059
"YMR273C",939.509189067138,0.323486784982782,0.186055879962306,1.73865391971659,0.0820956560216705,0.229599037986937
"YPL241C",156.292209780068,0.528927246986785,0.304310308386857,1.73811807358948,0.082190010881445,0.229758439509494
"YGR086C",10310.9401253282,0.300376935700545,0.172944521488679,1.73683984386986,0.0824154440143599,0.230283953061478
"YGL187C",676.18576242415,-0.306296056873985,0.176420219654692,-1.73617319757055,0.0825332148724279,0.230410533637689
"YNR043W",1684.07823130245,-0.272712776725672,0.157078201563871,-1.73615927614744,0.0825356757079396,0.230410533637689
"YLR055C",1276.76065645715,0.377771431645006,0.217646861235071,1.73570815357173,0.0826154510789058,0.23042404722688
"YMR305C",4510.01994455249,-0.251842112880547,0.145081954251891,-1.73586104611811,0.0825884069503118,0.23042404722688
"YHR025W",2730.30371301751,-0.317143782424101,0.182841921580827,-1.73452444429656,0.0828250724104689,0.23085135086545
"YIL098C",363.17713906128,-0.313423779793144,0.180712738395395,-1.73437568693902,0.0828514460930189,0.23085135086545
"YOR287C",53.2640090868015,-0.610871557268561,0.352248241873626,-1.73420754073691,0.0828812654814492,0.23085135086545
"YGL085W",238.720747193394,0.380928102105512,0.21968643294762,1.73396279867832,0.0829246840761348,0.230867726151303
"YDR079W",159.703729684269,0.595843836308889,0.343832505461654,1.73294795240161,0.0831049201282477,0.231026146831947
"YIL109C",3150.2385319696,-0.284026428621229,0.16389400106782,-1.7329885582798,0.0830977024595945,0.231026146831947
"YMR301C",791.812567095902,0.355801058773189,0.205333437371788,1.73279648618046,0.0831318476323739,0.231026146831947
"YPL256C",680.503082335076,-0.310591508227284,0.179187828245613,-1.7333292739145,0.0830371604827629,0.231026146831947
"YGR207C",809.21618686041,0.389771984395295,0.224979298425725,1.73247933086597,0.0831882540646627,0.231078483512952
"YNL223W",504.322264643141,0.26642096457941,0.153803005829447,1.73222209242676,0.0832340269820412,0.231101248731175
"YER036C",4337.78158099034,-0.315650981050826,0.182395176296303,-1.73058842596828,0.0835251974547538,0.231596016387167
"YFR051C",2737.63915776824,-0.297341789669731,0.171786110588551,-1.73088376383293,0.0834724980086889,0.231596016387167
"YNL150W",58.1088112878978,0.60003278670122,0.346701277042235,1.73069101971645,0.083506887796026,0.231596016387167
"YBR126W-A",797.853571272385,-0.605665344653588,0.350118752403949,-1.72988547598502,0.0836507387156786,0.231774971315256
"YMR225C",435.033583188263,-0.325306438901726,0.188059595844037,-1.7298050516471,0.0836651115967266,0.231774971315256
"YLR328W",902.307668145925,-0.305157804453874,0.176597043221433,-1.72798931900145,0.0839901393289623,0.232465957188622
"YOR008W-B",10.9097546761597,-1.16710232606087,0.675350191808285,-1.72814391735922,0.083962425485716,0.232465957188622
"YAL033W",263.194960590595,-0.346416732270017,0.200630750442219,-1.72663827208175,0.0842326479816807,0.233032291987106
"YGR174W-A",22.1212208142136,0.821973270115327,0.476605457937025,1.72464090879953,0.0845922062368204,0.23392179332574
"YDL036C",236.75498362694,0.356774065313109,0.207099925554207,1.72271459952662,0.0849401488666274,0.234772789059843
"YHR175W",1488.7589314217,0.337690822120669,0.196045232665184,1.72251483767215,0.0849762973084895,0.234772789059843
"YDR057W",601.392970856165,0.225451518179293,0.130916679501206,1.72209926984297,0.0850515373620201,0.234875148081016
"YFL010W-A",182.646576125551,0.397738745129032,0.231004377930917,1.72178011815853,0.0851093574923349,0.234929330600475
"YLR123C",14.9847177418484,-0.915099389060841,0.53162405126143,-1.72132804542892,0.0851913130818211,0.235050056282279
"YPL037C",7665.38030722103,-0.385521324729538,0.224006296052813,-1.72102896892972,0.0852455672769343,0.235094277467779
"YGL216W",467.378852531622,0.314737269641657,0.182954086821489,1.72030740121564,0.0853765788173304,0.235244605612268
"YHR045W",676.937310565371,0.216956508010783,0.126106695080255,1.7204202193445,0.0853560842494101,0.235244605612268
"YDR300C",913.979309319101,-0.282725204994044,0.16438512320518,-1.71989532557126,0.0854514703807611,0.235345518513964
"YGR152C",323.215331920742,0.273575438218191,0.159318975590332,1.71715539347714,0.0859507832883797,0.235875643562488
"YJL062W-A",859.355300058033,-0.522696213783003,0.304376474252051,-1.7172687707466,0.0859300752716598,0.235875643562488
"YKR063C",291.733654860682,0.315767428654522,0.183886507153104,1.71718650565055,0.0859451003422511,0.235875643562488
"YLR054C",115.754327724625,0.526567412861638,0.306632230243902,1.71726048642308,0.0859315882418636,0.235875643562488
"YMR172C-A",10.1151877495338,1.12931563408174,0.657415095383104,1.7178121433668,0.0858308858501929,0.235875643562488
"YMR310C",240.66703673524,-0.496799361617938,0.289184507711254,-1.71793214494735,0.0858089927569371,0.235875643562488
"YOR075W",292.390083786302,0.351311016789738,0.204428300779097,1.71850480315522,0.0857045791131397,0.235875643562488
"YOR170W",23.007271312095,1.20179087946166,0.699633214387139,1.71774417616008,0.0858432877922698,0.235875643562488
"YJR002W",837.983112193454,-0.336154386525377,0.195883413014923,-1.71609418761643,0.0861448048990209,0.236302653937992
"YGL135W",16157.4632458119,-0.356430283250313,0.207778000866889,-1.71543802406039,0.0862649490281756,0.236526721588622
"YLR096W",915.114039468429,-0.23479819255102,0.137038928340711,-1.71336856901899,0.0866447548961284,0.237462229327625
"YJL165C",1345.54139528851,-0.226824538456679,0.132418974972307,-1.71293078279843,0.0867252743217251,0.237577032106285
"YDR503C",266.171942548543,0.294098851559963,0.17183176396798,1.71155114030469,0.0869794190566913,0.23816605612974
"YML010W",2461.05240401959,-0.381146033767589,0.222717451243094,-1.7113433708954,0.0870177444103294,0.23816605612974
"YPL184C",1464.65604076821,0.206926365018054,0.120971769644972,1.710534330657,0.0871671106805042,0.238468741407963
"YBL032W",1440.77524973831,-0.297977471398908,0.174239263467983,-1.71016259750009,0.087235809979882,0.238546948095486
"YCR031C",16715.2812047292,-0.389440145682958,0.22774810533143,-1.70995998019929,0.0872732736934706,0.238546948095486
"YMR229C",1271.29941491114,-0.327966969958061,0.191833110873166,-1.70964735162379,0.0873311038392713,0.238598973172598
"YMR002W",2429.34276132528,-0.453317790949044,0.265464503017902,-1.70763995108783,0.0877031706006912,0.239509102661745
"YGR186W",2395.83377564518,0.2888208432601,0.169180321242978,1.70717753186728,0.0877890598134978,0.23963724716068
"YDR150W",1609.16001499203,0.190731513661175,0.111806502210911,1.70590716898899,0.0880253647910739,0.240175684767127
"YNL090W",68.0815731349802,0.447563635976699,0.262621157002842,1.70421774500009,0.088340415245219,0.240928405214234
"YMR049C",490.741002193386,-0.387177404149955,0.227285931421295,-1.70348160895311,0.0884779768398217,0.241196612395791
"YIL078W",5799.82183803322,-0.287081470851949,0.168547454157948,-1.7032679151767,0.0885179420727693,0.241198645878392
"YLL055W",355.886454198563,0.323371919381638,0.190063473111494,1.70138908906471,0.0888699487744301,0.241943419638223
"YNL125C",822.946014189908,0.345224851981717,0.202884805298157,1.70158061602681,0.0888340137693782,0.241943419638223
"YJR038C",11.785718917884,-1.04006247937217,0.611972358906333,-1.69952525507996,0.0892202602018306,0.242789646124451
"YBR111C",1899.91554642281,0.222498086595132,0.131036483843031,1.69798578281194,0.0895104451960123,0.243339862764208
"YCR066W",209.583665849042,0.313657486043518,0.18471040669876,1.69810403024587,0.0894881290662894,0.243339862764208
"YPL119C-A",41.9943092476772,0.960875056764102,0.565945333623052,1.69782309293515,0.0895411560057565,0.243339862764208
"YOL035C",33.6745208944913,0.714479987079431,0.420996734861729,1.69711526934786,0.0896748699492819,0.243595605206751
"YKL022C",491.935419857216,0.241861065459978,0.142570322133237,1.69643346413954,0.0898038207648093,0.243623069123766
"YOL078W",266.177123849621,0.323975354192542,0.190944455800766,1.69669945552429,0.0897534956779911,0.243623069123766
"YOR116C",1034.9672545537,-0.312816525806145,0.184390076648819,-1.69649327930983,0.0897925018639098,0.243623069123766
"YGL144C",242.826792890091,0.305627544624679,0.180205667459481,1.69599296699922,0.0898872119807751,0.243634355963758
"YJR051W",1002.96570965728,0.242980243152305,0.143249683081186,1.69620091246274,0.0898478377292936,0.243634355963758
"YDR428C",267.831434034904,-0.334601759230304,0.19741621577489,-1.69490514199626,0.0900934169279045,0.243978209646241
"YNL147W",578.379259967828,0.289592680048808,0.170841630015955,1.69509433983838,0.0900575258104367,0.243978209646241
"YJL108C",509.00437373667,-0.418265121778493,0.246944774296158,-1.69375976054011,0.0903109433952092,0.244459639912208
"YNL237W",475.924689709533,0.265507859886678,0.156805735341347,1.69322798881495,0.0904120789988651,0.244625730683247
"YLR442C",622.843528938905,0.262767731051063,0.155234454724251,1.69271526426158,0.0905096783623411,0.244674515133362
"YOL032W",389.479678700074,-0.285729106104323,0.168792430221421,-1.69278388686925,0.0904966108376226,0.244674515133362
"YBL039W-B",128.557413462382,0.497252999200731,0.293865685062965,1.69210977829612,0.0906250443976154,0.244878744747511
"YFR001W",555.015959445438,0.263354538579819,0.155868498141836,1.6895943806437,0.0911055817406628,0.246069094292963
"YDR389W",611.509756163195,-0.232344845187174,0.137540055076986,-1.6892885862022,0.0911641396113657,0.246119165324802
"YER022W",593.943566120992,0.237342351306336,0.140577599445059,1.68833692027225,0.0913465717970695,0.246403732181739
"YIR025W",386.249635738199,0.29673886120766,0.175759767929282,1.68832073860643,0.0913496763210348,0.246403732181739
"YLR042C",98.9981691088478,0.481638202590549,0.285410541599272,1.68752772722315,0.0915019230107625,0.246706193124151
"YKL179C",1005.04575519162,0.323433535256168,0.19172336027106,1.6869803178856,0.091607136598879,0.246881634567531
"YML077W",291.813408296073,-0.29765525380888,0.176542310594348,-1.68602785817628,0.0917904337300606,0.247267265632883
"YJR141W",262.302519544036,-0.301279338011138,0.178888663977629,-1.68417232994045,0.092148369102255,0.24812279771404
"YMR162C",928.170353470304,0.216165953684744,0.128385673487723,1.68372332996652,0.0922351504182917,0.248247779025162
"YBR203W",906.249273737032,0.231597984598199,0.137584546957112,1.6833139311088,0.0923143349563786,0.248352213465323
"YDR266C",532.794977063357,-0.248014264966464,0.147390647512718,-1.68270015195546,0.0924331523139221,0.248510377478983
"YMR076C",339.501758819046,0.366597916312102,0.217876785968026,1.68259282274295,0.0924539420604738,0.248510377478983
"YOR001W",449.250820619725,-0.309136330075563,0.18390693405437,-1.68093895787622,0.0927747718629554,0.249263803825765
"YDR382W",14937.5907308436,-0.308582696946284,0.183779521807559,-1.67909184827138,0.0931341446844762,0.249928376583834
"YKL002W",1306.70050697168,0.215459423928534,0.128322902369298,1.67904107490078,0.0931440388829507,0.249928376583834
"YOR288C",274.618636917223,0.464342003081708,0.276498015739072,1.67936830157907,0.0930802870714406,0.249928376583834
"YOR272W",543.886804776808,-0.480893686879889,0.286544988843568,-1.67824846220717,0.0932986045848921,0.250233937286126
"YGR210C",1426.97865484636,-0.338316218953512,0.20162847965273,-1.67791881154985,0.0933629496207968,0.250297358399259
"YNR075C-A",29.7882613574,-0.634453609869971,0.37825547106816,-1.67731509098422,0.0934808831092667,0.25050432728627
"YCR002C",1141.65644553206,0.290442722518869,0.173188879765602,1.67702870364403,0.093536869077823,0.250545185029883
"YNL132W",577.156884654287,-0.376688130006509,0.224676029838997,-1.6765835246263,0.0936239506924799,0.250669262846648
"YPL014W",511.177379506154,0.33005257824003,0.196907565137995,1.67618028290952,0.0937028850580526,0.250771428680167
"YGL130W",649.954073375016,0.223905801111314,0.133598646927006,1.67595859884455,0.0937463023373878,0.25077849472594
"YJR068W",817.746232616139,0.208120431715525,0.124215890065911,1.6754734970308,0.0938413668102003,0.250923654731622
"YKL008C",1152.57554160832,-0.211192214586944,0.126072269325762,-1.67516786773495,0.0939013000861585,0.250974791625326
"YOR225W",29.562086007135,0.947366443042471,0.566022909853012,1.67372455522779,0.0941847455817717,0.251513758283932
"YPL228W",591.831496973283,0.297169392541747,0.177542307947132,1.67379480405446,0.0941709338753915,0.251513758283932
"YJL109C",709.235738945477,-0.334506741562957,0.199884411903809,-1.67350089172502,0.09422873114975,0.251522003720036
"YMR137C",201.101906667919,0.3297672203788,0.197084044021652,1.67323144811546,0.0942817416817597,0.251554321623784
"YOR264W",540.762244424777,-0.29945926727521,0.179005667136662,-1.6729038363159,0.0943462284692178,0.251617218163786
"YHR067W",130.708578447355,-0.362786758724806,0.217163706261384,-1.67056809340022,0.0948070190978022,0.252664844653114
"YHR132C",2188.92538378281,0.25834188065292,0.154649778339608,1.6704962879779,0.0948212132454287,0.252664844653114
"TLC1",1519.24409765174,0.339010821100391,0.203151806299764,1.66875612516168,0.0951657211373224,0.253473012124094
"YDR396W",41.7289862230836,-0.649276926512199,0.389253319882552,-1.66800613725813,0.0953145084668084,0.253649600636466
"YPL084W",960.660136272995,0.350494695056747,0.210125773153974,1.66802334523674,0.095311092552441,0.253649600636466
"YEL057C",46.77288480423,0.609268206860198,0.365367485784736,1.66754905831758,0.09540527800233,0.25378134070689
"YMR239C",141.374745679155,-0.370169313937681,0.222027871238761,-1.66722002905488,0.0954706614895963,0.253845468292701
"YNR015W",664.07586513601,0.353787784339574,0.212332175218132,1.66619959493243,0.0956736666403263,0.254275302436477
"YMR271C",204.674276450292,0.346215038002895,0.207857589811154,1.66563577648256,0.0957859808183824,0.25446383673134
"YDR329C",992.905926268796,0.237000598008108,0.142374565415333,1.66462736737235,0.0959871218629297,0.254839053676965
"YNL156C",1165.12591268135,0.251090570326752,0.150868140037102,1.66430480461285,0.0960515327517408,0.254839053676965
"YNL190W",2494.07834077817,-0.288463614311823,0.173316112247736,-1.66437851951985,0.0960368099547478,0.254839053676965
"YHL007C",1070.27846231755,0.221121742250279,0.132930456122771,1.66343928020572,0.0962245357957986,0.255077972044897
"YIL021W",498.173140133431,-0.247514996219172,0.148785259875248,-1.66357202606431,0.0961979860656898,0.255077972044897
"YML007W",1771.961950345,0.193584240763764,0.116402304308944,1.66306192916913,0.0963000396162205,0.255083452594948
"YML083C",115.037900907157,0.47075014242303,0.283070398147635,1.66301437912102,0.0963095572236536,0.255083452594948
"YDL019C",1869.58941099033,-0.245822742823907,0.148014933240511,-1.66079690367773,0.0967542432471482,0.256040703945767
"YMR208W",1054.53924573057,0.251940352827037,0.151694963442713,1.66083531785932,0.096746525825891,0.256040703945767
"YJL168C",590.794129918638,0.325327097388346,0.196005755980056,1.65978338626672,0.0969580371462509,0.256469646644922
"YLR146W-A",181.513379814589,0.290807595535606,0.175302895141201,1.65888643939034,0.0971386777000786,0.256726629933598
"YNL111C",253.788645789932,-0.324081450298275,0.195349688081462,-1.65898115057717,0.0971195906499323,0.256726629933598
"YBR254C",223.897663327266,-0.320427459807006,0.193210808669806,-1.65843444273664,0.0972298094453132,0.256797949153889
"YLR185W",6190.87060310278,-0.357984823322296,0.215869580608562,-1.65833843894584,0.0972491745657573,0.256797949153889
"YCR069W",1902.45431847276,0.187508803574793,0.113120998436986,1.65759501918863,0.0973992356867845,0.25708381951662
"YDR256C",297.96854777422,-0.300726885279122,0.181471138298785,-1.65716095737487,0.0974869376877401,0.257204919253368
"YER190W",676.366032671823,0.358030496909379,0.216153813808526,1.65636909477124,0.0976470957815372,0.257516997880126
"YER122C",1855.65486277689,-0.225324289870892,0.136396051079427,-1.65198543570503,0.0985375198966291,0.259753856564196
"YCL001W-A",11.3354919452496,1.14364140050463,0.692416715733359,1.65166636581465,0.0986025827919493,0.259814003500638
"YOR257W",417.88730013048,0.406593633967563,0.246224875324388,1.65131014253494,0.0986752623130302,0.259894159839459
"YBR084C-A",10283.3068146281,-0.276627314957461,0.167557193256298,-1.65094263983241,0.0987502879701304,0.259946535109397
"YBR200W",574.099429961942,0.275553038580992,0.166952782124299,1.65048485610643,0.098843808181949,0.259946535109397
"YML061C",456.719175221878,0.255545715168883,0.154849786509963,1.65028135284152,0.0988854043688938,0.259946535109397
"YPR113W",2897.48228492868,-0.310670512349529,0.188195961230175,-1.65078203761004,0.0987830892015458,0.259946535109397
"YPR192W",148.401723034748,0.364985919738675,0.221179695280545,1.65017823754448,0.0989064865294293,0.259946535109397
"YPL235W",1343.84944596825,-0.210030585749771,0.127316474378604,-1.64967327892852,0.0990097782929241,0.260106850278293
"YMR084W",77.1149583812001,-0.520649661312417,0.315744788872741,-1.64895725807929,0.0991563914512716,0.260380788823792
"YBR196C-B",19.0177813385709,-0.745824465427437,0.452677104835865,-1.64758601099975,0.0994376529882524,0.261007923976847
"YHR199C",1475.27703314284,0.289230522091351,0.175614863916732,1.64695923591348,0.0995664249226905,0.261234433990848
"YNR031C",1250.06694695641,0.233420148938066,0.141795895088567,1.64617000225761,0.0997287634107949,0.261548782505923
"YGR085C",5793.07767214014,-0.291211758751048,0.177020376972599,-1.64507478591645,0.0999543895538693,0.262028770569606
"YBR255C-A",325.216429402602,0.301160654240559,0.183243828444238,1.64349684678305,0.100280177217258,0.262770809495583
"YKR078W",325.74731087494,0.315456864593111,0.192225429332586,1.64107769553897,0.100781288076591,0.263971431716795
"YHR104W",1121.49595719948,-0.197322891385779,0.120304999598966,-1.64018862095134,0.100965954532299,0.264067511902251
"YML006C",566.481794376713,-0.259864517221742,0.158428757965023,-1.64026102684661,0.100950905290158,0.264067511902251
"YOL054W",454.314389745594,0.408677743212192,0.249133637807608,1.64039568003977,0.100922922977256,0.264067511902251
"YOL146W",182.225007067344,0.315848341645411,0.192581728660942,1.64007428867508,0.100989721625056,0.264067511902251
"YDR490C",759.827763363126,0.262930372056352,0.160537263177466,1.63781521406463,0.101460246864229,0.265185090614113
"YDR405W",1154.81656273553,-0.366852812288914,0.224155368542869,-1.63660060730936,0.101713948654801,0.265532398383415
"YGL075C",151.427140667436,0.336202393281769,0.205419045445528,1.6366661258336,0.101700250554284,0.265532398383415
"YOL071W",347.918962549188,-0.299877390089858,0.183236532415039,-1.63655896636715,0.101722655380703,0.265532398383415
"YDR237W",435.704470473485,-0.265092793795008,0.16204602524583,-1.63591049760617,0.101858320631328,0.265773725873002
"YBR271W",180.44256245319,-0.334531450330288,0.20452117108297,-1.63568127719441,0.101906309956592,0.265786177367702
"YNR057C",141.69599859084,0.473039902189222,0.289318861587214,1.63501231684,0.102046465650317,0.266038899427489
"YGL165C",31.2375553464999,0.642793974615166,0.393254662881874,1.63454889486777,0.102143648366033,0.266179422648772
"YJR144W",993.764891513672,0.297187798185493,0.18199013139301,1.63298853575589,0.102471407825086,0.266807433583521
"YMR296C",3140.06770027602,-0.302082025086052,0.184966785187897,-1.63316902966759,0.102433451637308,0.266807433583521
"YLL025W",72.9287141031208,0.541291713600729,0.331582066421771,1.63245171683142,0.102584361977013,0.266988500278727
"YDR529C",923.919274854512,-0.236733639981754,0.14507891787863,-1.63175769052676,0.102730541527154,0.267255850419625
"YLL035W",144.80580696817,-0.353176647620116,0.216563389606984,-1.63082341969738,0.102927584262044,0.267542114628728
"YOL157C",188.713472757813,0.357679125183316,0.219309654694478,1.63093196093716,0.102904676912068,0.267542114628728
"YDR380W",448.085250537025,-0.300552421173226,0.184373756941335,-1.63012581703185,0.103074908319649,0.267811865722789
"YDL007W",3669.5321835254,0.267487195483191,0.164153189266209,1.62949740226737,0.103207764359465,0.268041484207451
"YDL164C",499.39322541604,0.254338484039433,0.156103336791988,1.62929562728276,0.103250451396334,0.268041484207451
"YBL015W",1320.90840660714,0.361764832541978,0.222562073580281,1.62545588618217,0.104065456157178,0.269961092008216
"YDR317W",107.786645645209,0.443285045916278,0.27272392307645,1.62539846492314,0.104077682788859,0.269961092008216
"YOR199W",19.7963932476345,-0.908976744112284,0.559404350115057,-1.62490110047469,0.10418363369214,0.270105273522998
"YPL003W",754.865037980494,0.221053155607823,0.136055712393012,1.62472528142947,0.104221107978874,0.270105273522998
"YLR083C",1309.298456482,-0.235157635559561,0.144766218170395,-1.62439579158428,0.104291364681941,0.27017350159812
"YBL097W",157.695445664349,-0.466599601765733,0.287392494898987,-1.62356223647989,0.104469270551516,0.270387072684365
"YDL098C",139.868172581324,0.379686384711768,0.233929120026844,1.62308302903118,0.104571656969684,0.270387072684365
"YER060W",615.838872400288,-0.21335756283348,0.131396257284164,-1.62377199505814,0.1044244790492,0.270387072684365
"YGL049C",1722.831822994,0.203046896649245,0.125107437695932,1.62298021915165,0.104593633482294,0.270387072684365
"YGR140W",226.834529020187,0.27870812003767,0.171723471812532,1.62300538823215,0.10458825303181,0.270387072684365
"YOR352W",378.550774275635,0.246277442469216,0.151775330665006,1.62264474331993,0.10466536989004,0.270458833959556
"YJL039C",767.609720019581,-0.317448523114587,0.195709107799999,-1.62204266670613,0.104794212789179,0.270564403296998
"YMR285C",491.600015619853,0.303335287954265,0.186997924040992,1.62213184723789,0.104775120436429,0.270564403296998
"YGL101W",303.180527816084,-0.25880310145608,0.159580328576027,-1.62177320829855,0.104851916992576,0.270599785776057
"YMR210W",698.65366809551,-0.215683963827517,0.133077924655022,-1.62073435084471,0.105074623233518,0.271060793995862
"YDR449C",139.259085096725,-0.334719034855007,0.206629815019949,-1.61989708417777,0.105254386320561,0.271296930373617
"YNL192W",3922.11064245846,0.383550626854336,0.236753387750285,1.62004282388088,0.105223078137659,0.271296930373617
"YER080W",1130.97409937214,0.410515103075986,0.253815332233991,1.61737708854221,0.10579690825455,0.272466911962096
"YHR144C",197.53829966738,-0.371039532096608,0.229385816247835,-1.61753476376991,0.105762897927709,0.272466911962096
"YAL009W",378.672723552467,0.258206674191491,0.159687903156784,1.61694573657204,0.10588999460257,0.272592493430642
"YCR095C",236.301444710297,0.502893780890195,0.31119816382181,1.61599212127148,0.106096016642006,0.273008578388425
"YFL021W",425.891528948763,-0.337976791481393,0.209221166699294,-1.61540439150286,0.106223149861334,0.273221401776329
"YDR514C",326.770636379835,0.277815364232046,0.172001410167476,1.61519236360644,0.106269043755294,0.273225175206964
"YFR050C",2338.60026724023,-0.178968353553304,0.110853554582465,-1.61445750862384,0.106428226371624,0.273520097026948
"YGR196C",729.512195527024,0.207269292864761,0.128442684866799,1.61371037268263,0.106590262990544,0.273707773441271
"YOR020W-A",513.31420934073,0.239036932778628,0.148118263555555,1.61382483861601,0.106565425283113,0.273707773441271
"YBL075C",409.274530262492,0.271858715299063,0.168520536033381,1.61320822789937,0.106699276487335,0.273829185771604
"YGL158W",413.291236716603,0.405462769219976,0.251359456786994,1.61307942976489,0.106727252248762,0.273829185771604
"YHR079C",532.985178420523,0.319217673779934,0.197938055736206,1.61271501123239,0.106806437729335,0.273829185771604
"YIL155C",2273.89809601679,-0.33425287962008,0.20729274022518,-1.61246785226045,0.106860170057211,0.273829185771604
"YJR120W",53.8219268951092,-0.695970191208334,0.431581169115671,-1.61260555606355,0.106830230626588,0.273829185771604
"YMR187C",123.087529078487,-0.342397838088004,0.212397434984653,-1.61206202001801,0.106948444393617,0.273941246572573
"YBR214W",3169.64447933525,-0.358065949000926,0.222260517507715,-1.61101914553266,0.107175549583679,0.274361003526708
"YGR284C",1251.61954028201,0.291658113710965,0.181075910039975,1.61069528048528,0.107246154874505,0.274361003526708
"YLR134W",807.49646033971,-0.384101154784512,0.238458897162458,-1.6107646196268,0.107231035262323,0.274361003526708
"YLR320W",323.005239767641,0.32785336101914,0.203631168322047,1.61003525992953,0.107390158936021,0.274615167341592
"YDR348C",1855.49180534504,0.2759954960581,0.171541456806509,1.60891426012204,0.107635090901581,0.275127102678606
"YDR394W",3305.58638258345,-0.265495018976568,0.165108361714207,-1.60800468383379,0.107834152962365,0.275521412845261
"YBR198C",1538.94766386458,0.210935890072629,0.131211427991318,1.60760303657839,0.107922146753864,0.275631728628016
"YPL176C",941.403667590761,0.217872622203077,0.135577862290487,1.60699260574169,0.108055990162791,0.275859003528919
"YHR014W",26.0597785304065,0.633703834991827,0.394613793688712,1.60588363895794,0.108299478986574,0.276251263279731
"YPL172C",431.118517737971,-0.281193344625612,0.175099090438449,-1.60590979611318,0.108293730829528,0.276251263279731
"YOL086W-A",404.643874508364,0.429473981327844,0.267544661982579,1.60524219823832,0.108440514158053,0.276496335850757
"YIL034C",1429.62654253683,-0.223847014319319,0.139689083657453,-1.60246605145065,0.109052588851399,0.277941741167056
"YKL087C",571.637713228304,-0.288441611566814,0.180076987550716,-1.60176830748892,0.109206853738236,0.278133984020112
"YPR188C",370.229009539068,0.261770992252393,0.163431608915597,1.60171581243861,0.109218466895702,0.278133984020112
"YNL106C",505.995753381105,0.221299609105756,0.138195528210796,1.60135144726389,0.109299100078676,0.27822411650822
"YDR462W",467.340260531902,-0.324526730923898,0.202765668821115,-1.60050137092095,0.109487403041745,0.278588137652764
"YDR332W",294.31577786311,0.291403398148916,0.182360904546509,1.59794885243398,0.110054360563835,0.279914936917943
"YCR027C",241.778600110982,0.283485047705762,0.177445164732703,1.597592406267,0.110133717542244,0.280000976802315
"YER115C",372.668308655753,0.248146007485004,0.155344906955625,1.5973874673335,0.110179364348833,0.280001277167489
"YOL064C",1366.53057476767,-0.18901456420094,0.118479559882504,-1.59533479351532,0.110637389003421,0.281049129438678
"YDR021W",73.0507830208235,-0.441893433166091,0.277048468648857,-1.59500406308387,0.110711327198234,0.281090490509508
"YJR061W",277.417445307168,0.358450232254136,0.224754383577096,1.59485313055609,0.110745082683665,0.281090490509508
"YLL045C",11081.382974269,-0.383903492006286,0.240914717282872,-1.59352444855215,0.111042588140691,0.281729338723288
"YKL129C",1435.03316596759,0.265202378462469,0.166463059122527,1.59316054781418,0.111124179195226,0.281820083319852
"YER158W-A",40.9394180710259,-0.62571612563111,0.39363745010075,-1.58957468470279,0.111930707105576,0.283748494929634
"YDR183W",186.14116140402,0.290036229997471,0.182499040327948,1.58924797344841,0.112004419520291,0.28374923059473
"YPL047W",188.807956511518,-0.336123053492527,0.211509297595321,-1.58916443538869,0.112023273477074,0.28374923059473
"YBR029C",750.543361557459,-0.246662031576369,0.155593876655903,-1.58529395164994,0.112899562625526,0.285851095161376
"YBR302C",780.080309609698,0.399625598807733,0.252143828582699,1.58491128279454,0.112986492652805,0.285953469059568
"YJL096W",355.331307719758,-0.362139533213836,0.228669815405249,-1.58367877532088,0.11326683719179,0.286545063237148
"YDR232W",1830.28980856969,-0.419404922290722,0.264951200907193,-1.58295158072384,0.11343250080685,0.286846167747585
"YKR098C",738.613414913789,0.30011294672835,0.189623369560445,1.58267911504802,0.113494620874365,0.286885293208938
"YGR092W",622.576628923882,-0.251474310285553,0.158944838290992,-1.58214832887596,0.113615712963369,0.287073391423468
"YGR042W",484.127453048027,0.27315622387784,0.172713241704733,1.58155924341239,0.113750224402034,0.287295227955857
"YMR262W",814.522040429343,-0.293954742036793,0.186118508464268,-1.579395539231,0.114245359909727,0.288427324895247
"YDR013W",254.619610209513,0.26418818382772,0.167318862908634,1.57895038990304,0.114347436644079,0.288448209746138
"YJR006W",666.757555968961,0.214244302723215,0.135681551623719,1.57902308869058,0.114330761257193,0.288448209746138
"YGR059W",27.6643316833406,0.614026750768208,0.388975181132427,1.57857565354321,0.114433422692461,0.288505458704722
"YML027W",181.756433009513,0.314931010108703,0.199520084417958,1.57844264665095,0.11446395434789,0.288505458704722
"YGL204C",51.6078389270921,-0.444843535101978,0.282104096609147,-1.57687726073083,0.114823769704492,0.289056972444793
"YNL066W",2787.1793590759,-0.367427132799315,0.232985158619449,-1.57704093675537,0.11478610597069,0.289056972444793
"YNL102W",431.12521341606,0.275010401809992,0.174400458027988,1.57689036439261,0.11482075404337,0.289056972444793
"YOR370C",1838.16538584049,-0.20621325476563,0.13084021787697,-1.57606933182833,0.115009825894239,0.289406885944996
"YDR208W",774.406257503073,0.233978308706279,0.148517306444335,1.57542790337351,0.115157707866331,0.289660492179116
"YFL056C",132.779072193656,0.379130193967611,0.240799754374721,1.57446254441617,0.11538055420828,0.290102374644694
"YAL026C-A",24.8168515373299,1.0729032603137,0.682201061733052,1.57270828278706,0.115786381075366,0.291003777529016
"YGR161C",3360.83577084839,0.484735748085361,0.30827768639141,1.57239972104211,0.115857878939553,0.291064524296672
"YGR090W",819.916676179963,-0.291492146973143,0.185589356507769,-1.57062965494436,0.116268697558296,0.291782848936848
"YLR045C",785.225007335287,0.236850808692904,0.150799963019977,1.57062909001859,0.116268828855656,0.291782848936848
"YLR376C",196.051558816677,0.267160007581312,0.17012441184913,1.57038019810017,0.116326686464511,0.291782848936848
"YNL121C",1503.65148949086,-0.317822801928308,0.202389718640696,-1.57035052997204,0.116333584649293,0.291782848936848
"YDL129W",86.7533025375394,-0.458613532210562,0.292244908784207,-1.56927808979968,0.116583155313823,0.292170499258359
"YOR060C",222.490506457383,-0.304634296845281,0.194110383996065,-1.56938691570183,0.116557810965148,0.292170499258359
"YMR194W",2835.59737716443,-0.255692300321775,0.162983010784095,-1.56882793544962,0.116688037271544,0.292314227788186
"YDR172W",3031.39153101566,-0.275154180939225,0.175702109326846,-1.56602662309179,0.117342384585363,0.293833739902272
"YNL155W",980.512487792441,0.26613384239666,0.169967898564963,1.56578886156518,0.117398054691255,0.293853494648441
"YMR108W",3740.69960517502,-0.213772248237328,0.136574078963138,-1.56524759207805,0.11752486626183,0.294051231696605
"YNL284C",457.089271952426,0.277130856313773,0.177154593680256,1.56434473730872,0.117736631202098,0.294461277711631
"YJR082C",294.96975702373,-0.313656395586607,0.200546863337879,-1.56400549161501,0.117816278759164,0.294540696897911
"YMR043W",1576.09275983657,-0.474657795286369,0.303691109872534,-1.56296243075931,0.118061431749124,0.295033646995984
"YBR197C",316.848084720952,-0.314157642122426,0.201233579506425,-1.56115914099911,0.118486206832567,0.295375019059703
"YDL192W",5811.47120169804,-0.210270648161344,0.134675501254159,-1.56131327675196,0.118449852509532,0.295375019059703
"YGR137W",268.320712855193,0.556201621247586,0.356257829723135,1.56123339571185,0.118468692089267,0.295375019059703
"YGR242W",17.3453493938079,-0.758484155286249,0.485678867398195,-1.56169890477114,0.118358936942184,0.295375019059703
"YKL154W",587.717262966798,0.210626178812298,0.134874983290201,1.56164007345312,0.118372803460546,0.295375019059703
"YPR171W",528.123294371129,0.221301980820807,0.141693691509395,1.56183368831303,0.118327173317279,0.295375019059703
"YKL156W",1137.81711288319,-0.252185355651373,0.16157116896747,-1.56083141109258,0.118563533999457,0.295448028402212
"YKL063C",665.214632665038,0.348738213030279,0.223580217086829,1.55979011727519,0.118809487659866,0.29594100814426
"YNL087W",1747.76318866645,0.215773739368145,0.13845143539188,1.55847961241722,0.119119597238995,0.296593329157822
"YER078C",639.54629440492,0.208654162797254,0.133963064537322,1.55754993749881,0.119339974004976,0.296661616867664
"YHR020W",3124.6757205706,-0.277901728790266,0.178353718454604,-1.55814934052524,0.119197850686057,0.296661616867664
"YNL153C",1091.65130441255,-0.327017590578781,0.209952693540603,-1.55757749550157,0.119333436868273,0.296661616867664
"YOR376W-A",40.1774615169284,-0.512186070099066,0.328824736671489,-1.5576263370075,0.119321851681665,0.296661616867664
"YJL132W",309.028237996186,0.267092307865125,0.171578544237008,1.5566766174224,0.119547282902907,0.297056884789043
"YGR142W",250.67708239889,0.475571183197627,0.305620990018671,1.55608154783012,0.119688702184251,0.297225349499537
"YOL015W",138.027813130207,0.344845141366346,0.221625025324863,1.55598466761984,0.119711738326887,0.297225349499537
"YDR047W",1444.56677524096,0.187762458959409,0.120694201091472,1.55568749170565,0.119782422378301,0.297243286214416
"YOR014W",1942.91002312291,-0.215927884653748,0.138811462832088,-1.55554793709611,0.119815627077323,0.297243286214416
"YMR216C",842.578953017621,-0.212905862121289,0.13691267877767,-1.55504854643172,0.119934507844665,0.29741823517931
"YLR027C",4723.35134216333,0.222331246981234,0.143060439091041,1.55410711999665,0.120158867145658,0.297854507434824
"YLR142W",222.539401477781,-0.386814805435078,0.248940249931736,-1.5538459752537,0.120221160946779,0.297888855690045
"YDR152W",1219.41446697431,-0.353815550233394,0.227758828254284,-1.55346579952709,0.120311893747544,0.297914012062958
"YJR042W",796.258360029712,-0.226692931258951,0.145933625482529,-1.55339751554442,0.12032819609177,0.297914012062958
"YOL003C",367.538445289594,0.240837265868833,0.15510966753755,1.55269023325403,0.120497156751352,0.298212279284031
"YFR037C",1357.88835760819,-0.247797063156778,0.159711323799129,-1.55153095761973,0.120774494399949,0.298664714609989
"YHR193C",9425.39009382726,-0.239832451633988,0.15457901786817,-1.55152008947634,0.120777096786186,0.298664714609989
"YGR200C",677.18064669374,-0.272829850082397,0.175883887235649,-1.55119297378764,0.120855445457156,0.298738339855911
"YLR239C",438.406235462109,-0.229927743252695,0.148267941513433,-1.55075831569337,0.120959613528464,0.298875702370451
"YHR192W",657.067580496112,0.219248253732374,0.141445289966578,1.55005694275277,0.121127849321539,0.299171194107416
"YBR142W",331.642615806396,-0.441347062051806,0.284994908536742,-1.54861384828883,0.121474574927142,0.2999071199526
"YNL070W",363.804558519717,-0.376501884919507,0.243243472273325,-1.54783962505043,0.121660913615288,0.300246636731148
"YAL040C",755.335079704885,0.329342858662583,0.212811971397063,1.54757674815247,0.121724233169196,0.300282404328341
"YIR005W",69.4464019279459,0.572923726195543,0.370379294314666,1.54685678975564,0.121897782561467,0.300589961007627
"YMR107W",55.3013409369306,0.613634494230427,0.397200018711995,1.54490046657164,0.12237034059723,0.30163430648215
"YMR289W",547.54063001952,-0.277251646093144,0.17952039171919,-1.54440196703017,0.122490983822734,0.301810717351689
"YJL092W",672.681163883482,0.233630851064541,0.151346232799636,1.54368461469299,0.122664755277871,0.302117839390833
"YFR038W",479.760452122835,0.250782231780695,0.162540972035886,1.5428862559363,0.122858376111899,0.302473584102553
"YJL151C",1873.55747723155,-0.32253525830454,0.209225509025849,-1.54156756413814,0.123178712702419,0.303140889603791
"YDR501W",88.7295652771248,-0.400724801392639,0.260119714544939,-1.54053990907102,0.123428802551643,0.30354670168835
"YHR214W-A",235.253081647807,0.500868877675765,0.325137262983347,1.54048438828563,0.123442325353262,0.30354670168835
"YOR023C",949.592650757697,0.254653404948968,0.165353452928654,1.54005495765996,0.123546957782032,0.303682570087729
"YDL148C",599.214508306847,-0.327525801579159,0.212922574761522,-1.53823896759653,0.123990196386973,0.304650302748654
"YGL086W",590.938987214448,0.317730712204942,0.206636074251538,1.53763428460303,0.124138059728365,0.304891800051696
"YBL030C",4566.39785110809,0.230538222527635,0.150073976455808,1.53616388378648,0.124498191385727,0.305414203544384
"YGL021W",414.421466923194,0.303635493035096,0.197647358596343,1.53624867638739,0.124477401802271,0.305414203544384
"YHR056C",308.705862804228,0.385811209028997,0.251153409175314,1.53615756320348,0.124499741184678,0.305414203544384
"YCL045C",2160.62466583786,0.197214156782629,0.128430794583462,1.53556752040856,0.124644485213137,0.30552554167429
"YFR029W",476.114825605166,0.287652950020776,0.187303049112088,1.53576223870565,0.124596704158132,0.30552554167429
"YDR035W",3293.38540312861,-0.237685814937878,0.154917854172856,-1.53426999235782,0.124963244803044,0.306184842844111
"YER125W",2021.12396572913,-0.212735735542046,0.138685779484245,-1.53394051166012,0.125044288377236,0.306261399251294
"YDR536W",142.691634799434,0.351840181410501,0.229541483017536,1.53279562711382,0.125326218424557,0.306690268652482
"YGR293C",17.9902887867988,0.740549640168589,0.483134004775324,1.53280380360098,0.125324203193658,0.306690268652482
"YOL013W-A",9.66628868553643,-1.08590675483773,0.708528715644606,-1.53262208130801,0.125368997624771,0.306690268652482
"YDL188C",1238.79071868766,-0.255714704119824,0.166879186833613,-1.53233431305477,0.125439957843436,0.306741845223512
"YDL211C",185.314339263756,0.31033150222825,0.202698029640824,1.531004039744,0.125768394243007,0.30742274427444
"YLR247C",769.420973495126,0.336140929948035,0.219706640391669,1.52995343858883,0.126028254478742,0.30781325061329
"snR3",20.0912140883457,-0.716248726501456,0.468090933951611,-1.53014868383565,0.125979930061357,0.30781325061329
"YBR300C",12.2259660623956,0.92975824743703,0.607842662107538,1.5296034737235,0.126114909100798,0.307894273633773
"YJL162C",172.041981910488,0.300561839921136,0.196520766468976,1.52941516218127,0.126161556025546,0.307894273633773
"YGL047W",536.47849044956,0.273307255879205,0.178729061380236,1.5291707670179,0.126222115540646,0.307919877260997
"YGL167C",2113.09362480974,0.245125900119036,0.160376015220141,1.52844488486986,0.126402117846931,0.308236726708417
"YKL116C",424.776898908201,0.210637163874858,0.137835760375573,1.52817500553496,0.12646909274935,0.308277812290329
"YDR488C",304.995847206383,-0.410702214739885,0.269147979470755,-1.5259346012832,0.127026152406008,0.309205067731666
"YDR510C-A",107.930235353297,0.586646857542847,0.384388632003555,1.52618160033781,0.126964644452219,0.309205067731666
"YGR154C",167.328960105011,-0.445023722279043,0.291616999667738,-1.52605548642944,0.126996046568158,0.309205067731666
"YIL045W",422.274724459649,-0.251848443964161,0.165055989666542,-1.52583644176114,0.127050602627304,0.309205067731666
"YHL046C",31.7728454584992,-0.577213199731699,0.378564823844972,-1.52474071380725,0.127323782461162,0.309631250289419
"YPL179W",1238.33036533776,-0.211812109179754,0.138917765521365,-1.52473017676906,0.127326411704381,0.309631250289419
"YKR017C",404.259999637864,0.246461249915957,0.161739773393764,1.52381349834053,0.127555306641715,0.310065271085591
"YNL095C",286.374751182127,-0.248796144585071,0.16356661718031,-1.52106920638217,0.12824247107078,0.31161248403212
"YPL141C",391.004313087426,-0.262474943190438,0.172634832981112,-1.52040546312665,0.128409102283281,0.311894146541144
"YGL125W",919.153060598447,-0.279835967471542,0.18408071460687,-1.52018079715288,0.128465542264118,0.311908047739568
"YMR068W",456.203637024039,0.403730616003839,0.265793081337282,1.51896585860156,0.128771089980623,0.312526520671204
"YGL108C",98.5150070540088,-0.391744693443191,0.25811111002513,-1.51773665769385,0.12908079894338,0.312738608879789
"YGL227W",1248.14297433428,0.207452891078577,0.136671501314488,1.51789428727513,0.129041050344081,0.312738608879789
"YJR005W",728.949476007459,-0.340784466275356,0.224553382623396,-1.51761003238546,0.129112736251347,0.312738608879789
"YNL261W",323.57465653225,-0.274876261125909,0.181037566618796,-1.51833824470644,0.128929151102018,0.312738608879789
"YPL103C",362.395346946899,-0.292814244515572,0.19286931675975,-1.51820024789283,0.128963925050216,0.312738608879789
"YOL101C",387.342338615629,-0.28781977607343,0.189755635933632,-1.51679171296971,0.129319279986781,0.313115579495552
"YGL073W",1136.19767431956,0.193597868543324,0.12768025428123,1.51627101334638,0.129450838051517,0.313310765059751
"YNL292W",433.587419963502,-0.249065477844108,0.164341368970554,-1.51553731969175,0.129636386779603,0.313636419628073
"YDR465C",956.396963331325,-0.217502014458163,0.14354297115264,-1.51523974118438,0.129711702247717,0.313695229580597
"YDR012W",15124.9838396329,-0.360316448053121,0.237954953202051,-1.51422125576504,0.129969732383006,0.314195697388163
"YGL059W",412.972373849812,-0.370943792706505,0.245086745043474,-1.51352041760034,0.130147518851615,0.314378335010774
"YGR060W",3829.92858068441,-0.292774827642339,0.193431373926121,-1.51358500795306,0.130131125878057,0.314378335010774
"YFR007W",231.506673576952,-0.312914302115262,0.2072188307368,-1.51006692298496,0.131026348576871,0.316376931192681
"YIR037W",1649.24559665883,0.181356935065785,0.120148842879093,1.50943555276922,0.131187513252415,0.316641760793702
"YML009C",442.666385009773,-0.293145154999124,0.194282073931106,-1.50886362837096,0.131333636325533,0.316870091566116
"YNL033W",90.471918482867,0.345901380382145,0.229302442444373,1.50849409493778,0.131428116868553,0.316973693624158
"YFL064C",35.4771622385948,-0.544463593313828,0.361004973894474,-1.50818861978611,0.131506259070274,0.317037825669221
"YGR250C",1481.98337929746,-0.203551462321459,0.135048113743532,-1.50725142824298,0.131746222501439,0.317491876325961
"YNL183C",643.094721020494,-0.227084708210704,0.150713695215009,-1.5067290858123,0.13188011298979,0.317690048917826
"YBR273C",955.932766536749,-0.23357633139879,0.155185101766352,-1.50514662000522,0.132286385409101,0.318207523404711
"YGL071W",626.857879090935,0.254929406235313,0.169378597907061,1.50508629416802,0.132301892251357,0.318207523404711
"YGR020C",2293.42682284994,-0.191893633641131,0.127486557101574,-1.50520680771261,0.132270915476421,0.318207523404711
"YML025C",514.743867011907,-0.226108817787703,0.150203372599625,-1.50535113742358,0.13223382439315,0.318207523404711
"YPL009C",1540.06906665358,0.314155787676931,0.208834283223101,1.50433052862931,0.132496282196829,0.318550482998631
"YJL154C",1503.55535710933,-0.179101770252028,0.119074129861395,-1.50411991639583,0.132550493019912,0.318556284514443
"YGL070C",389.117272037549,-0.250458900231051,0.166591780270904,-1.50342891962476,0.132728473712043,0.318859419269166
"YLR022C",285.799380921824,-0.269431153966213,0.179343497757401,-1.50231905441408,0.133014729981493,0.319422330880978
"YBR105C",870.790868104756,0.24202280900611,0.161184190077073,1.5015294545351,0.133218674253838,0.319555557959341
"YDR084C",695.482210127028,0.233710597221082,0.155672174935871,1.50129974940838,0.133278049783042,0.319555557959341
"YJR009C",115464.783352165,-0.374529721597995,0.249370543168455,-1.50190041229125,0.133122830147881,0.319555557959341
"YLR426W",443.509036138047,0.244135006098326,0.162605670846264,1.50139293929757,0.133253959044937,0.319555557959341
"YLR033W",639.518449540135,0.240020419137433,0.159908311434518,1.50098776595312,0.133358725894936,0.319624382016312
"YLL058W",639.786772860291,0.274509120243087,0.183028594313329,1.49981548660725,0.133662204614226,0.320226941323526
"YDR098C",1057.18570770775,0.225611163044528,0.150531763725791,1.49876117478768,0.133935600119819,0.320756986268258
"YBL024W",771.693689888277,-0.288886571866261,0.192931377846443,-1.49735400789078,0.134301168791435,0.321257171554774
"YGL225W",2119.93330877442,-0.205628983560138,0.137311809357138,-1.49753312932693,0.134254591923645,0.321257171554774
"YMR256C",365.972502893084,0.368410935238002,0.246020638590476,1.49747979416985,0.134268459334814,0.321257171554774
"YJL033W",536.225761032102,-0.374807547198941,0.250394650338702,-1.49686723215512,0.134427807987912,0.321435077420552
"YPL207W",1463.74214866248,-0.170438582220056,0.113897279470672,-1.49642364604454,0.134543291390215,0.321586180353603
"YHR122W",324.473632719341,-0.236952145647645,0.158462540129884,-1.49531962224906,0.134831046417299,0.322148770577462
"YGL093W",661.486146448812,0.228816046265247,0.153139726344433,1.49416517664794,0.135132451998687,0.322743526132787
"YBR299W",213.878883500556,0.319332985990828,0.214186364025631,1.49091183952595,0.135984642542665,0.32465277625675
"YHR074W",1429.46859786973,-0.183106230716166,0.122835936808819,-1.49065685069958,0.136051610174445,0.324686613338314
"YCL035C",1564.41305256783,-0.205632140860135,0.137989761861903,-1.49019853419218,0.136172041697076,0.324741476840576
"YDR117C",612.91067070764,0.201480912694197,0.135218059124927,1.49004440677595,0.13621256014151,0.324741476840576
"YLL050C",4719.1643295242,0.205743301589899,0.138085845115094,1.48996663212231,0.136233009796534,0.324741476840576
"YER005W",620.448404636948,-0.248664388768368,0.167035847644569,-1.48868875917877,0.136569346398311,0.325291045836411
"YML034W",730.50912675613,0.225161247224477,0.151236901452264,1.48879833600364,0.136540480645375,0.325291045836411
"YDL215C",1264.148921077,-0.243130159615572,0.163364977675123,-1.48826366015289,0.136681374538006,0.325431844138109
"YOL042W",316.332087750629,-0.260432351881114,0.175164260421271,-1.48678932137625,0.137070462759378,0.326231945034898
"YCR090C",550.273432367788,-0.218031671016429,0.146699163187737,-1.48625027081719,0.137212935042733,0.326444700391802
"YCR083W",393.412495301237,-0.278008617635268,0.187146235256208,-1.48551541661881,0.137407342620565,0.326780803215962
"YEL050C",587.836193466287,-0.242821838475831,0.16368919597607,-1.48343228780554,0.137959594273646,0.327837541361279
"YLR138W",2575.62742108551,0.265526055672922,0.17901186129811,1.4832874969706,0.13799804280683,0.327837541361279
"YNR012W",198.096428422283,-0.289062236383536,0.194886151059054,-1.48323641681417,0.138011608875504,0.327837541361279
"YAR050W",340.700162796126,-0.444293725448645,0.299900348542647,-1.48147118737165,0.138481057263183,0.328146405096944
"YBR030W",347.113722888756,-0.251425380457039,0.169671047164889,-1.48184021174043,0.138382816667291,0.328146405096944
"YJL143W",2015.38191120697,-0.278812195417471,0.188198965080951,-1.48147571001543,0.138479852932951,0.328146405096944
"YLR127C",375.818532385275,0.247496595558692,0.166973211422418,1.48225331147619,0.13827290616613,0.328146405096944
"YOR389W",201.082239357279,0.315007623636763,0.212649912065814,1.4813437756761,0.13851498891042,0.328146405096944
"YPL159C",459.351377544733,0.235768717177602,0.159158736224914,1.48134323487231,0.138515132948238,0.328146405096944
"YPR163C",4105.83147325001,-0.263408911931189,0.17768321861314,-1.48246364505977,0.13821697005962,0.328146405096944
"YBR258C",154.158257536848,0.290750366232936,0.196357883294996,1.48071654345617,0.138682123654676,0.328381362466281
"YJL208C",143.291798279786,-0.411531886811903,0.277958220301898,-1.48055303550629,0.138725718136167,0.328381362466281
"YLR029C",18892.3363455629,-0.306679169769655,0.207163846527528,-1.48037012688362,0.138774497731685,0.328381362466281
"YDR006C",985.778266424569,0.248285683503799,0.167816484326032,1.4795071205367,0.139004829689878,0.328673472738466
"YGR035W-A",78.4494319806582,0.45049024053917,0.304451095524449,1.4796801429246,0.138958627324875,0.328673472738466
"ICR1",156.565318707933,0.309126036973988,0.209252129287318,1.47728980358205,0.13959797003987,0.329198040378746
"YBR078W",11228.7303903931,-0.23714713724635,0.160574622598573,-1.47686560558952,0.139711666207394,0.329198040378746
"YBR281C",603.258638086752,0.261844658572717,0.177299918889848,1.47684590163515,0.139716949114497,0.329198040378746
"YDR479C",1185.52614785595,0.246133783344519,0.166542051790264,1.47790771579114,0.139432480827649,0.329198040378746
"YEL048C",45.7429842472594,-0.483959935405203,0.327359249219872,-1.47837562726126,0.139307265313086,0.329198040378746
"YER002W",977.460730843463,-0.17706651334085,0.119908680194814,-1.47667802742197,0.139761964785188,0.329198040378746
"YJL178C",1209.04551462575,0.199208229639032,0.134802875880313,1.47777433039264,0.139468191310195,0.329198040378746
"YKR051W",679.634020498276,0.227127842399577,0.153746041523239,1.477292294158,0.139597302710661,0.329198040378746
"YKR101W",175.258218336414,0.406513060051468,0.275287468321893,1.47668567163447,0.139759914737959,0.329198040378746
"YMR226C",2474.33802531935,0.180616113169764,0.122258778390097,1.47732633638349,0.139588181624247,0.329198040378746
"YAL064C-A",53.9361086365355,-0.656724985046315,0.444810656419302,-1.47641468469508,0.139832602938086,0.329238326213335
"YAL044W-A",58.6110624731006,0.404317955154411,0.27411433940265,1.47499746286714,0.140213225530407,0.329535697837774
"YDR482C",805.28526751225,-0.409863723608155,0.277912156679196,-1.47479595173404,0.140267409935152,0.329535697837774
"YEL077C",1152.23428546822,0.339265289195774,0.229941686169723,1.47544055559095,0.140094138788479,0.329535697837774
"YJL044C",881.469672397808,0.249035005169545,0.168866181771396,1.47474765259203,0.140280399502324,0.329535697837774
"YLR337C",1780.45010045249,-0.274476945847077,0.186086964023598,-1.47499287382791,0.140214459299712,0.329535697837774
"YPR031W",175.159592224721,0.310849890216507,0.210762728627242,1.47488074500251,0.140244607878655,0.329535697837774
"YJR110W",545.760002753926,0.318660681466152,0.216280730611441,1.47336603018344,0.140652364850855,0.330283330978526
"YDL074C",888.628332765272,0.26439775983327,0.179587281862435,1.4722521388558,0.140952802509082,0.330655595189528
"YGR053C",131.255097968973,0.313681930895722,0.213042050259847,1.47239444284884,0.140914392953292,0.330655595189528
"YMR028W",426.459318200021,0.244702136376151,0.166217502743275,1.47218031998771,0.14097219033934,0.330655595189528
"YOR085W",1246.46924740176,-0.212175968197042,0.144328831956833,-1.47008719824256,0.14153813906297,0.331856483125149
"YLR205C",287.051838705823,-0.394047308641598,0.268098175764306,-1.46978735501736,0.141619354927858,0.331920363112168
"YAL064W-B",31.6403649072188,-0.727203558635011,0.495078995676666,-1.46886368637207,0.141869765871773,0.332380594328154
"YGL220W",943.643908499085,-0.278053383033799,0.189333499622652,-1.46859052195184,0.141943887167557,0.332427610845574
"YER158C",388.931140789309,0.278873884490151,0.189976295260597,1.4679404296605,0.142120404885004,0.332714309114114
"YAL049C",854.668459403345,0.182737318702346,0.12468111671482,1.46563748799522,0.142747072666764,0.334054222564915
"YCR099C",77.4178664432552,0.417881460607237,0.285397532277548,1.46420838776157,0.143137019129981,0.334713238860507
"YPR063C",1654.67193723639,0.287543788724697,0.196381990050252,1.46420651227293,0.143137531415144,0.334713238860507
"YBR172C",753.751000905797,-0.224769808606794,0.153549700282795,-1.46382446981551,0.143241914717423,0.334830017298423
"YBR163W",453.738448590094,0.247030907576664,0.168830665158138,1.46318743307253,0.143416098535428,0.335109804708541
"YOL056W",451.673208347763,-0.21877117545022,0.149631192046119,-1.46206932163443,0.143722214545083,0.335697538720949
"YHR086W",787.919353899204,-0.241789565404216,0.165554408969199,-1.46048399985047,0.144157101755298,0.336585488153031
"YNL042W",549.57745061217,0.281008492604696,0.192557091586357,1.45935156316312,0.144468370196234,0.337056326520046
"YOR207C",1379.51234696712,-0.239630089693295,0.164183599593302,-1.45952513093196,0.144420628906995,0.337056326520046
"YIL105C",695.930262731007,-0.190872305589621,0.130818246382752,-1.45906485423418,0.144547258412726,0.337112491178712
"YAL007C",1150.04745481957,0.237074696788176,0.162694811459237,1.45717429254082,0.145068274920515,0.338199352070193
"YLR072W",1100.16889749443,0.242708989284995,0.166622088923917,1.45664353899572,0.145214802643521,0.338412670048371
"YDL135C",708.296848399323,0.289084255540724,0.198517413266083,1.45621611114411,0.145332887116869,0.338559566579069
"YKR029C",387.597105781893,0.344109426895749,0.236460564258776,1.45525080672296,0.145599840020783,0.339053016330109
"YOR208W",971.821466017255,0.303225436168088,0.208438982966579,1.45474436620479,0.145740045148859,0.339251051349539
"YOR194C",1112.11982731335,0.169420488006059,0.116788678763294,1.45065848676514,0.146874980503103,0.341763575518005
"YBR094W",426.232129481804,-0.252930967601327,0.174400009200891,-1.45029216890681,0.146977061923811,0.341871759013404
"YER112W",800.978571334996,-0.284184305481504,0.195979924358642,-1.45006845171268,0.147039431644449,0.341887525373671
"YGL114W",783.222196471345,0.198316641443095,0.136804627854702,1.44963401131228,0.14716060632268,0.34203995800623
"YDR498C",582.798362329488,0.218409891343634,0.150737398768391,1.44894295064241,0.147353515161331,0.342100459887575
"YLR240W",509.087754115476,0.21606164475458,0.149110222858393,1.44900624928828,0.147335837374174,0.342100459887575
"YLR395C",612.585636582214,-0.259094827780112,0.17877732843433,-1.44925998195171,0.147264992227422,0.342100459887575
"YIR007W",559.670798500732,0.218441485765071,0.150818395433886,1.44837428575368,0.14751240229182,0.34234010343196
"YNL133C",102.443800024629,0.380952293102255,0.263236233129597,1.44718790636509,0.147844302743023,0.342980936201279
"YBR171W",724.218935065953,0.348472127234231,0.240932632795451,1.44634673680788,0.148079973113081,0.343284420328706
"YNL219C",963.376681253353,0.263823718949812,0.1824100179289,1.44632253176273,0.148086758883261,0.343284420328706
"YLR168C",247.1355070922,-0.279402961353611,0.193290794310982,-1.44550578494744,0.148315869276107,0.343644952245498
"YPR200C",43.665801472474,0.479727078339443,0.331906116353888,1.44536980399585,0.148354040359642,0.343644952245498
"YPL280W",10.4888633749221,0.97951798340804,0.678024514580401,1.44466455466469,0.148552130612059,0.343974248216929
"YKL013C",1567.86763137802,-0.195344386561219,0.135425560375533,-1.442448427162,0.149175910636604,0.34520640264832
"YMR185W",180.146607787114,0.260092828111039,0.180322572851583,1.4423753166228,0.149196523290932,0.34520640264832
"YER032W",260.866566497867,0.277029899083004,0.192162727986675,1.44164220598603,0.149403335393734,0.345554912625597
"YLR117C",535.53105433464,0.265269148457454,0.184048403711788,1.44130100075659,0.149499664700763,0.345643082116768
"YML028W",26166.4155070267,-0.345033272652747,0.239422032925072,-1.4411091094558,0.149553860408572,0.345643082116768
"YAL034W-A",142.941539043019,0.295993590749709,0.205549979753389,1.44000788083186,0.149865169436904,0.346232453808024
"YDR459C",414.713890422775,0.223729752295607,0.155477091640426,1.43898853480634,0.150153771183366,0.346768942087008
"YHR147C",481.008697221311,-0.267177213217842,0.185716649362705,-1.43862822280432,0.150255885629586,0.346874510743977
"YIL147C",939.098827479502,0.233167405731569,0.162103783198921,1.43838349192285,0.150325273929423,0.346904478298667
"YJL094C",695.814059182526,0.347508501482804,0.241741664544521,1.43752009872838,0.150570266086602,0.347339511039985
"YER024W",487.136251422375,0.439002845665224,0.305471284896645,1.43713293972544,0.150680223194498,0.347462831888325
"YBL046W",939.516939791872,0.308251276845811,0.21469687723142,1.43575109624696,0.151073179976793,0.347960439549192
"YDR182W",1003.32099824618,0.245197794942832,0.170793048062044,1.43564271336008,0.15110403396604,0.347960439549192
"YML110C",1488.19855457889,-0.209949221889652,0.146209950538893,-1.4359434574448,0.151018431212893,0.347960439549192
"YPL106C",10896.2202368921,-0.275741813036888,0.19207714717686,-1.43557844902284,0.151122330737543,0.347960439549192
"YJR039W",609.770049368135,0.24303636466031,0.169348370046294,1.43512668349788,0.151251001055305,0.348126368446903
"YER169W",516.499023095277,-0.245713372172302,0.171278664886037,-1.43458248192085,0.151406109505027,0.34835300166701
"YOR043W",1491.87264160869,0.1960579450596,0.136715804775415,1.43405471943546,0.151556648187827,0.348568955256221
"YLR354C",6298.56617735183,-0.226829397822602,0.158206023278616,-1.43375955682253,0.151640889904463,0.34863232632241
"YGR027C",13607.7632401075,-0.161775487652868,0.112912526969268,-1.43275057245773,0.151929131262067,0.349135501829332
"YLR412W",424.853405481023,0.236400429086926,0.165015404928329,1.43259612149303,0.15197329079628,0.349135501829332
"YIL110W",302.896113652674,-0.261876822219193,0.182904947046652,-1.43176456650131,0.152211211119395,0.349551511719297
"YNR051C",1652.03662222212,-0.260314783770286,0.181938773944591,-1.43078233477359,0.152492607448658,0.350067015979562
"YGR188C",101.231158932736,0.319946575097577,0.223818276421919,1.42949262326749,0.152862693647747,0.350785658930465
"YHR027C",4448.09024446859,-0.229213482277493,0.160434371776507,-1.42870558060213,0.153088873165948,0.351042718109836
"YKR090W",796.917844671868,0.188346623549368,0.131816133389104,1.42885865869994,0.153044861809134,0.351042718109836
"snR64",14.3674261260886,-1.05967164350397,0.742264440565083,-1.42762011163736,0.153401231657337,0.351627869807165
"YMR065W",148.95024334538,0.330982334062106,0.231933451631109,1.42705733793215,0.153563368120554,0.351868373301567
"YKR022C",527.449396701376,0.22665001219126,0.158868224747239,1.42665415033033,0.153679607532923,0.352003570326808
"YOL151W",348.137219398072,-0.218132441973987,0.1529469631533,-1.42619662055892,0.153811594861582,0.352174723901239
"YNL304W",315.063881949738,0.326026987498759,0.228752106287513,1.4252414667998,0.154087413522105,0.35267495093448
"YJL179W",218.447277767115,-0.270830524090787,0.190090766901392,-1.42474318193097,0.154231451793093,0.352873299303393
"YLR456W",85.9420249751529,0.377031325201788,0.26480733818935,1.4237948531932,0.15450586603065,0.35336968244273
"YPR138C",1182.7064751868,0.299904827112635,0.211053097695195,1.42099230187922,0.155318997416218,0.355097336100276
"YMR071C",1404.1341492767,0.203430342773188,0.143218708224894,1.4204173832775,0.155486204991287,0.355347514194134
"YNL096C",2632.48215164205,-0.329233173681478,0.231824408090066,-1.420183389635,0.155554298099156,0.35537107478076
"YIR031C",192.035426389185,-0.254522044685593,0.179383225874498,-1.41887316076959,0.155935998330283,0.355846526801943
"YKL195W",2781.55518906513,-0.182155073397838,0.128348287880625,-1.41922480155916,0.155833487462767,0.355846526801943
"YKR012C",18.4289257227539,0.682321660567607,0.480824125195482,1.41906702433079,0.155879476598019,0.355846526801943
"YDR373W",673.498702977213,0.208531324633401,0.147039888610788,1.41819561075281,0.156133663026247,0.356165440508688
"YPL240C",2124.83645182754,-0.383011801129399,0.270145539165785,-1.4177979851607,0.15624975259455,0.356298101022054
"YHR019C",6905.43042683992,-0.223163680702368,0.157432867859752,-1.41751645470355,0.15633198696048,0.356353491403615
"YBL081W",603.077697421589,-0.464204552677204,0.327604951645417,-1.41696439673975,0.156493337053605,0.356457045510989
"YOR145C",318.160454682071,-0.284635038940494,0.200860469646509,-1.41707842982454,0.156459998235438,0.356457045510989
"YDL177C",254.402660390112,0.352569560608649,0.248918336417285,1.41640654394221,0.156656509064079,0.356696605236611
"YGR268C",876.061546173611,-0.311829416568211,0.220204115940407,-1.41609258862628,0.156748397749583,0.356773740251642
"YOR195W",344.737936729921,0.372741304749621,0.263325839875152,1.41551358927155,0.156917966903472,0.357027560657178
"YDR241W",39.2620070678787,-0.495153786664648,0.349936294429773,-1.41498265411854,0.157073581890931,0.357249455854004
"YGR112W",434.378289725332,-0.26573235186577,0.187895651653374,-1.41425493100813,0.157287064663383,0.35747060150769
"YNL169C",647.746876098157,-0.233684078048566,0.165222632640331,-1.41435876135243,0.157256591848144,0.35747060150769
"YDL130W-A",577.625467847923,-0.278999824463803,0.19733626415608,-1.41382946341344,0.157411980446362,0.357622341981946
"YCR067C",1202.31636712704,-0.199580063286957,0.141278751967981,-1.41266864625325,0.157753174621024,0.358107682292445
"YDR287W",586.430559843913,0.24836083927655,0.175852213881247,1.41232705460432,0.157853683852438,0.358107682292445
"YFL061W",64.2839342641515,0.397180397385716,0.281199714247948,1.41244950567589,0.157817648522101,0.358107682292445
"YPR089W",961.328499785814,0.224628996456791,0.159050704134527,1.41231060672826,0.157858524665824,0.358107682292445
"YML013W",637.276574794749,-0.234522972320721,0.16610637314314,-1.41188425153696,0.157984045513469,0.358260280202004
"YIR033W",1703.9302117383,-0.175480563626396,0.12437373032514,-1.41091340725771,0.1582701483866,0.358776783110059
"YDL134C",2082.69409485294,-0.239761685945808,0.170132761320787,-1.40926229659986,0.158757623066764,0.3597492195507
"YKL149C",266.610679884375,0.251793377392986,0.178796047156231,1.40827149927409,0.159050691634089,0.360257812630427
"YLR148W",363.656720544657,0.3854399299203,0.273729039397829,1.40810756055778,0.159099222618576,0.360257812630427
"YDR153C",962.825104293028,0.205111130018891,0.145708023598915,1.40768589781639,0.159224099444402,0.360407880597376
"YGL146C",132.038456028616,0.367076922904057,0.261044660172,1.40618437727166,0.159669382014161,0.361239218126381
"YLR086W",607.774111297347,0.222466012808254,0.158220394211555,1.406051438039,0.159708851070834,0.361239218126381
"YGR033C",658.857970484172,0.186169872888774,0.132458543532665,1.40549539443534,0.1598740178797,0.361479856602998
"YDL243C",323.073941967614,-0.261720254696844,0.186368337775495,-1.4043171593456,0.160224426791304,0.362033040658714
"YKL012W",762.816049941228,0.253378018065899,0.180433089386345,1.4042768924904,0.160236412467158,0.362033040658714
"YBL047C",4227.55082037331,-0.192965532424881,0.137449469466711,-1.40390161688922,0.160348148141113,0.362152446223961
"YOL100W",424.698492788048,-0.221586959126777,0.157958761980041,-1.40281524335305,0.160671940243533,0.362750525880224
"YPL244C",705.451822101535,0.196516504581963,0.140166682708037,1.40202008626616,0.160909248678466,0.363152983255987
"YBR296C-A",10.802083328476,0.898373815107515,0.641057521101381,1.40139345618166,0.161096448033094,0.363199294053839
"YGR048W",902.41261701819,0.24292361186451,0.173373115418084,1.4011607928871,0.161165995686655,0.363199294053839
"YKL146W",1085.01305162185,0.227513404957051,0.162346295315453,1.40140804885613,0.161092086750152,0.363199294053839
"YOR278W",235.797939240248,0.264706159346458,0.188915913499,1.40118507987872,0.161158734765285,0.363199294053839
"YNL260C",145.178746442843,0.343331498730544,0.245291794953062,1.39968603024917,0.16160735892274,0.364060533836941
"YBR215W",451.643598652604,0.319563490383394,0.228391891155479,1.39918930031474,0.161756224279965,0.364262460388789
"YNL263C",1128.36892652261,0.18793897930424,0.134346775717936,1.39890948852262,0.16184012685063,0.364318001512215
"YHR157W",29.7253615015938,0.559239230659607,0.400258517068803,1.39719507970764,0.162354915926611,0.365343114873274
"YGL241W",420.570786573961,-0.204090728251716,0.146255828975091,-1.39543654213245,0.162884238310328,0.366266203147537
"YPL173W",585.556023201135,-0.228316665873861,0.163601765887989,-1.3955635786363,0.162845956574319,0.366266203147537
"YPR067W",405.17226919558,0.286473019858139,0.205338366697153,1.39512661206977,0.162977662469864,0.366342333402654
"YOR249C",328.403337722862,0.345599919759422,0.247827111684187,1.39452022585741,0.163160566131302,0.366619467193097
"YAL034C-B",27.0056658818209,0.718224917721195,0.515918165067123,1.39212953982295,0.163883174503169,0.367496462303069
"YCL010C",637.083513949254,-0.328362187601177,0.235858063710857,-1.39220250702864,0.163861083826876,0.367496462303069
"YCL050C",2409.63719945595,-0.191393196241605,0.137427427398248,-1.39268557859976,0.163714891469132,0.367496462303069
"YGR100W",1149.00734626458,0.185712184146658,0.133385403011308,1.39229765741993,0.163832280606256,0.367496462303069
"YJR041C",268.465920219846,-0.343636426078176,0.246857635034456,-1.39204293207383,0.163909397739401,0.367496462303069
"YNR045W",565.149863159917,-0.248717342353367,0.178585300341767,-1.39270892888377,0.163707827444332,0.367496462303069
"YDL113C",661.029832165137,0.24828246457457,0.178531572197864,1.39069219812506,0.164318784468559,0.368011844312323
"YIL040W",462.674934395769,0.295707489137735,0.212614912730123,1.39081255091963,0.164282276157,0.368011844312323
"YIL062C",2172.18861141334,-0.269431360490208,0.193684164670227,-1.39108615796728,0.164199301805553,0.368011844312323
"YBR052C",2596.5064420467,0.176012283091001,0.126670424133657,1.38952943668429,0.164671816101626,0.36841877707819
"YDR199W",22.131732197709,0.634892939441209,0.456986089367239,1.38930473861974,0.164740103571548,0.36841877707819
"YKL148C",1928.72260602661,-0.277787756079059,0.199941390326305,-1.38934592595214,0.164727584828677,0.36841877707819
"snR9",115.252066844464,-0.372922004133329,0.268333056465857,-1.38977287794872,0.164597856488201,0.36841877707819
"YDL071C",31.9152006625173,-0.543892935245207,0.391651901998927,-1.3887151638209,0.16491938125996,0.368685639676028
"YBR253W",496.298384018476,0.212578511066259,0.153097905619245,1.3885135149722,0.164980732265979,0.368688773050788
"YNL266W",11.20540221142,0.978238633920553,0.704830983264331,1.38790526686266,0.165165893851435,0.368968487899136
"YKL096C-B",9.99528405195839,0.904428691531766,0.652022055837251,1.38711364659345,0.165407111406411,0.369373179066604
"YIL030W-A",12.9318842206193,1.08818279096311,0.784812821229737,1.38655073098579,0.165578800735763,0.369622368248618
"YJL095W",585.865336654312,0.2090684811431,0.150833329179168,1.38608941591919,0.165719601832597,0.369802449662725
"YBR280C",523.98907899961,-0.245678917519889,0.177537157221902,-1.38381689424494,0.1664145286822,0.370814982389686
"YER010C",660.441459328981,0.246846077289035,0.178376437578811,1.38384912626127,0.166404656982952,0.370814982389686
"YJL149W",363.645902216515,0.261483188236729,0.188918005660284,1.38410940409213,0.166324957827637,0.370814982389686
"YKL067W",2361.89974270589,0.171802019087719,0.12411097237595,1.38426132515751,0.166278451649558,0.370814982389686
"YHR069C",346.502096059652,-0.336888622715315,0.243590061417952,-1.38301464663323,0.166660374941388,0.371228288985708
"YDR005C",576.774584617765,-0.288470021064111,0.20873503583596,-1.38199138399944,0.166974346641703,0.371792987634493
"YDL140C",4974.25492886069,-0.386899858059029,0.28023136833063,-1.38064435956558,0.167388336923762,0.372579903033347
"YDR353W",6752.85631851731,-0.187905137160882,0.136197114032279,-1.37965579150486,0.167692650618959,0.373122214655064
"YCL028W",1796.31804035259,-0.301300757914782,0.218839386746535,-1.37681229322652,0.168570289115681,0.374262555256837
"YNL025C",328.78242896994,-0.268529283476865,0.194953186961624,-1.37740391763754,0.168387402333257,0.374262555256837
"YOR048C",1171.14677333751,0.203795186828709,0.147976605493571,1.37721220289489,0.168446650121745,0.374262555256837
"YOR140W",376.253306403769,0.275965477359476,0.200404685853655,1.37704104165009,0.168499559248148,0.374262555256837
"YPL249C-A",75.4114572609705,-0.382797880913483,0.277842071841408,-1.37775347835724,0.168279413870297,0.374262555256837
"YPR119W",233.783703612607,-0.312827352644216,0.227180913237172,-1.37699663315303,0.168513288778793,0.374262555256837
"YGL233W",674.719889517714,0.21188479253216,0.153923839348538,1.37655605154428,0.168649546458706,0.374303396146172
"YCR016W",370.15066842883,-0.231466327979579,0.168296341403715,-1.37534973160426,0.169023045393994,0.374997016296198
"YNL316C",236.805560347413,-0.221242086243625,0.160981385802492,-1.37433334382565,0.169338219210774,0.375560781877484
"YDR429C",3744.13036132837,-0.195066812166861,0.141976564095931,-1.37393670151827,0.169461334349965,0.37569834399866
"YHR127W",309.175127412093,0.22205271665595,0.161648188757345,1.37367896518334,0.169541369968963,0.375740333444728
"YDR437W",75.7575096877761,-0.42055118009189,0.306362921963113,-1.3727221864744,0.169838729188395,0.375888806313404
"YDR505C",742.228984177826,-0.23915406489269,0.174224349382095,-1.37267876586065,0.1698522332385,0.375888806313404
"YGL248W",857.758002136702,-0.262721926700442,0.191388720630825,-1.37271374109456,0.169841355685006,0.375888806313404
"YOL077W-A",393.14547187402,-0.242614520104462,0.176745552873544,-1.37267680097188,0.169852844348772,0.375888806313404
"YGR277C",651.766859790248,-0.266199167523359,0.194006011337784,-1.37211814050379,0.170026663108742,0.376138121625454
"YGR190C",20.5886689316139,-0.605478048414536,0.441535937188085,-1.37129958723295,0.170281584326269,0.376566610430261
"YGL038C",1030.52530321439,0.223941493366807,0.163386012452332,1.3706283053584,0.170490854627337,0.37689387345727
"YFR009W",1822.14061432504,-0.211664882807627,0.154585786040589,-1.36923897228204,0.170924587455091,0.377716928799429
"YHL003C",1128.69200299061,-0.188128289195964,0.137497788789754,-1.36822774280122,0.171240800240908,0.377986188654964
"YHR004C",825.67182034674,0.182626550676625,0.133492768133356,1.36806325339052,0.17129227768803,0.377986188654964
"YHR049C-A",65.9381773397647,-0.371519412833556,0.271562651649361,-1.36807992769661,0.171287058887011,0.377986188654964
"YLR099W-A",956.216431229588,0.416772783561157,0.304534656922294,1.36855616951177,0.171138052785503,0.377986188654964
"YCR006C",58.445895731539,0.54862633198213,0.401294135899205,1.36714265896956,0.171580594329681,0.378107136819219
"YDR180W",241.416012855234,0.317786549406402,0.232462158160241,1.36704636970352,0.171610771684147,0.378107136819219
"YFR021W",591.343162192669,-0.198008797886237,0.144844908608184,-1.36704009681048,0.171612737766097,0.378107136819219
"YGR206W",151.685054430168,-0.293573113778336,0.214802659670464,-1.36671079505587,0.171715972867655,0.378107136819219
"YJR093C",735.596691604089,0.263961059221769,0.193122584642247,1.36680575040329,0.171686199886381,0.378107136819219
"YLR163C",622.890424760334,-0.194698931119553,0.142384523247506,-1.36741639244814,0.171494827105887,0.378107136819219
"YOR229W",409.408895449189,0.334257093895968,0.244643087920485,1.36630508034059,0.171843227100935,0.378251913625895
"YKL034W",751.882840965381,0.191488564340327,0.140232076405853,1.36551186610209,0.172092226140337,0.37866446896711
"YDL080C",558.909577169171,-0.187679728411157,0.137637563058308,-1.36357927473366,0.172700018636117,0.379865920819784
"YNL014W",180.754994075714,0.298969995757794,0.219518977758843,1.36193234320831,0.173219237865214,0.380871760054011
"YOR017W",303.077508778036,0.263100036122281,0.193351066930159,1.36073744148159,0.173596677850805,0.381565249743549
"YJR098C",178.346279239087,0.275587136981558,0.202593268267622,1.36029760188039,0.173735766961038,0.381598202432281
"YOL138C",616.060155275607,0.225704421868622,0.165901989402085,1.36046844695513,0.173681731267913,0.381598202432281
"YBL064C",1232.48936516598,-0.237259312781399,0.174587588506091,-1.35897010097669,0.174156063302994,0.382248318812782
"YPR088C",1554.12157690891,-0.258082219643714,0.189904245560278,-1.35901237427467,0.174142667577157,0.382248318812782
"YOL111C",864.632744951624,0.169902780625961,0.125055612906924,1.3586177915294,0.174267734415803,0.382356962774594
"YGL229C",281.259609342107,-0.352570233152399,0.259793645108166,-1.357116464514,0.174744207783893,0.382992472512809
"YHR173C",59.7973735787944,0.376957689179051,0.277760374068366,1.35713270996053,0.17473904679746,0.382992472512809
"YNL247W",2463.86192246212,-0.23011299591157,0.16953083035317,-1.35735190721472,0.174669421544222,0.382992472512809
"YJR107W",382.230466783784,0.298886276304233,0.220550429204389,1.35518338088224,0.175359138260428,0.384203313253164
"YHR130C",47.282441345469,0.427907056404146,0.316176032017922,1.35338233474918,0.175933517968937,0.385324478457608
"YDL190C",1124.96032477632,-0.215108375260475,0.159065981868535,-1.35232167641136,0.176272433016733,0.385929321129551
"YCL041C",9.02304827484022,0.91708968014798,0.678337117344822,1.35196741664041,0.176385738965883,0.386039962505403
"YGR094W",6884.94882754662,-0.190163395167298,0.140753361910701,-1.35103980882492,0.176682680926293,0.386552290180256
"YLL018C",5135.87046921171,-0.236743000329235,0.175326513162272,-1.35029777333289,0.176920486316178,0.386934918507999
"YLR071C",759.36855715249,0.195901966370984,0.145143374349734,1.34971346262726,0.177107912287215,0.387207131378022
"YBR212W",2672.67753891322,0.319508939360146,0.236839796785922,1.34905089303445,0.177320619818486,0.387534403654474
"YMR238W",2497.86410544797,0.190076833854868,0.140969978174961,1.34834974308473,0.1775459201148,0.387888955135353
"YJL123C",2275.60571161035,0.166119467662097,0.123383131973291,1.34637097474603,0.178182906760487,0.38914235673899
"YER144C",1048.66769473098,0.2053734828849,0.152611506018328,1.34572738480305,0.178390451359789,0.389457321924992
"YOL129W",2033.08207845953,0.186221808547731,0.138408207407871,1.34545351056357,0.178478824744331,0.389511984449126
"YJR127C",1868.26231292374,0.224863775806485,0.167158061144769,1.34521646318773,0.178555341179382,0.389540740778006
"YPR156C",1764.64609202297,0.25056310270769,0.186343883889202,1.3446274569262,0.178745571953184,0.389817470748965
"YBR141C",109.194086092183,0.291735148414211,0.217005764381651,1.34436589389917,0.178830097031082,0.389863557866414
"YHR059W",187.423307661362,-0.239429214844891,0.178500843952923,-1.34133379732388,0.179812101343085,0.391779734830872
"YJR003C",231.94668167266,-0.300144754336064,0.223778410961344,-1.34125876149827,0.179836453890659,0.391779734830872
"YMR154C",224.526118329796,-0.268559749203337,0.200280135734508,-1.34092054720464,0.179946250277308,0.391880113033089
"YOR361C",2514.06983044901,-0.217631661729322,0.1623490157482,-1.34051728448335,0.18007722879341,0.392026533479459
"YDR175C",572.710417189128,-0.197163688257478,0.147117892678603,-1.34017477186277,0.180188531482538,0.392064701393482
"YPL183W-A",212.029549224399,-0.256370367557602,0.191326796320356,-1.33996059354037,0.180258156705602,0.392064701393482
"snR14",12.3935000089072,0.748941104841665,0.558963446693261,1.3398749225415,0.180286012283052,0.392064701393482
"YCR052W",1388.66852425215,-0.284218749761479,0.212164014444572,-1.33961808040605,0.180369542625016,0.392107701358731
"YIR004W",1109.78855760787,0.160681462844235,0.119967898787697,1.33937048550452,0.180450092787868,0.392144194574342
"RUF21",31.8536909611927,1.00883764710296,0.754061562327823,1.33787173024525,0.180938253998857,0.392437580458786
"YBR213W",190.763734423358,0.289101574202765,0.216020113353958,1.33830859411253,0.180795861454209,0.392437580458786
"YDL110C",2414.46406485664,-0.302507244850413,0.226169224116045,-1.33752612024348,0.181050962000814,0.392437580458786
"YER155C",1722.82776124121,0.228291790902449,0.17067314510723,1.33759643767635,0.181028026331602,0.392437580458786
"YGR288W",269.756217590067,-0.219840777061534,0.164380537763525,-1.33738932876466,0.181095585909274,0.392437580458786
"YLR113W",3791.37919153009,-0.248536259423201,0.185809886631448,-1.33758361263182,0.181032209357873,0.392437580458786
"YOR304W",770.263746377878,0.284496114580323,0.21269739608214,1.33756275262747,0.181039013226022,0.392437580458786
"YPR037C",870.404584401097,-0.363252448290087,0.271490252747276,-1.33799443852679,0.180898249735903,0.392437580458786
"YCL054W",599.204215494148,-0.336491131073658,0.251668288507093,-1.33704223551461,0.181208850784385,0.392544710223306
"YBR291C",287.944722576695,-0.253083819373052,0.189531438537854,-1.3353131349895,0.181773881428195,0.39349150678754
"YLR211C",161.788334461342,0.470611711854455,0.352401185368801,1.33544304444363,0.181731384617624,0.39349150678754
"YJL071W",266.03741017827,0.275933674924791,0.206720441736051,1.33481562155868,0.181936699387271,0.393555044764562
"YLR129W",462.613220789654,-0.281933936717013,0.211187924010778,-1.3349908051685,0.18187935585982,0.393555044764562
"YPL213W",250.119646844291,0.231193726408944,0.173225934601643,1.33463691184929,0.181995210944783,0.393555044764562
"YLL022C",729.788150375545,0.366347167503495,0.274600362717007,1.33411028258925,0.182167716427096,0.393762104839697
"YOR019W",500.684655824717,0.309785513330442,0.232231075970845,1.33395374428413,0.182219016320939,0.393762104839697
"YDR242W",281.56735723129,0.214363197815221,0.160746680701136,1.33354665166473,0.182352476691372,0.393912094011921
"YNL100W",842.993603787116,0.250915866962869,0.188289626761358,1.33260589698276,0.182661168966016,0.394440375400631
"YGR146C-A",10.5576767810962,0.79584403851466,0.597551805311765,1.33184107459844,0.182912417490761,0.39470574300638
"YKL143W",542.851922253407,-0.292328005520239,0.219477241484123,-1.33192855689043,0.182883666090754,0.39470574300638
"YLR377C",121.194123583315,0.317572694218205,0.238806420817782,1.32983314741158,0.183573251896413,0.395992809246909
"YGR237C",1223.00380704512,0.175867775005975,0.132415683725722,1.32814912899787,0.184128846081282,0.396789667149475
"YKL192C",1675.98093088949,-0.259384979871,0.195301363543294,-1.32812682494918,0.184136213015382,0.396789667149475
"YPR133C",1380.97376870605,0.153073943585924,0.115239902204063,1.32830678140342,0.184076780372966,0.396789667149475
"YHR131C",840.237461176958,-0.294858030689037,0.222072065361082,-1.32775831219297,0.184257962830883,0.396912949705755
"YOR159C",426.520733534771,-0.274830394872295,0.207027518554207,-1.32750658845546,0.184341161961147,0.396953132374318
"YBR251W",454.914049257513,-0.179956135142709,0.135636423721777,-1.3267537598296,0.184590151038429,0.397211136769189
"YNL113W",108.018172617129,-0.295423602877756,0.222657073400205,-1.32680987119039,0.184571584295679,0.397211136769189
"YML074C",5830.28067703289,-0.275705630731793,0.207935751320658,-1.32591739987333,0.184867058873216,0.397667860115522
"YPL032C",1262.94748947007,-0.176591264654289,0.133208328943846,-1.32567735106662,0.18494659263219,0.397699840799988
"YDR133C",399.219325042788,-0.913938820757136,0.69008283521865,-1.32439002118863,0.185373546963495,0.398229917697795
"YOR242C",27.5883004385344,0.765753686930284,0.578051505691028,1.32471532275462,0.185265589055785,0.398229917697795
"YOR311C",791.098285908936,0.184942139732565,0.13964764690846,1.32434841421851,0.185387358433949,0.398229917697795
"YCL016C",309.999980663342,0.293622335768231,0.222124476410731,1.32188194886408,0.186207464204104,0.399572890738046
"YGR030C",149.646798209462,0.289381465286215,0.218886692329392,1.32206057027322,0.186147982237992,0.399572890738046
"YJL191W",2649.37865737813,-0.354940019012212,0.268488511775932,-1.32199331980516,0.186170375385656,0.399572890738046
"YLR318W",87.5601145578224,0.407432611678917,0.308347878213888,1.32134073384574,0.1863877777097,0.39977319461422
"YNL019C",101.121133180044,0.306366514657122,0.231883002397703,1.32121160882535,0.186430816610339,0.39977319461422
"YPR008W",1576.99715005876,0.239607284221506,0.182128324006907,1.31559594328897,0.188309695884698,0.403661425476086
"YPL223C",187.503732815116,0.443309191372736,0.337075934242489,1.31516120356971,0.188455730803482,0.403833708864604
"YDR279W",272.60739060655,0.298914187791966,0.227444748150767,1.31422769803339,0.188769590110288,0.404224574922796
"YIL161W",204.784378984499,0.322259208716183,0.245203679242873,1.3142511144663,0.188761712425312,0.404224574922796
"YDL084W",4479.48053767132,-0.188348026278342,0.14336966917661,-1.31372296079114,0.188939451211842,0.404326510593619
"YJR151C",355.868324493514,0.271625761034379,0.206764621022745,1.31369554274229,0.188948681535945,0.404326510593619
"YPL129W",1005.07410297169,-0.166672434357836,0.126908909773863,-1.31332334865083,0.189074014083979,0.404453977953555
"YBR205W",863.70864690075,-0.187729575213228,0.143008839063413,-1.31271309132147,0.189279644601728,0.404753064777687
"YKL124W",429.088906285551,0.226152162599022,0.172411577225725,1.31169940115413,0.189621578912383,0.40534331258643
"YKL127W",1279.95831370241,-0.163728797162748,0.12485120103472,-1.3113914468249,0.189725547045604,0.405424640142622
"YIR040C",12.7906504114932,0.753011068644896,0.574557457315461,1.31059315140253,0.189995254264096,0.405859956139004
"YLR084C",472.861085030491,-0.202312375663739,0.154410699420217,-1.31022251970481,0.190120569587073,0.405986632972396
"YGL219C",673.764568298274,0.2164260248696,0.165219126017222,1.30993323888567,0.190218421430578,0.406054596250626
"YCL051W",1428.66758266774,0.245140528195524,0.187190744695819,1.30957611496163,0.190339272969596,0.406171592214787
"YOR097C",387.761124336532,0.250221240173228,0.191211568632568,1.3086093166991,0.190666723390651,0.406729222633543
"YJL051W",326.827114592439,-0.209995102639768,0.160520462192828,-1.30821391722326,0.190800762920777,0.406874026339381
"YGR245C",1381.66445706417,-0.32622146836223,0.249441055411471,-1.30780984639479,0.190937813670245,0.407025148725133
"YNL031C",8043.32860055369,0.290373595089164,0.222106745362208,1.30736054240778,0.191090291441456,0.407209041013497
"YDL091C",450.806336724692,0.215640148146148,0.16501581849341,1.30678470776279,0.191285840205024,0.407353275599663
"YER091C",6471.83730548404,0.376663951844937,0.288282736418237,1.30657824511031,0.191355989092314,0.407353275599663
"YPL007C",317.398822691569,0.220293373037703,0.168603540726129,1.30657619697048,0.191356685074378,0.407353275599663
"YDR145W",1350.63600269205,0.175838222609985,0.134670284155364,1.30569430155153,0.191656536619296,0.407709339401131
"YOL057W",1020.48229889899,0.242784206920577,0.185940320622551,1.3057103812003,0.19165106631762,0.407709339401131
"YPL085W",1535.0540475554,0.187969959771387,0.144047375838401,1.30491762642216,0.191920898517052,0.408130541452237
"YGL202W",4013.73153117708,-0.150845784028806,0.115679008639799,-1.30400308407301,0.192232530839095,0.408510734160481
"YHR156C",116.886587671469,0.427992988353079,0.328189574678423,1.30410293737224,0.192198487526235,0.408510734160481
"YCR081W",190.904097256841,-0.286759580550307,0.219956301765067,-1.30371159293537,0.192331935228627,0.408580795045269
"YDL235C",402.539484594594,0.249242746683835,0.191257850318958,1.30317655598542,0.192514492006797,0.408688559749005
"YIL171W",30.9396605685684,0.490913287331129,0.376706038174246,1.30317339671645,0.192515570340303,0.408688559749005
"YBR297W",654.32955547929,-0.230352064300098,0.176838681500098,-1.30261129717805,0.19270749892948,0.408696474635585
"YDR082W",181.262896897616,0.239995107657984,0.184312668369183,1.30210858418732,0.192879269098978,0.408696474635585
"YDR323C",164.079950121058,0.241371191705484,0.18528438204648,1.30270662340517,0.192674939942023,0.408696474635585
"YER140W",374.65780216136,0.202092865649369,0.15520400831391,1.30211112357758,0.192878401141359,0.408696474635585
"YMR158C-A",69.8130811998118,0.356571489762915,0.273865441409973,1.30199519854399,0.192918026970261,0.408696474635585
"YOR382W",7463.15032799453,-0.353037404236347,0.271109048396274,-1.30219705437614,0.192849031888196,0.408696474635585
"YCR037C",845.275864178604,-0.168046541563778,0.129208669774231,-1.30058255268326,0.193401382301215,0.409579373675095
"YHL034W-A",68.4635429615807,0.617613881892687,0.475223046340365,1.29962948272155,0.193727989805705,0.410129823512939
"YBL023C",611.114576872984,0.181820237718046,0.140175083773221,1.29709384024481,0.194598900688342,0.411831809784344
"YIR019C",262.221776698343,0.357399889848647,0.275612813836225,1.29674627559596,0.194718501367494,0.411943165947743
"YER157W",328.189143041684,0.2924114720569,0.225681699502571,1.29568092008085,0.195085437450947,0.412577524182712
"YBL040C",999.792018221466,0.194644296063718,0.150268778667784,1.29530763335769,0.195214126981025,0.412707762438399
"YDL153C",1089.47844337435,-0.252516958610344,0.195107760581334,-1.29424353935464,0.195581311972305,0.413341947982707
"YFL034W",876.082300019933,0.194806652789015,0.150638195699742,1.29320888294037,0.195938824214841,0.41395526242572
"YNR001C",4093.93060237596,-0.197653975718449,0.153001008831782,-1.29184753242877,0.196409950709706,0.414808103318919
"YJR056C",210.796936510996,0.226693571073973,0.175764842411099,1.28975492461545,0.19713576282564,0.416055230397283
"YOR078W",363.002240626872,0.263176844282119,0.204044376617552,1.28980199623635,0.197119414676318,0.416055230397283
"YBL019W",210.063000453952,0.295124908582949,0.228948393580494,1.2890455528756,0.197382250472547,0.416289725790866
"YKL190W",1387.96042153528,0.197575540380448,0.153252417933776,1.28921646421152,0.197322842752313,0.416289725790866
"YDR118W",173.467877826057,0.248396305108533,0.192738328123264,1.28877482505541,0.197476380573156,0.416345471554648
"YMR053C",441.166496364209,0.248672840052729,0.193078078886843,1.28793927040505,0.197767104026044,0.416815520822541
"YOR104W",276.536646639757,0.238673463617807,0.18540593114201,1.28730220305086,0.197988975987256,0.417140185790211
"YPL161C",316.129648347423,0.25070552413007,0.194869149776475,1.28653265238567,0.198257230773406,0.41756231823851
"YDL202W",396.370910843313,-0.196096855903045,0.152537884979976,-1.28556165524903,0.198596086201811,0.417870936994719
"YNL043C",15.8467720818704,0.983888191794092,0.765356858669176,1.28552867939918,0.198607601436677,0.417870936994719
"YPL204W",2055.65172309109,-0.181551917214789,0.141220505416716,-1.2855917536838,0.198585576192348,0.417870936994719
"YEL038W",1415.90306207928,0.236362421821169,0.183948178484448,1.28494026833298,0.19881315787313,0.418102787113077
"YER093C",551.730815213115,0.22868109129313,0.177986305138203,1.28482408304147,0.198853764602561,0.418102787113077
"YIL089W",64.1901729536453,0.360976724778508,0.281100429646946,1.28415572054402,0.199087474874182,0.418451117729398
"YBL104C",434.399197848025,0.206250029024045,0.160773102513144,1.2828640226507,0.199539719266835,0.418714921521884
"YDL161W",1731.67777876167,-0.248801523345065,0.193948145106754,-1.28282496957173,0.199553404061893,0.418714921521884
"YDR388W",4295.64929289987,-0.234855628468984,0.183039060547018,-1.28309022001703,0.199460469741574,0.418714921521884
"YJL127C",220.728632695635,-0.252345002511577,0.196659382998323,-1.28315770477999,0.199436830527782,0.418714921521884
"YML073C",9235.80175247439,-0.2797325466961,0.218031019303694,-1.28299426196078,0.199494086379927,0.418714921521884
"YDR532C",201.310454639042,0.289559250490604,0.225939844016459,1.28157674778916,0.199991161258795,0.419202244000686
"YFR012W",19.7844750781622,0.596821903740935,0.465782447933393,1.28133188871531,0.200077116688302,0.419202244000686
"YKL133C",282.606979556134,0.295195618127582,0.230442039218066,1.28099724828524,0.200194632622767,0.419202244000686
"YKL202W",25.6542740133097,0.578648048722367,0.451650438631208,1.28118562327991,0.200128474634477,0.419202244000686
"YML104C",377.804385259504,0.254905209676497,0.198898235304702,1.2815860798664,0.199987885856114,0.419202244000686
"YOR051C",1256.48239038931,-0.224675537764601,0.175295942235681,-1.28169274712891,0.199950450217766,0.419202244000686
"YNR069C",94.5173490191889,-0.3816272997417,0.297974096725715,-1.28073984931981,0.200285057896526,0.419248844814036
"YOR224C",1127.26695623854,-0.181258216407322,0.141561731891194,-1.28041818919423,0.200398100279091,0.419342741312149
"YOR248W",41.0654151518028,0.49813325957158,0.389124607619035,1.28013816093396,0.200496549714894,0.419406047872992
"YMR035W",341.989956469622,0.244329803989584,0.190989280746426,1.27928542918583,0.200796561736237,0.419748081127756
"YOL144W",289.846233541838,-0.241133692365573,0.188468201860116,-1.27943966136285,0.200742274806303,0.419748081127756
"YGL017W",497.398633101249,0.226337576565713,0.176997947578212,1.27875819840057,0.200982218317532,0.419814312359749
"YKL066W",181.024905484265,0.539801382939484,0.422176983008136,1.27861395733429,0.201033032503978,0.419814312359749
"YNL123W",759.546403095208,-0.181541332484368,0.141964513583476,-1.27877966050735,0.200974658307143,0.419814312359749
"YER029C",626.532237301653,0.210520798605954,0.164707093339994,1.27815259401968,0.201195627526839,0.420011238727107
"YBR039W",1730.32943813078,0.186581918145716,0.146106156295314,1.27702981774835,0.201591720413756,0.420403584995649
"YDR331W",475.074116701935,-0.202373299871186,0.158492723915935,-1.27686176924138,0.201651053437157,0.420403584995649
"YFR010W",1672.59721816496,0.245330616358854,0.192138147004643,1.27684491696969,0.201657004184905,0.420403584995649
"YKR081C",739.792651588101,-0.267200148596345,0.209234815926321,-1.27703483482613,0.201589949225743,0.420403584995649
"snR86",856.884904882829,0.27034022040065,0.211863162112085,1.27601333665372,0.20195080466365,0.420873415344441
"YBR210W",257.099324574291,0.300419487626173,0.235569868984235,1.27528825703205,0.202207232594855,0.420994842802063
"YJR001W",1522.02301398257,0.176117159305485,0.13806159434173,1.2756419346394,0.202082123160423,0.420994842802063
"YKL112W",474.295332151556,0.244504849856894,0.191728223382147,1.27526790549534,0.202214433436958,0.420994842802063
"YGL003C",799.007382734158,0.251153401092433,0.197068564710044,1.27444679704227,0.202505116409352,0.421457348872256
"YPL180W",667.392679253352,0.220085244703968,0.173020579189694,1.27201773184839,0.203366819155289,0.423107556767601
"YGL020C",1074.43483829534,0.162998748260319,0.128245462496401,1.27099037336228,0.203732073376295,0.423595412174041
"YIR044C",12.898872261191,0.735777914938014,0.578910196256911,1.27097073034016,0.203739061660295,0.423595412174041
"YLR201C",437.339894446147,0.23092346723548,0.181870359754172,1.26971468879047,0.20418627860656,0.424381755130229
"YHR154W",333.459010246931,0.277688275217416,0.21874390996315,1.26946745746748,0.20427439004252,0.424421452284289
"YBR220C",468.194813914437,-0.177748507698046,0.140087953885707,-1.26883506231424,0.20449989691577,0.424603094541522
"YGL155W",443.75122000813,-0.195336523361605,0.153929727343754,-1.26899804691645,0.204441760643998,0.424603094541522
"YPL071C",357.097454076543,0.308126294242206,0.243062515768211,1.26768330883253,0.20491106776796,0.425313218620639
"YJL004C",356.233795431995,0.204803356250575,0.161679191742766,1.26672674475278,0.205253013539285,0.425879228497504
"YBR028C",405.619201052636,-0.268401287615037,0.212123866098264,-1.26530452490765,0.205762185146494,0.426648182859139
"YGL117W",625.365655571821,-0.291225490164252,0.230162459994266,-1.26530403859738,0.205762359408163,0.426648182859139
"YHR037W",1032.48884729764,-0.20800565775916,0.164418507363437,-1.26509880848983,0.205835909974925,0.426656840696255
"YBR154C",667.963617100163,-0.278098843465983,0.219895489599533,-1.264686437964,0.205983753471279,0.426819435258884
"YGR106C",2555.63387469411,-0.172347553511339,0.136326761851359,-1.26422392178033,0.206149667001406,0.427019350642858
"YPL212C",714.507250514063,-0.226904757457411,0.179594668348324,-1.26342702455581,0.206435757150391,0.427467981978082
"YAL054C",420.430633825212,0.372600260758773,0.295150949941495,1.26240576502508,0.20680281583603,0.427939877991785
"YDL118W",12.8404388101065,0.717295053138798,0.568171200372811,1.26246288560233,0.206782273193308,0.427939877991785
"YPL030W",282.76055313484,0.220365737459616,0.174717556893258,1.26126842303688,0.207212153943447,0.428642699883014
"YKL006C-A",226.411677167727,0.294767130855691,0.233839412217834,1.26055367681603,0.207469697244607,0.429031149312149
"YDL185W",7416.16712402014,-0.185164613448181,0.1469570917907,-1.25999100276084,0.207672607945984,0.429053844365457
"YDR276C",4419.41955223487,-0.221864532445454,0.176084467350743,-1.25998923007514,0.207673247436712,0.429053844365457
"YMR003W",84.6585767522936,0.370227672501778,0.293844805802414,1.25994288546562,0.207689966613978,0.429053844365457
"YDL081C",9424.25922126268,-0.199482728554656,0.158545468552942,-1.25820517215252,0.208317564941524,0.430061438197507
"YMR279C",148.918669194841,-0.322308094994263,0.256153408617293,-1.25826197954605,0.208297026480686,0.430061438197507
"YPR029C",1086.76046838401,-0.1675708277986,0.133208087322009,-1.25796286972821,0.208405184792368,0.430097948480895
"YFR054C",23.9227483053868,0.566245307835835,0.450216159032043,1.25771875681507,0.208493486351977,0.430135840679187
"YGR171C",227.187152689555,-0.216436923475824,0.172168419085074,-1.25712325539143,0.208709007414372,0.4304360816896
"YJR143C",2379.61416514961,-0.193506791571146,0.154052226113556,-1.25611162170748,0.209075503115068,0.43104738322416
"YJL020C",2471.8284714001,0.170414520629356,0.135719179670119,1.2556406621641,0.209246281787676,0.431254903818434
"YKR018C",2456.85473293766,0.159821860472996,0.127358935044613,1.25489319156925,0.209517535908957,0.431669295088806
"YER057C",2019.05477834765,-0.221355991200126,0.176475933678674,-1.25431262261045,0.209728397724089,0.431939135168278
"YOL141W",25.3219825031438,-0.6585564602534,0.525103541646116,-1.25414591223082,0.209788975080918,0.431939135168278
"snR49",112.661210213206,-0.3528273980768,0.281483381054826,-1.25345729738864,0.210039330486676,0.432309866965548
"YDL031W",679.577330153171,-0.281933365671746,0.225008923842219,-1.25298748537388,0.210210261170671,0.432372276320946
"YJR046W",545.762956732265,-0.241434922250813,0.192683287704556,-1.25301433833228,0.210200488605358,0.432372276320946
"YER142C",424.649444883039,0.261268808661953,0.208588401457333,1.25255674254446,0.210367065841442,0.432550135381099
"YOR180C",148.698412916804,0.313027623661565,0.250127800180751,1.25147074189818,0.210762781755664,0.433218953140821
"YMR211W",216.356416404612,-0.23180344626973,0.185757074417089,-1.24788488942958,0.212073215074442,0.435687473202834
"YPL164C",352.500522327973,0.210249801537976,0.168496802265743,1.24779698315214,0.212105413783624,0.435687473202834
"YHR143W-A",474.66161275561,-0.186348865493821,0.149384077659636,-1.24744797714257,0.212233284134285,0.435804573431004
"YOR238W",300.421527980393,0.189539506203345,0.15205802034576,1.24649463259062,0.212582858506,0.436376695531342
"YPL128C",250.077126686793,-0.209030618017621,0.167750574908891,-1.24607989052288,0.212735066731143,0.436543430229072
"YHR023W",487.202008422858,0.355263281451987,0.285413102135589,1.24473361171491,0.213229686502154,0.437412465639843
"YHR106W",686.642363688777,0.17890499917852,0.144138910121716,1.24119850099773,0.214532428460074,0.439938124384613
"YDR008C",15.5326170611735,0.642948134575284,0.518404772454326,1.24024347139268,0.214885353867823,0.440514975429038
"YOR216C",669.341337460233,0.204515313710021,0.165002613938007,1.23946711405954,0.215172560228014,0.440956762879802
"YDR124W",161.348744755701,0.304443165246659,0.245687958343396,1.23914565166088,0.215291563272327,0.441034396302244
"YDR286C",177.398801769477,0.260918637233177,0.210591926660389,1.23897739752363,0.215353868633437,0.441034396302244
"YOR090C",849.592589798851,-0.159595118030598,0.128944918799643,-1.23769993820834,0.215827342079014,0.441856908717022
"YAL032C",686.624966961807,0.259240937288566,0.20972738772076,1.23608528245119,0.21642686493549,0.442587164699908
"YLR416C",20.2433270350251,0.605744904477088,0.490083751461231,1.23600283149768,0.216457511170167,0.442587164699908
"YML125C",1803.94253235743,-0.207440143795375,0.167836703739262,-1.23596411972936,0.216471901043467,0.442587164699908
"YNL038W",327.140768100728,0.249595162185102,0.201852700965694,1.23652128998522,0.216264857008372,0.442587164699908
"YMR105W-A",24.3821535358345,0.564127741982605,0.456594959986403,1.23551022551674,0.216640673202013,0.442785024989159
"YGL029W",332.767874227327,-0.337077227373071,0.272911022350631,-1.23511767487354,0.216786712234111,0.442896277445059
"YGR183C",453.270510858694,-0.289616468245832,0.234511666219301,-1.23497680484262,0.216839136810906,0.442896277445059
"YIL177C",1487.45009429071,0.297894046139,0.241312619269565,1.23447355153121,0.217026496298432,0.443131790250783
"YOL164W",556.063440973109,0.220853421635789,0.178960328172447,1.23409151006347,0.21716880677488,0.443275194711421
"YJR112W-A",669.368177368944,0.372269858206778,0.301740794870632,1.23374056320884,0.217299593645699,0.443394990352039
"YBL016W",527.565319268805,-0.317002389559303,0.257015762686702,-1.23339668448944,0.217427801384841,0.443509445610869
"YBR114W",704.480516506974,0.209702288374395,0.17010399980682,1.23278869757645,0.217654609243194,0.443824882906381
"snR42",49.9296418954893,0.378261721053063,0.306951747994578,1.232316556346,0.217830857547547,0.444037048033614
"YMR295C",2199.70840501872,-0.340287277696299,0.276313368517197,-1.23152665222972,0.218125954751667,0.444491259682821
"YMR072W",1522.35655631587,0.230286271966623,0.187131987875235,1.23060880494766,0.218469210505266,0.445043274132954
"YKL138C",317.519294039456,-0.308667993528689,0.251035765768317,-1.2295777559185,0.218855264008258,0.445364115430119
"YOR136W",3570.37379341463,-0.146687893088528,0.119315230358804,-1.22941465768795,0.218916377389472,0.445364115430119
"YOR192C",82.7406308716652,-0.348556318080686,0.283481844535975,-1.22955428998012,0.218864056008844,0.445364115430119
"YPL220W",15202.3655398881,-0.24564687328201,0.19972935644317,-1.22989868718625,0.218735045909374,0.445364115430119
"YLR254C",379.767747046024,0.203602351927792,0.165722574766084,1.22857342890777,0.219231782898024,0.445858288631893
"YLR314C",2644.8210972437,0.153953360602731,0.125354962522161,1.22813933732791,0.21939466627641,0.446042048793362
"YBR009C",6643.83675155411,0.253612507195859,0.206585459277233,1.22763968036839,0.219582259161834,0.446275906756537
"YGR113W",403.570918615231,0.191729825177424,0.15621924294313,1.22731247166024,0.219705169866025,0.446310687003676
"YKL145W",4803.36884414572,0.143244344824548,0.116723793305806,1.22720775916921,0.219744513861322,0.446310687003676
"YBR056W",1384.68884800383,-0.206484235803828,0.168389927005009,-1.22622676710161,0.220113351085291,0.446617324043069
"YBR109C",2638.9912409296,0.140468406023562,0.11454850788639,1.22627879328537,0.220093778931472,0.446617324043069
"YML100W-A",10.5081401542091,-0.78539348603756,0.64029971461688,-1.22660289878076,0.219971879162529,0.446617324043069
"YJL036W",777.463693213003,0.216414615746063,0.176527808996391,1.22595197309953,0.220216748794876,0.446679751018631
"YLR020C",661.65259664584,0.209316326761918,0.170789547825004,1.22558042589579,0.220356607572325,0.44681606876683
"YGL207W",2298.31699009253,0.225635225938269,0.18413486187033,1.22538026556407,0.22043197885328,0.446821578756649
"YOR291W",971.896112074506,0.1878879129723,0.153375090364138,1.22502234571613,0.220566801286512,0.446947554501499
"YOL031C",573.834189809681,0.199558250495796,0.162927720556733,1.22482687300782,0.220640457556321,0.446949543468831
"YER175C",299.007210064714,-0.325623357124742,0.265936507406481,-1.22444022560253,0.220786202504784,0.447097512480876
"YDL012C",706.132704281843,-0.265893986115243,0.217246705456942,-1.22392643679442,0.220979979606931,0.447171099298764
"YFL003C",59.4763769645043,0.364451541129777,0.297808442226151,1.22377840737308,0.221035831997008,0.447171099298764
"YOR375C",8209.99278785176,0.227487315270507,0.18589125201582,1.22376557693606,0.221040673474511,0.447171099298764
"YDL185C-A",12.025556267282,-0.849909903344834,0.694807672019048,-1.2232304529325,0.221242666558555,0.447372117521321
"YLL002W",216.162833714205,0.201643326740684,0.164860217050772,1.22311695536944,0.221285525447132,0.447372117521321
"YCR018C-A",44.652437427328,-0.397530350330581,0.325125773195284,-1.22269713170912,0.221444110744,0.447427704871899
"YIL115C",1092.7187346851,0.167008007417382,0.136594103477439,1.22265898135908,0.221458525793506,0.447427704871899
"YKL138C-A",257.667958984615,-0.286611204059406,0.234605678848048,-1.22167206466064,0.22183166442683,0.447464312660877
"YLR179C",3512.01155633118,-0.196096079839906,0.160456665691912,-1.22211239398695,0.221665126802287,0.447464312660877
"YML023C",326.598842284211,0.206624973895635,0.16912811340395,1.22170684540262,0.221818506690138,0.447464312660877
"YNL079C",5459.81408361626,0.224835517162791,0.183959100586675,1.22220382925201,0.221630556166019,0.447464312660877
"YPL165C",440.857482211669,0.285579791832419,0.233765853298063,1.22164887558788,0.221840437285043,0.447464312660877
"YBR229C",959.194915713643,-0.186758666199794,0.153014200033966,-1.22053159875578,0.222263418425548,0.447876809736934
"YDR161W",599.477816824393,-0.22801098788598,0.186797222444427,-1.2206337166165,0.222224734456457,0.447876809736934
"YFR028C",689.402759325949,0.185617094028193,0.152067792243914,1.22062069350271,0.222229667563506,0.447876809736934
"YBR225W",443.839850244314,0.20508333854293,0.168063594494619,1.2202722377778,0.222361690416914,0.447928069460865
"YGL237C",489.700267111889,0.280762244890508,0.230189922814283,1.2196982450749,0.222579287115501,0.448072869315985
"snR40",10.6312557107683,-0.748610231314462,0.613761337030059,-1.2197090076363,0.222575205700453,0.448072869315985
"YIL022W",1813.43105364897,-0.168642785055006,0.13835861279913,-1.21888172801965,0.222889085720686,0.448483750563305
"YOL148C",551.026430104389,0.203426053060948,0.166910129898451,1.2187759555679,0.22292923991415,0.448483750563305
"YGL074C",22.5931435727676,-0.547891766086079,0.44965136715374,-1.21848126372704,0.223041140517604,0.448562136750577
"YGL213C",371.676297194217,-0.178827425570843,0.14681242977137,-1.21806733836726,0.223198384429965,0.448731632639517
"YJR077C",2912.53254512342,0.20887776622113,0.171667482720393,1.21675790260957,0.223696341337197,0.449491763104499
"YOR171C",600.233135769052,-0.166235145225758,0.136629142542186,-1.21668878346675,0.223722648270386,0.449491763104499
"YGR276C",736.88263415881,0.176451064533631,0.145225170416936,1.21501709398617,0.22435957178543,0.449742948657233
"YIR041W",26.4993512363018,0.698608736564436,0.574789936003175,1.21541574200523,0.224207566993067,0.449742948657233
"YLR251W",261.936113162889,-0.221484066070172,0.18228083303836,-1.21507051717041,0.22433919721173,0.449742948657233
"YMR020W",915.430109229574,0.171714807644472,0.141198395133764,1.21612435808352,0.223937552905864,0.449742948657233
"YMR316W",731.352134796587,-0.375233171343816,0.308713897313935,-1.21547223694383,0.224186031387171,0.449742948657233
"YNR023W",344.689888414825,0.187118336226215,0.154003341181467,1.21502777011654,0.224355500009153,0.449742948657233
"YOR192C-C",24.529825060936,-0.535520190721703,0.440634335992259,-1.21533922116117,0.22423673873828,0.449742948657233
"YMR088C",869.993734908875,0.154412301600483,0.127111726830974,1.21477620869562,0.224451457223169,0.449780535002441
"YPL148C",121.684227789776,0.281288325284507,0.231712114160297,1.21395606053602,0.224764503526193,0.450261138985697
"YJR136C",219.336702650411,-0.237096768918492,0.19540592054412,-1.21335509312247,0.224994087632255,0.450574288159677
"YJL192C",1074.10757082159,0.197622262536829,0.162899018146157,1.21315809503233,0.225069382117914,0.450578352872777
"YOR112W",539.816193388867,0.172143874639538,0.141953626338091,1.21267683736056,0.225253398923626,0.4508000011
"YDR524C",443.428288601175,-0.235402945064673,0.194162858040509,-1.21239946424542,0.225359505905822,0.450865634782305
"YDL111C",531.448281547147,-0.24495222078889,0.202250954683596,-1.21113010898809,0.225845543564994,0.451691087129988
"YER089C",2018.10708151969,-0.299785704770637,0.247716464793366,-1.21019692825305,0.226203336520511,0.451990416465461
"YER177W",11820.415155103,-0.201934777024326,0.166865529189317,-1.21016472368731,0.226215691362714,0.451990416465461
"YLR110C",98507.1482863392,-0.34914158287865,0.288501879488533,-1.21018824382573,0.226206668135134,0.451990416465461
"YGL057C",131.0942204245,0.25761557658812,0.21295172959269,1.20973695344413,0.226379845257628,0.452024691017667
"YMR075W",269.723783434937,0.338361647355528,0.279696012529172,1.20974784122186,0.22637566609389,0.452024691017667
"YJL127C-B",296.141508225459,0.210392327673097,0.174114312864786,1.20835745328119,0.226909797887934,0.452935818568904
"YEL075W-A",11.4002808851114,-0.743611233042885,0.615760154940083,-1.20763129455046,0.227189116213151,0.453293760184379
"YGL031C",7027.62528303466,-0.22554678341126,0.186786974640797,-1.20750809228,0.227236530511941,0.453293760184379
"YIR036C",1027.64865295126,0.308721843886627,0.255717524731721,1.2072768349002,0.227325548784322,0.453324294754728
"YFR048W",384.673494669301,0.190447670945104,0.157898824953562,1.20613735410073,0.227764533969019,0.454052474524949
"YGL087C",462.970674977717,0.201907570208877,0.167565259182375,1.20494887301863,0.228223039770102,0.454739036723239
"YOR308C",133.117798976494,-0.276428457710616,0.229427599626752,-1.20486139488156,0.228256814043031,0.454739036723239
"YCL061C",372.247998360735,0.294356294533838,0.24445331497056,1.20414114477968,0.228535029410807,0.45499852084055
"YHR116W",272.349150818323,-0.302059882280198,0.250846206894631,-1.20416364281354,0.228526335306979,0.45499852084055
"YPL098C",680.268289329499,-0.24587533879301,0.204289657849843,-1.20356234075116,0.228758782485614,0.455296605917969
"YJL043W",53.7760280863598,-0.514646431336084,0.42787596183618,-1.20279351316568,0.229056235665671,0.455741135342568
"YGR270W",1455.86539671105,0.243306291314333,0.202404258914639,1.20208088811483,0.229332190291427,0.456142616524021
"YNL331C",227.141601804599,0.235127377357702,0.195652402589012,1.20176074633549,0.229456237943403,0.456241792225002
"YDR195W",280.211845224612,0.27760910922729,0.231082188924281,1.20134360211663,0.229617943454377,0.456415757027932
"YOR174W",474.245254243735,0.171126420938571,0.142501184891302,1.20087717915542,0.229798847802952,0.456627758962247
"YBR292C",12.8910749998204,0.706642807180228,0.588667192541991,1.20041139736154,0.229979604618768,0.456839330880304
"YOR321W",910.945452087198,0.145322708994707,0.121236155982077,1.19867466777972,0.230654471887066,0.458031967098953
"YGR039W",12.6863303051803,0.690675896265234,0.57702376104943,1.19696266061749,0.231321108883506,0.459207495039884
"YBR012C",43.0657647210456,-0.430099943751626,0.35955338633525,-1.19620607146945,0.231616152133032,0.459348382979087
"YCL067C",118.469789473379,0.352246591693546,0.294426283586813,1.19638297030531,0.231547143861274,0.459348382979087
"YDL225W",854.746936117435,0.198886859789306,0.166225771449752,1.19648630928103,0.231506838063059,0.459348382979087
"YGL176C",292.492352115205,0.191136048553779,0.159915050869242,1.19523489199316,0.231995269645684,0.459951936918426
"YIR014W",104.610764049705,0.276385317118011,0.23134392657456,1.19469450186294,0.232206411389837,0.460222181774895
"YIL139C",174.772474047661,0.251890030609979,0.211007665063004,1.19374824859925,0.232576460812154,0.460658690497504
"YPR130C",9.04609253166829,0.933303427310628,0.781737442101769,1.1938834921369,0.232523545771688,0.460658690497504
"YCL005W",600.314608935782,-0.291756457524018,0.24461974982283,-1.19269379408379,0.232989317004325,0.461267463410158
"YJL083W",341.936655109963,0.254273670484283,0.213213056576048,1.1925802038938,0.233033822571603,0.461267463410158
"YGR076C",231.100203515635,-0.238238085688299,0.199817214089119,-1.19228008845146,0.23315143927142,0.4613517862031
"YMR284W",327.353672992629,0.32545176870894,0.273336333333865,1.19066413432648,0.233785463169319,0.462457574297623
"YLR118C",520.893039831805,0.186701138346586,0.156938187459877,1.18964760182615,0.23418492801896,0.462975033294426
"YLR400W",21.6898906760811,0.52971586975918,0.445283321953021,1.18961533846773,0.234197614403083,0.462975033294426
"YLR052W",500.209767690787,-0.169296426518658,0.142335631387943,-1.18941704805617,0.234275595538376,0.462980370360222
"YNL200C",793.17152516204,0.20290073827478,0.170660793581147,1.18891242690902,0.234474129506468,0.463223866516152
"YPR116W",33.2339025205725,-0.455045322461071,0.382925044765262,-1.18834045639407,0.234699304913849,0.463519821843343
"YHL049C",60.7567438682797,-0.320547006008569,0.270065890842711,-1.1869214768601,0.235258595001865,0.464475235717969
"YDR148C",1446.07265760753,-0.174632265729834,0.147258352701047,-1.18589039281432,0.235665587658942,0.464980225891079
"YPL063W",1672.49480638678,0.166480843098822,0.1403758321637,1.1859651375365,0.235636067454689,0.464980225891079
"YOR354C",610.276400583154,-0.171903858477742,0.144997559740413,-1.18556380387021,0.235794603681402,0.465085571725665
"YDR246W-A",77.2600231108025,-0.471372243410199,0.397668076125411,-1.18534092050563,0.235882680432201,0.465110126533516
"YNL293W",805.81162285354,-0.176581629593434,0.14904645831055,-1.18474220451125,0.236119390074894,0.465427643897627
"YJR132W",542.88242333292,-0.198468359645238,0.167685338592222,-1.18357610338179,0.236580904501778,0.466187940623498
"YLR094C",571.693034785739,0.257330937509508,0.217504885680557,1.18310417122051,0.236767864926124,0.466406908807067
"YMR294W-A",91.5697746755798,0.52179272761536,0.44124133700847,1.18255631068705,0.23698503606833,0.466685229529371
"YLR292C",612.798844334829,-0.184217001294559,0.155839009285978,-1.18209812895117,0.237166766734014,0.466893602885462
"YNL314W",256.199241140351,0.242142336652116,0.204902055813605,1.1817467408545,0.237306206068645,0.467018613543093
"YCR044C",892.713497830164,0.238612265934689,0.20198429834818,1.18134066799277,0.237467417782374,0.467186378554575
"YHL002W",851.109692658017,-0.19248880819693,0.163583823996504,-1.17669830362349,0.239315945183063,0.47054800548246
"YHR103W",839.322710575785,0.189895552592208,0.161384512810226,1.17666527776125,0.239329131894168,0.47054800548246
"YBR090C",19.4779812588817,0.522980020771862,0.444808939421459,1.17574080559639,0.239698467157938,0.470979880093174
"YGR021W",760.206378578898,-0.378157413710825,0.321635702818082,-1.1757320794847,0.239701955234412,0.470979880093174
"YBR047W",103.460196789361,-0.427026581386452,0.363317994657718,-1.175352136876,0.239853863866765,0.471127838639605
"YER023W",2743.85625203016,-0.271579520396092,0.231288003288337,-1.17420495890366,0.240312940254515,0.471583028306992
"YER147C",518.156696965463,0.298014008601446,0.253720086562418,1.17457790843111,0.240163625858223,0.471583028306992
"YNL173C",2215.83785959295,-0.171805681045502,0.146317444540349,-1.1741982070916,0.240315644018555,0.471583028306992
"YJL130C",4833.55104059116,0.183197816542032,0.156061966914443,1.17387868526907,0.240443621085838,0.471683658589443
"YGL262W",9.28392715649964,0.797728342460056,0.68021654421504,1.17275645416802,0.240893485234222,0.472134580776872
"YJL062W",962.659236921445,0.189487477912825,0.161536967064408,1.17302857269366,0.240784347800059,0.472134580776872
"YKR043C",2986.7977615596,-0.254872868958284,0.217332807365509,-1.1727307627773,0.240903790972004,0.472134580776872
"YJR034W",293.637698738156,-0.261011394171624,0.222650303376436,-1.17229300932202,0.24107943729649,0.472328301807396
"YDR159W",565.497936147235,0.221864314293738,0.189294733550565,1.17205751122745,0.241173966994544,0.472363024527531
"YIL086C",27.8717743783942,0.495225260593496,0.422821873145477,1.17123850975209,0.241502920037104,0.472856720225466
"YJR058C",672.579130205181,0.25124462387634,0.214693479490107,1.17024804140788,0.241901164744908,0.473485729847609
"YLR443W",528.786009055259,-0.20316743155182,0.173656897865473,-1.16993585656015,0.242026782868202,0.473580882799695
"YDR182W-A",22.9801640540282,0.494687705880981,0.423203325353837,1.16891261538972,0.242438840254974,0.473870358394893
"YDR230W",23.4698790057309,0.571992752934389,0.489152554818249,1.16935452406442,0.242260823933314,0.473870358394893
"YJL199C",184.556380870686,0.254179467166642,0.217544317036197,1.1684031586279,0.242644181459529,0.473870358394893
"YLR146C",441.761814717294,-0.217281052696655,0.18597522877704,-1.16833329968448,0.242672348277094,0.473870358394893
"YMR052W",79.2242690251978,0.366655450998127,0.313806662523971,1.16841193889604,0.242640641456813,0.473870358394893
"YNR024W",83.3173030072395,-0.28722560790408,0.245667130989109,-1.16916580068179,0.242336837082676,0.473870358394893
"YOR335C",3394.08309452639,-0.214723137821254,0.18380214161422,-1.16822979283851,0.24271408600714,0.473870358394893
"YGR285C",7461.99253891275,-0.208561584262084,0.178615485590396,-1.16765678839494,0.242945233582034,0.474020681005554
"YPR016W-A",87.0261699784472,-0.293561113708784,0.251373824260417,-1.16782689913116,0.242876595483313,0.474020681005554
"YER099C",806.950947074572,-0.249644655586518,0.214040234844561,-1.16634452287821,0.243475178849763,0.474904012028557
"YOR150W",485.992496045271,-0.213949269861897,0.183494158804193,-1.16597319095156,0.243625284856078,0.475046132487279
"YGR093W",370.42375706545,0.177129929990408,0.151992356341746,1.16538709086226,0.243862340318609,0.475357652285086
"YOR098C",891.104469790202,-0.187321906135202,0.16079212724053,-1.1649942652664,0.244021314169434,0.475516819436634
"YLR284C",357.695132791616,-0.229010636381595,0.196632577549707,-1.16466273918269,0.244155537145778,0.475627669764502
"YBL071C",60.5333189814157,0.31890811356258,0.273933646991929,1.16418014750841,0.24435101378957,0.475857737430607
"YPL261C",17.6423148255489,-0.643171659965493,0.552580162000705,-1.16394272576993,0.244447223200635,0.475894404141787
"YGL181W",1910.62245536164,0.21277443990685,0.182890505340914,1.16339795502359,0.244668078863386,0.47617363449678
"YGL206C",2091.10253289941,-0.232745298061702,0.20012587084658,-1.16299455476263,0.244831711706817,0.476341356215414
"YDR493W",176.812657360948,-0.224699302334694,0.193568524478686,-1.16082561945362,0.245712822058879,0.477904445180932
"YDR454C",1830.82431262894,-0.174656044356119,0.150511795409727,-1.16041433085471,0.245880154825057,0.478078707611161
"YER152C",1360.09708197577,0.266321707792069,0.229629610857892,1.15978817713054,0.246135058849601,0.478142606342756
"YJL014W",3185.91846619357,-0.163654513985542,0.141110590677895,-1.15976067564699,0.246146258809946,0.478142606342756
"YJL079C",2397.42900751097,-0.312221279003505,0.269187769850534,-1.15986428052383,0.246104067656805,0.478142606342756
"YGR251W",167.90805184265,-0.265051164027944,0.228769822459922,-1.15859321469019,0.246622035982168,0.478915541929375
"YDL099W",1183.13398456121,0.189257447416517,0.163412870506761,1.15815508796589,0.24680075261707,0.479111309531245
"YMR037C",862.388353676092,0.193864414238847,0.167474503861653,1.15757568924637,0.247037234925272,0.479419057996347
"YDL108W",335.512659985656,-0.19569599337342,0.169132508716112,-1.15705723789561,0.24724897599291,0.479678612730725
"snR19",133.404585958597,0.384747868900578,0.332820928310982,1.15602065907669,0.24767270684256,0.480349147613291
"YJL216C",180.114345035831,-0.252006257601662,0.218122264763123,-1.15534403549007,0.247949569877746,0.480734506541028
"YDR337W",472.280007255875,0.160782295989546,0.139243739026274,1.15468240880265,0.248220505805069,0.481108134478781
"YLR342W-A",75.9636900215536,1.27234989119182,1.10282516758927,1.15371858440003,0.248615562146037,0.481722024952151
"YMR096W",366.939362656194,-0.219411640068757,0.190211773897459,-1.15351240132506,0.248700130386072,0.481734110826565
"YBL058W",2677.43813817798,-0.158685931629959,0.137623561550819,-1.15304334404514,0.248892594288749,0.481903686348964
"YFL019C",19.5275693607211,0.740572804847838,0.642346941316812,1.15291714992783,0.248944392118806,0.481903686348964
"YGR005C",1327.23689125826,0.131978683693087,0.114536525249024,1.15228468304011,0.249204108990925,0.482102947560299
"YPR046W",162.622067887304,0.240298162459836,0.208509845080439,1.1524547551562,0.249134251786455,0.482102947560299
"YPR183W",3356.22611313964,-0.327498607450132,0.284317045780177,-1.15187820185548,0.249371126803064,0.482274349005925
"YNL283C",1685.73995115018,0.312287049809726,0.271315747892682,1.15100967133412,0.249728256786837,0.482661464248601
"YOR346W",546.497909206413,0.27024110153506,0.234782644705699,1.1510267374056,0.249721235970049,0.482661464248601
"YKL092C",378.655031035859,0.275815688582715,0.239830392593353,1.15004476955669,0.250125432398058,0.48327722565129
"YJR149W",136.390711512114,0.240039499173357,0.208811962390939,1.1495486006877,0.250329838512617,0.483520259689886
"YJL146W",432.020805294002,0.190348357522499,0.165642644513263,1.1491506796564,0.250493853846638,0.483685149499788
"YDR060W",956.616581370968,-0.277545371728311,0.241772628718062,-1.14796026828978,0.250984966255598,0.484329319884508
"YKR050W",795.501845895519,-0.217278650979352,0.189263991677126,-1.14801896046881,0.250960736654979,0.484329319884508
"YGR228W",8.32611612492966,1.01243773905171,0.882288073475306,1.14751379905176,0.251169333378489,0.484373164374629
"YJL061W",495.045428638452,-0.243107331998505,0.211889054399753,-1.14733313000611,0.251243966561799,0.484373164374629
"YMR027W",1606.61630740832,0.184151853111604,0.160464405305924,1.147618082406,0.251126261659597,0.484373164374629
"YMR275C",1034.84936232425,0.145083571332186,0.126481149947623,1.14707663072534,0.251349951287869,0.48442563472905
"YBL107W-A",10.0601465351382,0.700268716708267,0.610644974166755,1.14676898416106,0.251477111053252,0.48451886998042
"YPR118W",1261.73877999982,0.184791535088136,0.161182875837594,1.14647126208574,0.251600211444728,0.484604228119348
"YKR037C",190.45863887238,0.22875839483707,0.199676672582735,1.14564406486834,0.251942456738132,0.48495965851002
"snR46",54.7715863441472,0.350095026269919,0.305575668924605,1.14569012481258,0.251923391326481,0.48495965851002
"YLR352W",475.9187454674,0.181100696313168,0.158132743477878,1.14524476291341,0.25210778039457,0.485031070958739
"YNL045W",1271.23534956935,-0.147227957160388,0.128576158577986,-1.14506420777138,0.252182560769047,0.485031070958739
"YNL049C",693.976921233501,-0.186080346667364,0.162537337263911,-1.14484677674537,0.252272634519727,0.485031070958739
"YOL063C",554.130493521622,0.150707219715373,0.131667745467249,1.14460241709584,0.252373890580157,0.485031070958739
"YOR117W",2891.63666719762,0.139874979840935,0.122198158024603,1.14465702349436,0.252351260701129,0.485031070958739
"YHL046W-A",9.25434688496704,-0.740275977235159,0.647510182980064,-1.14326538283638,0.252928423119561,0.485805156476519
"YNL306W",1163.6347801766,-0.176843154826765,0.154684536841138,-1.14325037549412,0.252934652201271,0.485805156476519
"YOR026W",271.551727851705,0.182305213189962,0.159512784484199,1.14288778657751,0.253085184085702,0.485942517054969
"YJL059W",265.728882962707,0.179887011915772,0.157459279417032,1.14243512723909,0.25327319704214,0.48600716000251
"YLR115W",474.124599223246,0.176002476986845,0.154060258375227,1.14242620934839,0.253276902082609,0.48600716000251
"YGL198W",694.890116380547,0.265707923261772,0.23268314676759,1.1419302470031,0.253483014782309,0.486205021122585
"YOL107W",221.883807383757,0.265420816688633,0.232458712561581,1.14179767135345,0.25353813052685,0.486205021122585
"YGR019W",1692.66001959063,-0.224243028236512,0.196434456635365,-1.14156666848305,0.253634185406954,0.48623760606383
"YNL272C",735.181211578079,0.194940449042198,0.170865998710719,1.1408966705672,0.253912925112958,0.486620283404391
"YGR279C",5276.74745693965,-0.305491818992853,0.268140646614978,-1.13929694303866,0.254579322995872,0.48774543190798
"YNL336W",557.128004932194,0.328048116438972,0.287988882212731,1.13909993301981,0.254661475447863,0.487750879478155
"YER077C",379.40685553305,0.180911998700783,0.158923871290893,1.13835635409135,0.254971711256081,0.488041090639557
"YGL061C",182.876882643478,0.212122087625213,0.186332500294223,1.1384062752889,0.254950874920788,0.488041090639557
"YNL176C",1132.78732595688,-0.288907969199658,0.254007922644493,-1.13739747245605,0.255372163438991,0.488655508758492
"YDR440W",385.572296957367,-0.187527471485507,0.165016007415,-1.1364198808537,0.255780879213981,0.489133211183453
"YPR072W",1213.26755536093,0.252630693313284,0.222272129812885,1.13658286140487,0.255712708037713,0.489133211183453
"YBR228W",316.809672775159,0.180361854015858,0.158891406281071,1.13512655112893,0.256322298296024,0.490016205943596
"YGL184C",199.373856010699,-0.502404927582496,0.442768502425072,-1.13468985447427,0.256505289692002,0.490213651835243
"YML119W",427.409357435327,-0.216363861164849,0.190752204305556,-1.13426663640682,0.256682719623155,0.490400349699411
"YCR036W",789.614940160497,0.193336756767402,0.170601752086652,1.13326360604552,0.257103570282459,0.491051850073641
"YGL189C",12479.6390526986,-0.180808803459606,0.159791241206587,-1.13153137865577,0.257831504009813,0.492289273412092
"YDL103C",758.222278985167,0.184730326317097,0.163390708364587,1.13060484385008,0.258221447851498,0.49288078966068
"YOR013W",52.0072571805165,-0.37747920811688,0.333947179058659,-1.13035603169618,0.258326233188472,0.492927810769191
"YJL211C",69.7262528093399,0.561162635089831,0.497953246852335,1.12693839961293,0.259768526536995,0.49506552159979
"YLR210W",168.940097426801,0.262300023391867,0.232652530507684,1.12743249694937,0.259559665806662,0.49506552159979
"YLR378C",2639.44370768046,0.182741359852891,0.162116947793651,1.12721934591004,0.259649752980571,0.49506552159979
"YOR137C",509.468696181108,0.176109669977116,0.156249946570238,1.1271022732667,0.259699242332186,0.49506552159979
"YGR058W",187.994702223311,0.221414492052008,0.196542191695569,1.12654941995846,0.259933034630568,0.495225577130729
"YIL142W",3693.62671827115,-0.285916636602152,0.254075256138133,-1.12532263451388,0.260452341647506,0.496061288675182
"YNR054C",217.862866703771,-0.255549256081411,0.227131197993138,-1.12511736978172,0.260539301725838,0.496073283471797
"YIR002C",570.603937887249,0.195763307950697,0.174124882141809,1.12426957906719,0.26089867972464,0.496603800775778
"YKL166C",252.034204638485,-0.233948979041346,0.20817552090051,-1.12380638237074,0.261095173303435,0.496824045735187
"YFL062W",318.473927826755,0.333750255837659,0.297285532605924,1.12265892292873,0.261582380000525,0.496890622690012
"YGL208W",631.63576632547,0.236562833841863,0.210615382253147,1.12319827408203,0.261353295443283,0.496890622690012
"YGR165W",406.91490210884,-0.188730959793876,0.168122157668672,-1.12258230807279,0.261614932726871,0.496890622690012
"YHR001W-A",346.696115435406,-0.234729628024528,0.20907302475392,-1.12271599026611,0.261558134597995,0.496890622690012
"YML036W",188.766430569211,-0.232180779552961,0.206728459957231,-1.12311957241396,0.261386714624217,0.496890622690012
"YMR181C",709.980562539313,0.196851105645351,0.175333901183692,1.12272130099425,0.261555878382116,0.496890622690012
"YAR064W",28.6525226736964,-0.500664990556706,0.446122015086898,-1.12226021945853,0.261751814914158,0.496912304850058
"YDR032C",3825.23896835165,0.185463735239261,0.165271636488329,1.12217522122955,0.261787945969787,0.496912304850058
"YKL151C",1647.07657276543,0.221541205567033,0.197538400283299,1.12150956598469,0.2620710219549,0.497296138544472
"YLR277C",424.376347299842,0.181959423103506,0.16248394535647,1.11986093582544,0.262773027270524,0.498338703544979
"YNL218W",307.756252765177,0.223919610852155,0.199957022278523,1.1198386948384,0.262782506601035,0.498338703544979
"YML132W",600.123046844487,0.283594764356682,0.253418950065822,1.11907481379361,0.263108223637331,0.498802581803202
"YCL039W",1152.30721909431,0.205049060206833,0.18330873715647,1.11859949169693,0.26331104042243,0.499033250723557
"YBR111W-A",271.916572155397,0.258761034704823,0.23168020963189,1.11688881461201,0.264041867743549,0.500264167166613
"YJR118C",477.958584631145,0.28915665545059,0.258961708506805,1.11660004530358,0.264165372258772,0.500265555779592
"YMR246W",5516.51252651999,-0.250486255751263,0.224348181486896,-1.11650673560683,0.264205288645872,0.500265555779592
"YEL006W",507.361767640036,-0.175746213110907,0.157501833711805,-1.11583598088443,0.264492349127589,0.500519266085058
"YPL049C",2630.16930271288,-0.266972268992987,0.239262486226433,-1.11581331952026,0.264502051183161,0.500519266085058
"YBR120C",171.716994302179,-0.335362963096081,0.300706765323697,-1.11524914557568,0.264743671197037,0.500822386300147
"YOR203W",35.7677128000782,-0.44001698497715,0.394619871793631,-1.11504010930108,0.264833234231882,0.500837758464353
"YOR069W",609.787503353229,0.243948619010172,0.21900266191881,1.11390709534211,0.265319045172181,0.501602252631083
"YBR159W",1848.89834737943,0.158908845757739,0.142795175978232,1.11284463686618,0.265775160900536,0.501708138929101
"YDR320C-A",252.404424354172,0.247708789009084,0.222585277215402,1.11287139970794,0.265763664929989,0.501708138929101
"YIR022W",1108.28244202425,0.14612180377389,0.131306903586369,1.11282651393707,0.26578294579366,0.501708138929101
"YIR026C",762.813483841005,-0.22617998852313,0.203127413034975,-1.11348825421306,0.265498790153303,0.501708138929101
"YLR183C",284.495153815737,0.203559447404722,0.182850306549721,1.11325734829637,0.265597918901403,0.501708138929101
"YGL195W",3625.05048304631,-0.181411607821201,0.163122694641637,-1.11211752736026,0.266087621589789,0.502035399444135
"YJL185C",183.732381315333,0.20545454332333,0.184754102884508,1.11204319750216,0.266119577591525,0.502035399444135
"YPR086W",1114.87392611891,-0.170679492962463,0.153555892733629,-1.1115137942543,0.266347255822132,0.502180094132484
"YPR178W",424.73896208638,0.186768018893007,0.168034654026351,1.1114851277268,0.266359588139864,0.502180094132484
"YJL015C",23.1086429545125,-0.469353909493839,0.423071285683734,-1.10939675032614,0.267259063653016,0.503721496005531
"YBR088C",97.0276584339539,0.270474892028474,0.243956553500759,1.10870107052743,0.267559159947357,0.504132608356693
"YDL145C",3857.44361319576,-0.166384806482396,0.150226879231868,-1.10755683226029,0.268053255141372,0.504908887938573
"YAR002C-A",1690.86858683149,0.15344705084785,0.138707357204904,1.10626468516138,0.268611972363115,0.505628929923247
"YHR182W",227.847333005837,0.222465720856585,0.201078954571512,1.10636004315144,0.268570712786356,0.505628929923247
"YPL096W",522.682221503365,0.183037758747441,0.16547992943525,1.10610247038485,0.268682169591735,0.505628929923247
"YKR030W",425.437252960513,0.259811916786525,0.235012260289957,1.1055249477877,0.268932190423573,0.505944622546643
"YFR016C",1425.67042821938,0.227451505139388,0.205841885484395,1.10498164454791,0.269167542794645,0.506232534613782
"YKL003C",392.187975298186,-0.177186123302953,0.160592645475223,-1.10332651148891,0.269885397537896,0.507427451806195
"YBL034C",243.050962644289,0.204462284724952,0.185523026338445,1.10208575593175,0.270424391325939,0.507839829611397
"YBR001C",901.762414871934,0.157121067365253,0.142524085998264,1.1024176458649,0.27028014352946,0.507839829611397
"YDL109C",188.405222882003,-0.251457908760892,0.228170532158411,-1.10206128014074,0.270435031215825,0.507839829611397
"YDR251W",2434.30893292754,0.123557015205125,0.112104882031334,1.10215552584579,0.270394063168186,0.507839829611397
"YER173W",256.694337809864,0.204833086372839,0.185926373868075,1.10168924457258,0.270596794420236,0.507988487693666
"YHR034C",361.516384550392,0.226863131269853,0.205962018044958,1.10148042548472,0.270687619217152,0.508003923767313
"YLR186W",669.831341255,-0.235520823442678,0.214034928895215,-1.10038499163836,0.271164414877492,0.508743487338797
"YPL115C",673.556093482908,-0.169459603421597,0.154051153072712,-1.10002164892341,0.271322689474887,0.508885190689404
"YLR093C",1426.16359430431,0.147378656326105,0.134138353953301,1.09870631316539,0.271896187975606,0.509805352454261
"YOL004W",2471.46960706339,0.170946182228542,0.155698373163958,1.09793171729886,0.27223430692461,0.510283751169263
"YDR188W",4080.02713950202,-0.243104739862381,0.221470683420594,-1.09768361260123,0.272342667967145,0.510331324801323
"YHR039C-A",2768.36028921152,0.1614718148943,0.147130677501496,1.09747210871546,0.272435066716034,0.510348967500338
"YKL089W",182.682358653052,0.195529578319948,0.178254411790111,1.09691298159945,0.272679433364644,0.510651192202364
"YMR288W",372.530604008681,-0.198270544327004,0.180870132303165,-1.09620389946237,0.272989553518006,0.51100169444191
"YPL259C",687.328794214015,0.209608666976724,0.191230442761506,1.09610511773034,0.273032775274165,0.51100169444191
"YLR294C",269.794087440537,0.271604158039818,0.247882645214368,1.09569654545576,0.273211594996012,0.511180805970634
"YDR403W",57.7608099416927,0.297757998530633,0.272094206430752,1.09431950954241,0.273814871689016,0.511998011823488
"YJL046W",217.272361600844,-0.27624517129093,0.252408934339305,-1.09443499697829,0.273764241926014,0.511998011823488
"YPL155C",513.1357803966,0.200205489508814,0.183164544291559,1.09303626574218,0.274377877173698,0.512894815993387
"YAR020C",45.2380281325533,0.347586095290406,0.318171839492431,1.09244770324394,0.274636365167726,0.51306611354238
"YNL254C",152.579845059461,-0.27964717513819,0.25597716798949,-1.0924692125263,0.274626915680428,0.51306611354238
"YDR016C",342.08036792692,0.181191851923696,0.165940246822641,1.09191022306575,0.274872563793912,0.513351432533421
"snR62",31.1231903017317,0.401967856107133,0.368399880139361,1.09111831403168,0.275220825240981,0.513845803045547
"YMR287C",287.921721735355,-0.172345507737997,0.158155675296833,-1.08972066550589,0.275836210069736,0.514838449750797
"YJL225C",1110.55653455052,0.258517644827865,0.237548988087239,1.08827087376573,0.276475544682593,0.515875181977532
"YJL121C",1453.67515920025,-0.225807911882437,0.207663871003873,-1.08737215959065,0.276872369879975,0.516458924707869
"YIL041W",2673.07575491707,0.208081508549466,0.191517548885152,1.08648794724418,0.277263170469034,0.516874355375739
"YOL147C",467.870882861667,-0.261690540885111,0.240842274111446,-1.0865639840455,0.277229549271021,0.516874355375739
"YMR292W",304.636549727161,0.371428713821759,0.342328876163274,1.08500550109774,0.277919218820836,0.517940362347922
"YAR031W",207.992867001309,-0.236924912189389,0.218404369730175,-1.08479932192792,0.27801054592142,0.517953607215005
"YOR142W",2336.35977259377,0.142218462550929,0.131124993102581,1.08460225000485,0.278097858060552,0.517959366163656
"YKR031C",888.947300235631,0.192496853794449,0.177574840105201,1.08403225186861,0.278350499131737,0.518116092512162
"YLR172C",1276.37466728244,-0.142165194639705,0.131134219705869,-1.08411972831026,0.278311716683078,0.518116092512162
"YLR014C",80.3145569280756,-0.260616248500231,0.240644053459237,-1.08299475824935,0.27881074967446,0.518815767170327
"YMR197C",999.327394148484,-0.180231810423251,0.166523746016805,-1.08231897692874,0.279110816510802,0.519217036158932
"YIL090W",464.49344026705,0.194159117108217,0.179458561403545,1.08191615707659,0.279289784843721,0.519392856603835
"YBR095C",408.603032744422,0.166087363559721,0.153549643692583,1.08165254940115,0.279406945002167,0.519453661355298
"YLR425W",495.149585031216,0.225428818388759,0.208456983773785,1.08141648366836,0.279511892529707,0.51949173135621
"YPL023C",1355.95786876513,-0.136755825361947,0.126509139566697,-1.08099561684117,0.279699063381508,0.519682549787394
"YDL170W",422.43779865823,-0.293316299356187,0.271400936629065,-1.08074903130152,0.279808766205238,0.519729360363097
"YIL031W",516.995715663093,0.199340430673186,0.184480428313639,1.0805505629805,0.279897083517582,0.51973643225638
"YOR035C",820.674509964268,-0.212801201406673,0.197050621181934,-1.07993164462139,0.280172620429519,0.519934102486886
"snR77",10.6863759645091,-0.644950663098276,0.597185035247522,-1.07998463630448,0.280149021795419,0.519934102486886
"YDR363W",329.942925086391,0.235390166226588,0.21805372721699,1.07950535508318,0.280362507857395,0.520129539463945
"YAR018C",347.019310215175,0.188662633783714,0.174831353766879,1.0791121255932,0.280537746436624,0.520297690164427
"YPL087W",1197.92074730259,-0.302796895540756,0.281087504139613,-1.07723356990768,0.281375931432244,0.521694898495116
"YBL067C",807.326907131961,0.205305777873869,0.190802721284639,1.0760107428845,0.281922451874475,0.522008767765859
"YFL030W",348.288572890006,0.233729228747962,0.217239593541805,1.07590529395363,0.281969614067997,0.522008767765859
"YMR016C",1082.45217521985,-0.220347348382872,0.204787573238563,-1.07598007485631,0.281936167644564,0.522008767765859
"YMR161W",518.365225819468,0.177601838718106,0.165056782677448,1.07600448668124,0.28192524982151,0.522008767765859
"YOR245C",545.022109012423,0.173505260874389,0.161239827305311,1.07606950326146,0.281896173528829,0.522008767765859
"YKL191W",933.848403404121,-0.299257075630045,0.278386131997657,-1.07497120450154,0.28238762063622,0.522186920039468
"YLL013C",316.544365753764,-0.22139992070069,0.205999718430855,-1.07475836562856,0.282482925124808,0.522186920039468
"YOR109W",1100.43850372106,-0.167993097072383,0.156237631517084,-1.07524093549775,0.282266872450299,0.522186920039468
"YOR268C",15.742149090555,0.541579447819743,0.503750067061859,1.07509553493169,0.282331958337466,0.522186920039468
"YPL066W",481.286079031166,-0.223139350914468,0.207621375834037,-1.07474170238056,0.28249038747501,0.522186920039468
"YFR044C",2940.73428312722,-0.181338934427337,0.16876415411995,-1.07451096693466,0.282593732129928,0.522220989362697
"YER074W-A",524.23319822138,0.176445229554437,0.164275636455757,1.07408032841168,0.282786680400267,0.522232658055068
"YOL135C",277.280381179669,0.212374586159101,0.197754892487653,1.07392835387049,0.282854794143322,0.522232658055068
"YOR057W",382.747808491423,0.275975524981168,0.256903540391014,1.07423792043164,0.282716060690793,0.522232658055068
"YPL051W",323.153240280505,0.174862678477047,0.162867552988695,1.07364957149681,0.282979771020103,0.522306600172159
"YER107C",917.561396542839,-0.203996082843584,0.190107247894898,-1.07305789286037,0.283245141842073,0.52263955065369
"YDR056C",1352.26501772997,0.139998106771186,0.130539835699121,1.07245505574149,0.283515690635766,0.522981852852418
"YAL010C",343.16454759759,0.209633985954293,0.195637945518429,1.07154052041784,0.283926461321695,0.523111964388384
"YCL001W-B",20.4191749866359,0.640012620632274,0.597122406594173,1.071828177212,0.283797214611672,0.523111964388384
"YDR545W",2239.01914866654,0.251173692979741,0.234328623613696,1.07188652033315,0.283771005397846,0.523111964388384
"YLR451W",509.230518606627,0.154581334346862,0.144241287593753,1.07168576297122,0.283861197593908,0.523111964388384
"YGL150C",1521.83431651572,-0.152663478101065,0.142546820122126,-1.07097077276275,0.284182571534758,0.523427018550093
"YKL142W",1674.15635681301,0.205965585099192,0.192371816697182,1.07066403299298,0.28432052044837,0.523524311604035
"YGL026C",4320.34385875671,0.154486080844648,0.144379307683773,1.07000153500536,0.284618617776034,0.5239163422097
"YKR047W",63.6511306622238,0.459040686389645,0.429177720602982,1.06958181739888,0.284807583123743,0.524107311852489
"YDL147W",2394.17278755213,0.205960184322113,0.192731578978147,1.0686374563738,0.285233063777406,0.524636710780247
"YLR206W",2846.65832941218,-0.209001938285799,0.195591288071811,-1.06856466024736,0.285265879812869,0.524636710780247
"YDR441C",343.714668071846,-0.185306044621235,0.173504303687294,-1.06801987433817,0.285511546909874,0.524774660339427
"YKL208W",275.340568114495,0.241420113895722,0.226005555814077,1.06820433252679,0.285428350871362,0.524774660339427
"YDL226C",1311.39034755929,-0.153270370267459,0.143589766039311,-1.06741848319119,0.285782905749618,0.525021652212753
"YJL066C",337.532991091437,-0.174773335150338,0.163775086514945,-1.06715458907353,0.285902034676505,0.525021652212753
"YMR224C",398.773133710527,0.176552443557675,0.165439656949825,1.06717123821902,0.285894517811236,0.525021652212753
"YGR036C",307.457603144454,-0.209892497598834,0.196862973988029,-1.06618575015328,0.286339682439371,0.525668372239443
"YJL048C",683.029888906075,0.182087213499419,0.170851535443524,1.06576281580805,0.286530873838729,0.525862391557202
"YBR004C",534.02190906136,0.276303739732018,0.259410892430787,1.06512003849545,0.286821612348381,0.526238936737036
"YOR022C",267.907698167363,0.195107626863476,0.183368420691329,1.06401978120272,0.287319738539884,0.526995643310555
"YDR294C",1889.41387868736,-0.125360617396788,0.117867192230991,-1.06357515627514,0.287521201831379,0.527050787261693
"YIL061C",198.086310416908,-0.252422581999388,0.237327427022703,-1.06360476395862,0.287507783379704,0.527050787261693
"YGR120C",167.833899357259,0.206079928857069,0.193882258742582,1.06291277084141,0.287821510967968,0.527444068073004
"YDL224C",906.563971148635,0.134901665722277,0.12696597048491,1.06250253675894,0.288007606992083,0.527470751340473
"YMR060C",341.573754437463,-0.171489020036446,0.161392059326769,-1.06256169449597,0.287980766039987,0.527470751340473
"YEL076C-A",13.2477866426892,-0.636197832540813,0.599652254441859,-1.06094461886576,0.288715070258056,0.528609015209004
"YKL173W",573.960877592089,0.211387302900638,0.199389156539775,1.06017451785785,0.289065211645406,0.529092574886681
"YBR268W",716.350073766711,-0.273077142823739,0.257918089867441,-1.05877467906222,0.289702407968725,0.529793577606965
"YCR051W",2279.38173542231,-0.326825017394208,0.308659215205162,-1.05885391167399,0.28966631663512,0.529793577606965
"YKL004W",1220.47750360875,-0.169181992964531,0.159820308711729,-1.05857631191095,0.289792779686152,0.529793577606965
"YKL074C",293.587826489346,0.20773909702247,0.196229341707893,1.05865460901209,0.289757106979362,0.529793577606965
"YNL177C",856.001227806896,-0.150148700580647,0.141899408429513,-1.05813478887921,0.289993996016263,0.530003885735518
"YGL079W",230.945274439576,-0.173465045667019,0.163979134397661,-1.0578482823696,0.290124616606093,0.530085083816837
"YBL095W",188.200571998923,0.323410809551375,0.305894965464862,1.05726097538054,0.290392498292744,0.53041694817356
"YJR125C",1521.84623319702,-0.141328389856666,0.133709312997924,-1.05698239477799,0.290519622288336,0.530491590579949
"YKL139W",339.694712281968,0.178026850015327,0.168531458153589,1.05634195518017,0.290812014468965,0.530867880375226
"YOR374W",10986.2825656259,0.2302920737685,0.218246645960151,1.05519181179329,0.291337608281746,0.53166952253197
"YBL057C",995.065019020615,-0.239595096564827,0.227213047431559,-1.05449532618498,0.291656199330728,0.532093036453272
"YBL102W",885.641247607239,-0.146082693275775,0.13864801857764,-1.05362265378478,0.292055713288063,0.532112294449448
"YGL246C",450.326537679523,-0.14678457616492,0.139342369104885,-1.05340950572208,0.292153349420735,0.532112294449448
"YGR080W",702.959919590118,-0.151773451860862,0.144055398144839,-1.05357698368417,0.292076631416839,0.532112294449448
"YIL156W-B",471.265253094098,0.249442337259461,0.236811188579167,1.05333847930108,0.292185889163542,0.532112294449448
"YKL174C",640.362640679818,0.233632634147533,0.221641041739836,1.05410366380507,0.291835458947564,0.532112294449448
"YLR047C",184.357085392275,-0.243739397242114,0.231237090406803,-1.05406704786554,0.291852221448939,0.532112294449448
"YNL229C",1070.23573546117,-0.162535811881341,0.154344880407876,-1.05306901953482,0.292309360454562,0.53217956388264
"YDR275W",412.663699644251,-0.249926189383716,0.237386691843551,-1.05282308558573,0.292422082380456,0.532227228955254
"YCL065W",23.4198996056375,0.455278083591773,0.432889822021377,1.05171815189799,0.292928880392733,0.532991897756008
"YER035W",615.04307756851,-0.168342619575996,0.160099355392561,-1.05148842831517,0.293034321300501,0.533026050280415
"YPR002W",154.80329461745,0.322876384785253,0.307224932366824,1.05094460367475,0.2932840330897,0.533322532082097
"YPL239W",531.619400246922,-0.183440724849482,0.174648562873505,-1.0503420230394,0.29356089101069,0.533668187914793
"YKL132C",160.828423099775,0.242765306624227,0.231248975098702,1.04980057325923,0.29380981164379,0.533869641325864
"YPR058W",403.752053691089,-0.225566683549172,0.214882028265232,-1.04972335457832,0.293845322908626,0.533869641325864
"YMR019W",494.778918643042,0.160070201440062,0.152536659083319,1.04938840539721,0.293999392392914,0.533991808392328
"YDL205C",743.722262234494,-0.180573900255776,0.17210804687646,-1.04918917815268,0.294091058368397,0.534000593140137
"YER138W-A",33.5910032481183,-0.531093906380506,0.50651273655696,-1.0485302106925,0.294394390841703,0.534393596126468
"YDL049C",324.030799087297,-0.297198874308342,0.283840179578772,-1.0470641427489,0.295069995731063,0.535461927927423
"YDL076C",618.662683520802,0.168739056652298,0.161206747761428,1.04672452608508,0.295226648594481,0.535588167804146
"YPR087W",23.8022591355086,0.492275348041235,0.470576305700602,1.04611163392157,0.295509494502366,0.535943199996918
"YDL196W",19.8434224633876,-0.462102609548271,0.441846254235088,-1.04584480488185,0.295632691118289,0.535980808729416
"YNR032C-A",244.20121731485,0.181800188365358,0.173856803784631,1.04568923624391,0.295704533986815,0.535980808729416
"YER143W",1041.84992732625,-0.158380566328207,0.151516579414528,-1.04530188669915,0.295883465954575,0.536005874173057
"YMR274C",186.224154367595,-0.196152064674129,0.187654692705887,-1.04528195829113,0.295892673628866,0.536005874173057
"YDR102C",8.90112488839573,0.695444093388273,0.665540061168241,1.04493197925237,0.296054408374908,0.536140933894489
"YBL017C",2696.68209251265,0.166093329088289,0.159001603900206,1.04460159529292,0.29620714198898,0.536259618260886
"YLR234W",112.891820479533,-0.313541793025869,0.300425738889468,-1.04365822377565,0.296643544581892,0.536891641900716
"YGL023C",2109.37627268763,0.248815143624839,0.238452829760795,1.04345645163632,0.29673693994762,0.536902671573364
"YGL129C",483.096563701534,-0.177300553961231,0.170118543195928,-1.042217683213,0.297310766419259,0.537308614010709
"YMR069W",28.2609739576612,-0.481839596921828,0.462233403733198,-1.0424162187983,0.297218750215497,0.537308614010709
"YNL171C",8.90902961546122,0.737799271630134,0.707801686105405,1.04238134227934,0.297234913217963,0.537308614010709
"YNR036C",2311.3462031497,-0.281480880168289,0.270017486502972,-1.04245426403223,0.297201119389456,0.537308614010709
"YOL096C",497.599456811125,-0.152659216762797,0.146507936060207,-1.04198598975596,0.297418174532434,0.537344821790384
"YDL028C",363.472863940077,0.184497592149568,0.177299594264897,1.04059793771392,0.298062188755827,0.538350208766032
"YNR028W",557.091802419034,0.162867956459619,0.156660856630271,1.03962125551246,0.298515897737638,0.538976203670734
"YOL102C",281.687890386474,0.204555532778819,0.196817269278565,1.03931699453315,0.298657333612676,0.538976203670734
"YPR084W",350.965925885681,-0.155856101704548,0.149964576406618,-1.03928611302149,0.298671691399977,0.538976203670734
"YCR094W",459.261773018497,0.151157285351302,0.145604568469774,1.03813559519377,0.299206931770916,0.539783699146709
"YGL012W",4583.95997427691,0.164439367172171,0.158434383444121,1.03790202352237,0.299315671377871,0.539821518760677
"YDR258C",1441.77799540629,-0.28216379965682,0.272114429927423,-1.03693067556938,0.299768166533951,0.539846039292475
"YER128W",80.3455089079369,-0.266394251521925,0.25689164554501,-1.03699071628723,0.299740183794618,0.539846039292475
"YHL025W",2216.25797883476,0.309163521041992,0.297998771112018,1.0374657582926,0.29951884585493,0.539846039292475
"YML017W",579.760050608088,-0.184163572271779,0.177581832458509,-1.03706313715852,0.299706433445573,0.539846039292475
"YOR190W",104.260362065249,0.2403654788055,0.231801773841429,1.03694408727833,0.299761915685489,0.539846039292475
"YDL149W",390.322218133258,0.167254556273223,0.161461564784793,1.03587845501281,0.3002588501066,0.540413206952178
"YHR081W",520.706668459418,-0.153950642243941,0.148612033897277,-1.03592312282298,0.300238009224636,0.540413206952178
"YBL059C-A",200.889631506131,-0.18566967999179,0.17946309371262,-1.03458419305481,0.30086313913076,0.54118406132032
"YMR126C",242.437782138885,0.189078905271907,0.182746391182666,1.03465192416802,0.300831495495433,0.54118406132032
"YFL027C",303.070275110725,0.167321663416788,0.161923815294857,1.03333572712637,0.30144681328477,0.541485892158846
"YHL006W-A",35.0466380741863,-0.443747808650543,0.429217697309973,-1.03385254483129,0.301205102854691,0.541485892158846
"YKL130C",314.568003918716,0.171921780125347,0.16644453305632,1.03290734137344,0.301647262851415,0.541485892158846
"YMR146C",5532.81621772584,-0.214497980860567,0.207581647116413,-1.03331861867478,0.30145481694296,0.541485892158846
"YMR255W",627.4799636393,0.238306304738909,0.230662749610281,1.03313736241132,0.301539620751803,0.541485892158846
"YPL112C",508.728820919583,0.157408770087214,0.152380646785695,1.03299712534093,0.301605243934787,0.541485892158846
"YPR026W",731.819279379511,0.196311012213467,0.189934650738296,1.03357134388268,0.301336601689263,0.541485892158846
"YPL258C",157.283290170333,0.229689901886858,0.222426165055967,1.03265684515607,0.301764515739812,0.541538305164821
"YDR014W",123.973672448678,0.257612160819919,0.249866057546956,1.03100102250386,0.302540340302438,0.542456719423131
"YGL065C",392.424584881036,0.226149114800582,0.219278598174499,1.03133236295416,0.302384986879223,0.542456719423131
"YLR289W",233.182954032559,0.182075847338577,0.176633461038131,1.03081175145672,0.302629106396872,0.542456719423131
"YNL199C",718.335820475693,-0.166783321534089,0.161793369604389,-1.03084151063732,0.302615148512289,0.542456719423131
"YLR401C",630.711374545321,0.241107206998325,0.234139989131651,1.02975663359562,0.303124262784794,0.543038244156377
"snR61",20.58560690802,-0.540155972245447,0.524553576861221,-1.02974414067975,0.303130128811194,0.543038244156377
"YIL038C",841.738584588393,-0.164601766836542,0.15991741971508,-1.02929228804347,0.303342346137095,0.543260171445293
"YJR114W",18.6868402301178,-0.477026273731555,0.463575677336616,-1.02901488808088,0.303472678844222,0.543335363869567
"YAL013W",1450.07085685599,0.279201469924685,0.27149231563513,1.02839547878738,0.303763834418121,0.543698364863634
"YHR041C",764.347486449907,0.255190652197687,0.248568048961278,1.02664301894022,0.304588589488613,0.544887971265623
"YPL050C",1520.15251182038,0.152527044255145,0.148573971090202,1.02660676790111,0.304605665888002,0.544887971265623
"YLR006C",1035.43574247721,0.12699578126304,0.123774405836755,1.02602618372116,0.304879242225785,0.545218766992899
"YHR117W",724.842924684129,-0.139030099987889,0.135545165369979,-1.02571050474871,0.305028061330334,0.545250716089897
"YJR057W",298.243986919055,0.161167527848066,0.157142759566838,1.02561217769322,0.305074425051274,0.545250716089897
"YCR097W",210.811423135344,0.709579648989749,0.692013430445599,1.02538421621794,0.305181932702377,0.545284394572812
"YFL051C",92.7530351085213,-0.303116238426912,0.295929589083608,-1.02428499754134,0.305700681926858,0.546052626735457
"YOR269W",209.207093757841,0.231568170903971,0.226350589198009,1.02305088634604,0.306283786728435,0.546776571372969
"YPR191W",1399.25105485732,-0.174407951763103,0.170464999354964,-1.02313056887373,0.306246115310398,0.546776571372969
"YBR245C",924.326213312592,0.162350439062251,0.158837716689295,1.02211516537868,0.306726396252958,0.547407816876288
"YJR007W",1586.35373998989,-0.173566520623869,0.169888334842445,-1.02165060823531,0.306946295814247,0.547641345882686
"YDL053C",620.908013021462,-0.144028755855781,0.141135542048961,-1.02049954083016,0.307491606918367,0.548426747168739
"YJL065C",128.188542626654,0.237394576074036,0.232661079218647,1.02034503094065,0.307564853818696,0.548426747168739
"YIL023C",1165.71225294779,-0.294068323852071,0.288316443286348,-1.01994988735349,0.307752227972257,0.548601797689676
"YAL047C",215.226202255546,0.178287723826666,0.175006929042261,1.01874665650303,0.308323256285155,0.549380268536392
"YKR067W",1269.64447991565,-0.186187343766829,0.182777932453213,-1.01865329839251,0.308367591380102,0.549380268536392
"YPL067C",413.165081486271,-0.178809688646908,0.175582525259272,-1.01837975267112,0.308497520552002,0.549452577872809
"YJL171C",2338.14726126053,0.1494436468498,0.147081014102506,1.01606347876856,0.309599158995223,0.550936003420318
"YKL167C",266.250822538876,-0.251831581800227,0.247826465228254,-1.01616097202647,0.30955273809257,0.550936003420318
"YLR215C",185.249906097868,0.187500251860192,0.184532649901572,1.01608171757249,0.309590474334856,0.550936003420318
"YCR039C",170.937119850952,0.281523953075146,0.277436859392778,1.01473161746177,0.310233778288495,0.551174148403623
"YHL037C",16.3084524934815,0.563632955635061,0.555492680846438,1.01465415309563,0.310270715735503,0.551174148403623
"YHR159W",257.291263690777,-0.164887838108368,0.162408712840838,-1.01526473071651,0.309979651861299,0.551174148403623
"YNR039C",422.101892279609,0.150710539594533,0.148406172082934,1.01552743716287,0.309854474542932,0.551174148403623
"YNR055C",1239.81603469313,-0.146378822036927,0.144205378662013,-1.015071860669,0.31007157400423,0.551174148403623
"YOR067C",744.6393026677,0.146304584023593,0.144145134414474,1.01498107874325,0.310114847030474,0.551174148403623
"YEL012W",1029.37576414932,0.199159590070533,0.196384946442899,1.01412859629972,0.310521394420947,0.551300974506011
"YLR271W",251.374769625948,0.273292537968468,0.269443257534882,1.01428605216847,0.310446277516967,0.551300974506011
"YOR175C",1409.50802772956,-0.145487094573763,0.143554309793225,-1.01346378790941,0.31083868441155,0.551705024280241
"YHR058C",361.861111799305,-0.294159439652611,0.290428727314667,-1.01284553484925,0.311133947067675,0.552069756049106
"YGL140C",973.564855697625,0.191184719698571,0.188822582771571,1.01250982214271,0.31129435278859,0.552195059027928
"YBR246W",738.218453388296,-0.146359796673444,0.144654515045992,-1.01178865123504,0.311639117352614,0.55246342205717
"YDR043C",201.779735773978,0.203797343154265,0.201517415269872,1.01131380075186,0.31186626283151,0.55246342205717
"YDR067C",398.966910464605,-0.238535871021833,0.235732838609935,-1.01189071674709,0.311590308399749,0.55246342205717
"YHL010C",411.693098530532,0.179777221139033,0.177809501827595,1.01106644634406,0.311984628423504,0.55246342205717
"YLL018C-A",409.351976717456,-0.249386443997722,0.246619441642799,-1.01121972516234,0.311911276987478,0.55246342205717
"YNL167C",997.735336567516,0.125638390049285,0.12423991797195,1.01125622183404,0.311893813214879,0.55246342205717
"YEL013W",846.125788624749,-0.201303003434177,0.199347444855653,-1.00980980007013,0.312586423999162,0.552922822314159
"YHR218W-A",97.7249904424181,0.260671521324365,0.258041785957095,1.01019112217627,0.312403731825998,0.552922822314159
"YLR411W",96.6369439553813,0.242213971829575,0.239782791860643,1.01013909276002,0.312428655076699,0.552922822314159
"YOR390W",115.630890056301,-0.223771818554132,0.221605890648749,-1.00977378308421,0.312603683444932,0.552922822314159
"YNL243W",3255.6207765297,-0.166276490592363,0.164700484644583,-1.00956892113087,0.312701865835945,0.552937456840444
"YPR101W",209.141739601927,0.225960909395895,0.223916479486068,1.00913032356761,0.312912136924833,0.55315022767684
"YBR106W",7077.09784142476,-0.195311697135427,0.193582426198462,-1.00893299547343,0.31300676971154,0.553158515438498
"YIL076W",1860.74375519983,-0.116736244206203,0.115811962903379,-1.00798087934659,0.313463641572594,0.553806778417539
"YJR152W",214.546692194165,0.179788121111636,0.178408367538506,1.00773368195767,0.31358233069538,0.553857361796837
"YDR112W",17.730124746454,0.474847156323718,0.471640670701436,1.00679857743717,0.314031578405953,0.554332436049544
"YKR075C",3856.81424997092,0.273220925925004,0.271343789935765,1.0069179250046,0.313974217278658,0.554332436049544
"YOL021C",1093.98730299424,-0.151800401128191,0.150982124584845,-1.00541969154028,0.314694801870549,0.555343768006851
"YPL091W",2374.62562779787,0.128845506751799,0.128175787915713,1.00522500268558,0.314788518420801,0.555349795837041
"YCR015C",113.446506940489,0.29117405837497,0.289882761169182,1.00445454983449,0.315159567973862,0.555619299705321
"YKL050C",100.227165719111,-0.221484308218394,0.220463763996134,-1.00462907919089,0.31507548959228,0.555619299705321
"YKR013W",2989.25126017098,0.227661777526865,0.226676849904966,1.00434507371314,0.315212314905994,0.555619299705321
"YML048W",3166.06798188673,-0.138667260391673,0.138311184854722,-1.00257445222036,0.316066227457734,0.55696484208168
"YGR269W",20.0101125684579,-0.446726517661855,0.445839804748669,-1.00198885990829,0.316348973246952,0.557303404602909
"YPL109C",295.736265066109,-0.199069438211154,0.198782775077964,-1.00144209242012,0.316613122777011,0.557609022072915
"YOL106W",27.158535271799,0.468519734931847,0.46841848888601,1.00021614442692,0.317205917920239,0.558493099115222
"YGL127C",426.919762516259,0.229787360541118,0.229896618542354,0.999524751595175,0.317540554916357,0.558922270387978
"YLR081W",126.009726682947,-0.200225327439915,0.200525979143268,-0.998500684526573,0.318036632702823,0.559475197689463
"YNR047W",502.907829190336,0.168404379264529,0.168637559377529,0.998617270589895,0.317980130570778,0.559475197689463
"YBR177C",1291.86967482168,0.190763334775422,0.19109358599297,0.998271782823937,0.318147586489328,0.559510339407883
"YOR274W",354.43292342165,0.148765192139155,0.14908017684645,0.997887145602066,0.31833408587556,0.559678281342108
"SCR1",193.06412024499,-0.461437758689118,0.462538948124326,-0.997619250357893,0.318464022775748,0.55974671050896
"YIL176C",15.7592013265774,-0.507382834703916,0.508833479105017,-0.997149078312117,0.318692153711615,0.559987641521838
"YJL024C",304.912709742549,-0.149410715654923,0.150008625309137,-0.996014164832307,0.319243262859753,0.560475611358115
"YNR017W",2153.21127020748,-0.210603094326275,0.211376142436797,-0.996342784471273,0.319083622451098,0.560475611358115
"YPR003C",534.298500108404,-0.153507908047969,0.154112822887638,-0.996074857183624,0.319213775137097,0.560475611358115
"YBL091C-A",544.863108762562,0.175694138901488,0.17649312820462,0.995472972170307,0.319506283197123,0.56061730147284
"YMR182W-A",12.0475466172188,-0.547561957008585,0.549969773735844,-0.995621910799019,0.319433884693826,0.56061730147284
"YNL118C",1540.5148189382,0.147092708541246,0.147798640567734,0.995223690666053,0.319627482011832,0.560669998394971
"YDL093W",444.991049624157,0.146574128493451,0.147424154880332,0.994234144414319,0.320108888664038,0.561354338546859
"YFR020W",482.492042428115,0.154917529754759,0.155869843884252,0.993890324736581,0.320276265221887,0.561487751172921
"YHR171W",410.646761941145,0.182000663853595,0.183258245051625,0.993137655565375,0.320642875512832,0.561970271987437
"YMR055C",157.628002637592,0.215096295523114,0.216643660484723,0.992857557160237,0.320779375908397,0.562049333856593
"YER007W",82.7137475319072,0.292110692500068,0.294435629844018,0.992103749993907,0.321146917435381,0.562380574059691
"YGL133W",645.563283581452,0.174979930033192,0.176374214414389,0.992094737964807,0.321151313186607,0.562380574059691
"YOR016C",460.155370519503,0.151576856541316,0.152909476909377,0.991284906632368,0.321546480909424,0.562912285110435
"YNL032W",500.975868880413,0.156789729329452,0.158239998130692,0.990835004939505,0.321766153415344,0.563136551936359
"YDL057W",235.290167885354,0.196888346805208,0.198832348517724,0.990222910270845,0.322065176805129,0.563177025253115
"YDR272W",809.234356141639,0.157264297522975,0.15884673764144,0.990037943857321,0.32215557314479,0.563177025253115
"YEL025C",689.987005398525,0.17804685057481,0.179814976969411,0.990166968155817,0.32209251495436,0.563177025253115
"YIL095W",461.553604856028,0.19849100327399,0.200453803526028,0.990208216469273,0.322072357319066,0.563177025253115
"YNR041C",620.637950457672,0.165146060712945,0.167048208583554,0.988613180070969,0.322852435163615,0.564234861112883
"YDL218W",82.883020317292,-0.365071463977592,0.369360548764247,-0.988387810227691,0.322962755119487,0.564267313632059
"YER153C",195.718647765208,-0.33354011615838,0.337823468867619,-0.9873207367043,0.323485427983312,0.564859563343944
"YIL092W",171.33416404411,0.204571144819947,0.207160569094672,0.987500399878021,0.323397386978218,0.564859563343944
"YIL083C",600.183898203041,0.151945605954566,0.153961707988481,0.986905172329825,0.323689128363478,0.564894477705842
"YNL170W",30.711764561783,0.404258546228286,0.409564180751856,0.987045657865318,0.323620256140592,0.564894477705842
"YBR221C",4193.11707087063,-0.137844331100349,0.139860727685956,-0.985582825007646,0.324337869481587,0.565220569798303
"YDR185C",237.023115756818,-0.230387292265362,0.233778842478611,-0.985492484361327,0.324382221308342,0.565220569798303
"YGL212W",197.820906594595,-0.265782883793758,0.269531830021396,-0.986090896101806,0.324088510668363,0.565220569798303
"YKL121W",446.954661641652,0.173919387410964,0.176417507122249,0.98583972899269,0.324211766649406,0.565220569798303
"YLR330W",4357.52491550113,0.123998093462587,0.125832064733584,0.985425246936223,0.324415233405443,0.565220569798303
"YMR059W",118.878524000335,0.209515401320432,0.212619554505478,0.985400434159188,0.324427416485855,0.565220569798303
"YJR109C",1459.35863098666,-0.278965112464203,0.28322117186879,-0.984972665085366,0.32463749805529,0.56526631173274
"YLR288C",374.850440548205,0.222295555819431,0.22565546892901,0.985110429073466,0.324569831150294,0.56526631173274
"YCR045C",303.164332470916,-0.191162032804555,0.19415677978238,-0.984575625012004,0.324832567535688,0.565445878953999
"YBL059W",184.468792859257,-0.22359459542352,0.227173223455542,-0.984247139792328,0.324994013032691,0.565530890175722
"YDL097C",3664.18910795247,-0.143189950272673,0.145514336252998,-0.984026412515922,0.325102526462922,0.565530890175722
"YLR139C",298.14822588064,0.162293376098969,0.164946529286634,0.983915071149786,0.325157272790464,0.565530890175722
"YDL045C",611.708000077816,0.159623680632232,0.162434815418294,0.982693766857657,0.325758179389768,0.566415833544549
"YBR108W",1010.15620470021,-0.159210235360789,0.162131371998057,-0.981982903115733,0.326108271087258,0.566582281500992
"YFL037W",4770.61285919105,-0.20227415294457,0.20599478702535,-0.981938212444557,0.326130288863986,0.566582281500992
"YKL222C",189.702409033379,0.26339532984336,0.268176827178658,0.982170356083331,0.326015929060235,0.566582281500992
"YBL007C",3363.42818778385,-0.153238038242283,0.156096468428632,-0.981688053451026,0.326253552670011,0.566636359480534
"YLR466W",1447.95851346896,0.244733325204904,0.249354739172846,0.981466508383714,0.326362742475326,0.566665970136435
"YJL201W",389.790424008746,0.151048968025018,0.153992013751209,0.980888322358417,0.326647816746402,0.566687596425361
"YNL280C",1490.78105529738,-0.133173459760075,0.135769288593987,-0.980880588969758,0.326651630785025,0.566687596425361
"YOR181W",2034.31364382791,-0.214685524578777,0.218794393614587,-0.981220409865493,0.326484061432997,0.566687596425361
"YGL009C",3763.96466309425,-0.139052697256303,0.142006735111017,-0.97919790316703,0.327482204486592,0.567968290353227
"YDR029W",34.2898014999619,-0.404738155286132,0.413673203581645,-0.978400708051303,0.327876178151784,0.568035673463049
"YHR206W",971.633330918954,-0.212390057856872,0.217155715497302,-0.978054191990681,0.328047522170983,0.568035673463049
"YIL132C",76.281666103056,0.270988082988029,0.277055394370275,0.978100728209832,0.328024507731922,0.568035673463049
"YMR176W",419.461489547483,0.176049721448102,0.179958730338189,0.978278303682516,0.327936697590535,0.568035673463049
"YNL307C",1265.98106831016,0.202507732278607,0.206900207169926,0.978770079781934,0.327693596496795,0.568035673463049
"YPL236C",285.249859625817,0.163651019491514,0.167332646839639,0.97799815267577,0.328075237746464,0.568035673463049
"YER076C",348.889435151379,-0.210553684133645,0.215370027376659,-0.977636891717574,0.328253944402209,0.568185127518601
"YPL059W",605.521350648286,-0.147220134203169,0.150764621120325,-0.976489929196802,0.328821736105306,0.569007787576712
"YLR221C",616.174666917058,-0.16881369319705,0.172957907207312,-0.976039175790357,0.32904505099304,0.569234054460533
"YFR043C",159.639520951917,0.250403466946328,0.256692337737757,0.975500356392196,0.32931212499342,0.569411027580745
"YLR312W-A",320.482404485956,-0.146335635219994,0.150017174844237,-0.97545921239974,0.32933252440727,0.569411027580745
"YNL195C",207.574342278356,-0.249059713399326,0.255424430717571,-0.975081798947875,0.329519686237192,0.569472746393728
"YOR086C",3043.96814154049,0.14346775820672,0.147144336216738,0.975013798664994,0.329553415352078,0.569472746393728
"YDR097C",464.566025833655,0.160516697663118,0.164687737830104,0.974673037458993,0.32972247147677,0.569604831343297
"YKL016C",1291.51194217243,-0.143635025244592,0.147413844331154,-0.974365914519715,0.329874887330314,0.569644073887812
"YML068W",382.640750873439,-0.148557001366079,0.152482823879311,-0.974254001773079,0.329930437591608,0.569644073887812
"YNL109W",14.0173227249175,-0.507172527100708,0.520704444731429,-0.974012287070641,0.330050438470978,0.569691326577748
"YHR105W",133.900146534194,-0.218199758494157,0.224213645777648,-0.973177871210146,0.330464906926231,0.570246682827251
"YKL021C",747.590772376103,-0.131087652315689,0.134832855419661,-0.972223364310466,0.330939439503239,0.570905344444578
"YER049W",969.810025087913,-0.190814257255953,0.19630748407842,-0.972017231802164,0.331041976011825,0.570922084260438
"YNL103W-A",14.6377341612806,-0.629020800116569,0.647269896034235,-0.971806048714028,0.331147046138732,0.570943182997814
"YHR194W",618.194482075272,0.212498529400489,0.218781438693932,0.971282256251032,0.331407742188778,0.571232515263728
"YHR107C",1190.14944847509,-0.1198968948483,0.123493238134617,-0.970878216972523,0.331608926675456,0.571282405535788
"YIL152W",376.477390760392,-0.164894444156476,0.169845259468728,-0.97085102446934,0.331622469554921,0.571282405535788
"YLL006W",262.388565391802,-0.208316577943523,0.21470022136983,-0.970267178181845,0.331913333002225,0.57162335423234
"YDR115W",349.820865171672,-0.234394761128805,0.241945934853112,-0.9687898301375,0.332650061752904,0.571886426369553
"YDR318W",233.118626795142,0.262799685325602,0.271392999500625,0.968336271787277,0.332876455422023,0.571886426369553
"YDR368W",1255.38068281411,-0.130900011360096,0.134986221632405,-0.969728686210385,0.332181747720267,0.571886426369553
"YFL042C",1367.78947939312,0.165719041741925,0.171067489651623,0.968734866451887,0.332677491582955,0.571886426369553
"YGL203C",1376.45987732092,0.13482480359235,0.13911750583313,0.969143335232525,0.332473678636646,0.571886426369553
"YIL111W",923.798150744766,-0.168235283707067,0.173710697227611,-0.96847969867181,0.332804853134345,0.571886426369553
"YJR099W",319.924118671278,0.192323844191832,0.198765387416638,0.967592228664526,0.333248059969671,0.571886426369553
"YKR095W-A",240.344967699517,0.204418294919897,0.211209661820011,0.967845377708611,0.333121597291743,0.571886426369553
"YKR102W",171.565204093561,-0.215109125049296,0.221877498473592,-0.969494998497553,0.332298274457205,0.571886426369553
"YLR073C",35.7254686238098,-0.378773201216522,0.39148130854949,-0.967538405907415,0.333274951562354,0.571886426369553
"YLR101C",37.1922311462823,0.347255604433415,0.358765890484042,0.967917000038386,0.333085823392962,0.571886426369553
"YOL045W",770.343229602225,0.148817044582686,0.153791243165714,0.967656165067421,0.333216117091878,0.571886426369553
"YOR123C",1704.44678818536,0.133343789863524,0.137607386144285,0.969016225071736,0.332537093923847,0.571886426369553
"YGL136C",247.085507985308,0.217550580651783,0.224919556703189,0.967237281811246,0.333425428748602,0.571985045133585
"YNL003C",828.68908991025,0.127007815566082,0.131340103354071,0.967014737484181,0.333536666363989,0.572016312922067
"YBR083W",680.171285875293,-0.170472613050031,0.176380158368604,-0.966506746715653,0.333790672584176,0.572236132083681
"YBR201W",371.623902096555,0.142100292203307,0.147099574559838,0.966014297651843,0.334037026696003,0.572236132083681
"YDR292C",1452.14918347345,-0.109378892496025,0.113213806984653,-0.966126795037042,0.333980738070797,0.572236132083681
"YOR380W",392.374617939065,0.241542309477522,0.250020312660063,0.966090742418724,0.333998776511261,0.572236132083681
"YCR088W",2807.91689672891,0.153036657134536,0.15847257050758,0.965698080395663,0.334195280334849,0.572305871847656
"YGR129W",161.790550395748,-0.199218336976662,0.206323907006726,-0.965561092104403,0.334263852305168,0.572305871847656
"YML065W",476.652139833883,0.179957067751498,0.186520358884639,0.964811931671221,0.33463901857033,0.572788745952555
"YJR010C-A",251.301403783038,-0.209109807028587,0.216800585565141,-0.964526025072733,0.334782267044923,0.572874497030127
"YBR169C",861.636916179484,-0.167465749276338,0.173738181402396,-0.963897215480055,0.33509746003508,0.573226138494585
"YIR038C",1203.29380755689,0.12754575147386,0.132343985756737,0.963744221126174,0.335174177890493,0.573226138494585
"YOL159C-A",70.844962775272,-0.251304711621749,0.260833239999759,-0.963468887715313,0.335312270234065,0.573302880717126
"YGR015C",201.575036560182,0.229022657486916,0.237758464942156,0.963257638556148,0.335418246222557,0.573324684343726
"YLR227C",235.411065456094,0.228836875642143,0.237670428795645,0.962832763006048,0.335631456078572,0.573376065174812
"YML050W",162.23420469118,0.190585590412939,0.197943926088417,0.962826160817932,0.335634769858426,0.573376065174812
"snR51",25.578729507402,0.556777838060048,0.578413840028774,0.962594252641585,0.335751182912549,0.573415655349119
"YLR226W",115.521705226505,0.333651251876729,0.3469125043639,0.961773495275164,0.33616339470359,0.573960265804297
"YDR031W",153.526523219121,0.235210338613968,0.244921897749504,0.960348342778771,0.336879927269666,0.574068038988209
"YDR407C",633.291629828962,0.215574556593055,0.224424757512641,0.960564952736609,0.336770957721562,0.574068038988209
"YDR415C",457.78140645955,-0.134654639712135,0.140082372867054,-0.961253275170671,0.336424835184573,0.574068038988209
"YGL244W",1498.40959232707,0.152973917780889,0.1591766600465,0.96103233813425,0.336535908297296,0.574068038988209
"YLR386W",457.141223178681,-0.139706768447932,0.145387572375484,-0.960926481990628,0.336589134402257,0.574068038988209
"YML113W",225.552659612082,-0.334779075402253,0.348406490119414,-0.960886449869261,0.336609264582534,0.574068038988209
"YPL206C",1038.26444194394,0.14827088799864,0.154391410323433,0.960357105929853,0.336875518368356,0.574068038988209
"YIL074C",2179.04640555217,0.153966924829334,0.160556638721334,0.958957076178966,0.3375803694443,0.575102291435581
"RNA170",19.3758134045306,0.461747419184903,0.48216100694176,0.957662300636179,0.338233072668412,0.57605466544191
"YKL001C",399.456178590096,0.202941014092109,0.211962419707971,0.957438655265915,0.33834589551025,0.576087280561472
"YOR034C",423.779782482381,0.174951864815862,0.182824809485187,0.956937219344058,0.338598943739267,0.576358567394546
"snR45",12.1206763916648,-0.593078644980604,0.620222467783196,-0.956235344231225,0.338953347019567,0.576802181563458
"YOR388C",37.0342260145144,0.332796305827773,0.348730206449045,0.954308802832081,0.339927353463662,0.578299646971376
"YHR113W",1439.80286776211,-0.131060109372048,0.137463159576843,-0.953419881919593,0.340377371796595,0.578905098603169
"YER031C",2142.17201483065,-0.165084381295623,0.173196043649941,-0.953164851902084,0.340506551790401,0.578964692704165
"YKR092C",671.749424751824,-0.25769068211156,0.270545098839113,-0.952486972476268,0.340850069776035,0.579388592902879
"YCR013C",854.641046821212,0.266355194039557,0.279840362230862,0.951811210921103,0.341192735355283,0.579810810288752
"YER132C",387.218453469766,0.150540090306414,0.158239252525899,0.951344801643166,0.341429371054157,0.579827792273235
"YLR360W",420.205808736785,0.15200732935818,0.159800132848129,0.951234061254787,0.341485571319294,0.579827792273235
"YMR022W",958.331402032588,0.133790285042259,0.140603433749344,0.951543511240052,0.341328541641779,0.579827792273235
"YGL019W",1783.6932387693,-0.200223040359985,0.210534092692685,-0.951024310595855,0.34159203509253,0.57984847248663
"YMR222C",493.206597321249,0.171575492953015,0.180553246326021,0.95027642229819,0.341971815882455,0.580332965694564
"YBL052C",317.594180230725,0.184162445438752,0.194028899544473,0.949149564168612,0.342544549020338,0.581144545234504
"YBR208C",1001.92352476769,-0.114752977872137,0.121001872438887,-0.948357042409355,0.342947720585492,0.581507714805839
"YHR003C",425.337416236405,0.15401923726765,0.162382784798264,0.948494863288593,0.342877586591039,0.581507714805839
"YGL118C",11.2966159006414,-0.568068416803885,0.599242841909043,-0.947976975401419,0.343141175770227,0.581623199833993
"YPR024W",1493.73110702548,-0.152892802331406,0.16130456690417,-0.947851665118935,0.343204974341067,0.581623199833993
"YGL154C",295.217114413592,0.176679584583369,0.186534759055605,0.947167088203125,0.343553643199551,0.582053693024032
"YCL009C",6036.86410095881,-0.265485663713302,0.280419460269093,-0.946744792456771,0.343768839741563,0.582097567293671
"YDR307W",472.206831309195,0.163860361318945,0.173060126747197,0.946840640873385,0.343719989057922,0.582097567293671
"YGR198W",792.548331062803,0.144719987366587,0.153020606630274,0.94575489245221,0.344273617471398,0.582471182241843
"YJR075W",1148.10157054841,-0.14060417508161,0.148659718121056,-0.945812200229749,0.344244381737134,0.582471182241843
"YNL054W",718.196092975081,0.140961543383645,0.149009259696358,0.945991837493102,0.344152749518045,0.582471182241843
"YLR393W",131.213779102635,-0.18803726457515,0.198960555383588,-0.94509820910291,0.344608739557566,0.58287781855859
"YDR228C",524.15072946727,0.128154120685024,0.135824978846881,0.943523950992074,0.345412970385802,0.58380531539382
"YJR053W",47.4303924822824,-0.299134495396306,0.316984060044518,-0.943689393574851,0.345328395609137,0.58380531539382
"YML053C",474.816513729243,0.172258008734111,0.182579712595783,0.943467410946568,0.345441876864734,0.58380531539382
"YGL191W",1015.27974100496,0.150676125259701,0.159755020923561,0.943169888424331,0.345594012663761,0.583901971945641
"YIL149C",1176.37654174382,0.16583861535448,0.175911026026984,0.942741447764852,0.345813167434226,0.583951394761255
"YNL326C",246.224548042606,0.166661106097005,0.176754475936204,0.942896100448159,0.345734049713692,0.583951394761255
"YNL212W",855.300918070159,0.176627996766606,0.18742092904085,0.942413409593698,0.345981024449829,0.584074471689938
"YOL005C",911.508514342176,0.186714091363717,0.198192262687496,0.942085673940373,0.346148778496004,0.584197307286067
"YJL188C",1300.72406711792,-0.14987203114992,0.159152432293325,-0.941688599981304,0.346352093295729,0.58438007510802
"YOL133W",268.486389288692,0.172060576443787,0.182873720636911,0.940870978315174,0.346770981698335,0.584926367922315
"YBR086C",3016.54337847559,-0.108053552469614,0.115086920070147,-0.93888647296977,0.347789035030152,0.585356012251351
"YDL133C-A",7411.55521036947,-0.176629729987871,0.188132641358718,-0.938857439688449,0.347803943226853,0.585356012251351
"YGL016W",311.209117407573,-0.190757359914786,0.202953152112193,-0.939908338104228,0.347264579992914,0.585356012251351
"YGR221C",376.583027778279,-0.172561646100476,0.183544608331279,-0.940161891266345,0.347134526070512,0.585356012251351
"YHR111W",549.161272612298,0.12945600175727,0.137963635201963,0.938334232551655,0.348072672650925,0.585356012251351
"YLR245C",141.38469685989,-0.225107874630247,0.239681533111866,-0.939195739060891,0.347630256301365,0.585356012251351
"YMR168C",258.892422686154,-0.187681840299797,0.199974609847016,-0.938528348390709,0.347972955559273,0.585356012251351
"YNL191W",303.701067789576,0.154341487540685,0.16435465696029,0.939075839986549,0.347691807601365,0.585356012251351
"YOR363C",437.289682657008,-0.167535906103057,0.178440503156675,-0.938889451325723,0.347787505707694,0.585356012251351
"YPR004C",1130.46265323462,0.136030954175389,0.144897128787614,0.938810556935043,0.347828017743626,0.585356012251351
"snR17b",51.5535506274519,0.375804741949592,0.400476515922637,0.938393955719964,0.348041990990839,0.585356012251351
"YJR012C",336.85105592175,-0.264354789956623,0.281847860515946,-0.937934350371507,0.348278148936012,0.585541447773776
"YDR129C",4617.38038216464,-0.126391537919606,0.134968446138905,-0.936452493418556,0.34904026141836,0.586368136124499
"YDR515W",201.809954485108,-0.241483045472221,0.25787840811499,-0.936422119391021,0.349055893715739,0.586368136124499
"YOR034C-A",58.9114811271691,0.317947338233039,0.339501786440481,0.936511532285498,0.349009877746451,0.586368136124499
"YLR040C",140.383161875619,-0.221642008436901,0.236746666803506,-0.936199066409069,0.349170703787641,0.586400826950845
"YBR270C",214.930262066829,0.174255461184327,0.186257589937948,0.935561666197764,0.349498919269225,0.586631646699163
"YOL145C",1267.03270298975,0.18145123592225,0.19394312820027,0.935589920643537,0.349484366105146,0.586631646699163
"YIR016W",1408.06625913799,-0.230148113115894,0.246083800912296,-0.935242841108092,0.349663164825594,0.586747193363548
"YDL078C",2403.33481387983,-0.115628563378815,0.123687431077889,-0.934844893868002,0.349868239578988,0.586893368876244
"YDL101C",241.146222092313,-0.167008313573308,0.178816795159985,-0.933963241114395,0.350322854820275,0.586893368876244
"YGL099W",782.515924303838,-0.200122097910001,0.214196132000833,-0.934293705682899,0.350152410258635,0.586893368876244
"YGR013W",751.04564608374,0.147979444727048,0.158438602012242,0.933986054204226,0.350311086763442,0.586893368876244
"YHR050W-A",41.7539008807,-0.457906151354306,0.490239827833224,-0.934045186369645,0.350280584799034,0.586893368876244
"YLR306W",176.32331825991,0.205945983155819,0.220384979446481,0.934482847574611,0.350054879733765,0.586893368876244
"YGL263W",88.0959931284749,0.255560150201274,0.273886946724196,0.93308627248535,0.350775426259958,0.587491522739309
"YOR387C",74.0124659422982,0.279321280274428,0.29949689075289,0.932634991876731,0.351008460059347,0.587721761329971
"YKR001C",2315.32030607678,0.164608275188721,0.176533987037454,0.932445235906876,0.35110647618304,0.587725865140363
"YGL175C",48.7292870607992,-0.282905322033902,0.303659642685047,-0.931652686976679,0.351516045129308,0.588251340828638
"YOR334W",136.09900253212,0.195530077235967,0.21005462375048,0.930853478703868,0.351929361805804,0.588782800627228
"YOR106W",473.261304428984,0.203828255515071,0.219030766506558,0.930591892481776,0.352064709941036,0.588849052525801
"YLR204W",932.085289999651,-0.217604791510377,0.23390202948117,-0.930324512331326,0.352203089985304,0.588920338066782
"YBR263W",2604.32143418407,-0.144898798551495,0.155808344569662,-0.929980990117707,0.352380927154963,0.588980004803482
"YPR062W",3429.40402882564,-0.212673282102328,0.228709078519368,-0.929885614856857,0.352430311817368,0.588980004803482
"YMR086C-A",44.7408107122649,0.432654512017859,0.465370202353271,0.929699645207243,0.352526618235708,0.588980902512796
"YJR117W",1587.96521022221,0.123759710113455,0.133232103619928,0.928903070287812,0.352939321696611,0.589350211358717
"YKL046C",2673.42840217918,0.135725240642789,0.146109910874372,0.928925627498928,0.352927630659237,0.589350211358717
"YBR126W-B",101.202078206238,0.22241636073064,0.239604793462229,0.92826340206629,0.353270953348199,0.589423864105107
"YGL124C",390.163789780262,0.155456174512818,0.167434012601346,0.928462336281413,0.353167796148905,0.589423864105107
"YNL024C-A",550.975587675694,0.153754029370064,0.165622233680757,0.928341720510973,0.353230339099257,0.589423864105107
"YJR106W",306.789505654658,-0.195251167091068,0.210430400645349,-0.927865776486051,0.353477198911731,0.589608020967493
"YIL156W",657.344508701462,0.127582691328056,0.137598517856701,0.927209778966687,0.353817626516253,0.590015835974771
"YFL065C",16.5750106789397,0.459003887111578,0.495281815849261,0.92675295644465,0.354054815299812,0.590170249350204
"YLR087C",489.847605546216,0.150909585023461,0.162852922922596,0.926661814324254,0.354102149610122,0.590170249350204
"YBR102C",412.50294436621,0.188726715392073,0.20374794849204,0.926275414250103,0.354302869407802,0.590344797306416
"YDL173W",823.574500241318,0.20603116314749,0.222885246814727,0.924382237460306,0.355287339428274,0.591191041203805
"YJL090C",234.047546305735,0.199661421846601,0.215973315694753,0.924472642392514,0.355240288790218,0.591191041203805
"YLR004C",175.467358847173,0.212024453063638,0.229369668601413,0.924378774039577,0.355289142020472,0.591191041203805
"YLR340W",22845.376388525,-0.249826836710123,0.270269023402226,-0.924363560297177,0.355297060322121,0.591191041203805
"YNL122C",166.22184973915,-0.217237523992298,0.234916573838973,-0.92474328414651,0.355099458618376,0.591191041203805
"YPL120W",185.362130404006,-0.189548641905212,0.205097102027635,-0.924189761977584,0.355387525094385,0.591191041203805
"YGR063C",322.346750596991,-0.304336593892877,0.329471771500589,-0.92371067939073,0.355636970390848,0.591286122709844
"YPL181W",926.248535505687,-0.144590702074082,0.156501569338963,-0.92389298512986,0.35554203572781,0.591286122709844
"YDL005C",916.82843179768,0.117285107642147,0.127055463178874,0.923101649529446,0.355954235100807,0.591535997686091
"YPL064C",611.126533890872,0.132465327823688,0.143507837651197,0.923052914682272,0.355979630477435,0.591535997686091
"YPR011C",566.351267461569,0.14804498702151,0.160446674436609,0.922705238618088,0.356160835107907,0.591537742712123
"YPR174C",260.912257140376,0.188812578298019,0.204634552572672,0.922681804828469,0.356173050611869,0.591537742712123
"YIL020C-A",46.6085286626923,0.323100159441606,0.350399815166678,0.922089982518725,0.356481641747212,0.59173066039011
"YPR042C",491.441194644697,-0.133476739036926,0.14474270551426,-0.9221655665665,0.356442220927979,0.59173066039011
"YGR220C",293.224951446379,-0.167829789089513,0.18204874312076,-0.921894797033482,0.356583453340086,0.591739945504999
"YMR190C",532.042855538517,0.131425237554739,0.142612381994042,0.921555588071091,0.356760433264907,0.591873931637221
"YNR021W",1656.17347869384,0.199428131712883,0.21651667631057,0.921075157401848,0.357011189318151,0.591994906468336
"YOR169C",14.0899025566395,0.865783836969598,0.939999592366594,0.921047034488444,0.357025871234319,0.591994906468336
"YGL024W",10.9927529866087,0.594628418428398,0.646042473566043,0.92041691182648,0.357354934313888,0.592140779932933
"YMR204C",242.792120291869,0.177413773734753,0.192767944465783,0.920348941969677,0.357390440985298,0.592140779932933
"YOL073C",744.347616446632,0.143608279190806,0.156040750286536,0.920325485022981,0.357402695140008,0.592140779932933
"YNR062C",67.7399210290987,-0.248966782425514,0.270591651797398,-0.920083013543686,0.357529380281726,0.59219113620593
"YML016C",1073.67096440231,-0.120783118797232,0.131422091400984,-0.91904730406936,0.358070830188076,0.592928272928559
"YLR149C",820.203005242754,0.187126001162581,0.2036639373355,0.918797915874151,0.358201282790994,0.59298462696221
"YBL014C",214.25661776138,0.201889832089764,0.219825501465297,0.91840951456506,0.358404511372016,0.593161395300834
"YPR095C",803.487135294621,0.119154297754813,0.129797579208334,0.918000924836681,0.3586183816764,0.593355675897191
"YER136W",2806.48872359399,0.131555185015837,0.143426442800998,0.917231038061559,0.359021585644202,0.593863031659989
"YEL027W",7832.02948382788,-0.179503031774088,0.195789251373716,-0.916817601143273,0.359238227767807,0.594061602788926
"YMR149W",1876.71790547982,-0.126344707304416,0.137943524566981,-0.915916188897048,0.359710855099046,0.59468326851052
"YFR008W",179.705348715874,-0.165957504852352,0.181682385113658,-0.913448514827297,0.361006699770309,0.596665198491641
"YLR143W",357.277864328808,0.146283459810844,0.160226119813236,0.912981353984958,0.361252348233412,0.59691078496386
"YLL063C",188.021925331725,0.182985033916882,0.200521370010359,0.912546298219629,0.361481209034666,0.597128508074993
"YDL077C",446.82272277039,0.161308615367695,0.176861205031226,0.912063306021323,0.361735393214241,0.597384649991597
"YJR066W",981.976877438681,-0.13787280515284,0.151287597986424,-0.911329196760806,0.362121947181898,0.597384649991597
"YKR003W",744.277688105224,-0.192777658879869,0.211518569698234,-0.911398271815557,0.362085563863542,0.597384649991597
"YPL069C",167.123194401641,-0.216038970710209,0.237028010947934,-0.911449114584453,0.362058785346026,0.597384649991597
"YPR066W",282.288962938882,0.222474272222866,0.244070690050803,0.911515725942176,0.36202370350505,0.597384649991597
"YML095C",79.5303713100081,-0.242737026759133,0.266452367475638,-0.910995946700782,0.362297509342153,0.597513993685771
"YLR176C",364.856045028803,-0.138432960769755,0.152097130169594,-0.910161556732845,0.362737314889503,0.597629601160984
"YMR237W",1211.03007641292,-0.133820031421529,0.147024535728977,-0.910188430509392,0.362723144559399,0.597629601160984
"YNL236W",377.879510914754,-0.194699588322003,0.213926080217106,-0.91012553553269,0.362756309127472,0.597629601160984
"YPR127W",797.485767582322,0.152743249889005,0.16779248237546,0.910310448517115,0.362658809787294,0.597629601160984
"YNR065C",643.447194149144,-0.13718536771416,0.150847662310975,-0.909429855342075,0.363123268439248,0.598073942394584
"YKR020W",345.339355534864,0.144228311050024,0.158752744518151,0.908509087435232,0.363609314742966,0.598714132709301
"YJL085W",322.316834365952,0.164686287414416,0.181389531186518,0.907915061785307,0.363923099278771,0.599070412356648
"YCR038C",260.997022000027,-0.175331693990384,0.193288002327253,-0.907100760933587,0.364353515730466,0.599439245733233
"YGL243W",234.740331636512,0.181605283792457,0.200221691793637,0.907021023374592,0.364395679851448,0.599439245733233
"YLR100W",1143.89454757954,-0.137318772036018,0.151418877011254,-0.906880137711046,0.364470185700571,0.599439245733233
"YNL107W",183.302220514649,0.239422758942359,0.264043861166074,0.906753741158826,0.364537037242649,0.599439245733233
"YNL001W",359.310862506512,0.217801869864827,0.2402528701381,0.906552624073261,0.364643424510213,0.599453905570118
"YGR262C",753.313344619369,-0.172359883693269,0.190258185258369,-0.905926246795663,0.364974890946566,0.599678220497296
"YHR132W-A",695.789211442613,0.178495259370906,0.197007968275409,0.90603065923393,0.364919624886535,0.599678220497296
"YHL009C",340.357303628881,0.159669768425736,0.17629347519894,0.905704356020864,0.365092356276099,0.599711001895836
"YGL209W",1977.52355282476,-0.233859206718291,0.258306105064329,-0.90535686974975,0.36527635723291,0.599853029901841
"YCL042W",16.6171270232705,0.474369792323322,0.524452772302807,0.904504308825412,0.365728050631633,0.599912214769615
"YEL068C",206.382139274399,0.198202960443233,0.219073221317955,0.904733856793791,0.365606400053132,0.599912214769615
"YLR404W",171.510857070151,0.176706496592878,0.195390897679214,0.904374250242651,0.365796987313391,0.599912214769615
"YMR223W",208.181181572981,-0.189195447417038,0.209201763593549,-0.904368319688831,0.365800130957082,0.599912214769615
"YPL166W",100.744828303662,-0.250466343712041,0.276918672545878,-0.904476182156137,0.365742958297316,0.599912214769615
"YBR091C",184.283335878596,-0.192675716008081,0.213319514562767,-0.903225925687112,0.366406000906964,0.600129538205322
"YDR410C",370.15513936326,0.181481852671536,0.200870256264604,0.903477976512717,0.366272271684295,0.600129538205322
"YEL015W",1171.74424957239,-0.107987875823283,0.119561620379099,-0.903198496983238,0.366420555440811,0.600129538205322
"YJR124C",385.146127440469,-0.164155836606521,0.181638761657092,-0.903748930618806,0.366128547012725,0.600129538205322
"YLR025W",1715.95862647622,0.115607318566662,0.127919551037003,0.903750190095811,0.366127879018952,0.600129538205322
"YCR046C",837.57479745213,-0.255062871212329,0.282477628392387,-0.902948926128847,0.36655300215971,0.600186624942016
"YCR071C",329.439649710628,-0.158166207994201,0.17534537407008,-0.902026693507103,0.367042687983889,0.600668581985343
"YDR420W",897.588778813173,-0.160882833216181,0.178331853753231,-0.902154213227686,0.366974953454982,0.600668581985343
"YHR070C-A",46.9772689392198,-0.301759164925159,0.334981116914063,-0.900824403790419,0.367681690084105,0.601394253727991
"YOR211C",580.412742050535,0.177098937785189,0.196579446240549,0.900902618112361,0.367640099080248,0.601394253727991
"YHR153C",20.8615836138561,0.499635898299913,0.555379931704868,0.899629010299606,0.368317713426922,0.602114284310359
"YOR105W",12.9908053268829,0.582761968403319,0.647738849900807,0.899686607484732,0.368287052464658,0.602114284310359
"YAL046C",345.124512823095,-0.216780777671755,0.241119119366187,-0.899060921595897,0.36862021169011,0.602448658489018
"YLR398C",962.721091099094,0.154959175152825,0.172426079441231,0.898699173901012,0.368812917161738,0.602603464544285
"YOR102W",21.3424325691779,0.391099518600289,0.435940092398957,0.89714051407405,0.369643942470654,0.603800862203061
"YNL092W",183.143099177154,0.16980696478261,0.18938615205349,0.896617640420985,0.369922981722422,0.604096212849946
"YMR099C",1229.76329548599,0.168148295850789,0.187615370870338,0.896239444938641,0.370124892880896,0.604265487448237
"YBL035C",211.278028464541,0.187176904233514,0.208987055703456,0.895638744722595,0.370445735658927,0.604289294322015
"YDL125C",2972.02559158671,-0.184396653542206,0.205928258661511,-0.895441231527641,0.37055126806833,0.604289294322015
"YDR212W",2270.43221766557,-0.149726979546753,0.167150893797267,-0.895759371339962,0.370381293361249,0.604289294322015
"YJR036C",326.421383460599,0.23558400743378,0.262974386582152,0.895843927979597,0.370336124860813,0.604289294322015
"snR50",22.5167962457261,0.39780589332788,0.44433066163239,0.895292464999858,0.370630767184169,0.604289294322015
"YPL227C",499.287604142118,-0.132337680690482,0.14789153928721,-0.894829287248666,0.370878351836183,0.604532696472972
"YIL165C",313.11219295526,-0.200048521749125,0.224188827986739,-0.892321546731838,0.372220608448838,0.60639913694314
"YLR133W",784.170543634106,-0.129034189497999,0.144590419348021,-0.892411752312724,0.37217227417916,0.60639913694314
"YOR322C",1167.28040531096,0.1495009830224,0.167889687619065,0.89047150627626,0.373212761638121,0.60785447141802
"YGL005C",386.298763976567,0.1667505435618,0.187303917448137,0.890267250325779,0.373322401794609,0.607872060110364
"YBL074C",59.822474280225,-0.242734425391721,0.273153798696695,-0.888636462497998,0.374198488293189,0.609091409081109
"YKL168C",601.283044962173,0.140974367976327,0.158687731751146,0.888375972235855,0.374338545712533,0.609091409081109
"YOL072W",372.094301665739,0.142591980294656,0.160518620359888,0.88832049499902,0.374368378264486,0.609091409081109
"YER114C",979.050296791572,0.188132001631102,0.212045403230596,0.887225088423687,0.374957727682355,0.609888924952786
"YBL045C",2073.66999757217,-0.108818065325696,0.122675677235097,-0.887038635353574,0.375058100030205,0.609890881857683
"YDR017C",980.829372771398,-0.113074120641816,0.127519781515838,-0.886718274589987,0.375230597004582,0.610010090292936
"YHR043C",1193.95622401057,-0.153317521111427,0.172996458718177,-0.88624658705408,0.375484664474529,0.610261809333603
"snR31",100.081217031243,-0.228707304535885,0.258143102405293,-0.885971007572408,0.375633150423351,0.610341842827903
"YDR201W",331.929245543999,0.168657967527378,0.190410186895703,0.885761262446324,0.375746188231787,0.610364251882063
"YBL020W",438.725373612718,0.142976472456866,0.161541755307419,0.885074401876947,0.37611650456322,0.610482054120824
"YBR262C",556.438683440767,-0.213744400134005,0.24143551564461,-0.885306370785291,0.375991414875251,0.610482054120824
"YNL030W",8429.77951408599,0.154690428041224,0.174766090444871,0.88512838873637,0.376087389750283,0.610482054120824
"YGR193C",1304.57841575587,0.131982842801318,0.149252690117361,0.884291215773304,0.376539028945087,0.611006603697172
"YGL102C",59.0190679185724,0.376273035959242,0.425769486164329,0.883748244499647,0.376832130636521,0.611320918864312
"YHL013C",293.748537062986,0.141129546167032,0.159886002428108,0.882688565751656,0.377404561711269,0.612088094547549
"YMR066W",302.78006918473,0.250812152724054,0.284446974591073,0.881753631180737,0.377910051660384,0.612746326841909
"YIL137C",1029.49404861735,-0.113020356668004,0.128264327092296,-0.881151908953431,0.378235604594829,0.612970758322047
"YMR103C",749.852850251528,0.151446038658064,0.171877190869699,0.881129356907372,0.378247809403605,0.612970758322047
"YER003C",1436.89257865581,-0.12788099187594,0.145355484518102,-0.87978098865622,0.378977965551283,0.613992225537511
"YBR117C",128.460397292712,-0.240244031908442,0.273242303407012,-0.879234397137191,0.379274197723099,0.614154034511988
"YLR173W",564.978534353699,-0.175583903685262,0.19970231445554,-0.87922818603263,0.379277564727891,0.614154034511988
"snR41",48.9580586421144,-0.341254353256066,0.388604563181508,-0.878153232330094,0.379860568016637,0.614936165649465
"YGR122W",406.399106517605,0.139567272413017,0.159061491612624,0.877442245750575,0.38024647553897,0.615398901201228
"YLR035C",271.049348466255,0.144138706670428,0.164374185226872,0.876893816820963,0.380544314954133,0.61571889949169
"YNL041C",608.177193626414,0.153530286757524,0.175198623564607,0.876321306833254,0.380855385093892,0.615996129925668
"YPL097W",274.415628444687,0.18412454291034,0.210137502926633,0.876209816648599,0.380915980830458,0.615996129925668
"snR65",9.30922970888718,0.907264099748574,1.03629380056272,0.875489266900868,0.381307747680123,0.616467573142155
"YGR046W",462.69043239524,0.213492939199258,0.244024984029305,0.874881480060334,0.38163839693283,0.616505321456957
"YGR148C",5342.80288588712,-0.210610337161687,0.24082821727388,-0.874525167963072,0.381832320232447,0.616505321456957
"YJL118W",159.640384457918,-0.324303916322642,0.37078842964086,-0.874633322935015,0.381773450366675,0.616505321456957
"YLR023C",825.154407039096,-0.111355759591313,0.127330422653673,-0.874541663104274,0.381823341397234,0.616505321456957
"YOR394C-A",10.8988602645234,0.534438165460651,0.610986250749187,0.874713898725752,0.381729595753103,0.616505321456957
"YDR090C",518.98745276503,0.144532884093899,0.165366609965782,0.874014918270417,0.382110129499921,0.616630096149177
"YNL189W",1371.49160846438,-0.16139512938401,0.184644333315529,-0.874086555953007,0.382071118348838,0.616630096149177
"YPL250C",708.479259456444,-0.197857771544428,0.226427739596128,-0.873823021407804,0.382214641251238,0.616636947454123
"YCR028C",442.042975427925,-0.131518271816907,0.150588753316746,-0.873360519429187,0.382466603227835,0.616881618109412
"YER068W",910.65236719349,0.109207092838056,0.125097775389287,0.872973899801321,0.382677304107099,0.616945866903164
"YLL049W",244.250521369979,-0.203411271758231,0.233024145173708,-0.872919291718024,0.382707070282207,0.616945866903164
"YMR304W",1058.35147335018,0.143974159162766,0.165000877505392,0.872566021099256,0.382899667906159,0.617094590572032
"snR57",25.6261715788349,0.410750981487209,0.470961568664852,0.872153926809067,0.383124410308182,0.61729502839804
"YLR225C",1150.86052890703,-0.156359079771071,0.179356079350257,-0.871780205820194,0.383328295054169,0.61746176390339
"YBR166C",536.798721958927,-0.154881555327217,0.177897704439694,-0.870621438399281,0.383960886854319,0.618137541687581
"YEL020C",614.329646923058,0.119294025985145,0.137042577522946,0.870488779045113,0.384033348699087,0.618137541687581
"YOR254C",2007.40262748241,0.12641010032365,0.14522226957144,0.870459473582765,0.384049357201341,0.618137541687581
"YPR104C",420.943305950635,-0.174817968895016,0.200916637489906,-0.870102003891038,0.384244662690564,0.618290077327831
"YDL230W",638.250087984981,-0.184640035267945,0.212444248015787,-0.869122308523146,0.384780235936367,0.618504561162744
"YGL080W",634.969272850646,0.181009998131852,0.208262612337512,0.869143031004074,0.384768902787101,0.618504561162744
"YGR002C",320.793905017008,0.203580748804429,0.234136437077122,0.869496227694674,0.384575770489084,0.618504561162744
"YMR054W",2077.21811612336,0.107146795667138,0.123272880956044,0.869183836997726,0.384746586537747,0.618504561162744
"YLR421C",1110.8145339972,0.178624692998553,0.205719904692326,0.868290762946361,0.385235177613011,0.619074037711005
"YDL040C",1553.40536168974,0.19480316659285,0.224430073719834,0.867990476338888,0.38539954629334,0.619176387070022
"YML011C",206.441664463576,0.173412993757119,0.200032648916737,0.866923448228203,0.385983954920035,0.619791468083086
"YNL093W",90.3279561129666,0.252413294987928,0.291112457336401,0.8670645608829,0.385906636835097,0.619791468083086
"YBL050W",1383.6365585123,0.139712551068056,0.161244001657336,0.866466656942462,0.386234303701019,0.619880548160084
"YDL054C",628.814704199467,0.13039161605027,0.15048872136935,0.866454408435334,0.386241017975519,0.619880548160084
"YJR031C",437.082865869154,0.128293617419894,0.148172113316999,0.865841854772113,0.386576892920294,0.620257733227186
"YGL091C",423.871989985024,0.129894857596517,0.150113831202878,0.865309056171946,0.386869181529474,0.620564806052756
"YAR042W",1551.88508157652,0.140662913044218,0.162615811633263,0.865001451159289,0.387037992297781,0.620673703424081
"YER121W",130.346277447186,-0.250754265329443,0.29010631201731,-0.864353014540687,0.387393995436708,0.621082656917558
"YOR250C",460.049824925551,0.156288312191223,0.180874815915011,0.86406894956929,0.387550014986764,0.621170860612093
"YDR183C-A",9.81005505751828,0.60253487396285,0.698040708502566,0.8631801363783,0.388038433204767,0.62179165299878
"YNL227C",91.7231658419172,0.306105979712651,0.35478737518606,0.862787125816191,0.38825451883363,0.621975850697271
"YJR122W",278.166089503588,-0.214542972628554,0.24878758164666,-0.86235402590656,0.388492731322504,0.622195390008698
"YDL180W",648.573112740143,0.123777081270173,0.143630244517331,0.861775886312289,0.38881085683605,0.622380731270617
"YNL009W",176.923078662921,0.209513036352907,0.243099020512388,0.861842371521322,0.388774264798541,0.622380731270617
"YKL198C",1213.14312819211,-0.229619122727332,0.266508821729352,-0.861581696385711,0.388917746824513,0.622389836838604
"YDR371W",325.60019867244,0.211753165559218,0.245995389279011,0.860801359650872,0.389347456047654,0.622915414852516
"YJL038C",23.8848988576228,0.383624168415501,0.445807967084889,0.860514384531968,0.3895055576973,0.623006288644576
"YPL137C",990.295086208312,-0.105553777750675,0.12275099331877,-0.859901617875828,0.389843276615065,0.623384334680876
"YJR138W",404.009041960702,0.148581165441286,0.172835857359659,0.859666319889277,0.389973005548864,0.623429681342738
"YNL299W",107.75569904196,0.213796498906754,0.248753060580175,0.85947283787427,0.390079699373312,0.623438188967222
"YHR001W",501.164473948278,0.154888551759261,0.180389330236116,0.858634773778043,0.390542046748888,0.624014961679829
"YDR316W",356.890075230859,0.197525651236347,0.230226204411992,0.857963374503071,0.390912687770239,0.62444494280181
"YHR040W",382.480499099473,-0.26727436983206,0.311815672465475,-0.857155022769591,0.391359215734411,0.624995891136492
"YDL166C",692.875019920066,-0.21767642248249,0.254091231699596,-0.856686084861999,0.391618395680664,0.625247438586729
"YFL046W",385.933654306223,0.152163310126178,0.177721930907413,0.856187581067022,0.391894030762145,0.625525120474225
"YOR079C",733.618738508664,-0.149246154097821,0.174511295753757,-0.855223459623004,0.392427451203709,0.62621401787826
"YDR321W",1487.59066456981,-0.147628318721674,0.173080219377323,-0.852947374649658,0.393688488318222,0.628018537450239
"YLR219W",1539.56661959741,0.151123629281856,0.177234725379044,0.852675055402685,0.39383952764459,0.628018537450239
"YPL026C",624.817829749933,-0.139592785070353,0.163720275542766,-0.852629795592354,0.39386463397489,0.628018537450239
"YEL050W-A",24.6200720241349,0.379191092567909,0.445188008490859,0.851754955964173,0.394350111650029,0.628629649208833
"YDL181W",362.744951053529,-0.169101572110309,0.198590362057779,-0.851509460771864,0.394486410145637,0.628683965378509
"YLR223C",366.181311764965,-0.196877678424194,0.231374647686636,-0.850904281833149,0.394822526117594,0.629056615446426
"YDL245C",78.134723906263,-0.254287854411779,0.29897113642429,-0.850543157620747,0.395023176740276,0.629213296284044
"YFL047W",414.683315160399,-0.139229694049783,0.163817663710502,-0.849906480755516,0.395377082184954,0.629613944960503
"YDR179C",39.5279555923601,0.401132065590334,0.472396372898923,0.84914298373786,0.395801734912711,0.629842686799677
"YGL230C",19.210393054626,0.555590281897017,0.654141607023413,0.849342521453664,0.395690726577489,0.629842686799677
"YMR247W-A",38.119351404805,-0.287560345593537,0.338666534455897,-0.849095840117575,0.39582796495622,0.629842686799677
"YML102W",604.144036893481,0.21920192029512,0.258267904289373,0.848738525595183,0.396026803839137,0.62996684376072
"YNL172W",339.711021724291,-0.132778206494774,0.156469668625588,-0.848587510033623,0.396110859320765,0.62996684376072
"YHR015W",14.5986765949005,-0.437449171331104,0.515852891176723,-0.848011475390259,0.396431579950689,0.630313913313531
"YMR067C",492.66731524342,0.124703993821674,0.147104872440296,0.847721708689739,0.396592973515773,0.630407543841304
"YCL033C",938.736917288018,-0.265302098838135,0.313102673945885,-0.847332587405461,0.396809767732162,0.630536904008719
"YDL132W",1874.82733391062,0.102363340304029,0.120861255502986,0.846949172239069,0.397023452781297,0.630536904008719
"YGR205W",694.310708021177,-0.1242866580593,0.146765265839552,-0.846839729743505,0.39708446003671,0.630536904008719
"YJR116W",883.668324105221,0.249808656174047,0.294965762612543,0.846907295143225,0.397046795940413,0.630536904008719
"YER176W",955.496545284418,0.116854599954917,0.138046857805616,0.846485040025032,0.397282215933119,0.630688081566516
"YJL027C",17.9056837861687,0.473919859044456,0.560014836154599,0.846263042419871,0.397406020064635,0.630721812489679
"YBR175W",363.868765139464,0.14266091027191,0.168731758546298,0.845489382087875,0.39783765850178,0.630918411497149
"YGL172W",1123.13257236344,-0.142191487961128,0.168143735972988,-0.845654386934584,0.397745575755531,0.630918411497149
"YLL005C",225.221804676361,0.266110327836359,0.314604880289653,0.845855689178614,0.397633254251032,0.630918411497149
"YHR155W",386.468561927275,-0.167106316497756,0.197744325063171,-0.845062514154946,0.398075936393729,0.631133541846207
"YER044C-A",15.7826114409699,0.450446477438935,0.533814933368893,0.843825171012318,0.398767107670059,0.632066420662593
"YPR147C",446.376819794173,0.173716547441554,0.205918563119082,0.843617713771119,0.398883062528337,0.632087305990536
"YDR322C-A",619.90261037718,-0.156815057151253,0.185965349746337,-0.843248795354373,0.399089313625552,0.632251231014206
"YBR096W",668.640425068904,0.180190696507649,0.213750506026679,0.842995414874752,0.399231008140293,0.632312825151379
"YBR160W",777.415460898833,0.147980980922132,0.175920243281892,0.841182220769272,0.400245859144814,0.632414793344176
"YDR508C",2236.58441853158,-0.17586901213114,0.208941437687257,-0.841714377376785,0.399947848607812,0.632414793344176
"YGL044C",556.849284198823,-0.134738820666108,0.159950879083161,-0.842376243496948,0.399577386269084,0.632414793344176
"YGR041W",580.29644786527,-0.124171670207968,0.147629846735008,-0.841101396188893,0.400291133013153,0.632414793344176
"YHR057C",1526.77028947975,-0.224119241033374,0.266347491566679,-0.841454296096747,0.400093478839044,0.632414793344176
"YJR076C",1425.91700070494,0.100165362926122,0.119071862092214,0.841217741673932,0.400225963092618,0.632414793344176
"YKL015W",626.882437907162,0.151579125434165,0.180266845273731,0.840859699985293,0.400426537444264,0.632414793344176
"YKL106W",361.579017946971,0.145694690831567,0.173231852319754,0.841038693984762,0.400326257757089,0.632414793344176
"YKR083C",219.182891095278,0.18784727438969,0.22335775802963,0.84101522170889,0.400339407016651,0.632414793344176
"YOR176W",1129.72156115828,-0.125358479778512,0.148921605164456,-0.841774970395172,0.399913924657031,0.632414793344176
"snR84",95.1623734809595,0.239445475573105,0.284204269662292,0.842511887163511,0.399501488750245,0.632414793344176
"YML078W",1848.17507004695,-0.152153500562907,0.181345870384736,-0.839023796020856,0.401455956397359,0.633715126243265
"YMR155W",458.85488585543,0.145895506523691,0.173866149899309,0.839125422678212,0.401398931302965,0.633715126243265
"YFL017C",413.501275595453,0.137928550061283,0.164456557910974,0.83869291570573,0.401641654769021,0.633845567572357
"YCR086W",143.814340492035,0.205125883138989,0.244739807542515,0.838138614223417,0.401952858218507,0.633893344402812
"YEL022W",1078.01934950554,0.156259965767153,0.186448106138117,0.838088243446135,0.401981145231051,0.633893344402812
"YOL122C",911.639341999841,-0.125075025473965,0.149211539631399,-0.838239628000223,0.401896134918715,0.633893344402812
"YFR006W",1167.23876088003,0.105033599789969,0.125396044574091,0.837614935516639,0.402247001864632,0.634149977305174
"YMR245W",177.466365287463,0.258850170001796,0.309178028171149,0.837220456877054,0.40246866070389,0.634336817870047
"YMR320W",79.2263281237813,0.202244963923613,0.241867872989486,0.836179528202178,0.403053913418862,0.635096481559313
"YLR076C",257.230040172358,0.640847550872057,0.766934343676679,0.835596366437103,0.403382013579912,0.635450661761387
"YCR017C",2853.4193798367,0.0957761620834705,0.114714073656764,0.834912047235307,0.403767231162602,0.635763128833871
"YIL059C",17.139654970512,-0.40286088950633,0.482539368801637,-0.834876728310927,0.40378711889839,0.635763128833871
"YLR290C",328.800190844786,0.22567533661246,0.270828032617498,0.833279090171552,0.404687346201443,0.636810551658691
"YML114C",701.492336214196,0.177900999547501,0.213520137535791,0.833181364533734,0.404742450971298,0.636810551658691
"YNL071W",5704.58123773511,-0.161367034449476,0.193684231432191,-0.833144924892712,0.404762999420134,0.636810551658691
"YDR231C",295.743636387667,-0.18289331802338,0.219815696112552,-0.832030292912905,0.405391845886125,0.637473754078156
"YOR193W",201.967340789861,0.170768658747737,0.205213214903752,0.832152348608885,0.405322956774835,0.637473754078156
"YDR024W",15.017649693851,0.677210860442406,0.814405496811358,0.831540139517586,0.405668562441113,0.637660161011182
"YKR089C",2043.36927309623,0.0915656871855023,0.110127654676277,0.831450442258689,0.405719213323302,0.637660161011182
"YPL253C",118.373977457691,0.227405445847347,0.273564068045747,0.831269426105034,0.40582144230858,0.637660161011182
"YJR017C",1171.3787038728,0.229618646460503,0.276345365700645,0.830911876804331,0.406023413701251,0.637814557921505
"YKL014C",701.232616757167,-0.133472466630206,0.160889767126521,-0.829589532100233,0.406770897207216,0.638818067750278
"YKL073W",817.889550350115,0.20295754528797,0.244699821129037,0.829414358995157,0.406869979085828,0.638818067750278
"YDR350C",557.364731235859,0.210389875015036,0.253818070184919,0.82890030194366,0.407160824516217,0.638948474298223
"YNR027W",494.673014541943,-0.177777638552948,0.2144434058971,-0.829018909717623,0.407093707093366,0.638948474298223
"YOL013C",934.830435155005,0.109122188008641,0.131763369154418,0.828167864171393,0.407575440462744,0.639435958889253
"YBR182C",89.8731421530322,0.223521156949842,0.270050487960327,0.827701362949137,0.407839647075908,0.639524178867117
"YLR246W",330.860280615022,0.150465093829215,0.181765983733542,0.827795667476417,0.407786228740708,0.639524178867117
"YPR027C",378.041461437137,0.174171202575557,0.2105196495293,0.827339409717741,0.408044712415727,0.639682636083793
"YKL019W",1228.32767494552,-0.18180363118273,0.220020989886281,-0.826301305510427,0.408633193116572,0.640441931107777
"YCR023C",574.552449719601,0.131014773566912,0.158650239186037,0.825808862558861,0.408912525877529,0.640553243542233
"YGR252W",543.643302652112,0.140743782693502,0.170395368048156,0.82598361860239,0.408813384457971,0.640553243542233
"YLL066C",1294.79176705039,0.206371663396125,0.25003273219612,0.825378587769266,0.409156687451742,0.640609375720014
"YMR141W-A",20.933901802765,0.382644097675721,0.463511246629322,0.825533577574071,0.409068727720157,0.640609375720014
"YJL001W",2617.32452452206,-0.117018434032733,0.1418493528149,-0.824948663568668,0.409400736703357,0.640828335639004
"YGL194C",187.566866564374,-0.17031937899034,0.206723916778991,-0.823897793947223,0.40999763402845,0.641599350960551
"YLR410W",1395.18307630547,-0.124602676672152,0.151425135260275,-0.822866537038121,0.410583893910047,0.642353331861304
"YGR275W",620.736063853715,-0.152180360807652,0.185082659885706,-0.822229164534526,0.410946483076741,0.642530359315433
"YHL017W",861.199839826592,-0.137777253841667,0.167588436582922,-0.822116708353536,0.411010476999498,0.642530359315433
"YHR166C",278.11248593933,0.146874295782177,0.178587188967175,0.822423470751719,0.41083592580154,0.642530359315433
"YJR011C",182.182134906188,0.248242894546953,0.30225259031977,0.821309403119833,0.411470052985533,0.643085343293781
"YPL104W",372.519427246238,-0.139296001538718,0.169784592744727,-0.820427809654974,0.411972267339189,0.643706667717483
"YER051W",253.511123032492,0.164569461510903,0.200828875765085,0.819451191388456,0.412529038380052,0.643755251274033
"YFL048C",1138.54162185416,0.100391768282646,0.122510260936977,0.819455999153331,0.412526296376592,0.643755251274033
"YJR040W",746.110588398342,0.146929706616851,0.179341855087632,0.819271700658254,0.412631414719063,0.643755251274033
"YOR162C",433.066314547605,0.141158885623983,0.172185627627965,0.819806435464985,0.412326461788995,0.643755251274033
"YOR353C",794.29901756947,0.122170596801264,0.149037357791915,0.819731365419389,0.41236926528327,0.643755251274033
"YPL117C",1095.28270014834,-0.139324577549654,0.169969427121503,-0.819703754429072,0.412385009200793,0.643755251274033
"YMR313C",660.234217196632,0.13855470871893,0.16915910184181,0.819079240846879,0.412741204974931,0.643763228657323
"YJR072C",1972.11842678503,-0.177106425925085,0.216281957839468,-0.818868238914958,0.412861592623731,0.643787726834672
"YGR028W",589.174083035039,0.142494338633085,0.174057126979997,0.818664200113219,0.412978027226531,0.643806050048965
"YJL156C",454.49290590062,0.112511242922411,0.13747521151084,0.818411127983895,0.413122469687892,0.643827303060434
"YPR165W",4538.15478665928,-0.108517128958835,0.132617186219829,-0.818273498722522,0.413201034988542,0.643827303060434
"YFR040W",1770.31398807504,0.0989633065241743,0.121027796707718,0.817690722431069,0.413533809350681,0.64418260575144
"YDL210W",85.229720856107,0.221901887671654,0.271538972264719,0.817200882145661,0.41381363849387,0.644455273926893
"YOR372C",338.005859132386,0.131276597129202,0.160754854417994,0.816626021058484,0.414142180030472,0.644803647389215
"YHR098C",1856.42129664134,-0.120895874894945,0.148131192336079,-0.816140564241579,0.414419745863721,0.645072497358107
"YHR133C",1092.84701617518,-0.113190927688069,0.138793698975326,-0.815533619492273,0.414766928623432,0.645449547326445
"YNL244C",3074.07984817525,-0.100923388875111,0.123837118036241,-0.814968811253952,0.415090162986752,0.645789148082097
"YML057C-A",8.45453567604624,-0.56990036388464,0.699525672880563,-0.814695422882564,0.415246673994862,0.645869257731007
"YHR068W",3928.91974847921,-0.172957386455254,0.212356966223741,-0.814465329444502,0.415378426279881,0.645910827211445
"YPL135W",909.863005170602,-0.189889293562457,0.233289532353808,-0.813964054222847,0.415665543669874,0.646193906362418
"YMR070W",1098.36337945085,0.166965087607207,0.205232677416332,0.813540463970582,0.415908256476111,0.64640782848827
"YDR306C",546.812819287507,0.17261207747892,0.212318081573831,0.812988117636585,0.416224870836923,0.646736471866366
"YOR036W",959.435965247387,-0.134636071931051,0.165652452037859,-0.812762324220113,0.416354340433624,0.646774234318461
"YDL174C",2192.13758605431,0.157151606251532,0.193592725869757,0.811764003763545,0.416927060600793,0.647205018585897
"YGL053W",520.726783654872,0.153643411019879,0.189364818850242,0.811361962336771,0.417157836369837,0.647205018585897
"YGR191W",1347.1884150841,-0.135239371571085,0.166567719501153,-0.811918251484192,0.416838540865533,0.647205018585897
"YHR078W",534.039732429834,-0.147346932537356,0.181595770628796,-0.81140068420729,0.417135606355086,0.647205018585897
"YOR336W",522.763991448958,0.16204057894667,0.199709236972839,0.811382494885342,0.417146048658664,0.647205018585897
"YGL107C",482.102908085249,-0.120324384428841,0.14848033033367,-0.81037255344492,0.417726087507225,0.647402245638865
"YKL027W",486.604136910846,-0.127701424836398,0.157629932814043,-0.810134360629641,0.417862957813528,0.647402245638865
"YNL165W",322.019404864126,-0.161211642605047,0.198957103138694,-0.810283423219454,0.417777300406059,0.647402245638865
"YNL238W",1145.08209218527,-0.109121789654197,0.134638639331759,-0.810478999162438,0.4176649302314,0.647402245638865
"YOR059C",812.284053715765,0.111257496669655,0.137341477749427,0.810079361987348,0.417894564875739,0.647402245638865
"YPR060C",364.572081887923,-0.120415551420737,0.148653637278099,-0.810041070138539,0.417916571575007,0.647402245638865
"YBR058C",785.332754589365,0.11498743823379,0.142136405832167,0.808993568963362,0.418518845435696,0.648171971651859
"YPR105C",782.753670849684,0.108821715605722,0.134562102191791,0.808709984707426,0.418681983575578,0.648261379403274
"YKL088W",1136.61979973402,-0.153700908778892,0.190386804304167,-0.807308622783203,0.419488697366469,0.649346964209359
"YBL011W",1529.86313091152,0.114429466383816,0.14188123949206,0.806515835310414,0.419945481145264,0.649661497197455
"YBR274W",338.497509608324,-0.150194257987382,0.186239934429317,-0.806455706976124,0.419980137467906,0.649661497197455
"YGR071C",310.433914272993,-0.157975723439584,0.195900981592367,-0.806405982019537,0.42000879883855,0.649661497197455
"YLR032W",324.969552857239,0.168073930123551,0.208635162030671,0.805587746991769,0.420480592994472,0.650227721125473
"YDL044C",164.893312893627,0.153955661521744,0.191237030369184,0.805051517608967,0.420789951498187,0.650291777550835
"YLR068W",105.201551105921,-0.209134327671733,0.259782926322361,-0.805034921395186,0.420799528225706,0.650291777550835
"YOR073W",221.4067711557,0.156618235281548,0.194565002957598,0.804966118781808,0.420839231650784,0.650291777550835
"YGR166W",528.251312987672,-0.156629331396325,0.194761005603888,-0.804212993821173,0.421273975770022,0.650473249054893
"YGR169C-A",570.716380873571,0.122024554635747,0.151668791648413,0.80454623070127,0.421081581077128,0.650473249054893
"YOR121C",30.6326811603606,0.526970832679579,0.655132966806888,0.804372332609103,0.421181974904943,0.650473249054893
"YIL029C",124.913012551657,0.263862673312155,0.328290532092006,0.803747435634867,0.421542852665619,0.650561742507793
"YOR365C",83.7712996737979,0.217586325991968,0.270660226094712,0.803909496165971,0.42144924535738,0.650561742507793
"YKL206C",496.027846559469,0.122998544530311,0.153197741376268,0.80287439896529,0.422047334574788,0.651176896044893
"YMR119W-A",43.3718764633529,-0.408209901184357,0.508659689969669,-0.80252064245291,0.422251852545705,0.651329042677724
"YBR164C",839.136503052976,0.125249550595661,0.156317690533177,0.801250006755167,0.422986926557201,0.651972330407716
"YER148W",613.170930149361,0.137386899900916,0.171436794356184,0.801385142651907,0.422908713654201,0.651972330407716
"YLR154W-E",27.5279875412808,0.464497980480363,0.579615799129399,0.801389439656499,0.422906226806249,0.651972330407716
"YPL144W",158.362390481921,0.173860938409975,0.217066027322639,0.800958770722579,0.423155514675812,0.652068758520732
"YDR418W",2518.27934892168,-0.122753141925888,0.153348664565053,-0.800483931660286,0.423430469616791,0.652329005045908
"YOL142W",472.00176832923,0.148495390235253,0.18571704849125,0.799578667880073,0.423954951017302,0.652973440710346
"YDR063W",567.263642143802,0.151656660458442,0.189837607025542,0.798875748776359,0.424362462205046,0.653273877987743
"YML002W",432.401403986538,0.138802720417327,0.173738237514377,0.798918662944538,0.424337576530796,0.653273877987743
"YDR081C",519.301159007335,0.128949426648696,0.161667875689623,0.797619354486099,0.425091415942549,0.654068603464268
"YJL058C",171.268287983943,0.161371602742604,0.20227483430444,0.797783882990242,0.424995915723295,0.654068603464268
"YLL033W",51.4186765997304,-0.277354789892196,0.347832194196054,-0.797381020274005,0.425229778755314,0.654117843758175
"YDR523C",33.822785640293,0.29593066859559,0.371413819364219,0.796768060763491,0.42558574774252,0.654374808072746
"YPL269W",228.52779106355,0.142564618369339,0.178937864728399,0.796726945332285,0.425609631266827,0.654374808072746
"YPR056W",404.549978114395,-0.117112388404637,0.147163752068529,-0.795796429205627,0.426150367553105,0.655042429505523
"YHL019C",373.01899160374,-0.120027989760577,0.150902163073069,-0.795402712037057,0.426379282863569,0.655066847267287
"YJL186W",1022.02670222608,-0.125106247191639,0.157271849417374,-0.795477688188345,0.426335684650213,0.655066847267287
"YGR062C",322.184063897227,-0.15907327165883,0.200040096126438,-0.795206934705157,0.426493138547662,0.655078122394635
"YMR047C",1633.74463075478,-0.100966936401989,0.127164668576246,-0.793985762967256,0.427203719631581,0.656005711793813
"YOL098C",1303.8485837991,-0.131594095470278,0.165863354333066,-0.793388605936593,0.427551447115293,0.656375786260372
"YLR144C",471.421705374905,0.141433804546028,0.178333622274316,0.79308546948299,0.427728028026718,0.65648299784485
"YBL077W",41.9285069384074,0.85153569209794,1.0761570557608,0.791274551924895,0.428783795184857,0.657493467039916
"YOL058W",900.074941074065,-0.136671178265464,0.172734141392504,-0.791222726229356,0.428814031918228,0.657493467039916
"YOR157C",2188.53809976164,0.105162857514717,0.132835769774891,0.791675748880974,0.428549766274323,0.657493467039916
"YOR307C",344.175002962128,-0.140626839950573,0.177696946337463,-0.791385799525837,0.42871889403896,0.657493467039916
"YDL020C",1101.37652682491,-0.15535243094542,0.196692848424831,-0.789822467819873,0.429631455732831,0.658582615343199
"YLR034C",697.896784762699,0.148027142232706,0.187658024521771,0.788813282085538,0.430221145369264,0.659322213810359
"YCR102C",130.229419137253,0.196895476621461,0.249889989297246,0.787928628814548,0.43073845419466,0.659949883026758
"YOR188W",419.240204232113,0.165007056287295,0.209467353192418,0.787745936407184,0.430845330138607,0.659949883026758
"YPL002C",295.989366978785,-0.127283342742301,0.161817592853632,-0.786585318058906,0.43152465670546,0.660825856259606
"YFL012W",9.67932298739766,0.480544542985962,0.611161205462798,0.786281162303279,0.43170278605149,0.660934063783087
"YMR117C",38.378536790232,0.35627527606669,0.453563961947184,0.785501728437978,0.432159457315902,0.661468557116177
"YDL236W",1682.35516950767,-0.0996805893346248,0.127109631736806,-0.784209567541064,0.432917152093409,0.661969290247257
"YDR224C",7100.78227493716,-0.108593676777947,0.138420359335581,-0.784520985924302,0.432734472914439,0.661969290247257
"YML067C",1021.1285087834,0.123402207162482,0.157327812448801,0.784363586080122,0.432826798669864,0.661969290247257
"YNL115C",1066.35649832549,0.119656598371747,0.15249091281367,0.784680189553041,0.43264110071293,0.661969290247257
"YHL008C",606.841400947814,0.104747708473507,0.13363712957723,0.783821897438857,0.43314462315681,0.662152481335913
"YMR183C",1593.67642450485,0.129321986403574,0.165108228105921,0.783255855187365,0.433476880826543,0.662495729891461
"YHR213W-A",13.5747192988597,-0.442260799495167,0.564824956884514,-0.78300506042546,0.433624140411333,0.662556140007378
"YGL010W",256.935622964414,0.155363119332303,0.198566531312631,0.782423494560085,0.433965730707806,0.662913374032043
"YKL038W",1189.35421778793,0.144620274920726,0.185008833141211,0.781693892476704,0.434394491870232,0.663403557239118
"YIL048W",913.93168183057,-0.100702693205225,0.128878753226343,-0.781375445403063,0.434581708559796,0.663524703982807
"YBR044C",556.941750242659,0.121203884330497,0.155301342379821,0.78044324970526,0.435130019040704,0.66419697619765
"YEL074W",16.3635278290574,0.434314425959355,0.556711188893653,0.780143159727872,0.43530661462035,0.664301657547184
"YNL061W",1264.6985215683,-0.143401026977226,0.183953888983911,-0.779548765015608,0.435656523359961,0.664670706689099
"YGL013C",480.522936406078,0.143274414897705,0.184195594233131,0.777838446648006,0.43666425939622,0.665713744612623
"YML019W",536.914654028897,-0.110208989751643,0.141694669941176,-0.777792063719797,0.436691607353193,0.665713744612623
"YMR052C-A",12.4108505408039,0.571644462029864,0.734722025514833,0.778041820141846,0.436544359477902,0.665713744612623
"YNL068C",628.058501926442,0.159107324820883,0.204599186493387,0.777653750964575,0.436773164148282,0.665713744612623
"YDR433W",19.8207709534856,0.552371589836186,0.711514796170852,0.776331838506908,0.43755307881774,0.666737223669252
"YLR450W",1907.09962815958,0.12166688450676,0.156966028461119,0.775116027968414,0.438271101425552,0.66766590878552
"YGR227W",415.162306067636,0.144488263838043,0.186506459720322,0.774709165863275,0.438511533640236,0.667866748857714
"YLR053C",41.4149199970329,-0.262226387052185,0.338917509431262,-0.77371743788696,0.439097905619325,0.668594236087856
"YBR289W",579.486666789601,-0.147052687615469,0.190304578436078,-0.772722804800323,0.439686447367852,0.669159032742462
"YGL177W",12.1838990106559,-0.433084603436443,0.560426563833907,-0.772776722919215,0.439654531473938,0.669159032742462
"YDR250C",11.5463887373327,-0.430050496671489,0.556677025263617,-0.772531426939773,0.439799740904253,0.669165860109143
"YML108W",122.542757492283,-0.170025451121551,0.220241973311543,-0.771993860048835,0.440118064049787,0.669484564409148
"YBR230C",1733.62899940778,0.212092953213614,0.275352154450989,0.77026073624336,0.441145242207485,0.670021678991656
"YDR209C",261.917062547385,-0.178695708431512,0.232104898808734,-0.76989201584567,0.441363950415861,0.670021678991656
"YGR260W",2680.75071336103,-0.103054390098289,0.133739170802779,-0.770562502217542,0.440966294538452,0.670021678991656
"YHR200W",3195.14726677566,-0.176422352923549,0.228833252430668,-0.770964669905223,0.440727873178807,0.670021678991656
"YIL172C",135.176936441594,0.191509898536787,0.248845276583395,0.769594268238426,0.441540606102627,0.670021678991656
"YJL031C",325.374422261124,0.13454460737296,0.174780446745301,0.769792101338577,0.441423225860953,0.670021678991656
"YKR019C",366.599319836105,0.155944600095193,0.202641111291205,0.769560525510014,0.441560628447672,0.670021678991656
"YKR064W",371.953677340056,0.173474030615586,0.225245623731337,0.770154943487373,0.441207987316879,0.670021678991656
"YML054C-A",26.7937233040471,0.330541046781939,0.429215017332978,0.77010596888205,0.441237035620679,0.670021678991656
"YMR235C",1719.14203802561,-0.136419420535884,0.176914309727442,-0.771104501077697,0.440644992889845,0.670021678991656
"YMR282C",302.447389524904,0.140227730589386,0.182282497849508,0.769287958217237,0.441722384175391,0.670101791484621
"YHR145C",15.081319865213,-0.444722527385023,0.578480693166398,-0.768776784840943,0.442025832724085,0.670310445345578
"YLR011W",317.280569998695,0.219006058708667,0.284908510353216,0.768689072984004,0.442077913223035,0.670310445345578
"snR24",16.9457914075817,-0.35944234763096,0.468478309899748,-0.767255046894015,0.442929890012999,0.671436732457467
"YDR486C",769.007190686026,-0.119016782083469,0.15535199987089,-0.766110395633024,0.443610617950112,0.672275364422914
"YNR073C",177.817404775919,-0.286320877974739,0.373807909815487,-0.765957248245679,0.443701740519123,0.672275364422914
"YBR006W",642.729291276067,0.16468912721448,0.21515093055895,0.76545858661465,0.443998517843276,0.672506527264376
"YNL077W",476.790763827161,0.143329994806805,0.187277838781215,0.765333451835961,0.444073009304168,0.672506527264376
"YDL050C",48.3110915673045,-0.255039561183635,0.333414088919957,-0.764933365622897,0.44431122442502,0.672701632253539
"YPL046C",86.0627671947415,0.232949560241416,0.304620376355798,0.764720873331631,0.44443777399596,0.672727617542493
"YBR080C",1266.67296567464,-0.118428407702802,0.154974347130451,-0.764180716974492,0.444759556151532,0.672883461336265
"YMR074C",935.263327494897,0.0933645104113921,0.12217278221757,0.764200574929407,0.444747724010393,0.672883461336265
"YCR063W",39.7998848725507,-0.369646381174856,0.484051349191099,-0.763651174183428,0.445075144551373,0.673195312098117
"YGL066W",730.07381439468,-0.107981908735082,0.141605502713792,-0.762554467627799,0.445729147981398,0.673907352979696
"YNL081C",703.446231833683,-0.130067244991329,0.170581274231387,-0.762494274810593,0.445765058849008,0.673907352979696
"YBR173C",1677.02282991032,-0.159093446315132,0.208730840844569,-0.762194248206957,0.445944078469008,0.674012308327451
"YKL065C",2405.09868920441,0.167761065290907,0.220218045991571,0.761795267665433,0.446182205264649,0.6742065263827
"YOR046C",1387.9092346798,-0.119168568678498,0.156598788132225,-0.760980146141854,0.446668925857156,0.674776196025918
"YGL197W",1263.7296146587,-0.135366019613411,0.178009152483575,-0.760444155397577,0.446989138103878,0.675094105928008
"YLR389C",1473.03713320485,0.124226105768976,0.16354637328958,0.759577257937828,0.44750731733923,0.675710778697831
"YGR075C",204.198700355921,-0.165988103700901,0.218651759144805,-0.75914369200649,0.447766605064627,0.675936333124069
"YOR396W",1551.25927210312,0.194567054494062,0.256371383628821,0.758926568714704,0.44789648453106,0.675966473586753
"YDR157W",34.5411040238628,-0.330429508952174,0.436187760182317,-0.757539617375007,0.448726640201671,0.67705319853785
"YDR369C",239.704822282446,0.155873776591705,0.206048901731558,0.756489237660578,0.449355922660826,0.677836380761364
"YBL113C",1208.68508861521,0.23135040069922,0.306269078886708,0.755382820688859,0.450019318002912,0.678304098521418
"YDL179W",183.482294686473,-0.15303075037222,0.202649029736404,-0.755151655901219,0.450157991907723,0.678304098521418
"YER087W",179.126327549776,-0.163244973271136,0.215998052265418,-0.755770580146443,0.449786758582916,0.678304098521418
"YLR010C",77.7101142369094,0.215201052934718,0.285014669359613,0.755052550166081,0.450217452059256,0.678304098521418
"YOR209C",2423.12337593371,-0.168133250469686,0.22254238547074,-0.755511136065325,0.449942353086218,0.678304098521418
"YGR169C",289.607756253743,0.141878874853683,0.187959021980223,0.754839397220372,0.450345351827676,0.678330618109284
"YBR176W",233.935674391758,-0.133187589174749,0.176614805740219,-0.754113386001472,0.450781140222638,0.678396321326268
"YDR364C",259.957982339075,-0.118746313669282,0.157551524139561,-0.753698285800746,0.451030411451998,0.678396321326268
"YDR414C",283.921571193356,-0.131344362573786,0.174234457562515,-0.753836895475511,0.450947166478846,0.678396321326268
"YER120W",2339.61855810052,0.112533068500851,0.149323721025816,0.753618164132113,0.451078534182085,0.678396321326268
"YGR164W",14.5647572556894,-0.399047488766046,0.529386971784952,-0.753791668541755,0.450974327514956,0.678396321326268
"YIL033C",2684.74739064509,-0.117999450827383,0.156394086426965,-0.75450072009269,0.450548613144132,0.678396321326268
"YPR182W",804.619648261893,0.26616459829682,0.353246756813904,0.753480656687358,0.451161130768201,0.678396321326268
"YGR167W",2711.98462129732,0.0861256136882268,0.114453469584632,0.75249456395502,0.451753697715808,0.679121300648305
"YCR022C",22.738970475416,0.370358424070191,0.492626842141537,0.751803175117654,0.452169432309248,0.679571946212132
"YLR043C",2802.83704121422,0.0910391595896502,0.121122540206858,0.751628552655599,0.452274467617277,0.679571946212132
"YFR003C",773.021412445129,0.134274662429122,0.178781768680551,0.751053440292587,0.452620494833132,0.679805385153193
"YJL204C",263.954184691936,0.172996984397893,0.230409146313453,0.75082516109211,0.452757884774892,0.679805385153193
"YLR305C",1303.77045558388,0.112083337020188,0.149281383527695,0.750819254025697,0.452761440258126,0.679805385153193
"YGR240C-A",45.0532579853121,0.300820183251896,0.400993502138235,0.750187176719373,0.453141980833553,0.68021068638671
"YKR086W",410.192567324156,-0.107195018737988,0.142985138779737,-0.749693427252729,0.453439367039453,0.68038832085339
"YNL297C",780.58659135541,0.175412164041896,0.234000399372229,0.749623353261312,0.453481581654966,0.68038832085339
"YDL247W",150.29204423012,0.159769215990711,0.213611990727542,0.747941234228248,0.454495604527506,0.68091302505339
"YDR066C",125.031600600006,-0.162434042479944,0.217150841103405,-0.748024007895024,0.454445676644558,0.68091302505339
"YHR123W",656.50436864307,0.117642271400839,0.157247483278181,0.748134526215102,0.454379018405749,0.68091302505339
"YKL032C",2718.93196655014,0.179087024535614,0.239398274182776,0.748071493610203,0.454417035340856,0.68091302505339
"YMR139W",909.658336804853,0.109155235467892,0.145855738053955,0.748378068112157,0.454232147517047,0.68091302505339
"YOL085C",12.9199131686635,0.48263907798809,0.644769597521235,0.748545030416381,0.454131474343429,0.68091302505339
"YEL016C",415.951680218748,-0.115641956672585,0.154838244521667,-0.74685654716528,0.455150157735679,0.681339697985275
"YGR235C",779.346964108159,0.111959654557706,0.149915125264201,0.746820271539616,0.455172057390802,0.681339697985275
"YJL215C",16.0721144298616,-0.408841326624893,0.547505253203103,-0.7467349842454,0.455223547808373,0.681339697985275
"YOR007C",4637.79349699998,-0.108204206457825,0.144847136042979,-0.747023444258629,0.455049409329289,0.681339697985275
"YIL050W",682.009381708066,0.121307911616918,0.162518812322019,0.746423813241727,0.455411438592469,0.681455072346396
"YDL030W",314.103576241789,0.113556967480549,0.15228473815402,0.74568843113942,0.45585564929266,0.681953841680822
"21S_rRNA",37.9044815320647,-0.388630034323407,0.521331590911712,-0.745456521527432,0.45599578582521,0.681997588235661
"YDR285W",189.646807820786,0.175473846898756,0.235757784036359,0.744297150637006,0.456696724690909,0.682879858217624
"YOR147W",389.980587718721,0.163015002671365,0.219119373999101,0.74395522265427,0.456903564969092,0.683023073543976
"YIL112W",1062.01572332348,0.111664645519584,0.150270975624484,0.743088577521621,0.457428054681471,0.683474863044472
"YNR071C",92.896830958669,0.201515125519702,0.271150969986094,0.74318423249615,0.457370148132232,0.683474863044472
"YLR321C",313.894180847549,0.125400056496634,0.16885763120427,0.742637780728641,0.457701008456931,0.683550559011686
"YMR156C",193.670808268515,0.153732622074414,0.206980779994067,0.742738635340056,0.457639933876412,0.683550559011686
"YLR390W",412.482301978655,-0.216915064774694,0.292335657366488,-0.742006865425783,0.458083175978617,0.683955215408714
"YPL118W",882.695068661261,-0.116228123582855,0.156705689419349,-0.741696896989012,0.458271000290409,0.684069575676217
"YJL128C",1189.6010297386,-0.107108438365811,0.14449406242411,-0.74126532653939,0.458532580846068,0.684293951032109
"YBR138C",252.784759330656,0.190302005483636,0.256822027055247,0.740987864887067,0.458700798224842,0.684378920204459
"YOR129C",180.048601325594,0.145570397660591,0.196559819836489,0.740590817501182,0.458941577309963,0.684572083545058
"YOR103C",73.5798182923553,-0.184404143310765,0.249269542869409,-0.739778077931377,0.459434662940868,0.685141410544699
"YGR001C",417.277690938757,-0.148268125000742,0.200549183073947,-0.739310540826647,0.45971845008494,0.685398416490274
"YGR098C",257.238827658914,-0.138412346930094,0.187545037978364,-0.738021908881755,0.460501135735066,0.686398929900789
"YJL025W",96.7349655614132,0.173765102778697,0.235566845667019,0.737646684900299,0.460729178243344,0.686572436684412
"YOL059W",3435.50182085133,-0.127358298345297,0.172733572083657,-0.737310627048317,0.460933471109934,0.686710476580933
"YCR004C",3022.50384950327,0.0902876652509699,0.122520102215911,0.736921236744159,0.461170248611716,0.6867572364364
"YPL116W",655.190216032572,0.129070827491973,0.175155754959912,0.736891731142455,0.461188192923956,0.6867572364364
"YLR039C",449.759444097078,0.180328304522101,0.245180184741123,0.73549297922466,0.462039314217316,0.687858093061364
"YHR139C",51.5862323979965,-0.231324413858721,0.314636473936595,-0.735211690381888,0.462210580434117,0.687946531865881
"YDR296W",1052.26900075823,-0.148868178186123,0.202556089168912,-0.734947928728926,0.462371207183787,0.688019096099756
"YGR174C",488.940166227037,0.116634826646948,0.158795319941568,0.734497885012394,0.462645348710647,0.688184320906246
"YPL216W",265.261464094156,-0.142103375752481,0.193496338924543,-0.734398265839526,0.462706043406069,0.688184320906246
"YGR204C-A",39.2340068321629,-0.273593018910881,0.372644380024671,-0.734193331703453,0.462830917018666,0.688203612104641
"YJR155W",325.210273410814,0.153139792888187,0.208660021696788,0.73392014264582,0.462997409986538,0.688284764664542
"YPR166C",243.546277232099,-0.171724178185259,0.23422954462378,-0.733144823643332,0.463470103986524,0.688820961700609
"YKR066C",2742.67909639011,-0.133270789404617,0.182026460420339,-0.73215063951068,0.464076628237438,0.689555753481575
"YML043C",46.1887933659973,-0.251666577295946,0.344193901755896,-0.731176746630536,0.464671201574284,0.690272437121219
"YNL037C",4087.28670584666,-0.170846716075125,0.233785742622575,-0.730783298239621,0.464911526689422,0.690462663400131
"YLL017W",85.2850810197495,0.230584438994409,0.315757174798555,0.730258747537616,0.465232038860218,0.69077185876155
"YJL172W",1095.34594669377,0.116351695806321,0.159534947100078,0.729317920125248,0.465807212994991,0.691136661956918
"YJR154W",94.5762588353117,-0.208942815567854,0.286440278773744,-0.729446349034226,0.465728674804337,0.691136661956918
"YNR063W",47.2437103018173,-0.252678659901022,0.346464816009149,-0.729305396177225,0.465814872164459,0.691136661956918
"YEL056W",875.382193537977,-0.0909909511296037,0.124836676322253,-0.728879955877071,0.466075096792419,0.691288764843161
"YIL138C",677.681352005827,0.162174406507094,0.222531587474177,0.728770276381159,0.46614219639099,0.691288764843161
"YNL215W",1186.4552521819,0.116496837283922,0.160059184677276,0.727836003405939,0.466713982255592,0.691969862794574
"YDR002W",4597.00178431265,-0.120503764208898,0.165721124309083,-0.727147879977861,0.467135370497518,0.692116045584227
"YDR524W-C",2775.40609380777,0.672023735321368,0.92445562241813,0.726939962313748,0.467262735165156,0.692116045584227
"YGL160W",574.980790305057,0.118556536831879,0.163080063318742,0.726983632574137,0.467235982362234,0.692116045584227
"YPR085C",311.208513536311,-0.118498511939429,0.162932792849637,-0.727284605308309,0.467051626797743,0.692116045584227
"YEL017W",546.420613727603,0.112106725686796,0.154548246788265,0.725383354496314,0.468216881909034,0.693362346193248
"YJL161W",213.822402561985,-0.152273106228438,0.210169030818579,-0.724526851721947,0.468742348303713,0.69397338518725
"YNL158W",328.699419009993,-0.124428681201969,0.171871681387462,-0.723962669111621,0.469088653820113,0.694318946087532
"YER118C",789.508093006491,0.117581487204179,0.162601216325716,0.723127968296651,0.46960126779414,0.694576189738807
"YHR072W-A",1266.1811772708,-0.110186344091984,0.152360075111735,-0.723196966207701,0.469558882439219,0.694576189738807
"YLR467W",1338.76309661252,0.162045219319028,0.224037963383261,0.723293574320787,0.469499539715693,0.694576189738807
"YDR305C",291.331182056568,0.12356889445599,0.170958066112363,0.722802364731789,0.46980131430862,0.694704997114213
"YMR160W",434.903012174568,0.136269660925714,0.188577611983688,0.722618446019464,0.469914332338316,0.694705082663616
"YJR102C",247.77800611917,-0.172146662062812,0.238672944960062,-0.721265923507244,0.470745918576517,0.695600047872556
"YPL200W",8.52416059537298,0.479652798340133,0.665004277002714,0.721277764561167,0.470738634688775,0.695600047872556
"YLR396C",333.845817929053,0.109209683843262,0.151617418853207,0.720297738012527,0.471341697163984,0.695858603846386
"YMR151W",25.1067478445493,-0.310927522943352,0.431773562841977,-0.720117093081838,0.471452904091946,0.695858603846386
"YMR281W",583.028164037496,0.116278120698931,0.161379689254255,0.720525124544847,0.471201736181658,0.695858603846386
"YOR021C",1078.26762368825,-0.105314646136807,0.146128160972883,-0.720700551048129,0.471093773310092,0.695858603846386
"YPR199C",378.101190633228,0.120138931312398,0.166845188708142,0.720062305917342,0.4714866345086,0.695858603846386
"YBL112C",50.7073179778362,0.216781372674175,0.301431572182741,0.719172749902762,0.472034487187375,0.696500023081179
"YBR191W-A",24.4311127220849,0.622457106290109,0.866546450267324,0.718319376991372,0.472560385203944,0.696670965491848
"YDR467C",39.4440418773203,0.280416431923273,0.390416463473822,0.718249505741131,0.472603458216583,0.696670965491848
"YKL165C",397.836064179892,-0.16255608498474,0.22620901691906,-0.718610103163592,0.472381186603675,0.696670965491848
"YPL070W",929.200146057196,0.11159513633844,0.155351172305089,0.718341127927136,0.472546977006738,0.696670965491848
"YNL258C",670.219159235134,0.134437965127943,0.187351382941581,0.717571245096509,0.473021692863031,0.697120395664423
"YAL055W",468.623080059309,0.181308502768203,0.252807250188111,0.717180787470666,0.473262552397905,0.697228048386112
"YPL043W",641.169888823873,-0.158049711940011,0.220405741290032,-0.717085276522055,0.473321480001954,0.697228048386112
"YDR304C",2547.72402564237,0.0981356951664832,0.136950954639485,0.716575473495747,0.473636082577402,0.697413613404203
"YEL067C",104.960620572564,0.227364835022856,0.317321018596564,0.716513630355902,0.473674254177131,0.697413613404203
"YMR325W",12.0575002004015,0.424087355909608,0.592112196565913,0.716228036458626,0.473850553971384,0.697506200795599
"YCL038C",645.511701126543,-0.115953747354784,0.162006287059412,-0.71573609555202,0.474154318275041,0.697786326248266
"YCL007C",10.0760952586746,0.462814616325253,0.647402652890662,0.714879085309242,0.474683761549214,0.69839835730327
"YBR003W",827.023924319543,-0.0974360744904461,0.136560891712934,-0.713499108480249,0.475536964600473,0.698893273655138
"YDR377W",833.8043140857,0.10016932228446,0.140444165474555,0.713232350706712,0.475701990816326,0.698893273655138
"YJL126W",207.796739449269,0.131723588621711,0.184645932240536,0.71338473056702,0.475607719158224,0.698893273655138
"YLR031W",41.3255571013162,0.278614621727705,0.390457686151372,0.713559065705501,0.475499877168042,0.698893273655138
"YOR198C",2662.65349175831,-0.110767072072146,0.155286862079993,-0.713306139286181,0.475656339332578,0.698893273655138
"YPR190C",446.352221190451,-0.133091628241532,0.186472792381753,-0.713732156533924,0.475392818166999,0.698893273655138
"YAL037C-B",170.742488975963,-0.601886683020412,0.844524619129983,-0.712692879978403,0.476035823300278,0.69904974051975
"YOR124C",1542.26827769219,0.102993004792738,0.144496576708845,0.712771244403006,0.475987322261902,0.69904974051975
"YKR056W",276.308230162956,-0.128505634204336,0.180447508009942,-0.712149675113579,0.476372096234689,0.699376555703828
"YKL105C",1057.59502343006,0.101637978238568,0.142882083449125,0.711341658695488,0.476872542416682,0.699443390379822
"YLR295C",684.538792304183,-0.105902705287247,0.148820509175086,-0.711613647032035,0.476704053898586,0.699443390379822
"YML062C",620.756438707505,0.0902070873018968,0.126784504222229,0.711499310229435,0.476774878104763,0.699443390379822
"YMR025W",65.8430675392667,0.246517231882759,0.34645205325501,0.711547902708799,0.476744777522997,0.699443390379822
"YEL009C",9370.02509565459,-0.127989771618507,0.179975662754668,-0.711150439228967,0.47699101658919,0.699450346214478
"YFL033C",945.03554490961,-0.108401381174702,0.152492302731011,-0.710864609120089,0.477168138880502,0.699543278692512
"YMR094W",43.8677146118149,0.21498928701363,0.302731972519394,0.710163796788451,0.477602568328732,0.700013297240634
"YOR071C",439.938084719409,-0.131740692252565,0.18564342090522,-0.70964374395915,0.47792508581682,0.70031910359148
"YLR145W",205.119884315121,0.120639639760134,0.170117494756622,0.709154810519204,0.47822841278928,0.700596650465477
"YBR013C",89.90596528857,0.196977885862759,0.278158206195169,0.708150546975236,0.478851772711779,0.701175810042248
"YHL024W",313.78602332105,-0.129191418433351,0.18243067338317,-0.708167195995613,0.478841434824406,0.701175810042248
"YFL009W",783.462089508447,0.0920310849642153,0.130117802883502,0.707290493112714,0.479385972274898,0.701227381505629
"YKL155C",362.128381134187,0.13380893532622,0.189176509646792,0.707323206121375,0.479365647512307,0.701227381505629
"YLR368W",324.84548103589,0.116120779089339,0.164153661972047,0.707390731917469,0.479323694870935,0.701227381505629
"YOR179C",291.969868904461,-0.131266143297148,0.185473747133381,-0.707734357697265,0.479110237000869,0.701227381505629
"snR58",12.4812363845851,-0.470578021169442,0.66543265714146,-0.707176024679842,0.479457095809947,0.701227381505629
"YJL206C",243.04382891994,0.151391873830166,0.214414393740433,0.706071412413845,0.480143728673431,0.702064653195816
"YAL029C",1277.90004357915,0.105723828243336,0.14994789608861,0.705070434471849,0.480766404602564,0.702436687509151
"YBL098W",211.290617144817,0.123802868604593,0.175687905981516,0.704674962758214,0.481012535906059,0.702436687509151
"YHR036W",241.000779131978,0.124993481811579,0.177347021681964,0.704796058180945,0.480937161978295,0.702436687509151
"YJR121W",5913.62269847615,-0.0854869993879091,0.12133370680056,-0.704561013110947,0.481083467933096,0.702436687509151
"YLR128W",210.961124591594,-0.161730626278112,0.229405733197864,-0.704998188247625,0.480811363650201,0.702436687509151
"snR39B",22.8196879079602,-0.316077512307545,0.448521023156072,-0.704710584318719,0.480990363162178,0.702436687509151
"YAL019W",614.237631870394,-0.160860657664503,0.228386657658671,-0.704334742290035,0.481224335167182,0.702475590144355
"YKL194C",348.461303823876,-0.102351615288715,0.145488169586662,-0.703504728800286,0.481741260835519,0.702743296324899
"YNL130C",737.262179690376,0.0930425345165374,0.132258530458073,0.703489855771781,0.481750526391183,0.702743296324899
"YOR012W",35.8906932304807,-0.230938959106179,0.328164358653788,-0.703729558120046,0.481601209135611,0.702743296324899
"YEL051W",2680.36176883026,-0.0967086535790834,0.137757706843671,-0.70201991449255,0.482666744201295,0.703745964162627
"YER045C",619.149855434078,-0.113572429215108,0.161763451110926,-0.702089553821576,0.482623316491916,0.703745964162627
"YLR199C",307.015136695665,0.138016550837983,0.196868218812885,0.701060596119691,0.483265199759518,0.704451523707285
"YDR027C",802.371719042762,0.0993466215748454,0.141997396252968,0.699636924312752,0.484154076880294,0.705297921396251
"YMR061W",616.15687489956,0.120339498428346,0.172016879149523,0.699579593719654,0.484189890103248,0.705297921396251
"YNL129W",181.691208801017,0.157805406691748,0.225551105839353,0.699643684319348,0.484149854140172,0.705297921396251
"YBR033W",248.925159884062,0.140828757713473,0.201572741101146,0.698649812192648,0.484770905691394,0.705555390384262
"YDR375C",556.430639051992,-0.105704455849323,0.151544674530996,-0.697513496772221,0.485481495855046,0.705555390384262
"YGR102C",287.669819836295,0.126684824760276,0.181560060341418,0.697757119721426,0.48532909978217,0.705555390384262
"YMR009W",622.766125633972,-0.092555636118322,0.132587538400098,-0.698071909586442,0.485132224266001,0.705555390384262
"YMR129W",798.522913140582,-0.107543101081409,0.154157356923677,-0.697618999362146,0.485415496510322,0.705555390384262
"YMR165C",776.637450958082,-0.102391340808224,0.146650759313765,-0.698198504306097,0.485053061737381,0.705555390384262
"YMR194C-A",43.1370287436842,0.285495501735953,0.409335012748125,0.697461719238824,0.485513888147349,0.705555390384262
"YNL084C",1140.59384277099,0.136452624319659,0.195549467290311,0.697790826078204,0.48530801712354,0.705555390384262
"YNR020C",408.440965335699,0.126358280048557,0.181054771295196,0.697900856987304,0.4852391984204,0.705555390384262
"YPR114W",1595.89515993604,0.0920771177029815,0.131726681448809,0.69900127058742,0.484551236790776,0.705555390384262
"YOR277C",9.15657014936346,0.597939672784604,0.859029127204023,0.696064491702143,0.4863884424727,0.706659324641414
"YFL018C",3659.53026560455,-0.0794383332600504,0.114241078108994,-0.695356999207067,0.486831601612556,0.70700459925786
"YHR187W",310.767660457541,-0.122517536400719,0.176203592828846,-0.695318037695895,0.486856012659681,0.70700459925786
"YBL080C",347.439972375499,0.131925604145144,0.189913493414889,0.694661562867135,0.487267421546447,0.707133500974385
"YGL048C",3353.90128902948,0.0796061242416544,0.114543719610138,0.694984626940725,0.487064935748134,0.707133500974385
"YJL139C",392.635162373074,0.0985353637230116,0.14185383942076,0.694625990564419,0.487289719858446,0.707133500974385
"YPL081W",910.654822652177,-0.159670958122451,0.229948285320888,-0.694377685398408,0.487445383999187,0.707192524556499
"YPR125W",509.130899169699,0.100584713241903,0.144971073498205,0.693826091059114,0.487791278151018,0.707527443544519
"YDR461C-A",327.488456693288,0.163878280119621,0.236517334172775,0.692880632587837,0.488384464828021,0.707720183480756
"YJR024C",697.326111126396,-0.123477140844517,0.178111914960805,-0.693255927722127,0.488148955725399,0.707720183480756
"YKL057C",694.997372435195,0.141472874748063,0.204098481504641,0.693159859422304,0.488209235669733,0.707720183480756
"YLR361C-A",219.025838485352,0.145832289131859,0.210418732527364,0.69305753998349,0.488273442428696,0.707720183480756
"YLR104W",425.619624406183,0.147423587422648,0.213107859957062,0.691779211955633,0.489075993331309,0.708555326027691
"YIL141W",12.5836126741057,0.384683143632046,0.556651803479524,0.691066015105789,0.489524056171153,0.709037434162175
"YBR259W",206.322900777364,0.151037411610478,0.218817529674252,0.69024365568574,0.490040974107763,0.709604119889994
"YER019W",1668.9714381092,-0.180332501355504,0.261531049219695,-0.689526164841782,0.49049221360201,0.709604119889994
"YLR162W-A",197.352646712315,-0.163429171015963,0.236977215579092,-0.689640861112312,0.490420064600576,0.709604119889994
"YPL045W",480.450561516405,0.11740449392823,0.170210040920262,0.689762444644675,0.490343589439387,0.709604119889994
"snR36",18.4013602794506,0.427558072608027,0.619928442695585,0.689689395035515,0.490389536345405,0.709604119889994
"YIL103W",318.898737865377,-0.126728932855848,0.184107125859493,-0.688343442787569,0.491236530528955,0.710492017348171
"YNL322C",2792.21927838818,-0.205068073766423,0.29798442337747,-0.688183870291283,0.491336999964516,0.710492017348171
"YGR121C",677.703366089941,0.096273277434953,0.14010904630641,0.687131059506389,0.492000143216391,0.711283704932018
"YNL085W",1108.22429270465,-0.149813047262934,0.218095164127612,-0.686915951860696,0.49213569402999,0.71131246023136
"YIL027C",476.601763648342,0.130337649759074,0.189882720466295,0.686411325048454,0.492453764937015,0.711604946983704
"YGL153W",132.003374506688,0.136798405300993,0.199430967272384,0.685943648431256,0.492748644183639,0.711863791808639
"YFL013C",403.523690513418,0.101566373214728,0.148177027177954,0.685439404130786,0.493066686066405,0.712155969776513
"YHL006C",161.112567000195,0.177362109096193,0.258904384183282,0.68504868952175,0.49331319699694,0.71234471977722
"YDL065C",685.612157516523,0.0971568654623847,0.142176564125742,0.683353589670787,0.494383438826836,0.71355506894744
"YGL014W",1329.40089058071,0.0852949184353485,0.124786574294963,0.683526404320818,0.494274271352487,0.71355506894744
"YAL008W",503.357369459452,0.107345573437392,0.157493045676504,0.681589291617889,0.49549868799813,0.714661569228072
"YBR129C",406.791254914938,0.125112704793606,0.183543462098605,0.681651655488505,0.495459243620295,0.714661569228072
"YMR213W",425.945963572902,0.10926776508852,0.160293245287556,0.681674170939024,0.495445003287915,0.714661569228072
"YDR107C",419.191340682267,0.0995796685214268,0.146261516869109,0.680833008251526,0.495977161316505,0.715183948908911
"YDR444W",330.93348323016,0.110523214501354,0.162726048252972,0.679198049039674,0.497012383304671,0.716508710108703
"YLR381W",282.251876878954,0.125460724923091,0.18499516447943,0.678183806999134,0.497655158336817,0.717267219069938
"YCR061W",665.078023862125,-0.152240759747724,0.224652150590361,-0.677673279991544,0.497978871759611,0.717397531347296
"YNL222W",187.087502267891,-0.12054710932297,0.177840339416432,-0.677838952166507,0.497873810568127,0.717397531347296
"YMR013C",180.537834585621,-0.146155717648394,0.215797602764121,-0.677281470119712,0.498227385353627,0.717587451973023
"YCL001W",825.289453976188,0.102221067203633,0.151280203617253,0.675706832483236,0.499226797123381,0.717977867191881
"YEL005C",220.54902283846,0.128539057026354,0.19020329615718,0.675798262297894,0.499168738135884,0.717977867191881
"YJL002C",2028.37288593721,-0.1012974388266,0.149939931081695,-0.675586803967571,0.499303022061468,0.717977867191881
"YKL011C",167.179508168796,0.160667814704206,0.237845229363788,0.675514136373374,0.499349173123191,0.717977867191881
"YKL100C",1654.09909974913,0.0937917845048052,0.138760453392116,0.675925901162658,0.499087691983287,0.717977867191881
"YKL183W",797.547229075393,-0.189608885969368,0.280742722260216,-0.67538308542019,0.499432409080791,0.717977867191881
"YMR304C-A",220.682671659674,0.268374677315706,0.39700688790803,0.675995015426224,0.499043809794941,0.717977867191881
"YPL276W",13.8361269499885,0.373148438612466,0.551804112076771,0.676233522813166,0.498892391877968,0.717977867191881
"YOR386W",382.918404171485,-0.14600214822273,0.216405116959917,-0.67467049889478,0.499885131598773,0.718460752356264
"YER129W",953.396935829834,0.0911218218716851,0.135165503421384,0.674149983280935,0.50021596467275,0.71860036971208
"YGL194C-A",49.5945034763147,0.233485649479105,0.346282682082483,0.674263142687249,0.500144032120744,0.71860036971208
"YLR036C",189.160050127933,0.218832929572828,0.324853514567847,0.673635715051265,0.500542941018854,0.718902168908443
"YER095W",1389.07389659867,0.152056371966987,0.226019102269017,0.672758941348255,0.501100662796816,0.719312471828144
"YPL252C",358.143917630613,-0.198877449514357,0.295669177446945,-0.672635041743718,0.50117950272904,0.719312471828144
"YPR022C",588.331050261034,0.104038297923368,0.154639424235951,0.672779910022328,0.501087320637295,0.719312471828144
"YER188C-A",16.4579088055171,-0.367615684388442,0.546743619564019,-0.672373067072248,0.501346224373064,0.719383873050476
"YHR013C",902.198248967552,0.110518971246762,0.164484987040475,0.671909170771717,0.501641521729795,0.719639691774723
"YGL051W",166.318889157534,-0.127348364537623,0.189741420014387,-0.67116797443577,0.502113527947467,0.720148833226894
"YDR491C",36.2458699039198,-0.244551295825014,0.36468204073734,-0.670587713424446,0.502483211775218,0.720350012090222
"YNL224C",571.086401426849,-0.130722608618299,0.19493958555496,-0.670580109453675,0.502488057214155,0.720350012090222
"YCR076C",546.463809536425,0.14744747511843,0.220212000526971,0.66957057183798,0.503131578974229,0.720458779798552
"YGR012W",552.377726081958,0.116245172324065,0.173618887120273,0.669542203916657,0.503149668168257,0.720458779798552
"YOR005C",396.598711246115,0.135337542353178,0.202073465370179,0.669744254176334,0.503020835541355,0.720458779798552
"YOR217W",565.101579403101,-0.104412158666041,0.155910264648679,-0.669693935170453,0.503052918649662,0.720458779798552
"YPR189W",616.97174601579,0.122316476026097,0.182620744741318,0.669784126657448,0.502995413844876,0.720458779798552
"YCR097W-A",10.9950985326171,0.388809151264407,0.581263148358507,0.668903838756007,0.503556821309697,0.720873941120726
"YFR011C",253.662120908744,0.108672992401043,0.162634176134661,0.668205139804451,0.504002655025747,0.721344270050813
"YDR257C",428.983421678143,-0.134438147679575,0.201457029772563,-0.667329146227113,0.504561913028519,0.721643310024475
"YKL176C",791.185415863386,-0.10097354973255,0.15125660352103,-0.66756457160901,0.504411578950425,0.721643310024475
"YNL249C",202.582090054723,0.114250206140024,0.17120586310984,0.667326480908684,0.504563615139064,0.721643310024475
"YEL007W",1151.50355229867,-0.0996472686102723,0.149407329249234,-0.666950337115293,0.504803856314209,0.721679772352575
"YPR145C-A",36.8943088145565,-0.365199619219469,0.547666991882152,-0.666827880140078,0.504882081983927,0.721679772352575
"YPR154W",967.051805912222,0.121072785837321,0.181590450551628,0.666735422867948,0.504941148037908,0.721679772352575
"YOR326W",2522.07974687607,0.11941658106657,0.179202105986514,0.666379339735869,0.505168664704124,0.721837195151107
"YEL036C",1615.98526650459,-0.154147349849803,0.231470933468038,-0.665946896831812,0.505445043478791,0.721896659868686
"YLR367W",3330.656283403,-0.108909914714427,0.163516861035292,-0.666046999831538,0.505381059524821,0.721896659868686
"YIL071W-A",27.8711363397398,0.279818063035164,0.420620279170868,0.665251004033247,0.505889962939284,0.722364353860366
"YHR186C",651.186102147993,0.0915859807211318,0.13776641746212,0.664791771523811,0.506183686353822,0.722615986786445
"YER087C-A",15.913210305401,-0.372662360253672,0.5610645804354,-0.664205820949306,0.506558588390545,0.722983364725424
"YIL060W",13.3354705585076,0.401810384362759,0.60535375454691,0.663761282299311,0.506843109818061,0.723053844903984
"YLR353W",463.922942639542,0.115243164332983,0.173619218392374,0.663769629883582,0.506837766277043,0.723053844903984
"YHR073W",1443.07999917128,0.0987854400903461,0.148922301547232,0.663335437768639,0.507115745050888,0.723123220325168
"YLR162W",393.909622056989,-0.423704408891424,0.638765117918075,-0.663318013157016,0.507126902319098,0.723123220325168
"YER058W",362.932753551096,-0.132308257805726,0.199650960879044,-0.662697826362498,0.507524102187829,0.723521842479172
"YDL186W",153.634119760215,-0.205505143824624,0.310685177758419,-0.661457831066597,0.508318749155892,0.724151101994147
"YKL086W",194.065471741135,0.201530195972851,0.304509324781723,0.661819456981526,0.50808693497878,0.724151101994147
"YKL204W",1044.91023335793,0.0804443732017932,0.121602282892324,0.661536702177085,0.508268185435156,0.724151101994147
"YML099C",404.636256630823,0.0962460527390717,0.145634965506638,0.66087187513142,0.508694484020982,0.724518544865456
"YCR003W",301.35831495045,0.125618201987668,0.190429542077964,0.659657113160721,0.509473894189372,0.724957068316667
"YJL081C",844.663384552232,0.0887455645937685,0.134488259627856,0.659875924034836,0.509333455575003,0.724957068316667
"YLR455W",258.249343777766,0.168425156541047,0.255299023604395,0.65971719814344,0.509435328036841,0.724957068316667
"YOR042W",2013.16315763092,0.119514479511392,0.181166053531293,0.659695771817144,0.509449080565241,0.724957068316667
"YBR045C",84.4785768636988,-0.176381071305647,0.267501371147819,-0.659365111097621,0.509661340424721,0.725056035996307
"YGR203W",460.336652863698,0.193999037250464,0.294650946200192,0.658402899268672,0.510279272896315,0.725651062235551
"YMR166C",313.442530225376,-0.142242252625586,0.216059900750036,-0.658346375851336,0.510315584417684,0.725651062235551
"YPL077C",156.99871559125,0.153350983258553,0.233253522398509,0.657443376124267,0.510895868653544,0.726308273744636
"snR32",33.2875385202623,-0.240137101301164,0.365544659621429,-0.656929584335491,0.511226194542481,0.726609913666803
"YIL087C",512.548569917352,-0.147632209154864,0.225060617237758,-0.655966427919738,0.511845725367102,0.727085838906106
"YOR118W",597.744931522888,-0.0905299071318768,0.137994410836278,-0.656040390210335,0.511798136740885,0.727085838906106
"YOR239W",2017.27240337037,-0.082737875063611,0.126152184652427,-0.655857647583111,0.511915720725762,0.727085838906106
"YGL251C",206.024694381463,-0.176278908271762,0.268949461751648,-0.655435066215306,0.512187680613871,0.727304141254977
"YER101C",207.427637467806,0.116290939684953,0.177548855061609,0.654979947038241,0.512480665058126,0.727552190698863
"YMR039C",2093.66546214764,0.0965508827532422,0.147634064970548,0.65398783656403,0.513119642088684,0.728123165400417
"YOR218C",10.472558850598,0.413814275931553,0.632624489142373,0.654123074641873,0.51303251645501,0.728123165400417
"YGL249W",71.3323126681938,-0.19143977015661,0.293190680455356,-0.652953122040862,0.513786500424157,0.72881194169298
"YML124C",2927.17826165882,0.112808493872392,0.172789403202955,0.652866968583076,0.513842045395246,0.72881194169298
"YCR091W",632.62067713298,-0.103228654835388,0.158312106960962,-0.652057867316758,0.514363842650311,0.729047622101732
"YFR005C",317.937506251747,-0.115051828336651,0.17639115858121,-0.652253940968824,0.514237367563159,0.729047622101732
"YIL075C",6155.39401689732,-0.0917847097081006,0.140756659108241,-0.652080763280397,0.514349073034481,0.729047622101732
"YKL039W",2217.16035358679,-0.0840798441335959,0.129004315924406,-0.651759931682172,0.5145560536087,0.729072420981359
"YOR110W",666.196612502624,0.0952521378146283,0.146167729955599,0.651663249087627,0.514618435687818,0.729072420981359
"YNL240C",594.986153364942,-0.193553226354815,0.297251040907178,-0.651143981747249,0.514953547472922,0.729379160976157
"YAR002W",739.081965307693,0.0997489748733936,0.153488791379002,0.649877909502127,0.515771088453264,0.729435440863538
"YGR133W",223.737172158525,0.115740176668204,0.178001159871606,0.650221474689764,0.515549171503469,0.729435440863538
"YIL071C",120.962974472781,-0.221414922708216,0.340525734415756,-0.650214948036455,0.515553386762685,0.729435440863538
"YLL029W",1979.91125613671,0.0769606942535346,0.118310837242817,0.650495728430887,0.515372060047244,0.729435440863538
"YLR085C",569.50481924248,0.0953000698757876,0.146609286396944,0.650027513385226,0.515674449644749,0.729435440863538
"YNL104C",5203.00672819255,-0.101801573651755,0.156666799778009,-0.649796726530474,0.515823533709842,0.729435440863538
"YOR122C",4603.19389882828,-0.123401754076447,0.189840466688441,-0.650028712155294,0.515673675319703,0.729435440863538
"YKR084C",1036.63036200135,0.0852090340935476,0.131410247464543,0.648420010901649,0.516713331048012,0.730357845540169
"YMR113W",458.227696024409,0.091945525712269,0.141788339186181,0.648470291985975,0.516680819445067,0.730357845540169
"YBL078C",497.856367781083,0.115942222908828,0.178896778566563,0.64809564396761,0.51692309123823,0.73048644556873
"YBR107C",273.523800382873,-0.109249907818636,0.168724931393921,-0.647503050770672,0.517306420686115,0.730692348925036
"YPL096C-A",225.745632685061,-0.127432248724234,0.196801548445416,-0.6475164943104,0.517297722862218,0.730692348925036
"YJL005W",1810.66901596553,-0.0946036559946631,0.146182098591831,-0.647163071990198,0.517526408423068,0.730835226590555
"YNR004W",129.172745721552,0.183204232356565,0.283292836742728,0.646695604671928,0.517828968329757,0.731094617820937
"YPL191C",195.321239560673,0.171976105293821,0.266191405212202,0.646061825913294,0.518239316439744,0.731506035369389
"YDR438W",277.219395425082,0.112473177196997,0.174180018958241,0.645729503703646,0.51845454984584,0.731641918667259
"YBL043W",127.228373219057,0.217094697976956,0.336622133136413,0.644921045310412,0.51897835275841,0.731980034946533
"YER017C",1391.11676476692,0.0941702556782903,0.146043727188016,0.644808630206046,0.519051208520623,0.731980034946533
"YJR049C",1216.63568625926,0.0848347698643871,0.131526470522901,0.645001493061553,0.518926218147381,0.731980034946533
"YIL058W",42.704120925306,-0.196908900190653,0.305463498986354,-0.644623337466089,0.519171307502193,0.731981554593875
"YGR147C",1016.88261136621,-0.16566254388816,0.25725046572292,-0.643973737511489,0.51959246423583,0.732407438700516
"YDR140W",258.646060759348,-0.118898782670783,0.184911506026804,-0.643003700665056,0.520221698618895,0.732627891635424
"YLR064W",476.900384309569,0.166820907432766,0.259440471239403,0.643002638084286,0.520222388099126,0.732627891635424
"YLR285C-A",151.58822875328,0.462019976848209,0.718245277867942,0.643262115442904,0.520054034172846,0.732627891635424
"YNL207W",444.543897689844,0.108384854156457,0.168561715616445,0.6429980482821,0.520225366304373,0.732627891635424
"YNL310C",453.011925699944,0.125601356323081,0.195399757982014,0.642791770165047,0.52035922397222,0.732648632653195
"YGL164C",652.626784820812,0.0920485287156611,0.143590959869008,0.641046823557925,0.521492261765681,0.734075854854415
"snR35",41.2858109572129,0.243861096666105,0.380654241631702,0.640636751138715,0.52175871621879,0.734282861497839
"YDR519W",670.893238583653,0.0883316547862352,0.137992248638883,0.640120410077478,0.522094320857312,0.734419046951616
"YOR135C",23.5977176695916,-0.361284150463763,0.564276846831343,-0.640260454584535,0.522003285585687,0.734419046951616
"YAL012W",6806.71115125542,0.140238484802105,0.219242480546085,0.63965014650811,0.522400073182877,0.734678718565993
"YDL246C",147.896794559944,0.134366566008333,0.210182448906662,0.639285376620588,0.522637299792881,0.734678718565993
"YPL257W",52.9997292445044,0.235559313730127,0.368455659414239,0.63931522752185,0.522617884302094,0.734678718565993
"YDR245W",1376.32400575841,-0.0861349384477762,0.134952360956782,-0.638261812072785,0.523303266205634,0.734775134055856
"YEL030W",170.996976057216,-0.139114675076377,0.217769576706066,-0.638815931869798,0.522942682689377,0.734775134055856
"YFR002W",746.589024366053,0.101798965582994,0.159419930866693,0.638558585677212,0.523110130239689,0.734775134055856
"YJR158W",67.6903204434223,-0.193373160546393,0.302963942530947,-0.63827120458944,0.523297153131054,0.734775134055856
"YLR342W",10037.4634194541,-0.0865289834370063,0.135556038671184,-0.638326291364255,0.523261300904691,0.734775134055856
"YEL063C",973.006226685239,0.0918326396042113,0.144066868667272,0.63743066295348,0.523844360707355,0.734798419206536
"YER050C",570.013117649102,-0.0958153186480828,0.150329954194652,-0.637366778706113,0.523885962484805,0.734798419206536
"YJL034W",4462.9709263325,-0.120837671775629,0.189603198913382,-0.63731873970561,0.523917246865148,0.734798419206536
"YNR019W",1636.01049153411,-0.112650308492303,0.17669835132958,-0.637528916623487,0.523780380676951,0.734798419206536
"YOL103W",1001.80349318057,0.106632550870061,0.16717729239975,0.637841116693551,0.5235771113594,0.734798419206536
"snR18",13.961318590018,-0.353699540978859,0.555261527032017,-0.636996304911406,0.524127250474496,0.734925351212529
"YGR111W",439.236705679496,0.148980652005356,0.233953013751671,0.636797319326226,0.524256872440141,0.734939540803935
"YHR084W",465.999033045942,-0.113731695124064,0.178865244008772,-0.635851284324898,0.524873357374094,0.735404841204331
"YML081C-A",569.539150667034,-0.114891623924853,0.180629021537998,-0.636064033047338,0.524734687051395,0.735404841204331
"snR189",8.24528902151205,0.435911855972031,0.685678988908691,0.635737514235076,0.524947520794636,0.735404841204331
"YCR028C-A",1307.79483919856,-0.0863642901444009,0.135892446645936,-0.635534146864107,0.52508010344728,0.735423055386193
"YKR105C",93.3841408732925,0.170513472939569,0.268429799910685,0.63522557106664,0.525281308061685,0.735537350769436
"YPL254W",399.301891544194,-0.0998247962342876,0.157289941865772,-0.634654670541336,0.525653663599201,0.735891197617821
"YMR132C",67.6366640119892,-0.16552653076957,0.260903297228564,-0.634436331498566,0.525796105434986,0.735923087943824
"YNL034W",30.0518622289962,-0.235716121614946,0.371704452143393,-0.634149309365856,0.525983385334105,0.736017706440215
"RUF23",9.40483771754027,-0.446149094090965,0.704539853210618,-0.633248909991174,0.526571110692298,0.736170113834424
"YKL053C-A",579.349654825037,-0.0971881705076804,0.153452446295883,-0.633343898084783,0.526509092483466,0.736170113834424
"YLR390W-A",6341.52722986616,-0.139305794274425,0.219802178472426,-0.633778041885518,0.526225685290294,0.736170113834424
"YPR082C",354.202631250636,0.111118561184968,0.175463102358045,0.633287338999758,0.526546019748031,0.736170113834424
"YBR234C",2465.84708168204,0.0804297287514575,0.127055848384448,0.633026576691628,0.526716287817548,0.736205720472254
"YML064C",377.124034790927,0.109889014915619,0.173783628805426,0.632332376018308,0.527169711989258,0.736672058335364
"YML131W",530.423214652204,-0.115213230630355,0.182283732286567,-0.632054375808092,0.527351346463269,0.736758469047956
"YJL187C",523.525098085098,0.10451919433411,0.165583729377145,0.631216573797839,0.527898926562643,0.737355984183568
"YJR033C",615.078425495921,-0.102100977985512,0.161833983336738,-0.630899492679876,0.528106243590654,0.7374780649597
"YER046W",292.931001069929,0.112994358280008,0.179279642657287,0.630268761166652,0.528518757838207,0.737886574507371
"YHR083W",1306.91473253784,-0.111089399216438,0.176428520690906,-0.62965669485526,0.528919221386629,0.738110554011293
"YOR355W",723.702085420905,0.144242202068491,0.229071206812505,0.629682813809741,0.528902129089125,0.738110554011293
"YDR326C",813.74409637791,0.10818848198128,0.171906515046571,0.629344861955762,0.529123307187047,0.738195128186587
"YGL228W",2069.59172087139,0.0945827109819024,0.15032281514522,0.629197310405147,0.529219889459294,0.738195128186587
"YJL198W",1669.35715400999,0.144080252474565,0.229174986992371,0.628691003173752,0.529551369277126,0.73844641306926
"YLR051C",300.253812995279,0.1014958084944,0.161474728580293,0.628555374495838,0.529640183422522,0.73844641306926
"YGL188C-A",14.2062488642506,0.350807204294721,0.558847131129076,0.627733748200446,0.530178373336889,0.738519678783854
"YHR076W",566.555697574668,0.0965011521332108,0.153772343155066,0.627558572323358,0.530293154716992,0.738519678783854
"YJL076W",1090.29652280102,-0.116441835310873,0.185504918627995,-0.627702144892349,0.53019908000002,0.738519678783854
"YLL064C",100.928724421524,-0.176707660755052,0.281512735839886,-0.627707518197532,0.530195559351613,0.738519678783854
"YML041C",224.081793426118,0.122866155953501,0.195741784875537,0.627695083252795,0.530203706881655,0.738519678783854
"YAL063C",396.446687959988,-0.163824347821401,0.261296895028338,-0.626966301316495,0.530681324903379,0.738725701257532
"YNL080C",892.538816724494,0.126625989624439,0.201927517326182,0.627086349107609,0.530602634786841,0.738725701257532
"YDR517W",2919.43462906939,0.128291020796272,0.20471216075897,0.62668978882658,0.530862598584163,0.738810812693505
"YDL216C",327.615307810188,-0.108989461094543,0.174005023245169,-0.626358130713155,0.53108006559571,0.738946245116202
"YDR443C",395.916845113084,0.0941081097204561,0.150309678312848,0.626094811570176,0.531252755170434,0.739019326916574
"YDR478W",71.7506326323109,0.155297191530151,0.248353267759091,0.625307623013813,0.531769177776082,0.73934113471649
"YMR214W",1163.7452635344,-0.0999492057173432,0.159869497523196,-0.625192468018117,0.53184474471313,0.73934113471649
"YPL224C",1220.21876900034,0.113245899696102,0.181090776690845,0.625354320995779,0.531738535207081,0.73934113471649
"YFL010C",1886.97868391324,-0.170385453344132,0.272860031204753,-0.624442695369608,0.532336893042312,0.739731520279348
"YNL138W-A",237.773784556553,0.157034799713698,0.251497856875507,0.624398162531583,0.532366131505105,0.739731520279348
"YER071C",150.704112688044,0.1790581933648,0.28691654906434,0.624077607055863,0.53257661927031,0.73977932577127
"YOR081C",502.743872701725,0.108246557826855,0.173477775095748,0.623979398900582,0.532641114555314,0.73977932577127
"YLR028C",4234.42615505814,0.0708031274242689,0.113557595951685,0.623499703660453,0.532956196930587,0.740049810594516
"YGR271W",723.360301347885,-0.106272830601987,0.170592866682203,-0.622961749039378,0.53330965843465,0.740373453583092
"YDR065W",117.555842553298,0.175810393983496,0.282419261425896,0.622515592937441,0.533602893867436,0.740613359802466
"YLR268W",892.329706440647,-0.0895466514920295,0.144081099208893,-0.621501723568906,0.534269560809255,0.741371344534503
"YDR211W",1260.54052133872,0.0858449085111299,0.138327538246502,0.620591601638664,0.534868366842108,0.741533015346926
"YLR228C",1206.32906581468,-0.0760611744551561,0.122541834556624,-0.620695574946773,0.53479994147441,0.741533015346926
"YLR454W",907.981156534626,0.15337953242804,0.247064648962241,0.620807278873317,0.534726433467483,0.741533015346926
"YNL202W",49.1168028394352,-0.200746329372398,0.323284919352293,-0.620957914692083,0.534627313969281,0.741533015346926
"YNL059C",1237.15850549981,0.0765444896591421,0.123437201029159,0.620108759927735,0.535186185304655,0.741806409651482
"YGL018C",248.536204883037,-0.132378163506024,0.213555577783045,-0.619876871773909,0.535338853706315,0.741850822508751
"YLL040C",1787.41611957689,-0.0783292882535245,0.126489767763814,-0.619253949456085,0.535749076252864,0.742084869134035
"YPR201W",65.0772136720917,-0.159339770586466,0.257234273756591,-0.619434448837255,0.535630192948384,0.742084869134035
"YAL058W",291.89224870907,-0.106003843373309,0.171462725162031,-0.618232582464414,0.536422035115812,0.742849699608702
"YLR120W-A",33.9756558054526,-0.226188729824755,0.366276393502293,-0.61753564749823,0.53688147602991,0.743318567668606
"YOR152C",103.470365031263,-0.157981823764315,0.255974764939259,-0.617177336999617,0.537117762293164,0.743478334031726
"YCL034W",1902.92205005214,0.127539205541786,0.206731766631701,0.616930854990471,0.5372803340968,0.743536015908038
"YBR046C",758.035569416749,-0.141035117722037,0.228690711178153,-0.616706804554773,0.537428132188572,0.743573231262029
"YAR003W",529.817167354705,0.0891791179275284,0.144785875310944,0.61593796864512,0.537935461110909,0.744107756597411
"YOR151C",3820.01426320919,-0.105431468527725,0.171366321848334,-0.615240307375191,0.538396032256279,0.744577377642481
"YLL014W",569.640568860661,-0.0873321770458616,0.142006764741474,-0.614986033974166,0.538563943681482,0.744605304821604
"YOR309C",87.5307952244828,0.349387352608145,0.568424000810631,0.614659747142772,0.53877944820425,0.744605304821604
"YPR052C",694.865498166509,0.120256396677158,0.195614807309637,0.614761215324589,0.538712426304433,0.744605304821604
"YNL008C",544.545890166357,0.123654497911741,0.201721799722995,0.612995214605185,0.53987950390226,0.74583725131052
"YPL080C",14.8031236047565,0.395446474171295,0.645159280784668,0.612943944153353,0.539913405338933,0.74583725131052
"YOL038W",3893.70490403934,-0.127136117559225,0.20772592168736,-0.612037806964565,0.540512743994595,0.746497501811534
"YOL075C",327.017103021848,0.0972524132799654,0.158974368003185,0.611749016533389,0.540703826088158,0.746593742802463
"YGL063W",330.403659068745,-0.180604569607529,0.295450988169293,-0.611284364715149,0.5410113401013,0.746713220841021
"YGL112C",643.353037331016,-0.0914137839148287,0.14955187089522,-0.611251356252678,0.541033188954079,0.746713220841021
"YDR425W",278.695600034251,-0.120609245835063,0.197656762822008,-0.610195391815019,0.541732382004993,0.747510466531458
"YKL018C-A",616.680273333707,0.143889285651271,0.235931233580398,0.609878071112776,0.541942579844335,0.747632764926572
"YMR268C",133.792723725103,0.123848072887773,0.203133896146534,0.609686887502187,0.542069242283518,0.747639793685498
"YDR080W",296.659765299364,0.146215136689784,0.240049862367547,0.609103189011247,0.542456043941114,0.748005531443464
"YCR007C",180.909275091972,0.18575403065554,0.305472812167627,0.608086949988884,0.543129806996783,0.748306640274572
"YHR032C-A",13.8809243263489,0.32647656350486,0.536949428263107,0.60802106552367,0.543173502556563,0.748306640274572
"YNR068C",122.547745782286,0.188201395992467,0.309438510360669,0.608202889075141,0.543052918716709,0.748306640274572
"YPL271W",879.441563833564,0.16397174937674,0.269674647024823,0.608035464904665,0.543163952522886,0.748306640274572
"snR63",85.2843420777768,-0.184171686561383,0.302985570847349,-0.607856295091268,0.543282788426986,0.748306640274572
"YBR167C",278.504716785413,0.11000249006551,0.181442379260032,0.606266796732542,0.544337603208968,0.748629906904647
"YDL200C",170.216905512893,0.138659621575092,0.228854343570714,0.605885907217869,0.544590518272894,0.748629906904647
"YDR333C",674.610933139524,0.114195162063907,0.188379762570308,0.606196549490217,0.544384243803013,0.748629906904647
"YEL049W",37.2179365163949,0.257461666068083,0.424824463144552,0.606042467899214,0.544486553094134,0.748629906904647
"YER171W",457.067881882405,-0.0905687865605973,0.149175500109357,-0.607129096226952,0.543765242112189,0.748629906904647
"YHR129C",268.886473001397,-0.113570692634748,0.187095306671129,-0.607020532238038,0.543837286216454,0.748629906904647
"YMR090W",511.588038300209,0.101274308324984,0.167190223988144,0.60574300284546,0.54468542349694,0.748629906904647
"YNL053W",457.796669809182,-0.157392158360539,0.259865099910599,-0.605668704318842,0.544734769658259,0.748629906904647
"YOR362C",4262.90518615911,-0.104618223230152,0.172437994537516,-0.606700533201755,0.54404966826652,0.748629906904647
"YPL039W",280.680512344626,-0.141270891170061,0.232890264746468,-0.606598525377834,0.544117379110012,0.748629906904647
"YPR122W",581.355980908715,0.11265978485799,0.186146765442432,0.605220212074173,0.545032687734184,0.748871990519489
"YHR082C",1820.77085500669,-0.073756343660118,0.121933482890646,-0.60488999339308,0.545252092421262,0.749006113109395
"YPL192C",47.0332016335966,-0.217912923934541,0.360417629712319,-0.604612277452901,0.545436647042696,0.749092313379317
"YDR468C",650.625561410719,-0.0849414391442952,0.140647181052638,-0.603932752214245,0.545888352522877,0.749545293149295
"YBR082C",4423.92796284674,0.0693627307986366,0.115087932369221,0.602693343869533,0.546712710350975,0.750452994431616
"YGR231C",2213.49312813458,-0.0706986127254227,0.117363796743138,-0.602388595864476,0.546915499356505,0.750452994431616
"YHL009W-B",74.9244424485827,-0.178158834362344,0.295680388506249,-0.602538556115902,0.546815706386994,0.750452994431616
"YGL142C",422.041014636777,-0.111666937295279,0.185661565578874,-0.601454247932861,0.547537476168155,0.750971337741783
"YNL264C",594.796401713412,-0.0827148765714024,0.137509561508355,-0.601520909994151,0.547493088974872,0.750971337741783
"YNL295W",411.966743908462,0.0969658999972999,0.161321333483711,0.601073013118198,0.547791357043812,0.751152028053387
"YDL095W",2439.05433850312,-0.106101831587154,0.176752173827335,-0.600285865173024,0.548315737222733,0.751703473900983
"YKL028W",1479.48622711769,0.105660955883637,0.176310530427881,0.599288968317509,0.548980203054893,0.752446679025539
"YFL011W",25.1750550117975,-0.28192407930509,0.470727952229627,-0.5989108527967,0.549232333867799,0.752624521677131
"YGR290W",9.35012028120089,-0.428932025972239,0.717119352746585,-0.598131990622508,0.549751866066423,0.752833216724227
"YJR159W",152.332609875699,0.129172601095605,0.215833863480631,0.598481623840258,0.549518616779634,0.752833216724227
"YLR375W",1473.14454100707,0.0999276696069077,0.167040439427546,0.598224417688098,0.549690200856173,0.752833216724227
"YPR193C",32.0619507368292,-0.215570720433217,0.360794264699242,-0.59748932154705,0.550180734324333,0.753252786307802
"YDR484W",251.70211209452,0.140798501803351,0.236208262602082,0.596077801226374,0.551123253183111,0.754207389202522
"YMR202W",4855.73997495722,-0.153510781026325,0.25750481821743,-0.59614721809479,0.551076882682987,0.754207389202522
"YGL106W",2437.2398134612,-0.151567253062053,0.25444130920176,-0.595686500504001,0.551384678134538,0.754397279316442
"YHR099W",952.949570282348,0.0882706085763227,0.148766203121169,0.593351223089473,0.552946124974683,0.756365362231829
"YBL029W",361.819448378995,0.111648892035284,0.188523835883692,0.592226927231443,0.553698640316405,0.756553352131946
"YDR105C",666.262163682716,-0.074945741849352,0.126512929876062,-0.592395907064775,0.553585506467927,0.756553352131946
"YGL126W",2411.64084813153,0.176980026748766,0.298751387255054,0.592399012352277,0.553583427549905,0.756553352131946
"YLR107W",387.285989404531,0.139564808730072,0.235449065416719,0.592760087975111,0.553341721866888,0.756553352131946
"YPL035C",34.3160186764602,0.22299039123312,0.376388071185031,0.592448082987993,0.553550576404152,0.756553352131946
"YGL119W",342.641230842224,0.0907592378677275,0.153392819119816,0.59167853090199,0.554065875649434,0.756618486592212
"YNR074C",421.556524698609,0.100447219868399,0.169787759889068,0.59160460055558,0.554115392457126,0.756618486592212
"YOR191W",863.388777261986,0.113187784110051,0.191314593678753,0.59163173040584,0.554097221269761,0.756618486592212
"YIL108W",975.539405052385,-0.103403749583976,0.174857036292946,-0.591361673377209,0.55427811461867,0.756672675894522
"YCL004W",231.489774237902,-0.115623783712055,0.195723048692292,-0.590752006391611,0.55468659644566,0.757062265455128
"YEL041W",191.830781356389,0.107466704633548,0.182107809827722,0.590126830558301,0.555105622134016,0.757458325577488
"YMR196W",2036.37264845329,-0.0892310320368817,0.151251449776194,-0.589951581746267,0.555223110846068,0.757458325577488
"YDR255C",369.663381650309,-0.113790360134535,0.192990589287848,-0.589616107989672,0.555448049987713,0.757573237778391
"YGR069W",8.58550752096003,0.406884378464031,0.690268003161077,0.589458553200652,0.555553707704154,0.757573237778391
"YDR239C",339.522287884176,0.0919850309317057,0.156361438485342,0.588284629655213,0.556341260656396,0.758325087171858
"YPL264C",147.069045225323,0.115871236600333,0.196969777871173,0.588269113427735,0.556351673710475,0.758325087171858
"YLR384C",1745.16396434246,-0.0904431447146568,0.153920188116273,-0.587597675272689,0.556802371808203,0.758771235679248
"snR37",51.4165065869237,-0.214972363475782,0.366064505089257,-0.587252684942414,0.557034013295125,0.758918737652862
"YHR102W",672.582429538799,-0.104255749136219,0.177597102381926,-0.587035192229741,0.557180071468302,0.75894959900998
"YMR073C",303.333400286585,-0.104149983466657,0.177523547388986,-0.586682640125738,0.557416868975121,0.758970277648007
"YNL161W",987.467593377021,0.0783256740395318,0.133514575060563,0.586645120984004,0.557442072217244,0.758970277648007
"YOL033W",253.567304434899,-0.0997231541506559,0.17016082836391,-0.586052354760436,0.557840332716179,0.759344410403829
"snR81",28.0210616130886,-0.313446851776874,0.535484907505413,-0.585351421456645,0.558311445735426,0.75981752407012
"YPL034W",105.112017097505,0.152696926380814,0.260984001056523,0.585081559646042,0.558492877474617,0.759896282404623
"YDR402C",11.6505301022115,0.355791755512455,0.608786645443174,0.584427661440326,0.55893262086317,0.760158252611343
"YDR422C",530.863225571899,-0.0852734336951593,0.145871857107395,-0.584577692956761,0.558831710529356,0.760158252611343
"YLR237W",458.508914111627,0.101609577239119,0.173983318948113,0.58401907638871,0.559207477672221,0.760363915030767
"YBR155W",486.332308477339,0.116931270350182,0.200626990077406,0.582829211090029,0.560008278392946,0.761284463332586
"YER021W",2159.88260792254,0.107201365496141,0.184071537791488,0.582389688174257,0.560304225756582,0.761518450475797
"YDR238C",3041.06096317655,-0.0895637393715245,0.153967881237479,-0.581704045361135,0.560766046201599,0.76196899704297
"YJL093C",878.77664496092,-0.0786187267014353,0.13519297344603,-0.581529680851503,0.560883520262362,0.76196899704297
"YMR150C",508.504681645425,0.10420222930208,0.179380026615891,0.580902072922589,0.561306455194803,0.76237515447174
"YBR058C-A",638.117477691581,0.0832003080526863,0.143419939232731,0.580116743165503,0.561835893554616,0.762925755213267
"YBL091C",3612.8816040919,0.0898870266633363,0.155808012539886,0.57690888419699,0.564001008712818,0.763842111962977
"YJL049W",282.345963416478,0.137854391369983,0.238601512098707,0.577759923470031,0.563426216045553,0.763842111962977
"YJR004C",399.096683443348,0.118133155843316,0.204404554422987,0.577937982726434,0.563305990402462,0.763842111962977
"YKL040C",606.216679165197,0.0919701826819268,0.159236906401655,0.577568258265102,0.563555642250279,0.763842111962977
"YKL123W",10.2992582462368,0.521784006866286,0.904018732710354,0.577182737465978,0.563816017160725,0.763842111962977
"YLR067C",257.023759311712,-0.103254630908133,0.178376802486073,-0.578856832665754,0.562685779450398,0.763842111962977
"YMR188C",340.471067396219,-0.153661338317168,0.26620120163391,-0.577237583354297,0.563778971542276,0.763842111962977
"YNL242W",667.005308679078,0.0879759988779135,0.152495535492971,0.576908685185532,0.564001143158354,0.763842111962977
"YOL115W",493.108007524615,0.0819402810459707,0.141677985187684,0.578355775863288,0.563023944972361,0.763842111962977
"YOR271C",2488.21402995116,0.126451580274404,0.219044411001177,0.577287408048614,0.563745318502613,0.763842111962977
"YOR350C",199.799441786853,0.152721860807803,0.264155241570141,0.578151922710384,0.563161554447758,0.763842111962977
"YPR161C",640.085877827597,0.0834274429194517,0.144428187676515,0.577639616349056,0.563507454438063,0.763842111962977
"YAL037C-A",22.898117545696,0.397692934468865,0.689871714188088,0.576473750539129,0.564295007442839,0.763903653042804
"YBR005W",1167.20326105123,-0.0761454498533177,0.132062765114547,-0.576585306140392,0.564219627695867,0.763903653042804
"YBR135W",546.407335167376,-0.183786986859058,0.3189729845965,-0.576183550752889,0.564491122378165,0.764000968887702
"YBL093C",938.237828937366,-0.112484144137193,0.195365829692788,-0.575761607411459,0.564776327166981,0.764165416200375
"YPR202W",39.477653040557,-0.20512899104818,0.356351816962298,-0.575636158661378,0.56486113529218,0.764165416200375
"YAR029W",18.9273225107785,0.273115843175598,0.474975495504221,0.575010386347754,0.565284272625402,0.764401555990814
"YBL089W",384.042482099091,-0.0952126640176576,0.165553439854838,-0.575117400768858,0.565211900370363,0.764401555990814
"YPL195W",815.588502884441,0.148465188702248,0.258391905678058,0.574573682223727,0.565579655266631,0.764632859944994
"YGR216C",380.667124801857,0.122053945705321,0.212723497119703,0.573768047996314,0.566124773310473,0.765201616672398
"YKL210W",3654.58580926033,0.0998479301475634,0.174109152051861,0.573478929572996,0.566320461606127,0.765224150439923
"YLR220W",1418.668673211,0.087839258223271,0.15319667148882,0.573375761820527,0.566390298016672,0.765224150439923
"YNL257C",567.930525060817,0.128540043429162,0.224333795672266,0.572985639742615,0.56665441715837,0.76541284109905
"YDR283C",672.705284839633,0.0958179102845029,0.167400094500259,0.572388627202088,0.567058718898232,0.765457089893389
"YIL134C-A",8.68088626439447,-0.395273062799775,0.690639600803494,-0.57232898655089,0.567099115624714,0.765457089893389
"YML096W",287.836283856432,-0.0962851319882961,0.168169702485014,-0.572547436104765,0.566951158726022,0.765457089893389
"YPR137W",271.589344752847,-0.112638513925156,0.196850911424326,-0.572202145827791,0.567185033925882,0.765457089893389
"YDR378C",852.757809998575,-0.0819002145576617,0.143179677798489,-0.572010049309709,0.567315166521501,0.765464737627738
"YJL019W",248.128567483242,-0.0951114588169216,0.166345869459871,-0.571769284838575,0.567478288606389,0.765516884169619
"YDL027C",496.792805954738,0.165474749599194,0.290473392194821,0.569672658651674,0.568899737622483,0.766761645053313
"YMR021C",288.343452382866,0.0880758749693447,0.154585333964401,0.56975569874971,0.568843406615769,0.766761645053313
"YMR272W-B",14.938939919221,0.32324876358918,0.567104690529477,0.569998395335753,0.568678786454468,0.766761645053313
"YPR051W",79.6121978026061,0.154451940165794,0.271064129897576,0.569798520461393,0.56881435915919,0.766761645053313
"YBR301W",14.390039322361,0.292429324323534,0.513709321369685,0.569250570622,0.569186106073075,0.766811512015205
"YNR025C",30.0561375560543,0.239448869183364,0.420636859982936,0.569253177653232,0.569184337104034,0.766811512015205
"YKR038C",894.942283367323,-0.0923999891230607,0.162373415209365,-0.569058604845627,0.56931636930733,0.766819025676758
"YDR235W",285.046468247978,0.173490835588461,0.30502062210959,0.568783954306303,0.569502765123677,0.766902125139176
"YAR027W",978.484609795519,-0.138976692165683,0.244455945009979,-0.568514266077718,0.56968582152749,0.766963557021946
"YOR284W",158.420870513211,-0.112059692604195,0.197166937472835,-0.568349308664564,0.569797803582645,0.766963557021946
"YJL008C",2837.79078341861,-0.0783611207284606,0.137944116984522,-0.568064245445517,0.569991344732616,0.767056186018728
"YDR204W",829.759095389615,-0.0876502264349265,0.154720879285265,-0.566505482904621,0.571050206771883,0.768313010642546
"YNL116W",339.992030334294,0.142722364064316,0.252165169328348,0.565987620116065,0.571402196284491,0.768618439883994
"YBR233W-A",160.226793507289,-0.10469459527923,0.185283882060933,-0.565049663870925,0.572039984486302,0.76908969564825
"YCL029C",499.278088811681,0.10336382475743,0.183053970024362,0.564663114073263,0.572302927669496,0.76908969564825
"YCR030C",1277.06229338731,-0.070649590544153,0.125102467132659,-0.564733791134879,0.572254846647337,0.76908969564825
"YER172C",771.956142814579,-0.0857923798171866,0.151969140656996,-0.564538165092512,0.572387934125432,0.76908969564825
"YGL180W",462.203590820239,0.11228461712937,0.198892450130035,0.564549418823885,0.572380277636213,0.76908969564825
"YNL303W",50.7448672728932,0.359944750979497,0.637782365481616,0.564369243272644,0.572502866126454,0.76908969564825
"YDR483W",3044.35986649254,-0.0872691904995412,0.155241674740123,-0.562150534936132,0.574013459977175,0.769773828796255
"YDR487C",2765.10123030873,-0.121608114158206,0.216296719979779,-0.562228193610955,0.573960554680139,0.769773828796255
"YFR052W",1472.40024142854,0.0666021315226015,0.118348210373488,0.562764162739899,0.573595486464566,0.769773828796255
"YGR057C",178.508468340492,0.142515162803541,0.253319306788538,0.562591002676742,0.573713420093878,0.769773828796255
"YLR440C",471.703852277325,-0.0885803018263721,0.15727188217815,-0.56323037913435,0.573278018926834,0.769773828796255
"YNL294C",1597.82505558317,0.0966972020772764,0.171810413607493,0.562813394409168,0.57356195849029,0.769773828796255
"YOR275C",673.481793450924,0.117859627737289,0.209373049376349,0.56291689923012,0.573491472198292,0.769773828796255
"YPR126C",54.2590592912919,-0.194050054567096,0.345161928224836,-0.562200053653347,0.573979724877113,0.769773828796255
"YCL043C",13199.9495097901,0.124557257752888,0.221957639670024,0.56117580786164,0.574677693228174,0.770396962248458
"YER154W",1129.29336247925,-0.106916607390672,0.190547869561525,-0.561101037952828,0.574728660617224,0.770396962248458
"YLR065C",1019.06495830706,-0.0727606612226439,0.12983900642925,-0.560391389488115,0.575212503485735,0.770768621169339
"YOL092W",966.146179898384,-0.0742548040507387,0.132520539623005,-0.560326755852178,0.575256580677605,0.770768621169339
"YBL038W",533.045844495399,-0.0766524144867242,0.136919528252545,-0.559835514079046,0.575591637326202,0.771049568624731
"YIL102C",16.7634196650339,-0.284699755612194,0.509026008676385,-0.559302964405484,0.575954972571709,0.771200322516004
"YNL044W",237.587728667652,-0.174843590151341,0.312508205180852,-0.559484798327639,0.575830903102535,0.771200322516004
"YOR301W",489.29896718955,-0.137463822057493,0.246067035222126,-0.558643793685749,0.576404845686286,0.771634697642721
"YLR102C",270.83880462319,0.103554463972478,0.18559758065732,0.557951583235755,0.576877446226119,0.772099302348342
"YHR008C",3423.35629385556,-0.0927910477094824,0.166410766487518,-0.557602429626705,0.577115897029833,0.772250384406761
"YKL101W",1370.53551236832,0.100705751608672,0.180857129930343,0.556824890715997,0.577647075882657,0.772793020813213
"YMR231W",483.126081719922,0.11625893853475,0.209301014399155,0.555462852717161,0.578578111912381,0.773870245380849
"YAR066W",61.3923139211924,-0.150669530915555,0.271393669903485,-0.555169658043746,0.578778620559965,0.773970105771643
"YDL016C",209.914532120479,-0.125393471328447,0.226231976792688,-0.554269441067362,0.579394460784287,0.774225084403792
"YDL212W",1869.09992783894,0.068978027106325,0.124406367616358,0.554457367640844,0.579265874445711,0.774225084403792
"YKL026C",218.080838808373,0.105801327699326,0.190845727988932,0.554381430562919,0.579317831800789,0.774225084403792
"YMR138W",208.841893207786,-0.130012303085319,0.234691565765679,-0.553970922053185,0.579598746113018,0.774225084403792
"YPR133W-A",413.645885667501,-0.119143591788352,0.215071498633134,-0.55397201649478,0.579597997092777,0.774225084403792
"YIR008C",349.359386613084,0.0989525174493731,0.178738100910264,0.553617370585426,0.579840735467398,0.774327709601606
"YKL183C-A",15.0234767892536,-0.314910625308603,0.568953688739,-0.553490787636082,0.579927387060975,0.774327709601606
"YDR393W",357.003004282539,-0.108397907201512,0.196164193014228,-0.552587633532333,0.580545811883217,0.774817001536846
"YER178W",6030.37626907033,0.0916895794768047,0.165888617764262,0.55271772537825,0.580456713885416,0.774817001536846
"YLR147C",317.880837714059,-0.105425766875765,0.190874197650729,-0.552331159336049,0.580721486060408,0.774883302076699
"YDR416W",364.418300840396,0.0866159275385927,0.156899827140231,0.552046035469361,0.58091681328505,0.774883910404842
"YGL084C",811.788644420589,0.112792547534834,0.204348148551625,0.551962659482276,0.580973936727923,0.774883910404842
"YCL017C",1225.59178158392,0.0818101997521109,0.14864816976467,0.550361298639785,0.582071587905489,0.775843143827213
"YDR311W",515.446687264404,0.0814585507846904,0.147972164362944,0.550499150535433,0.581977059363584,0.775843143827213
"YML070W",2075.6860975001,-0.0836655388048334,0.151973713682903,-0.550526382341381,0.581958386671862,0.775843143827213
"YPR203W",26.9229383720945,-0.230984179393617,0.41993374878839,-0.550049097173213,0.58228569888367,0.775960357125585
"YAL030W",836.094479980176,0.0937714842633629,0.170599076228024,0.549659976693118,0.582552613188235,0.776147870690564
"YMR106C",186.181058435476,-0.105028818201117,0.191180178979688,-0.549370854037518,0.582750971700412,0.776243984396261
"YPR034W",1128.75036788853,0.106201284830199,0.193891328825747,0.547736123494433,0.583873104421461,0.777570288478126
"YOR241W",848.071001278718,-0.0818195268644563,0.14943212514074,-0.547536393445492,0.584010274637836,0.777584583031541
"YGL178W",581.027851276082,-0.097166164877928,0.177694636938226,-0.546815405080048,0.584505558422316,0.778075581016719
"YMR135C",1928.27481681278,0.0763965530066143,0.139842693468838,0.546303500823504,0.584857330208456,0.778179290224005
"YNL076W",833.697047632497,0.101835930528311,0.186356731946003,0.54645694558444,0.584751875283379,0.778179290224005
"YNL308C",1110.67249837351,-0.0893482972062046,0.163596727802883,-0.54614965963048,0.584963066456191,0.778179290224005
"YPL038W",228.623317253472,-0.0922483643318295,0.169008107434864,-0.545822124937893,0.585188213187309,0.778310447902671
"YOL038C-A",31.1641390459305,0.222181801593063,0.407299154962788,0.545500276359185,0.585409490506727,0.778436403592729
"YLR165C",194.02608281496,0.111307468944838,0.204623767387164,0.543961585528993,0.586467907753716,0.779675234043526
"YNL149C",211.801239812607,0.118033495570988,0.217251029824674,0.543304653912315,0.586920060510002,0.780107709560518
"YKL093W",291.0330889186,-0.0965666739261437,0.17786672673488,-0.542915899442405,0.58718770838523,0.780114649156236
"YKL140W",1112.96644870197,0.0676280549192354,0.12460388276695,0.542744362514945,0.587305825299736,0.780114649156236
"YOL094C",305.752030920868,-0.0838506073203284,0.154445695880406,-0.542913202225187,0.587189565550217,0.780114649156236
"YGR292W",240.029112031347,0.11644975339318,0.214632403519347,0.542554392923634,0.587436647412994,0.780119926925051
"YAL014C",1331.99180445006,0.122648595037004,0.226142296477273,0.542351417437428,0.58757644090592,0.780137113897108
"YHR009C",1676.61610033605,0.0619038556210984,0.114268661897539,0.541739568777006,0.587997927066464,0.780528221769642
"YGR078C",456.615736496614,-0.106857617119798,0.197447306142778,-0.541195619263234,0.588372756657182,0.780857240708172
"YGR018C",55.6841268636963,-0.194180615897418,0.359524030980422,-0.540104691661048,0.589124835333664,0.781686674714571
"YGR172C",528.886301881026,-0.0990983584773631,0.183749297486426,-0.539312856337226,0.589670999332167,0.78224258970941
"YDL086W",708.013278850851,-0.115359028395932,0.21414632394447,-0.538692545690609,0.590099018113235,0.782641570281733
"YDR325W",355.922994635121,-0.0880362877657419,0.163552075514288,-0.538276799538694,0.590385966003768,0.782853318439666
"YOR219C",1048.728803619,0.123245537586036,0.229196363112579,0.537729028123799,0.590764135744601,0.783080163316663
"snR69",11.1527090580871,0.35340161928598,0.657295549769492,0.537660143005555,0.590811700453547,0.783080163316663
"YPL182C",18.7510790552646,-0.270035343419271,0.50248461730062,-0.537400219075201,0.590991192035609,0.783149284856495
"YKR011C",650.190080504957,0.132060678003149,0.245874909788542,0.537105140645396,0.591194990097017,0.783250579296995
"YIL153W",1841.30976794438,0.144070370511442,0.268429764508651,0.536715333246134,0.591464262928941,0.783427149956251
"YMR086W",1008.63626877115,0.0928976013705602,0.17314088382424,0.536543416659828,0.591583038113306,0.783427149956251
"YFR032C-B",16.0641952703747,-0.255763618799404,0.477633698288332,-0.535480682615086,0.592317511902017,0.783814893683905
"YIL150C",75.9555337766493,-0.148657751335695,0.277478092637968,-0.535745903117663,0.592134174274756,0.783814893683905
"YJL222W-B",10.0817938233375,-0.328054870218414,0.612748986518909,-0.535382150661935,0.59238563021834,0.783814893683905
"YJR065C",2803.22628849929,-0.0695590489337423,0.129802612953237,-0.535883271924595,0.592039226277832,0.783814893683905
"YJL089W",18.6309920043096,-0.351661116252718,0.657401555438609,-0.534925896270651,0.592701100428455,0.783921802481119
"YNL245C",326.84207741054,0.0880579402782602,0.164626099830214,0.534896595187993,0.592721362851578,0.783921802481119
"YPR204W",1415.75874206375,0.141794186969209,0.265274464131644,0.534518795215973,0.592982649314482,0.784098751512376
"YPL175W",452.072552999708,0.087001054843502,0.162860972273356,0.534204442163554,0.593200096109432,0.784217667900475
"YLR437C",825.252158685765,-0.170047275159344,0.318573024410895,-0.533778010469641,0.593495129201397,0.784439081149493
"YER139C",144.788011367392,0.145072908296395,0.272210990668353,0.532942876186598,0.594073123772022,0.784865673726731
"YMR243C",2069.36170269743,0.0722976163364639,0.135643495587317,0.532997295767304,0.594035452261506,0.784865673726731
"YCR032W",508.632177483838,-0.0847603000537037,0.159207088606205,-0.532390239629067,0.594455743788678,0.785165532009454
"YOR038C",382.871064330091,0.0823470118402152,0.154715991017807,0.532246287526526,0.594555428059842,0.785165532009454
"YKL090W",234.474023519072,-0.11099900242845,0.208698379690881,-0.531863268861305,0.59482069886799,0.785347208681438
"YGR010W",367.45743994247,0.0840466316522383,0.158191705466671,0.531296071461509,0.595213627326467,0.785697318750327
"YKL031W",34.8765638411477,-0.202825337068851,0.381941591895316,-0.531037575830289,0.595392740586147,0.785765097554678
"YIL124W",2131.81802068229,-0.0886080906500317,0.166948733021415,-0.530750303080561,0.5955918225402,0.785859195156025
"YJR088C",374.186584940275,-0.11446906293563,0.21614808074103,-0.529586302793857,0.596398793164628,0.78658644176763
"YOL081W",1432.35827271828,-0.0907146091105213,0.171284338615604,-0.529614148285341,0.596379482808953,0.78658644176763
"YDR530C",1048.72150516864,0.0970254453104229,0.183403522460842,0.529027163756568,0.596786606448354,0.78659615194244
"YHR212W-A",8.26560839264631,0.351755399795349,0.665147608546033,0.528838103416265,0.596917762782987,0.78659615194244
"YKL169C",14.9053167278061,-0.289157484929165,0.546637799995577,-0.528974551213811,0.596823103892708,0.78659615194244
"YOR099W",2758.88128072828,0.0618878034753938,0.116915751284434,0.529336747149084,0.59657186829983,0.78659615194244
"YER016W",1080.70622646349,0.0983359152111442,0.186138905156445,0.528293185825366,0.597295860393809,0.786757237400284
"YPL065W",196.467481207662,-0.0999028124896958,0.189039399401067,-0.528476142043499,0.597168901882707,0.786757237400284
"YDR469W",426.267848234144,0.0847048810660969,0.160405432400613,0.528067408930057,0.597452550303591,0.786795114425499
"YBL063W",299.093236864849,-0.0990596981347567,0.188319219269356,-0.526020119024973,0.598874228322874,0.787150353534019
"YBR084W",1928.44124007558,-0.10680226281806,0.202821982670175,-0.526581297608846,0.598484382394245,0.787150353534019
"YBR193C",374.402315462119,-0.104159921280716,0.197862121511262,-0.526426788943467,0.598591706746014,0.787150353534019
"YDL206W",375.857230549891,0.119683245434853,0.227427332982918,0.526248291553604,0.59871570494259,0.787150353534019
"YDL217C",476.233993721545,-0.0877311180739274,0.166490539933966,-0.526943561530425,0.598232781941038,0.787150353534019
"YDR282C",173.141119437107,-0.110109530437879,0.209070569268901,-0.526662030064398,0.598428307727995,0.787150353534019
"YGR045C",29.6563921170095,-0.223581241970338,0.424920664160811,-0.52617173234419,0.598768892504992,0.787150353534019
"YIL067C",643.364056153286,-0.0681618504942185,0.129470934338648,-0.52646449832464,0.598565512361915,0.787150353534019
"YOL116W",510.542939143606,0.0814964682194537,0.154862740615685,0.526249683399955,0.59871473801259,0.787150353534019
"YIL131C",207.678924607764,-0.106831116090863,0.20329120921098,-0.525507799897004,0.599230232511502,0.787417306016846
"YPL242C",538.436532153466,0.0966295381201988,0.183930363854651,0.525359359352755,0.599333399912985,0.787417306016846
"YAL039C",2364.02117554634,-0.136776606207531,0.260536820000513,-0.52497994796767,0.59959713051247,0.787595547341241
"YAL026C",924.320813110393,0.0794554745655109,0.151481072449685,0.524524109055952,0.599914055710823,0.787675372037055
"YGL058W",514.150991266182,-0.074527727911611,0.142049847757776,-0.524658977732211,0.599820279422001,0.787675372037055
"YDL178W",864.918605306598,-0.0683078781934966,0.130344659464053,-0.524055826102602,0.600239711632849,0.78784437031395
"YOL093W",484.231947330377,-0.0994007905620417,0.189706803900561,-0.523970614222907,0.600298978746532,0.78784437031395
"YER069W",617.141529170509,0.145080568080545,0.277463715212077,0.52288122780182,0.601056908846017,0.788670789290166
"YMR169C",314.36681366873,0.100217243501073,0.19183066339837,0.522425569122672,0.601374057109348,0.788918611608893
"YPL006W",923.007462921957,0.0747103946034756,0.143096142916135,0.522099289896733,0.601601200877649,0.789048280101843
"YBR279W",1022.28033794964,0.0723458561278792,0.138654028935372,0.521772477030584,0.601828754939167,0.789178431316818
"YEL031W",4041.46150674982,-0.0668913316767375,0.128466516686339,-0.520690787001393,0.60258219339998,0.789185524356708
"YFR049W",678.352310289333,-0.0964602229032819,0.1849448268929,-0.521562157340802,0.601975217370849,0.789185524356708
"YLR166C",479.238261925883,0.128084553846845,0.245836159297453,0.521015924642182,0.602355677953765,0.789185524356708
"YOL055C",363.991471420518,0.105040827432775,0.201745783879288,0.520659343719546,0.602604101199854,0.789185524356708
"YOR032W-A",13.6356566602216,0.277699206975208,0.533273940797434,0.520744003654011,0.602545116033672,0.789185524356708
"YOR165W",1182.29753357814,0.0674946017284374,0.129616557915378,0.520725151276601,0.602558250836683,0.789185524356708
"YBL090W",289.274222367067,-0.105874188778385,0.203459503258349,-0.520369838138982,0.602805828240267,0.789281635869202
"snR76",24.9787969779343,-0.218775510717386,0.420605665506241,-0.520143993909516,0.602963217252866,0.789319664986191
"YDR495C",268.289314405739,0.146935771977288,0.283085879235522,0.519050163766875,0.603725760143608,0.790149696719129
"YPL053C",1125.44814783391,0.0724690012595474,0.139750717084266,0.518559065538467,0.604068260840206,0.790429745567503
"YJL009W",141.843651639638,0.100078234984103,0.193491009166379,0.517224213234878,0.604999651356834,0.79148007994991
"YBR130C",620.874555094719,0.0953088370701106,0.184343834181365,0.517016679691831,0.605144515281006,0.791501226920074
"YDR236C",532.613879488296,0.0826672832399542,0.160017060368227,0.516615434940014,0.605424638848602,0.791699240680184
"YIL002W-A",451.101961363997,0.0899115367409196,0.174255194619343,0.515976220607538,0.605871017577986,0.792114531909995
"YPL123C",429.87506137333,0.0959666476143077,0.186233230388656,0.515303565395025,0.606340907880244,0.792560379057067
"YDR448W",285.391938791682,0.123754863449027,0.240371760020845,0.514847765138031,0.606659404496566,0.792808189046723
"YBR002C",443.573497635188,-0.0743522109449309,0.144505887311215,-0.514527209433359,0.606883441919867,0.79288087212022
"YHR191C",310.706597879507,-0.1153678251417,0.224276805557131,-0.514399270379796,0.606972869258861,0.79288087212022
"YML094W",182.423411610965,-0.0962854501455447,0.187271881811391,-0.514147928745213,0.607148570153223,0.792941963568129
"YIR009W",170.758089104384,-0.12865663472734,0.250471918774549,-0.513656921529572,0.607491875272451,0.793221875355748
"YER048W-A",412.949810875474,0.0809286578965941,0.157711701064687,0.513143015706872,0.607851283511921,0.793522690214034
"YCR100C",97.8059878171347,-0.127528209797288,0.248833017478836,-0.512505177525866,0.608297497653211,0.793746572843338
"YDR023W",4049.16216281321,-0.101679425511539,0.198586693280212,-0.512015300884569,0.60864030100714,0.793746572843338
"YLR380W",836.380572099241,-0.0794273986611896,0.155079862037198,-0.512170939655195,0.608531379586145,0.793746572843338
"YLR394W",423.084271246366,0.0803844314678315,0.156862996717876,0.512449928598557,0.608336155158843,0.793746572843338
"YOR148C",291.939370296707,0.0804658080808447,0.157167278958378,0.511975575413214,0.608668103663281,0.793746572843338
"YGR031W",501.818448569173,0.154958250829914,0.302845489542486,0.511674289962225,0.608878982644713,0.793853242159208
"YDR390C",847.370974303283,0.0634263745930256,0.124101223049381,0.511085813939059,0.609290968922115,0.794155567814922
"YER088C",4863.00162636147,0.105339566469706,0.206377790064089,0.510421041125569,0.609756518897896,0.794155567814922
"YOL066C",443.385392667541,0.0833510100573009,0.163246111582282,0.510584964318057,0.609641706443214,0.794155567814922
"YPL101W",490.894776011939,0.0699957067541364,0.137066005701249,0.510671529355718,0.60958107982411,0.794155567814922
"YPL127C",1386.53238188285,0.0697629960184126,0.136607137667647,0.51068338894663,0.609572774059429,0.794155567814922
"YDR137W",510.929475523668,0.11508712579363,0.225983256817884,0.509272799295819,0.610561021236606,0.794903920062992
"YMR233W",212.693233201278,0.141734327987918,0.278329576523693,0.509232003864501,0.610589612744321,0.794903920062992
"YJL087C",258.584891641385,0.0952124620459432,0.187047711242206,0.509027677556843,0.610732823922586,0.794922088280191
"YJR014W",1637.29826264893,0.0814378650162694,0.160046425722656,0.508839011234109,0.610865072331306,0.794925982826393
"YDR349C",1542.08462457808,0.0772566925427817,0.152040471482373,0.508132418885181,0.611360481328111,0.795402360940953
"YIR030C",38.5089077504462,0.18400194736234,0.362402624750774,0.507727965515921,0.611644133446517,0.795603092363807
"YML021C",400.360217694233,0.0850747273778966,0.167749853005151,0.507152321470494,0.612047945833107,0.795960005682725
"YLR274W",617.155662529201,0.0717239810374189,0.141529462894563,0.506777737797621,0.612310778366956,0.796133464472892
"YER083C",1181.58489150106,0.0918883439276395,0.18154735738488,0.506139804243123,0.612758509329838,0.796378874129016
"YPL197C",29.75433169181,-0.263313373488629,0.520160503689606,-0.506215623102662,0.612705288610777,0.796378874129016
"YDR387C",659.522646990549,-0.0709201879811788,0.140351052171404,-0.505305709390532,0.613344133362048,0.796803215077439
"YDR511W",299.783363738883,-0.101212188235573,0.20028395153111,-0.50534347590926,0.613317611877623,0.796803215077439
"YJR084W",510.997102354652,0.0761326241205338,0.150858112428583,0.504663772434348,0.613795010075755,0.797220551629544
"YER054C",527.644599401171,-0.119515846503183,0.236937014417184,-0.50442032789671,0.613966036222609,0.797274308017113
"YPL263C",768.95786161548,-0.113726309523893,0.225592484421206,-0.504122776145122,0.614175102623745,0.797377428992195
"YBL107C",429.821903404366,-0.0878780037844106,0.174455247080099,-0.503728063530599,0.614452484777009,0.797569181380035
"YEL060C",6161.95897609253,-0.0810112501582445,0.161196681714494,-0.502561524819281,0.615272585806888,0.798296709432987
"YJR128W",10.5894989396797,-0.328968133398927,0.654479572253257,-0.502640796360301,0.615216841021481,0.798296709432987
"YDL144C",1014.6908350974,0.124983301629869,0.249665588644745,0.500602835610282,0.616650666411179,0.799735966608641
"YER093C-A",207.766520508704,0.105380763475614,0.210657972068444,0.500245789138119,0.616902020421365,0.799735966608641
"YGR146C",895.150200639097,0.105968048862084,0.21162841760175,0.500726934798986,0.61656331343237,0.799735966608641
"YPL160W",3302.2041245405,-0.0991029279165105,0.198046381694914,-0.500402618156269,0.616791610207359,0.799735966608641
"YDR061W",610.141297694197,-0.0630523661727915,0.126374829439529,-0.498931365149436,0.61782773692608,0.800480940821377
"YGL258W",36.506359571094,-0.175621269935542,0.351902358590287,-0.499062497446954,0.61773535638183,0.800480940821377
"YLR430W",1348.4932619831,0.0600576362917196,0.12038604262159,0.498875409340425,0.617867158712045,0.800480940821377
"YDL247W-A",15.3916058637348,0.252790844698229,0.507501531942472,0.498108535220903,0.618407544968208,0.801012300243151
"YDR336W",268.364617275691,0.0813647636524329,0.163692123357523,0.497059736189764,0.619146926918924,0.801801137197595
"YGL134W",362.514060965531,0.074513657202635,0.149997790078611,0.496765033428718,0.619354755777195,0.801901420637842
"YBR021W",189.601067382648,-0.113191886426225,0.228436937720235,-0.495506057627379,0.62024294709798,0.801917544931922
"YDR303C",504.920586779031,0.13357015762096,0.269494733274226,0.495631792125024,0.620154218088327,0.801917544931922
"YEL058W",3190.33250790267,0.107432750750641,0.216837154606969,0.495453608701744,0.620279961177423,0.801917544931922
"YER123W",484.772860266433,-0.0794971542698838,0.160346090161395,-0.495784800177332,0.620046249985571,0.801917544931922
"YGR139W",12.495417917488,0.30238890352192,0.608989407715502,0.496542139634693,0.619511964073067,0.801917544931922
"YNL086W",132.376116989601,-0.177493740135174,0.357776296965775,-0.496102569232398,0.619822046635694,0.801917544931922
"YOR030W",322.029171090088,0.0962042644734601,0.193961600123938,0.495996446781152,0.61989691786667,0.801917544931922
"YDR106W",32.0075354842377,0.188222494440424,0.38099962576378,0.494022780371764,0.62129009131402,0.80254863717312
"YDR164C",562.709595884582,0.10579740799689,0.214149829943324,0.494034517911547,0.621281801987481,0.80254863717312
"YDR436W",1021.91319658683,0.0914921084214097,0.185147157941676,0.494158859571753,0.621193991935718,0.80254863717312
"YGR101W",455.697557490884,0.0769957125380783,0.155755928376309,0.494335678524256,0.621069131723814,0.80254863717312
"YDL064W",488.843259240049,0.100313756952746,0.203164008783866,0.493757519125661,0.621477437858309,0.802622058552835
"YIL030C",1501.95430167083,0.0699713345910709,0.141871672728764,0.493201590178225,0.621870154404798,0.802960623470399
"YBR072W",213.762609370231,-0.0917399917565808,0.186586686218324,-0.491674907872239,0.622949179358542,0.80349843299109
"YBR293W",395.794098070948,0.0871447940603457,0.177369263906842,0.491318462628991,0.623201223636992,0.80349843299109
"YDR028C",2800.43311689619,-0.0729217891115638,0.148380605373877,-0.491450947567046,0.623107537694942,0.80349843299109
"YJR146W",74.0118444585221,-0.14542390571359,0.295647178234914,-0.491883286631743,0.622801854114286,0.80349843299109
"YMR087W",285.373785519203,0.0853960136915026,0.173663128788028,0.491733704715964,0.62290760804878,0.80349843299109
"YNL048W",508.908417567526,-0.105569986516528,0.21486735081771,-0.491326328149742,0.623195661410119,0.80349843299109
"YPL237W",2188.76283131714,0.0792207299103394,0.161044153114505,0.491919317642112,0.622776381468335,0.80349843299109
"YDR083W",265.829484600273,-0.158030034766693,0.321954392345177,-0.490846028269943,0.623535352444226,0.803576542204616
"YGL151W",790.969578102029,0.0823948623752521,0.167920232772351,0.490678585986446,0.623653794462216,0.803576542204616
"YPL158C",279.136816140926,-0.0874481746200447,0.178215067419195,-0.490689007873562,0.623646422149354,0.803576542204616
"YGR229C",1266.54420537194,-0.0802364641311517,0.163721798584326,-0.49007807649893,0.624078651029332,0.803618865961137
"YIL064W",509.72574241982,-0.0798462228853306,0.162835807679807,-0.490348063015331,0.623887621840656,0.803618865961137
"YKL025C",704.627405487017,-0.0678231696919527,0.138346611001916,-0.490240918810895,0.623963428787481,0.803618865961137
"YGR222W",299.979210310161,-0.101877932281207,0.20799048679248,-0.48982015404798,0.624261167886992,0.803685614926732
"YDR071C",1523.15768348782,0.094820796743888,0.193674888023072,0.489587461295407,0.624425850927671,0.80372938116475
"YIR003W",1358.58453353246,0.0621128430111968,0.126959930908028,0.489231858957077,0.6246775566949,0.803885116901786
"YKL205W",465.474717881621,-0.0878305475208373,0.179641750794551,-0.488920571817881,0.624897930812237,0.804000475835828
"YOR298W",95.7936451506785,0.133955836955292,0.274195836564722,0.488540740200746,0.625166876070345,0.804010097832
"YPL205C",47.4441850456039,-0.240503529651001,0.492229361176093,-0.488600535889125,0.625124533559296,0.804010097832
"YKL083W",18.712163623759,0.251769549662573,0.515758449047026,0.488153999469657,0.625440764707164,0.804194167457466
"YGL060W",283.855537683381,0.0794696019926111,0.162883652665394,0.487891821506869,0.62562646777434,0.804264794484153
"YLR077W",806.442882648213,0.0875756710137718,0.179708430172736,0.487320883775981,0.626030950411109,0.804616582033087
"YOL117W",250.019845022404,-0.119600606431101,0.245604737342907,-0.486963760247498,0.626284012928481,0.804773648038061
"YLR466C-B",16.9381552517631,0.282065375160346,0.580037780914926,0.486287935788301,0.626763031630932,0.805052766192613
"YML097C",222.857938031841,-0.108269875455511,0.222574843907861,-0.486442553680197,0.626653425870627,0.805052766192613
"YDR007W",408.191105976972,-0.0806141997578516,0.165911049634023,-0.485888070358639,0.627046527041215,0.805080614050829
"YOR283W",555.896116112322,-0.0649763968141448,0.133688016440006,-0.486030076175927,0.626945841867179,0.805080614050829
"YKL201C",591.732869252308,-0.0716451320161865,0.147589797898039,-0.485434176593166,0.627368394052329,0.805325740643253
"YJL134W",784.977662639834,0.0843077199916074,0.173758071808402,0.485201746970184,0.627533242963739,0.805369249630007
"YDR169C",907.747511775593,-0.0654280022116327,0.134900978178507,-0.48500761888513,0.62767094105484,0.805377902667904
"YBR016W",1987.48758849466,-0.121848394298504,0.251467663083738,-0.484548958718121,0.627996327391639,0.805448255093956
"YCL026C-A",36.3126449167605,0.202554756681493,0.418009599961876,0.484569628783565,0.627981661913109,0.805448255093956
"YJL098W",338.515101353778,-0.124792493005657,0.257831778876056,-0.484007415802869,0.628380606169236,0.805448255093956
"YLL062C",166.528864364819,0.183643789156637,0.379151963157186,0.484354050622451,0.628134622540228,0.805448255093956
"YOR280C",318.334937416087,-0.0836056841118448,0.172716158163143,-0.484064056316451,0.628340409350074,0.805448255093956
"YCR096C",110.544302591257,0.151646605549194,0.31447931847148,0.482214875961539,0.629653310301693,0.806608668598833
"YLR275W",137.64078442024,0.13473251862395,0.279311514847352,0.482373663318476,0.629540526729185,0.806608668598833
"YPL185W",24.7251638566588,0.204784770423857,0.424707679324515,0.482178167226835,0.629679385031382,0.806608668598833
"YLR195C",705.778727680032,-0.0964032012622777,0.200066037243945,-0.481856903801873,0.629907602644413,0.806711928863761
"YPR017C",281.669185908649,0.0746440000659257,0.154960996605885,0.481695405301045,0.630022340541893,0.806711928863761
"YLR462W",16.0239537811757,-0.235686127532093,0.489900861404686,-0.481089432780977,0.630452938112771,0.807095247584001
"YCR020C",38.6427740373993,0.171558191189841,0.356975576022236,0.480588036586445,0.630809319792618,0.807383416592008
"YBL018C",275.080749588812,-0.122587474002768,0.255235248099726,-0.480292102738377,0.631019703545422,0.807484639368362
"YBR133C",598.82385143939,-0.0629704957309612,0.131336704223958,-0.479458473570212,0.631612503584537,0.807739009574735
"YDR494W",592.033325202205,-0.085713858585207,0.178687461288325,-0.479685916220508,0.631450743865131,0.807739009574735
"YLL001W",800.277207306879,0.0753078288266189,0.157052545470301,0.479507215888199,0.631577836025438,0.807739009574735
"YBR032W",109.283008245768,0.216162383798559,0.451712808286807,0.478539416711226,0.632266326547808,0.808407049536179
"YDR339C",428.086420348023,-0.0711839479894243,0.149080786858325,-0.477485727634857,0.633016281614541,0.808550257093025
"YGR184C",1525.98987621491,0.0718145985933847,0.150410147771026,0.477458467115599,0.633035689089905,0.808550257093025
"YKL184W",1056.08107852723,0.0771921292193906,0.161594883898667,0.477689190134239,0.632871439328895,0.808550257093025
"YLR041W",10.8300984494111,0.330441606769699,0.691668417029914,0.477745692348719,0.632831218640411,0.808550257093025
"YPL234C",3225.92042983882,0.0734012170473523,0.153721215995272,0.477495683156773,0.633009194081547,0.808550257093025
"YEL029C",210.765598335985,-0.109591315892818,0.229659427802219,-0.477190581469172,0.633226417311533,0.808625927422327
"YPL122C",284.694044207334,0.0949249249233238,0.199012118175612,0.476980627076993,0.633375916899397,0.808648928571993
"YDR268W",194.707856089401,-0.103128857751852,0.216371722793281,-0.476628167583524,0.633626921967407,0.808801488190027
"YOR220W",1407.28308900546,0.0645581175175391,0.135573749225507,0.476184496529311,0.633942943566676,0.809036958484137
"YHR190W",5070.54566574878,-0.0638864200080092,0.13470750755643,-0.474260278190113,0.63531431350735,0.810603553352637
"YKL186C",724.706868008334,0.0874685859400867,0.184496962683022,0.474092281347544,0.635434102554969,0.810603553352637
"YIL114C",603.902667009112,-0.067079491439378,0.141600346961056,-0.473724061268201,0.635696692840208,0.810770356899063
"YJL057C",485.339777568098,-0.0735797612847703,0.155579147037911,-0.472941025103066,0.636255254861524,0.811314496661492
"YPL274W",925.771892816589,-0.0790038479389702,0.167279899369606,-0.472285362656815,0.636723116735276,0.811742779419972
"YEL064C",238.265493331606,0.0785823673753842,0.166643476167305,0.471559818498326,0.63724101307264,0.812234659149582
"YLR266C",486.752361683973,-0.083404316120235,0.177080791910333,-0.470995838794688,0.637643706483593,0.812411186010793
"YOR236W",287.001801284577,0.0782288844427318,0.166071525759375,0.471055372587348,0.637601193046968,0.812411186010793
"YHR211W",397.207945312334,-0.1358322015245,0.288641689314588,-0.470591070358024,0.637932785639324,0.812611149892676
"YPL031C",1109.75753926752,0.0794711713982835,0.1691131215219,0.469929066905623,0.638405696605264,0.813045150988273
"YDR310C",984.2279258383,-0.0696815615786881,0.148357943107739,-0.469685411640446,0.638579792036289,0.813098492965461
"YHR100C",167.165376687163,-0.0917592132827813,0.195604686418908,-0.469105392936595,0.638994304467764,0.813457870518888
"YLR262C-A",1516.65737002284,-0.0680853015987603,0.145361970111049,-0.468384554410942,0.639509611477585,0.813945387124823
"YCR073W-A",1391.89458121694,-0.122928854307492,0.26266680056249,-0.468003013872498,0.639782434424478,0.814124140639467
"YEL032W",932.79475863686,0.0817599485094223,0.175538072272179,0.465767610701854,0.641381851345497,0.815259298828394
"YER028C",536.079011663196,-0.130202983896808,0.27935825464261,-0.466078885205592,0.641159036401533,0.815259298828394
"YHL031C",245.067883321836,0.115486287994969,0.247817525145049,0.466013402108562,0.641205907497366,0.815259298828394
"YHR071W",2275.86348510457,0.119289406701526,0.256077113928258,0.46583392350691,0.641334380939439,0.815259298828394
"YKL187C",405.412483250157,0.113943470172944,0.244700481889831,0.465644649707895,0.641469877565951,0.815259298828394
"YLR336C",182.679335716841,0.11820147022432,0.253540333761588,0.466203812508459,0.641069620658849,0.815259298828394
"YOR339C",24.4196138577201,0.216088447102077,0.464459615734353,0.465247009173061,0.641754577895123,0.815452614474174
"NME1",18.185700096925,0.237862954763414,0.511584984539325,0.464952963734083,0.641965140697155,0.815551666037494
"YNL288W",1042.34906319221,-0.0831637514208386,0.179067412318587,-0.464427057631671,0.642341808228855,0.815861652335287
"YDL089W",367.187060809945,0.118975420059034,0.256493379161408,0.463853766705472,0.642752518811505,0.816046240852757
"YLR293C",7264.66105012009,-0.0744777803732366,0.160538112613931,-0.463925850133445,0.642700871613726,0.816046240852757
"YBR089C-A",992.192706181181,0.0953249181806564,0.206119900020657,0.462473143889082,0.64374205702607,0.816769539541826
"YDL189W",1109.54973855989,0.0729784655413924,0.157819938272592,0.46241600611541,0.643783023195414,0.816769539541826
"YJL137C",188.352495840492,-0.109612914574628,0.236991320039143,-0.462518688686672,0.643709403468356,0.816769539541826
"YOR378W",63.3539966393274,-0.144234702515729,0.31198173422989,-0.462317779185902,0.643853451658337,0.816769539541826
"YNL166C",593.267407479801,0.0602163927771266,0.130306554279821,0.462113307422876,0.644000067659153,0.816787052197111
"YJR112W",237.305648494306,0.133215506534011,0.288416693460202,0.461885561947865,0.644163388330089,0.816825739841247
"YGL111W",554.22540925928,-0.0819821693969117,0.177581227963957,-0.461660110907396,0.644325080540024,0.816862347004978
"YDL237W",808.523684268543,0.0766585625761583,0.166232062808825,0.461153891017519,0.644688199890185,0.817154251715713
"YKR008W",582.591444252255,0.100900458997976,0.218927344369463,0.460885593293889,0.644880688371891,0.817229802902767
"YLL037W",10.8058303907489,0.270941135067939,0.588529044016245,0.460370032409922,0.645250641031613,0.817530169415826
"YBR294W",391.040483084144,-0.0760658437813012,0.165492643199899,-0.459632780711714,0.645779825632841,0.818032116919047
"YBR298C",1525.7795293912,-0.0742517980839445,0.161858832523021,-0.458744184216105,0.646417880856432,0.818671739552523
"YDR338C",386.394501961622,0.0713253867431638,0.155768833661198,0.457892539006221,0.647029647423239,0.818772084702247
"YGR282C",12043.2009186201,-0.0792698299242624,0.173029024618265,-0.458130247795981,0.646858868857643,0.818772084702247
"YLR363C",179.208460799717,0.116616393700825,0.254381771274529,0.458430622275104,0.646643095599442,0.818772084702247
"YOR008C",1848.930485337,-0.0871715450070932,0.190340842139357,-0.457976039337217,0.646969655656224,0.818772084702247
"YDR334W",1195.33425198229,0.0587538673776934,0.128573102698617,0.456968573865843,0.647693633782719,0.819271978627
"YDR362C",380.777879606607,0.067388344085357,0.147688029114239,0.456288464877753,0.648182557701316,0.819271978627
"YFR033C",1735.9309320011,0.0975054215678662,0.213328543990253,0.457066924772716,0.647622942815608,0.819271978627
"YLL010C",811.02443229849,-0.075183515812651,0.164607721166094,-0.456743555405815,0.647855380616302,0.819271978627
"YNL029C",337.677356166348,0.0831649646338008,0.182287021053976,0.456230861379732,0.648223975284387,0.819271978627
"YNL246W",838.986628732438,-0.0809873357499338,0.177401629331281,-0.456519683924082,0.648016319481338,0.819271978627
"YDR034W-B",57.8113883882835,-0.162216193153672,0.356369799717073,-0.455190628617964,0.648972101908009,0.820048988439337
"YDL100C",3476.38980041076,-0.0799824445203361,0.176196506425463,-0.453938878488327,0.649872819700574,0.821005996768829
"YER186C",447.558343251051,-0.0838777628701671,0.184847601570176,-0.453767114951306,0.649996455002834,0.821005996768829
"YBL009W",272.278370151452,0.0730402013391063,0.16131236830186,0.452787359754261,0.650701866439118,0.821104670883161
"YCR104W",44.8184157906534,-0.185714599146059,0.409787326967757,-0.453197517161557,0.650406520136984,0.821104670883161
"YDR328C",2086.3398880973,-0.0941358221256592,0.208395022323556,-0.451718189216166,0.651472012935848,0.821104670883161
"YIL125W",1837.77007611604,-0.0694249439492815,0.153683852919569,-0.451738700132767,0.651457234979788,0.821104670883161
"YJL102W",278.293953837925,0.106036272624322,0.234791245369842,0.45161936279734,0.651543218521923,0.821104670883161
"YJR062C",535.573996134595,0.0765129923790805,0.169307696739465,0.451916799133005,0.651328921790664,0.821104670883161
"YLR200W",484.427736094403,-0.0621262091863894,0.137439698895957,-0.452025213133068,0.651250818906576,0.821104670883161
"YML080W",114.433837481224,-0.10024557503272,0.221847365922415,-0.451867321551962,0.651364567368273,0.821104670883161
"YOR172W",532.591094983334,0.0649996164618883,0.143800190562925,0.452013423677944,0.651259312001009,0.821104670883161
"YOR233W",405.076152525811,0.0699285440550476,0.154509912122114,0.452582899663946,0.650849114629303,0.821104670883161
"YPL041C",116.605648778597,0.0974744677176546,0.2152613031009,0.45281927737827,0.650678881215486,0.821104670883161
"YPR153W",42.6826382966203,0.146623314425234,0.32499549600014,0.451154912082755,0.651877903228642,0.821358144817895
"YDL141W",534.847476433044,0.0623462508112917,0.138328023511452,0.450713089283245,0.652196347281064,0.821591056079177
"YBR087W",455.816087402785,-0.0680802415946116,0.151265932284512,-0.450069890598772,0.652660046477792,0.821744630534363
"YBR235W",872.171384338523,-0.0559521434169374,0.124478675576995,-0.449491795743994,0.653076925137952,0.821744630534363
"YER007C-A",997.309454460977,-0.0554709749064587,0.123424587578592,-0.449432126893977,0.65311996000845,0.821744630534363
"YHR072W",953.837814890429,-0.0556858962782769,0.123669855912772,-0.450278654141507,0.652509528512894,0.821744630534363
"YLR272C",308.532023834622,0.0739911428276994,0.164563831536496,0.449619713741839,0.652984670931961,0.821744630534363
"YOR132W",1650.17222359637,-0.060783222941788,0.135224265909486,-0.449499374487077,0.653071459215651,0.821744630534363
"YDR068W",858.474192569964,0.067386163166175,0.150003688281763,0.449230041861361,0.653265718049909,0.821759903049078
"YBR074W",712.727571642338,0.0722643070741786,0.161079563464085,0.448624924975608,0.653702250332972,0.821991361675071
"YGL173C",3209.94095734806,-0.0680527504604612,0.15169879042061,-0.448604436935679,0.653717032512646,0.821991361675071
"snR71",11.4279124358106,0.303467391859639,0.676798348014038,0.448386720727257,0.653874123774498,0.822020821997784
"YCR059C",1245.52649321194,-0.14027878929986,0.313697333989551,-0.447178774252931,0.654745985615774,0.822948663710814
"YHR181W",604.645196807463,0.0593058784893591,0.132778469247709,0.446652825758361,0.655125747737354,0.823257733670765
"YJL209W",269.494005745339,0.0737054360780278,0.165186086554806,0.446196393505415,0.65545538783892,0.823335505557467
"YOR384W",634.699236297562,0.0686890497845503,0.153932547682435,0.446228239697928,0.655432386009285,0.823335505557467
"YAR033W",308.103520598323,-0.0792536144038057,0.177885581451788,-0.445531412703539,0.655935764013219,0.823602480335095
"YNL162W-A",12.8744586640852,-0.248617391082355,0.557869337212538,-0.445655235909904,0.655846304448294,0.823602480335095
"YGL092W",1027.50976979481,-0.0636493985593713,0.143187515887758,-0.444517793082359,0.656668267536753,0.824353918218214
"YOR258W",111.389441444894,0.10593664479776,0.239305170726699,0.442684311734936,0.657994091497417,0.825681220711919
"YPR030W",454.57114579926,-0.0839990803273132,0.189723779385025,-0.442744080892705,0.657950854329709,0.825681220711919
"YOR189W",433.376310351671,0.0715013825262445,0.161623295988655,0.442395275315159,0.658203197353105,0.825775125198204
"YBL079W",719.968166522205,-0.0903378959566333,0.204325047466552,-0.442128349298055,0.658396330999989,0.825848956893725
"YPR005C",270.436512206445,0.106293319120049,0.240630947912055,0.441727550185676,0.658686370993095,0.826044286624701
"YOR161C-C",21.7336904252609,0.22368319864431,0.506849889168894,0.441320405556553,0.65898105552675,0.826245360140574
"YGR052W",200.458266477781,0.0948754244403272,0.215183667759871,0.440904393107571,0.659282213137776,0.826454466122569
"YEL059C-A",129.125497228481,-0.132442507735449,0.300758833513053,-0.440361156440317,0.659675553418943,0.826779020486346
"YKL215C",615.028135943893,0.058118718259554,0.132220455891406,0.439559203360239,0.660256393951367,0.82733839095373
"YLR015W",291.020696246062,0.0743153222444245,0.16916886500943,0.439296688786568,0.660446573151143,0.827408112625693
"YDL122W",1395.40233170768,0.0720919704326855,0.164359840290816,0.43862278221448,0.660934886491945,0.827851232571377
"YBL109W",10.877132390005,0.304843559793789,0.696589792548478,0.437622777500826,0.661659756849134,0.828253104950575
"YMR263W",496.731450921794,0.0762773326985557,0.174251954449869,0.437741619251106,0.661573595768753,0.828253104950575
"YPR020W",210.139915551249,0.168162453873305,0.384246997740087,0.437641555724149,0.661646142210892,0.828253104950575
"YPL140C",346.434513568928,-0.0699283330291098,0.159868568666467,-0.437411391197233,0.661813024436158,0.828276373683836
"YLR208W",2212.60759575921,-0.0630119493890665,0.144401159675454,-0.436367336181287,0.662570233899354,0.82888668398719
"YML107C",233.676434179892,-0.0727751290735179,0.166710432677325,-0.436536141768507,0.66244778286048,0.82888668398719
"YGR049W",447.790006702695,-0.0735561840314354,0.168687300163101,-0.436050514533788,0.662800079669645,0.82900559080096
"YER034W",282.124677148428,0.0746367056725212,0.17152402081133,0.435138503164048,0.663461897136455,0.829479695556811
"YGL064C",172.817237541815,-0.0803025585693073,0.184502921800096,-0.435237327332479,0.663390170901414,0.829479695556811
"YOL076W",244.538442927932,-0.118123207515456,0.271565947885424,-0.434970615554839,0.663583756445449,0.829479695556811
"YBR283C",3454.74699782992,-0.0521306150802749,0.120715670606849,-0.431846294836533,0.66585312985404,0.829970248578986
"YDL107W",220.435968590728,0.139960027918628,0.323992306588191,0.431985652352305,0.665751841075605,0.829970248578986
"YDR252W",77.3840210043526,0.119187646050537,0.276481888127021,0.431086632321391,0.666405380078542,0.829970248578986
"YDR301W",649.219765772526,0.0645510312706301,0.149422978348612,0.432002038669239,0.66573993146177,0.829970248578986
"YEL033W",239.143370929578,-0.346748226934702,0.801184527653296,-0.432794462407235,0.665164096684798,0.829970248578986
"YEL047C",1844.84015903728,-0.0726279908417545,0.168423030306667,-0.431223632002775,0.666305772338495,0.829970248578986
"YGR199W",596.42029711977,-0.0713324224881968,0.165253742175093,-0.431653901142021,0.665992976765876,0.829970248578986
"YJL067W",31.6515342636372,0.176160106431257,0.408292762502746,0.431455373716237,0.66613729433308,0.829970248578986
"YJR131W",439.509594757839,0.06359679759518,0.146794646553086,0.43323649116987,0.664842971062606,0.829970248578986
"YLL027W",1220.88539739222,0.0729411057426583,0.168454400147505,0.433002080555855,0.665013258331155,0.829970248578986
"YLR059C",813.049254589469,-0.0895636160271837,0.206320668654346,-0.434099097348467,0.664216480950637,0.829970248578986
"YNL126W",137.868113508794,0.115460833554186,0.266408380249035,0.433397903798126,0.664725723133564,0.829970248578986
"YNL187W",184.159427050882,-0.119668206814384,0.275991357471644,-0.433594036822981,0.664583265820815,0.829970248578986
"YPL001W",188.777349043799,0.0966768231819523,0.223775074629691,0.432026772159213,0.665721955262524,0.829970248578986
"YPL139C",548.726829031542,0.0641241309579093,0.148423306132751,0.432035457427126,0.665715642890934,0.829970248578986
"YPR131C",342.924760448871,-0.0659399050825009,0.1522592350494,-0.433076555659215,0.664959154120807,0.829970248578986
"YPR176C",582.105277484555,-0.0615640359737147,0.142778817194867,-0.431184661585275,0.666334105785276,0.829970248578986
"snR39",14.4234345658339,0.224938853753676,0.520202450923587,0.432406370547295,0.665446088810106,0.829970248578986
"YER167W",949.049202884684,0.0585242877614838,0.135830578724679,0.430862389831302,0.666568431748212,0.829980113725956
"YLR198C",25.1509329637423,0.24854593450425,0.577068287540606,0.430704545494125,0.666683213301825,0.829980113725956
"YBR085C-A",1432.46998265609,-0.097412598176384,0.226313475599271,-0.430432160163854,0.666881305349675,0.830058698219086
"YJL097W",894.800010714273,-0.0556192317272278,0.129370920105964,-0.429920662863584,0.667253354166346,0.830353728879609
"YCR092C",337.612525595509,0.0836910657131129,0.194883928196924,0.429440572588139,0.667602632835647,0.830620309920945
"YFR056C",9.32273755588965,0.288713333665318,0.67305757493518,0.42895785504401,0.667953895524448,0.830889251107474
"YDL150W",303.459992562145,-0.0866460921481447,0.202251297568484,-0.428408090280883,0.668354035560064,0.831218871323437
"YBR110W",757.468486114822,0.074862758658675,0.175160013039981,0.427396398067104,0.669090630485075,0.831929891300211
"YGL139W",737.096497202097,0.0647076531755345,0.15145103299476,0.427251316125214,0.669196288172706,0.831929891300211
"YER135C",9.05135518883471,0.289098600068222,0.678599562093262,0.42602237934909,0.67009153884591,0.832874487449949
"YOR058C",303.955501755166,0.102489394869761,0.240711393453967,0.425777082667926,0.670270287700978,0.832928322764399
"YHR011W",247.994845665574,0.0734668922212395,0.173023461898961,0.424606532633945,0.671123530028578,0.833765518547011
"YLR361C",296.726139278208,-0.079071437868534,0.186277966192566,-0.424480895323891,0.671215135337602,0.833765518547011
"YNL312W",802.248701502966,-0.0675293440323741,0.159245056086363,-0.424059281286265,0.671522580390069,0.833978972011091
"YDR125C",108.898724272829,-0.0969829594503229,0.228992277317169,-0.423520655746811,0.671915431335496,0.834298385365092
"YDR170C",2350.2361970536,-0.0580940262352995,0.137284059876283,-0.423166580939204,0.672173727524335,0.834450630656976
"YDR119W",718.379513673291,-0.0718614482596401,0.170141790976589,-0.422362124244526,0.672760719360741,0.834924196180409
"YDR249C",117.668894066893,-0.103527982160459,0.245169127273263,-0.422271691839356,0.6728267180927,0.834924196180409
"YDR289C",533.416690948631,-0.0665847156267934,0.157983685279855,-0.421465770398027,0.673415001185503,0.835317992643077
"YML060W",134.391276318633,0.0897425879939892,0.212930208337009,0.421464801518213,0.673415708540549,0.835317992643077
"YMR194C-B",192.882366101406,0.106729490926396,0.253583796129144,0.420884506642692,0.673839419266217,0.83567502086857
"YDL015C",1549.35701498509,-0.0842721043998791,0.200737684944344,-0.419812076757008,0.674622741805508,0.836140641294613
"YKL159C",337.326861597564,-0.0697428658380953,0.166105401496105,-0.419871149342068,0.674579584914649,0.836140641294613
"YNL230C",252.640620593199,-0.0888917249630148,0.211736533309541,-0.419822330958176,0.674615250276649,0.836140641294613
"YDR262W",855.255678758662,0.078713310515426,0.187769173984054,0.419202517885661,0.675068132108077,0.836524080690041
"YOR358W",625.534711670808,0.0885819716762229,0.21166964678303,0.418491611917428,0.675587718121427,0.836999288164137
"YLR459W",504.474566956102,0.0707598871367903,0.169163694442154,0.41829239642781,0.675733348216694,0.837011095978383
"YCL058C",30.244265957142,0.281494717776823,0.674234626061061,0.417502612438255,0.676310813855618,0.837472693824067
"YLR438C-A",1395.45615925834,-0.124567956542355,0.298430510758268,-0.417410258173154,0.676378352881974,0.837472693824067
"YDL126C",12716.4080895864,-0.0741345255227277,0.177889801344045,-0.416744102037356,0.676865592497721,0.837907285398749
"YJL223C",34.1911284365688,0.181888343480342,0.437550925732657,0.415696397341132,0.677632177821482,0.838687440853716
"YDR295C",372.743681757945,0.0851971047673712,0.206387386722846,0.412801897054789,0.67975176144132,0.839958475560402
"YFR045W",410.818622038608,-0.0762146143874339,0.184605692708527,-0.41285083503773,0.679715904051221,0.839958475560402
"YGR212W",153.084558148449,-0.110855980049876,0.267878658231294,-0.413829085085828,0.678999281722772,0.839958475560402
"YHR115C",553.056652578138,0.0703470583205163,0.170164093207579,0.413407182411285,0.679308313255489,0.839958475560402
"YOR164C",663.741527315431,0.0851102689317676,0.205909772548555,0.413337686105685,0.679359222465824,0.839958475560402
"YPL055C",991.498029961343,-0.0865022062085784,0.209136885908647,-0.413615254108562,0.679155900002582,0.839958475560402
"YPL275W",23.5941263198394,-0.176639118451806,0.4275534608819,-0.413139255351737,0.679504590082556,0.839958475560402
"YPR032W",445.24358622865,-0.0631173506939077,0.152471660314294,-0.413961194911907,0.678902526177504,0.839958475560402
"YPR109W",427.698100146384,-0.0700414366543748,0.170201864799233,-0.411519795843568,0.680691428755094,0.840950640185583
"YAL020C",563.655932489028,0.122369504711138,0.298422170916136,0.410055004745364,0.681765598535748,0.841601451424097
"YDR221W",601.36165913173,0.0623211451327204,0.15197844593255,0.410065682342741,0.681757766035714,0.841601451424097
"YDR291W",469.447708130876,0.06554219588727,0.15982351616855,0.41009106455992,0.681739147170437,0.841601451424097
"YMR234W",395.105933047456,-0.0832105382234049,0.202675165108594,-0.410561097502105,0.681394394357734,0.841601451424097
"YMR085W",337.2057669774,0.101461098233679,0.248391874888202,0.408471888540416,0.682927264861761,0.842866281135827
"YGL161C",1809.84800094605,0.051727602839338,0.126799378515728,0.40794839410764,0.683311562469947,0.843171370222747
"YMR317W",482.012607855335,0.0961236296094731,0.235929568310818,0.407425106982937,0.683695789923268,0.843476250356689
"YOL126C",2783.34332666715,0.0928596255703125,0.228030065749662,0.407225359800828,0.683842477383212,0.843488013619486
"YDL138W",556.725920982161,0.0727148883322797,0.178934640534082,0.406376809516823,0.684465756479587,0.843918284352337
"YEL053C",478.258540319039,0.0844426873849898,0.207711592305149,0.406538154408518,0.684347228498223,0.843918284352337
"YNL157W",1429.96766483815,0.0537688794202945,0.132380149581691,0.406170257324825,0.68461750621405,0.843936192266268
"YGL137W",2964.15482563405,0.0709149053188372,0.1749124384575,0.405430888416022,0.68516080997299,0.844436669605989
"YER113C",512.859230833921,0.0545020472715361,0.134679863446241,0.404678515977938,0.68571383620516,0.844722317705083
"YFL066C",189.413308043713,0.0752632316440842,0.185984946825303,0.404673781017231,0.68571731713928,0.844722317705083
"YGL159W",275.826647161542,-0.0923251844527967,0.228214170339616,-0.40455500337864,0.685804639398614,0.844722317705083
"YDL228C",24.4829089814111,0.330709188294184,0.819032323335339,0.403780386770866,0.686374220437385,0.845254596653969
"YGR127W",425.416637049834,0.0611607701976059,0.151954617154808,0.402493661217918,0.687320752456278,0.845912072764881
"YGR287C",360.89386132545,0.0794345477450884,0.197244750066023,0.402720719910161,0.687153689468971,0.845912072764881
"YMR031W-A",18.8576948669954,-0.200089473868532,0.496929948625919,-0.402651267893608,0.687204788561952,0.845912072764881
"YMR170C",399.621923940221,-0.0647662384024784,0.161140459612895,-0.401924126057882,0.687739866539719,0.846089253694593
"YPR144C",294.924399448481,-0.0725286092478872,0.180382885679795,-0.402081433471663,0.687624096307573,0.846089253694593
"RUF20",127.671080556576,0.159430540069492,0.397293738277364,0.401291348715363,0.688205632304323,0.846381266896626
"YDR179W-A",86.7101160847166,-0.107896502607113,0.268983659113778,-0.401126607328492,0.688326912218761,0.846381266896626
"YFL038C",6594.51792622759,0.0916113253678068,0.228433937413767,0.401040784066464,0.688390097075922,0.846381266896626
"YLR345W",1179.7428133988,0.0642666327136758,0.160352787552326,0.400782759655515,0.688580073069987,0.846445622502582
"YAR014C",1019.75820553083,-0.0629042804738177,0.157322279129134,-0.399843434903357,0.689271836890079,0.847126658048358
"YBL026W",450.205066554753,-0.095396902294228,0.238872796106237,-0.399362773196664,0.689625919776818,0.847337788242839
"YKL153W",733.339581585608,0.247594024205501,0.620169294070284,0.399236186913571,0.689719181779455,0.847337788242839
"YBL103C",566.573549399129,-0.06486515540305,0.162558768240203,-0.399025879103628,0.689874135744675,0.847358884527612
"YFL024C",697.586907969907,0.0587012377385459,0.147473184103006,0.398046859133012,0.690595644877559,0.84765481205867
"YJL203W",158.369379563085,-0.0725437589181777,0.18225729781518,-0.39802937818019,0.690608530386647,0.84765481205867
"YNL011C",434.547314587227,0.0727303264233052,0.182684406210388,0.398120058148508,0.69054168960602,0.84765481205867
"YNL335W",76.2344050087609,0.12424652525373,0.312215721691891,0.397950892992962,0.690666384264389,0.84765481205867
"YHR118C",258.109654521992,0.0779922141409764,0.196179253912145,0.397555870897051,0.690957594791892,0.847843018349988
"YKL072W",315.80304395438,0.0707566899231594,0.178197056980155,0.397069913062813,0.691315905937704,0.847944320206797
"YNL046W",511.447313786611,-0.073397547927264,0.184773622553172,-0.397229576998431,0.691198173344874,0.847944320206797
"YNL313C",341.840406067085,-0.0669638304702977,0.168734739478232,-0.396858588085451,0.691471743697281,0.847966345710524
"YAR062W",12.5330254080976,-0.222299191370374,0.566900175334436,-0.39213110357433,0.694961346831342,0.84911658682418
"YBR243C",713.157143975247,-0.0589772330246197,0.150394210128542,-0.392150954310089,0.694946680383483,0.84911658682418
"YDL029W",3488.59892670954,-0.0459741017231786,0.116872716370051,-0.3933689842342,0.694046974049462,0.84911658682418
"YDR376W",475.658188025188,0.0586843686438189,0.150189414511673,0.390735717524606,0.695992594745832,0.84911658682418
"YDR411C",861.054395809667,-0.0633017331937552,0.1615967098015,-0.391726621609517,0.695260217721324,0.84911658682418
"YDR542W",18.6110064112317,0.186723495541445,0.473116099911487,0.394667388356426,0.693088373352778,0.84911658682418
"YGR122C-A",25.7282915917613,-0.157181128008253,0.402233712141182,-0.390770647173112,0.695966773422959,0.84911658682418
"YGR241C",1519.57009695789,-0.0707875904421252,0.179853697152032,-0.393584294140407,0.693887978672287,0.84911658682418
"YHL044W",161.177182481824,0.0852414917350501,0.216359766254116,0.393980328278472,0.693595562860499,0.84911658682418
"YHR042W",5152.85144398429,0.103264961230346,0.263026851143056,0.392602355164804,0.694613199788255,0.84911658682418
"YHR077C",1211.82359416974,0.0689953366834247,0.176446515825887,0.391026914645951,0.695777341553607,0.84911658682418
"YHR109W",98.5847194354363,-0.0966908779402648,0.245977093448725,-0.393088952245955,0.694253783527654,0.84911658682418
"YKL024C",1550.58400155811,-0.0723118840574343,0.18505495718616,-0.390758967805929,0.695975407215566,0.84911658682418
"YKL117W",7766.19791474632,0.0606702487587145,0.153777788014273,0.394531938208679,0.693188352122323,0.84911658682418
"YKR035C",9.45157846788087,-0.239693263035055,0.608319829259655,-0.394025069553905,0.693562530554666,0.84911658682418
"YKR049C",847.758325371418,-0.127370618187016,0.325625120130279,-0.391157224405956,0.695681024390458,0.84911658682418
"YLR153C",4848.14991855575,0.0682938013815625,0.173797753307712,0.392949851662623,0.694356520680667,0.84911658682418
"YLR373C",523.596615708778,0.0603535174117963,0.153546579655206,0.393063248607179,0.694272767343251,0.84911658682418
"YMR109W",2356.51278720008,0.0458085892608396,0.116005641465643,0.39488242711374,0.692929659436913,0.84911658682418
"YMR227C",588.681676337279,0.091412171655216,0.232867964176896,0.392549365810471,0.694652343577735,0.84911658682418
"YOL026C",840.034015875623,0.094917349256183,0.242728760361771,0.391042862472147,0.69576555361288,0.84911658682418
"YOL044W",209.848671780527,0.0682280091798175,0.173585109744085,0.393052199468061,0.694280927912906,0.84911658682418
"YPL142C",43.1660268984391,0.476066187689895,1.21843936576375,0.390717996370285,0.696005695030944,0.84911658682418
"YPL189W",56.4149800679923,0.113661163603375,0.291036160607022,0.390539661347611,0.696137533458133,0.84911658682418
"YPR021C",304.819384928017,-0.0999145924064958,0.254626227542027,-0.392397096603116,0.694764830962873,0.84911658682418
"YPR117W",821.064057910546,-0.0918096600988793,0.235062701329879,-0.390575193680075,0.696111264599614,0.84911658682418
"snR87",8.41602119136587,-0.264163037815616,0.669400259599317,-0.39462643467413,0.693118601613821,0.84911658682418
"YBR242W",354.831188326867,-0.057760656007111,0.148621457142273,-0.38864277822157,0.697540417208918,0.850194076144026
"YGR068C",441.88221858348,0.0743081628602201,0.191297972869738,0.388441977431822,0.697688984705448,0.850194076144026
"YKR027W",434.233999416214,-0.0582698998684963,0.150021349163964,-0.388410717496022,0.697712114194943,0.850194076144026
"YLR140W",11.0524397500672,0.227743760577306,0.585346105193202,0.389075383874188,0.697220382476622,0.850194076144026
"YNL026W",703.831348482377,0.0491108630774586,0.12629695223969,0.388852321505388,0.697385393721,0.850194076144026
"YKR044W",594.921987902011,0.0838233965337016,0.216056310345035,0.387970137969303,0.698038132556267,0.850314161896461
"YOR186W",12.3298697677564,0.222218011724769,0.572868793845228,0.387903851828252,0.698087187547192,0.850314161896461
"YHR213W",15.746184887519,-0.198506676544395,0.512905085177339,-0.38702419274272,0.698738297720733,0.850785503299442
"YKR016W",848.015782997243,0.0647520911624963,0.167314921747563,0.3870072703987,0.698750825555363,0.850785503299442
"YNL214W",145.384596217245,0.0818554423740899,0.211728434648534,0.386605807150885,0.699048058151544,0.850978930647664
"snR190",9.99989226917103,-0.27180011163107,0.704149090130425,-0.385997959012808,0.699498180368754,0.851358363203609
"YLR066W",928.651989937059,-0.0569262171560287,0.147656081204197,-0.385532493425071,0.699842937224771,0.851609430932399
"YBR223C",293.578719745614,-0.067782749318994,0.175991365269828,-0.385148153235076,0.70012765349222,0.851787352913384
"YAL027W",241.122799836134,0.0771126482783205,0.200566679028945,0.384473874980958,0.700627255470805,0.851922533289732
"YFL001W",259.324881426872,-0.0727622810664126,0.189361623902043,-0.384250407062693,0.700792861124025,0.851922533289732
"YFR004W",2935.32635207271,-0.0553789729431564,0.144023433031109,-0.3845136293286,0.700597796156529,0.851922533289732
"YOR381W",340.732428709098,-0.0657921427640043,0.171187279318316,-0.384328456097877,0.700735019610272,0.851922533289732
"YDR099W",3427.63623445923,-0.0432906819087964,0.112888234295321,-0.383482673628732,0.701361914620274,0.852424837041704
"YIL004C",278.48062025044,-0.0670837180397627,0.175007556656067,-0.3833189796004,0.701483268336271,0.852424837041704
"YDL066W",1913.00070710745,-0.0491309110406524,0.12835842442884,-0.382763431845409,0.70189517753215,0.852756883015157
"YGR003W",158.064470287964,0.0783366242708605,0.205368766879044,0.381443709583153,0.702874032611261,0.853440335747139
"YKR036C",504.656811167957,0.0696444133793164,0.18249593934139,0.381621715149698,0.702741974790407,0.853440335747139
"YNL216W",655.213945653072,-0.0688779721499316,0.180420065737975,-0.381764477627246,0.702636069406609,0.853440335747139
"YLR114C",1580.54978876971,0.072145204174952,0.189466131092985,0.380781534719496,0.703365362062011,0.853732711979891
"YOR351C",36.0411964588125,0.138877908514909,0.364753058724846,0.380745014175939,0.703392463675139,0.853732711979891
"YCL032W",773.01346242644,0.0843064092696448,0.221619470973299,0.380410660215871,0.70364060267955,0.853806706918928
"YIL017C",1389.5778116518,0.0503306242171001,0.132413570909068,0.380101706128472,0.703869919362433,0.853806706918928
"YMR277W",918.728526796286,0.0826565383212873,0.21735658322801,0.380280813646116,0.703736976127525,0.853806706918928
"YDR215C",31.5292838903756,0.180457274504021,0.475071162790289,0.379853143356716,0.704054431018828,0.853862108216484
"YNL235C",10.5308370784754,0.253107753648986,0.667359559214066,0.37926744309629,0.704489273470212,0.854221023628115
"YOL097W-A",38.4751408933966,0.132147626502964,0.348900147636675,0.378754859801821,0.704869910839452,0.854514084695965
"YNL320W",446.266942776761,-0.0556384335729652,0.147091152607716,-0.378258192872755,0.705238799432244,0.854792790009519
"YJL140W",1301.62891252854,-0.047109309408365,0.124729381987699,-0.377692157674693,0.705659294303687,0.855069594857497
"YLR106C",2943.71734565456,-0.0723632376215394,0.191651872132123,-0.377576471424463,0.705745246097017,0.855069594857497
"YBR042C",512.238232852702,-0.0612290199554381,0.162357584222661,-0.377124482657165,0.706081097657209,0.855139572782953
"YJR135W-A",365.187447689869,-0.0918412072490012,0.243509514074253,-0.377156546010749,0.706057271002289,0.855139572782953
"YGR219W",10.0590543947963,-0.305826527397981,0.811531361450017,-0.376851150707892,0.706284225536035,0.855209802766963
"YNL138W",2716.205945052,-0.0521779168165084,0.138523397061394,-0.376672229553993,0.706417202935963,0.855209802766963
"YBR049C",653.458002854989,-0.0513433681807076,0.136474616576236,-0.376211851469292,0.706759405347981,0.855287355940591
"YDR470C",419.704979086432,-0.0606891921347803,0.161293721612536,-0.376265061826582,0.706719850667823,0.855287355940591
"YNL006W",695.167102006583,-0.0790255216531122,0.210234910528492,-0.375891527503479,0.706997539477405,0.855407213807996
"YDL160C-A",210.569203705934,-0.0683973349274676,0.182544350575821,-0.374688861702451,0.707891876872348,0.855551536985862
"YFR034C",577.542355358739,0.0885319932800082,0.23621322876375,0.374796931329167,0.707811496643274,0.855551536985862
"YGR295C",1112.82885406539,0.0921906702004405,0.246344550166439,0.374234664976973,0.708229735739028,0.855551536985862
"YHR005C-A",1540.59451104366,-0.0790341235165885,0.211038980696363,-0.374500119626243,0.708032267612595,0.855551536985862
"YIL120W",246.563565154915,-0.0685763922770535,0.1832182915195,-0.374287914750886,0.708190122378457,0.855551536985862
"YLL016W",357.610926305098,0.0755691477790632,0.201639740497818,0.374773085863403,0.707829232188498,0.855551536985862
"YOL087C",2053.007887413,0.0425759681542963,0.113663877720101,0.374577825500027,0.707974466976752,0.855551536985862
"YOR196C",740.529713074113,0.0522485872458213,0.139611542743295,0.374242603578209,0.708223830036214,0.855551536985862
"YER119C-A",15.8784882290532,-0.206197477425108,0.551874519119601,-0.37363108873744,0.708678800943001,0.855589836238606
"YGL025C",553.374885889085,-0.082178209392107,0.219773809411604,-0.373921758976291,0.708462527475189,0.855589836238606
"YPL169C",962.359642950836,0.0522552013883993,0.139854162742109,0.373640657981399,0.708671680563921,0.855589836238606
"YGL109W",29.587606396977,-0.140102332167707,0.375797299670463,-0.37281356808727,0.709287203846529,0.856147307671035
"YMR283C",233.372690922281,-0.0743923412437334,0.199637805091679,-0.372636541508612,0.709418972340097,0.856147307671035
"YBR065C",87.4606434168943,-0.100284261664346,0.269591812979494,-0.37198556052581,0.709903600202444,0.856564085000006
"YBR250W",24.8970709617412,0.145125208686842,0.391075777114634,0.371092297655404,0.710568787689338,0.85719851790691
"YBL033C",1412.34552195592,-0.0833786810183049,0.225512530082403,-0.369729704100424,0.7115838970338,0.857246026789005
"YCL031C",774.028405575273,0.0517636522571052,0.139935772933276,0.369910074972658,0.711449494349104,0.857246026789005
"YDR093W",2009.26857641269,-0.0725674792924303,0.196011030241087,-0.370221406433988,0.711217527967489,0.857246026789005
"YHL014C",244.061239296898,-0.073138665310028,0.197466078645699,-0.370385971158399,0.711094925127281,0.857246026789005
"YLR371W",1041.61151657435,0.0459502960333881,0.124156740452068,0.370099084963718,0.711308663878917,0.857246026789005
"YOR084W",635.426257015199,-0.0990148103906548,0.26737213372574,-0.370325841406571,0.71113972170097,0.857246026789005
"YPL108W",111.822162431248,0.0972068542800157,0.262584901309229,0.3701920932824,0.711239367427013,0.857246026789005
"snR30",432.623133826325,-0.0881614598088645,0.238964196609702,-0.368931668675279,0.712178657671701,0.857794505421261
"YJR105W",5626.06117115128,-0.0895107286412127,0.24423667672429,-0.366491756445974,0.713998162784612,0.859241942874731
"YKL119C",241.35223474497,0.0745682343909718,0.203733352589216,0.366008969289001,0.714358382750976,0.859241942874731
"YKL126W",2344.61053495596,-0.0534153068634872,0.145599672240513,-0.366864197161459,0.713720318690145,0.859241942874731
"YLR131C",619.348665673056,-0.063385308339536,0.173111472253074,-0.366153135402096,0.714250810021072,0.859241942874731
"YML098W",560.810676814595,0.0761218916081301,0.207965463422877,0.366031409039029,0.714341638462746,0.859241942874731
"YMR112C",255.741186080623,0.0764625904187688,0.20847317540016,0.366774239764903,0.713787424234191,0.859241942874731
"YPL246C",1422.38608622089,0.0445184183864051,0.12150624313503,0.366387909277484,0.714075640461599,0.859241942874731
"YCR075C",444.786745597747,0.0938271731605136,0.257608982169463,0.364223220674779,0.715691328537137,0.860676900763276
"YHR012W",878.716321369535,0.0599428793369497,0.164698031542544,0.363956258466061,0.715890673156697,0.860748316698668
"YAL002W",497.319490846694,-0.0900355172563968,0.247627633694359,-0.363592366139255,0.716162428118849,0.860767496709897
"YLR230W",98.1478607850995,0.1014437383362,0.279028823866776,0.363560068563508,0.716186549701552,0.860767496709897
"YPR097W",646.372704344004,-0.069720373921188,0.191994355486991,-0.363137623209512,0.716502080895252,0.860978467664282
"YPR170W-B",238.448116910514,0.0729957529254927,0.201436202368971,0.362376534441343,0.717070672409448,0.86149338451223
"YDR254W",294.557820009161,0.100045423784237,0.276282535737774,0.362112731870943,0.717267789721015,0.861561895856298
"YIL102C-A",86.4086035096331,0.0874358813351881,0.241789253893877,0.361620212342291,0.717635858227093,0.861835682112209
"YPL078C",1720.96659173019,0.0633620847353951,0.175346585036238,0.361353400308881,0.717835278935347,0.861906865570555
"YGR026W",1401.90411724871,0.0594673890708012,0.164674338616441,0.361121165388813,0.718008871661966,0.861947015561407
"YBR290W",1070.8415491072,-0.0712930383350902,0.198209682233269,-0.35968494339841,0.71908275293114,0.862954898009104
"YDR109C",319.242092490768,0.0604088181237399,0.167978183294352,0.359622999481332,0.719129081674253,0.862954898009104
"YNL063W",285.883873743423,0.0606758158188319,0.16896166145409,0.35910996196802,0.719512829438161,0.863246956895179
"YGR097W",2596.68373919694,0.0525651378752706,0.147343131396462,0.356753228854838,0.721276553147666,0.865025507382633
"YKR021W",638.068031689621,0.0554712317245803,0.15546094561675,0.356817794363164,0.721228214034086,0.865025507382633
"LSR1",124.872824838112,0.0811863337826725,0.228200180868546,0.355768051864252,0.722014276653468,0.865235347119803
"YBR097W",299.037238138103,-0.0740977189221035,0.208256135462797,-0.355800892768129,0.721989680448541,0.865235347119803
"YHR031C",264.999667739201,-0.0661787375220844,0.185863745238306,-0.356060497098201,0.721795259824026,0.865235347119803
"YLR369W",482.64545689942,0.048234181778244,0.135520050882659,0.355919153395301,0.721901111496963,0.865235347119803
"YHR160C",67.6154584515219,0.113559499135771,0.320032529012375,0.354837364458598,0.72271143465118,0.865902069570379
"YGR004W",277.840081298381,0.0590811172355772,0.166877785664945,0.354038238224227,0.723310226757715,0.866113297227404
"YGR224W",444.23610629433,-0.0705627961660924,0.199187900187907,-0.354252422459025,0.723149720048589,0.866113297227404
"YIL157C",459.069199413594,0.0626631062003033,0.176946709973059,0.354135469429435,0.723237361525699,0.866113297227404
"YDR144C",777.507188074424,-0.0544730767463,0.153963171201154,-0.353805889559981,0.72348435940306,0.866153165335569
"YCR106W",148.563486710813,-0.0885350661885905,0.251031325406134,-0.352685331383854,0.724324357463296,0.866491385375565
"YDL219W",192.816604364495,0.118986798612689,0.337779045713789,0.352262226217283,0.724641613941841,0.866491385375565
"YDR135C",2498.88334665817,-0.0541585493430021,0.15380990585677,-0.352113532878926,0.724753119735269,0.866491385375565
"YDR173C",232.154921914417,0.0626790356136244,0.1779009441364,0.352325480440212,0.724594181090319,0.866491385375565
"YDR265W",363.506472658103,-0.0594298376228309,0.168285660247584,-0.353148554282027,0.723977073836268,0.866491385375565
"YJR090C",801.504624290581,0.0427701184298058,0.121342648679289,0.352473914945173,0.724482877703217,0.866491385375565
"YOL159C",264.264926217632,0.0758058521766077,0.214737932164481,0.353015656863751,0.724076702777753,0.866491385375565
"YBR051W",12.3520925136646,-0.194347353364977,0.552765011832329,-0.351591271525573,0.725144812089268,0.866622735007579
"YNL210W",35.7462936733044,0.159609907306696,0.453799767614022,0.351718794713997,0.725049163950813,0.866622735007579
"YKL082C",423.19550867881,-0.070879411381032,0.201993189718724,-0.350900005488957,0.725663367366885,0.866932327260016
"YOR360C",381.039967177639,0.0600531651169749,0.171154972737862,0.350870115874175,0.72568579198936,0.866932327260016
"YJL060W",1021.624944372,-0.0700923196305698,0.20041931314599,-0.349728369638273,0.726542560679129,0.867618786053718
"snR70",92.9418618229438,0.108225450286141,0.309445934217077,0.349739448217214,0.726534245645455,0.867618786053718
"YHR165C",1150.87581022873,-0.0535488357387895,0.153480399929884,-0.348896899951086,0.727166712602728,0.868195550865225
"YKL077W",1484.82896402786,-0.0539264412098344,0.155002055206091,-0.347907910886303,0.727909343960769,0.868913522002859
"YDL047W",1040.70165959333,0.0510749719859944,0.1469218429762,0.347633619013804,0.728115354877177,0.868990768968492
"YPL068C",102.800338227606,-0.0823753202257451,0.237463206432568,-0.346897194994025,0.72866855402686,0.869313599857457
"YPL270W",1235.58577460007,0.0476728528495966,0.137394533708326,0.346977798627718,0.728607997965786,0.869313599857457
"YBL004W",1059.76982271265,0.0588183426865079,0.170175251866919,0.345633939372718,0.729617836266077,0.870277287245224
"YCR054C",93.0135930133981,-0.080264165321066,0.232908054683539,-0.344617387449842,0.73038203238736,0.871019875738271
"YCL012C",159.317382435111,-0.070057203804061,0.203469029474033,-0.344313844643378,0.730610273597039,0.871123145137997
"YNL241C",5571.42894806372,0.0492242316979022,0.143133294988442,0.343904831519998,0.73091785822583,0.871320959117825
"YLL036C",552.272880265343,-0.0517899261253244,0.150696269873531,-0.343670922769278,0.731093780923053,0.871361773774569
"YGL098W",400.341902623832,-0.0504398904560203,0.146951119230712,-0.343242642315844,0.731415927163686,0.871576816906931
"YGR238C",312.671674124781,0.0587444927604709,0.171261111310639,0.343011278572858,0.731589975265275,0.87161533279377
"YLL067C",1182.94371516167,0.0860877126227026,0.251219855528563,0.342678776092659,0.731840131235998,0.871744491013246
"YBL082C",662.754864708134,0.0994932217443422,0.291133820214053,0.341743950157322,0.732543593794381,0.872028655717065
"YGL032C",181.680656587478,-0.0781986890360752,0.228913471802241,-0.341608068849837,0.732645864079687,0.872028655717065
"YMR184W",325.732530949735,0.056850361314631,0.166335139692491,0.341782027656525,0.732514935835182,0.872028655717065
"YMR293C",202.115143095473,0.07235791966203,0.211744437437482,0.341722883196844,0.732559449410114,0.872028655717065
"YOL128C",56.0105258367391,-0.0979779479780896,0.286992658582858,-0.341395311161948,0.732806004466184,0.87204298398647
"YOR040W",261.496513733712,-0.0613731924091427,0.179866463769017,-0.341215316758312,0.732941493370092,0.87204298398647
"YPL215W",618.218672499125,0.0509243915535614,0.149399748838831,0.340859954245958,0.733209013211827,0.872192539894147
"YDR136C",8.99356461613632,-0.218100956138272,0.641324037156734,-0.340079185407126,0.733796896233827,0.872554313967138
"YGL210W",571.897066349973,0.0625196160258613,0.183807589290878,0.340136205839266,0.73375395718302,0.872554313967138
"YBR276C",1150.48209919013,0.0405892467779344,0.119706499913501,0.3390730395364,0.734554707967878,0.872802709824539
"YCL011C",3130.86069083532,-0.0479450022789618,0.141646700844097,-0.338483014381906,0.734999225070128,0.872802709824539
"YDL006W",444.461447103128,-0.0499171178373061,0.147263923356777,-0.338963655860042,0.734637109464127,0.872802709824539
"YHR121W",822.244283535826,-0.0464117917853299,0.136717709890033,-0.339471688215524,0.734254421684178,0.872802709824539
"YJL133W",761.19548562471,-0.0719990330380803,0.212611015947494,-0.338642062911082,0.734879391277564,0.872802709824539
"YKL141W",1249.55071017946,0.0560101456049148,0.165347215486088,0.338742599566954,0.73480364609882,0.872802709824539
"YNL311C",307.361124419705,-0.0914629247916013,0.269503515580797,-0.339375627789096,0.734326776489791,0.872802709824539
"YJR055W",51.4163473629477,0.104792613163777,0.310982729737173,0.336972452625721,0.736137666497199,0.873640453059473
"YKL064W",2387.31566536043,-0.0466426241310447,0.138420523157765,-0.336963212296806,0.736144632297259,0.873640453059473
"YKR005C",54.6926396340712,0.106953409136599,0.317564192447399,0.336793038006998,0.736272921659715,0.873640453059473
"YOR072W",14.1336437638301,-0.182285475269548,0.541006194846293,-0.33693787059377,0.736163736191356,0.873640453059473
"YHR124W",189.501788519014,-0.0664545281343201,0.19747354955752,-0.33652369283494,0.736475988043991,0.873712833038299
"YBR288C",468.488650184939,-0.066123832740417,0.196727377470757,-0.336119118703985,0.736781041669555,0.873737641008053
"YNL023C",559.501752797723,-0.0861624686521482,0.256242904356587,-0.33625309106021,0.736680020349928,0.873737641008053
"YER088C-A",116.728494389328,0.0949510783487089,0.283229241310447,0.335244616372902,0.737440568346144,0.87435116547692
"YLR329W",61.8593243675279,-0.10862005179803,0.324279657452341,-0.334957957743599,0.73765680085765,0.874438960153151
"YOR054C",661.231059695598,0.0738670200895237,0.220673289058958,0.334734758359397,0.73782517913099,0.874470004173364
"YGL128C",241.520039548563,0.0759080586520839,0.226948456290915,0.334472681121836,0.738022902332481,0.874510928560158
"YML029W",803.009105875757,0.0510319666135898,0.1526477057126,0.334312044687203,0.738144102464355,0.874510928560158
"YLR301W",1639.28315860201,0.0619298052674247,0.185949407303921,0.333046532201121,0.739099158582055,0.87547377220332
"YJR044C",753.297881993119,-0.0536091288997225,0.16107712787496,-0.332816518440396,0.739272788492312,0.875510812483674
"YNL256W",602.842369650754,-0.0509178992112655,0.153079119999837,-0.332624718585523,0.73941758213093,0.875513694667928
"YLL048C",1743.28147031107,-0.0566985029155003,0.170592995766543,-0.332361259386595,0.739616487934574,0.875580635379717
"YMR057C",23.9535652267902,0.16539391122852,0.498311937509344,0.331908386652726,0.739958437417273,0.875816857220213
"YJL091C",313.758830046498,-0.0706935852949834,0.213327831851429,-0.331384726884665,0.740353899967772,0.876116314181604
"YOR323C",2143.5113656841,-0.0449152948827137,0.135701088107928,-0.33098699140121,0.740654311639994,0.876303196726811
"YPL193W",323.999715980406,-0.0585779816755885,0.177293961698396,-0.330400319979529,0.741097499787505,0.876658900498779
"YOR259C",2539.41394922541,-0.0409783430731728,0.124168284421803,-0.330022624247334,0.741382867270612,0.87682781417582
"YCR082W",778.737207122981,-0.0448720685069585,0.136132478781754,-0.329620593913499,0.741686659811611,0.876942305022162
"YDR177W",1269.04916088217,0.0454723073456492,0.138092123020969,0.329289653536171,0.741936763737302,0.876942305022162
"YER179W",187.824082624139,-0.0769252465224567,0.233716045211051,-0.329139774947806,0.74205004151794,0.876942305022162
"YLR116W",568.93218826957,0.0470468509653179,0.142863694063817,0.329312854981212,0.741919228655436,0.876942305022162
"YIL036W",1265.48985006854,-0.0425746223845711,0.129458672130245,-0.32886651534428,0.742256584674636,0.877017866618446
"YDR308C",289.293683463105,-0.0530955857599214,0.16167680012737,-0.328405718805001,0.742604919580391,0.877260901924588
"YNL124W",399.093198662577,-0.0810893445330311,0.247292863589018,-0.327908146463116,0.742981114009631,0.877536748830273
"YOL065C",397.342358480503,0.0527313686586704,0.161034477710342,0.32745390557617,0.743324600869608,0.877605355221365
"YPL058C",606.852982483897,0.0471440259193677,0.143967367652329,0.327463276492054,0.743317514274966,0.877605355221365
"YCR035C",636.400985838427,0.0461844177861615,0.141390017050115,0.326645535163856,0.743935998936574,0.877821641108965
"YLR464W",16.9334409432324,-0.16041342073591,0.490718239157708,-0.326895166992877,0.743747176636347,0.877821641108965
"YML088W",1151.37831869882,0.0528489484669399,0.16170909697936,0.32681493777487,0.743807860589342,0.877821641108965
"YGL259W",51.2374525550723,-0.100779294035017,0.309086677779097,-0.326055120716148,0.744382651536081,0.878032429784626
"YGR117C",513.638822943742,-0.0438678231155333,0.134550685045157,-0.326031956662359,0.744400177056429,0.878032429784626
"YFR019W",628.50131226114,-0.0577640064672962,0.17740737302853,-0.325600934624104,0.744726304972161,0.878145392280041
"YKR025W",751.75949958409,-0.0673478068449942,0.207248299322295,-0.324961927626053,0.745209886554396,0.878145392280041
"YML127W",913.641524204371,-0.0487305998554574,0.149846995966931,-0.3252023808753,0.745027906858013,0.878145392280041
"YMR290C",1013.50323472255,-0.0529461912350519,0.16282867493543,-0.325165031626326,0.745056172562933,0.878145392280041
"YPL119C",292.253693522074,-0.0603652315686706,0.185696342073683,-0.325074963214505,0.745124337250532,0.878145392280041
"YOL027C",1066.63378384998,-0.0446561180525999,0.137577961280208,-0.324587729292251,0.745493115413055,0.878200344445705
"YPL167C",354.799683996499,-0.0626080093510224,0.192923181715874,-0.324522998191207,0.745542113553012,0.878200344445705
"YLR291C",585.89586874244,-0.061122778102,0.188528054537935,-0.324210517377938,0.745778660055555,0.878310754374121
"YLR109W",37134.7458229428,0.0850864850475695,0.262826029256883,0.323736904172482,0.746137228701481,0.878564801170613
"YJR130C",736.381939874328,-0.0675746632439281,0.208944214308934,-0.323410071283504,0.746384703249339,0.878687964200504
"YIR006C",3368.79813301168,-0.0591874336736496,0.183473546163256,-0.32259382843663,0.747002868247931,0.879247395162636
"YGR024C",627.484253033222,0.0532713932724086,0.165599144020947,0.321688820237321,0.747688448185328,0.879366969701999
"YGR029W",635.65331424337,-0.0663591407362208,0.205973928245061,-0.322172525919246,0.747321996902873,0.879366969701999
"YML059C",666.278891635646,0.046790299451231,0.145447961498079,0.32169787028503,0.747681591422958,0.879366969701999
"YNL143C",39.678729849287,0.108268481793595,0.336326695607132,0.321914624107224,0.747517374005696,0.879366969701999
"YPR186C",168.321142309472,-0.0597681716303563,0.185894860475775,-0.321515998222797,0.747819390494545,0.879366969701999
"YMR236W",1311.11921562775,0.0829661914765275,0.258637663248182,0.320781553755824,0.748375939231892,0.879853187970968
"YBR140C",1170.8027762196,-0.0585406327822451,0.182932891334864,-0.320011520919356,0.748959597009209,0.879866575283025
"YGL022W",4378.08446374071,-0.0563861238517739,0.176078860909024,-0.320232216182426,0.74879230305164,0.879866575283025
"YKR048C",2473.24582687703,-0.0739093695143625,0.230880295697536,-0.320119866838646,0.748877465914413,0.879866575283025
"YPL083C",176.262748967543,0.0850561790038564,0.265357798091622,0.320533934241075,0.748563610395956,0.879866575283025
"YBR272C",307.050625294537,-0.0520136827375402,0.162924750115416,-0.319249731552104,0.749537148068923,0.880232207889009
"YOR357C",300.664938190042,0.0634323967472277,0.198708456778237,0.319223438074503,0.749557084994267,0.880232207889009
"YKL219W",324.108807513023,0.083268160406793,0.261145403937688,0.318857460829222,0.749834603161418,0.880389997984483
"YER133W",2203.25276992478,0.0670024910073581,0.210574202465447,0.318189456366823,0.750341230087921,0.880484115128248
"YIL043C",4159.64701686205,-0.0647142450026412,0.203499631280693,-0.318006694141764,0.750479859107976,0.880484115128248
"YNR064C",91.5504449283113,-0.0770706708322358,0.242378108185287,-0.317977029399531,0.750502361203644,0.880484115128248
"YNR076W",100.815223127357,-0.112761243777734,0.354809363392355,-0.317807970735656,0.750630604165431,0.880484115128248
"YOR261C",1998.1448830013,0.0473256703823092,0.148894695528027,0.317846584221672,0.750601312496105,0.880484115128248
"YPL146C",590.2436735158,-0.0746694858239194,0.235148277697081,-0.317542133649429,0.750832274345023,0.880552724489301
"YPL202C",337.585168101485,0.0536151742083822,0.16918024425981,0.316911554555066,0.751310714335716,0.880945832824529
"YKR042W",20626.5242922959,-0.0889534458399254,0.281808601227467,-0.31565199022483,0.75226667109255,0.881730517861479
"YPR047W",359.936705322082,0.0602738938841821,0.190866155226605,0.315791418403238,0.75216083218819,0.881730517861479
"YHL019W-A",8.68947488485335,0.223004333359923,0.707677432846076,0.31512144235413,0.752669448647738,0.881862012894723
"YHR210C",316.297358428483,0.0868365066927344,0.275726073188604,0.314937596174795,0.752809035397934,0.881862012894723
"YLR122C",33.0077656571469,-0.109617803554489,0.347832507789296,-0.315145367669002,0.752651283746769,0.881862012894723
"YDL156W",160.080925253259,-0.075167668927184,0.238970516793079,-0.314547877855035,0.753104959014105,0.882040658529184
"YMR064W",485.122741494748,0.0857056823022737,0.273226582360062,0.313679882689194,0.753764181441072,0.882644652677569
"YIL107C",762.16232093891,0.0471994123090727,0.150847690408714,0.312894497629948,0.754360818096816,0.883175143973999
"YDR244W",670.430042458763,0.0417783097016939,0.133962346470993,0.311866063877437,0.755142314215183,0.883585470400186
"YLR363W-A",97.0550635393537,-0.123161330808619,0.394508333354332,-0.312189427689478,0.754896566360631,0.883585470400186
"YML072C",3029.9449376955,0.0458484118994536,0.147001791079802,0.311890158362521,0.755124002195659,0.883585470400186
"YBR255W",602.499828206368,0.0410944211519239,0.132295274433352,0.310626523342878,0.756084561278228,0.884383162684631
"YDL092W",687.256714627922,0.051672516464462,0.166368422617444,0.310590890095054,0.756111653560291,0.884383162684631
"YGR130C",4039.03064413026,-0.0415549573381784,0.133881684230482,-0.310385678048687,0.756267683978314,0.884397462724211
"YDL159W",295.026298627761,0.0609022325797751,0.196440848972198,0.310028351528834,0.756539396453789,0.884428363042073
"snR11",166.042837388162,0.0742223375016599,0.239447991886084,0.309972687250477,0.756581726498268,0.884428363042073
"YGR091W",214.515787849273,0.059884146364954,0.19385469281752,0.308912544208173,0.757388054300516,0.885189992666831
"YGR247W",574.4489116173,-0.0704625082385383,0.22822780417674,-0.308737616315898,0.75752112705781,0.885189992666831
"YOL119C",615.282070296264,0.0557146759485795,0.180649514106498,0.308413096066973,0.757768018121769,0.885310279530563
"YDR045C",347.458903627393,-0.0537768280925638,0.174795046259154,-0.307656476790729,0.758343740809742,0.885814626017077
"YBR236C",599.403385357959,0.0471885165573171,0.153679653133443,0.307057672210793,0.758799475011754,0.885884618982098
"YDR457W",2002.37808410162,0.0409165274087633,0.13327427242101,0.307009947722762,0.75883580045491,0.885884618982098
"snR67",11.0560257336005,0.203411030164049,0.662324951365085,0.307116664931328,0.758754573501138,0.885884618982098
"YLR021W",364.899031892177,0.0588124584679334,0.191757113269952,0.306702877744818,0.759069539167256,0.885989308384632
"YPR108W",1946.37037021035,-0.0398352777644208,0.130008911114211,-0.306404210473126,0.759296902939643,0.886086518610779
"YNR011C",429.187031333871,0.0469629461977729,0.153703457028887,0.305542549956744,0.759952968107466,0.886683884246047
"YNR061C",686.219665447081,-0.051185535721381,0.168348648921053,-0.304044826313898,0.761093740249157,0.887846453439362
"YOL030W",3354.45059964957,0.0594470354328479,0.196092502895063,0.303158124636006,0.761769359911699,0.888466065514309
"YER170W",229.584894794502,0.0531316352069813,0.175654095568991,0.302478772469685,0.762287113158364,0.888732842829183
"YGL188C",43.8155197331172,0.125631328581089,0.41509700744873,0.302655346405035,0.762152530991405,0.888732842829183
"YGR065C",483.737125472673,-0.059589811403847,0.197331180515528,-0.301978690079127,0.762668307908921,0.889008736474576
"YOR246C",1668.14387545339,0.0539959581888226,0.178920722192831,0.301787057010806,0.762814398140064,0.88901052654186
"YHR161C",1931.94430520192,0.0539931448091758,0.179134372524627,0.301411415621828,0.763100790433949,0.88917579787207
"YCL005W-A",304.682754979376,0.0694940803729427,0.231137022973755,0.300661830280792,0.763672377762202,0.889504758188929
"YLR019W",1495.75576774055,0.0510313913216538,0.169717781912315,0.300683821969929,0.763655606427043,0.889504758188929
"YBL036C",575.746656797337,0.0494477079443511,0.165585263933322,0.298623843509786,0.765227070638,0.891146844238535
"YER066W",292.535308145795,-0.062521820112675,0.209852845889339,-0.297931723764396,0.765755274754977,0.891593135127435
"YEL003W",348.413879403561,-0.0636769920993753,0.213883881689331,-0.297717582065707,0.765918723069785,0.891614640711562
"YHR016C",1274.71164477374,0.0409180141392358,0.138250914742903,0.295969210875232,0.767253594708452,0.892830578515985
"YOR158W",527.939366252509,-0.0707872252874195,0.239065395283525,-0.296099839976705,0.767153836190248,0.892830578515985
"YFR036W",151.583163185104,-0.0976095146293956,0.330059119570092,-0.295733427261557,0.767433667134511,0.892871179129255
"YGL104C",389.787556694665,-0.0516283324545206,0.174712940644228,-0.29550376900617,0.767609073579781,0.892906336772396
"YJL183W",785.609481830161,-0.0474799722893028,0.160931069268732,-0.295032975950828,0.767968689134598,0.893155718263574
"YGL039W",772.688586645674,-0.060273998446417,0.204794609981959,-0.294314378936666,0.768517686179725,0.893226568324663
"YGL067W",507.161104669472,-0.0454536787698746,0.154503020220494,-0.29419281710485,0.768610569036442,0.893226568324663
"YJL180C",359.751146023426,-0.0513678814995855,0.174276946015572,-0.294748575035253,0.768185953150422,0.893226568324663
"YLL007C",212.122345826547,-0.0548864324009499,0.186415255270866,-0.294431012747313,0.768428571844747,0.893226568324663
"YJL202C",21.398885314432,0.125931210726313,0.428886959537649,0.293623314782222,0.769045758080461,0.893563463479093
"YBL021C",412.746741502594,-0.0874991667652931,0.298470760365027,-0.293158253285121,0.769401191950272,0.893638778185868
"YKL207W",2524.88949857111,0.0492966179818364,0.168067084254614,0.293315125924088,0.769281293033481,0.893638778185868
"YAL068C",14.4339017142722,0.159534993853356,0.549151283897395,0.290511919996101,0.77142463297321,0.89380977133076
"YBR019C",134.211169586272,0.0612806182408401,0.21030432533792,0.291390194387936,0.770752913083335,0.89380977133076
"YBR053C",875.623264639534,-0.048915973302529,0.167971795830294,-0.291215397565613,0.770886587119543,0.89380977133076
"YDL094C",17.0753590520482,0.189598914938838,0.647841575010295,0.292662469116505,0.769780159691606,0.89380977133076
"YDR034C-A",9.22904184720017,0.183491489548082,0.630471543883471,0.291038495437625,0.771021878094241,0.89380977133076
"YDR226W",6161.45443966654,-0.0430835290053199,0.148310869840143,-0.290494749654948,0.771437766865638,0.89380977133076
"YHR199C-A",105.237797579096,-0.0813948928656479,0.280186348087694,-0.290502708005504,0.771431679376808,0.89380977133076
"YIL084C",223.01480190495,-0.0562176849262219,0.192617703561789,-0.291861463856505,0.770392548634476,0.89380977133076
"YJR139C",4451.33053790961,0.0451092592958466,0.155148225512131,0.290749437494014,0.771242958432998,0.89380977133076
"YLR427W",1005.33152517146,-0.036965812046226,0.12668959758704,-0.291782535822085,0.770452898884348,0.89380977133076
"YML054C",210.458065598259,0.0565916701467607,0.19343577399499,0.292560517519508,0.769858096321977,0.89380977133076
"YMR247C",497.528507075767,0.056015551282413,0.192105403635155,0.291587587972263,0.770601966596132,0.89380977133076
"YNR007C",432.433925453821,-0.0475168978563887,0.163326663807356,-0.290931662649002,0.771103584906338,0.89380977133076
"YOL125W",362.289728709371,-0.0643969301996825,0.221866455791522,-0.290250862709022,0.771624327302224,0.89385752738909
"YDR370C",255.928409220271,0.0605353057383964,0.20913603585902,0.289454208547798,0.772233816993797,0.894226694504208
"YIL135C",1184.13969237131,-0.047975791769612,0.165730498558453,-0.289480766587395,0.772213496184578,0.894226694504208
"YGL170C",9.72495613388972,0.200524482139988,0.698495759233667,0.287080457524877,0.774050715297515,0.895487565665861
"YIL088C",1630.98226071927,0.0343680150806643,0.119664933598948,0.287202057002323,0.773957611379421,0.895487565665861
"YLR316C",378.181793942941,0.0827123583163875,0.287426190083658,0.287769038347943,0.773523539097668,0.895487565665861
"YMR118C",74.2821772019333,0.0695880515184476,0.242134945560696,0.287393673628179,0.773810904694936,0.895487565665861
"YOR160W",480.558004690155,0.0429695658820356,0.149671931081763,0.287091678255705,0.77404212389087,0.895487565665861
"YJR074W",689.263373382538,0.0719614941924224,0.2511156900417,0.286567096546108,0.774443811337189,0.895605385431311
"YPL010W",978.322809622464,-0.0524106720592872,0.182828475844654,-0.286665804203387,0.774368223402458,0.895605385431311
"YKL058W",797.657038579552,0.0352093178514731,0.123046037758463,0.286147514319708,0.774765141103318,0.895775619912404
"YML112W",280.735722563979,-0.0716472024672066,0.250519501101719,-0.285994512012522,0.774882324867315,0.895775619912404
"YBR144C",8.48197044244077,-0.201877347965523,0.709575918822481,-0.284504226553421,0.776023995487418,0.896361672195343
"YCL052C",929.608648401472,0.0376781832360789,0.132628825120692,0.284087438773523,0.776343372975569,0.896361672195343
"YCR009C",1681.88156049925,-0.0535761711808472,0.188170322751941,-0.284721684042999,0.77585737648896,0.896361672195343
"YIL173W",370.335308232643,0.0485630256288128,0.170424053336974,0.284954058291236,0.775679339461202,0.896361672195343
"YJL047C-A",12.004623414101,-0.158461097725994,0.557223836403997,-0.284376021579785,0.776122232778967,0.896361672195343
"YMR005W",564.79980924318,0.0421122497749006,0.148281992104793,0.284001106116373,0.776409532973105,0.896361672195343
"snR75",8.56360983419257,0.227917904256761,0.801376279214074,0.284408099127023,0.776097652964703,0.896361672195343
"YDL042C",233.162591549246,0.0584058029817819,0.206085306066982,0.283405955021358,0.776865663997146,0.896719938735445
"YBR165W",285.293717624742,-0.0503812785940778,0.178065095487791,-0.282937419352532,0.777224809558471,0.896958997906963
"YJR096W",851.308358212821,0.0394912264752182,0.139665761502898,0.282755244021626,0.777364464852701,0.896958997906963
"YDR003W",727.978071147915,0.0459851350437892,0.163029152232915,0.282066945782136,0.777892177996369,0.897399530046459
"YCR075W-A",365.962643576085,0.072555597882642,0.257628444270705,0.281628832126951,0.778228129860162,0.897449697249234
"YDL248W",400.850025420663,0.0675714425284395,0.239883292499761,0.281684655168332,0.778185321641937,0.897449697249234
"YIR024C",244.598046520299,0.0506376533761842,0.180045586003123,0.28124906864035,0.778519371516205,0.897449697249234
"YNL201C",359.004233546376,0.0507388971348106,0.180344911381686,0.281343658360428,0.778446827490559,0.897449697249234
"YPL048W",5085.50256014315,-0.0588081484954321,0.209457943926694,-0.280763514588942,0.778891789554917,0.897710739460783
"YDR034C",486.093909626741,-0.058017393232463,0.207337100053882,-0.279821571814141,0.779614400656886,0.898345804364079
"YIL116W",1027.71044934769,0.0596621251887985,0.213334665881575,0.279664464948786,0.779734943690317,0.898345804364079
"YGL043W",604.158018076672,-0.0522064987807233,0.186816118433019,-0.279453931591248,0.779896487452894,0.898363625741768
"YJL054W",937.925773688514,0.0373379715187372,0.133977104714935,0.278689195427696,0.780483354938735,0.898871279564273
"YLR429W",2231.31550631808,0.0422748013121566,0.151850876519055,0.278396821152704,0.780707759451883,0.898961378136881
"YLR088W",617.993018835147,0.0408041819630998,0.146908652508885,0.277752067466769,0.781202688440369,0.899362885418995
"YPL052W",266.463485553516,0.0596045543921405,0.21490663945112,0.277350921052849,0.781510663162267,0.899549050804406
"YJR019C",687.724877785814,-0.099667018495697,0.360519455943613,-0.276453924615057,0.782199443930003,0.899668333676738
"YMR167W",294.470620767181,-0.0518841059580297,0.187646209368356,-0.276499621989056,0.782164349943935,0.899668333676738
"YOR061W",1786.15626454461,-0.0345483394057876,0.124961346524534,-0.276472208140016,0.78218540276865,0.899668333676738
"YPL022W",947.840901053942,0.047372517334,0.171080246286638,0.276902321350586,0.781855110087674,0.899668333676738
"YJR126C",1749.70998159153,-0.0332055954732579,0.120301360543438,-0.276020115842897,0.78253261597703,0.899883243877849
"YMR110C",1321.07387480557,0.0435399737508536,0.158222481912402,0.275181966712917,0.78317644081436,0.900455246028849
"YGL041W-A",87.5176919149343,0.0704368666237668,0.25616463516818,0.274967177173081,0.783341455471274,0.900476626382866
"YDR178W",1298.54473853885,0.0462872394992342,0.168454329219193,0.274776194317958,0.783488188541071,0.900476987390691
"YAL016W",1753.88416100349,0.0359416319786546,0.131025299396418,0.274310626605881,0.783845918767185,0.900530535362768
"YDR162C",523.342164947532,0.05020716296272,0.183141659560522,0.274143868102977,0.783974062818253,0.900530535362768
"YDR475C",1136.19225944831,0.0432941714078822,0.157908606682873,0.274172334981269,0.783952187290425,0.900530535362768
"YMR192W",437.251158419503,-0.0651150651106536,0.23776460153368,-0.273863580577741,0.784189460408214,0.900609744446408
"YDR360W",10.9224557314611,0.162656006699903,0.59622952662747,0.272807701456777,0.785001039143781,0.900700819166839
"YIL097W",276.362365571558,-0.063041389707841,0.230946434600181,-0.272969746499787,0.784876471504178,0.900700819166839
"YLR387C",1110.95989524217,-0.0425770136442362,0.155864914897062,-0.273166117418762,0.784725524182528,0.900700819166839
"YMR097C",312.905769814822,0.0592532223962179,0.217182451219542,0.272826934512867,0.784986253976421,0.900700819166839
"YNL275W",321.323723027055,0.0431482224950454,0.158121366058687,0.272880405542607,0.784945149209771,0.900700819166839
"YOR027W",3733.09557919075,-0.0462033724856003,0.169632475354055,-0.272373390703432,0.785334930659369,0.900915840991441
"YEL042W",1445.38443401613,0.0378431863891587,0.139313298379317,0.271640875848914,0.785898166424506,0.900940506086532
"YJR113C",795.43687681579,0.0739048189926446,0.272316753945232,0.271392846462573,0.786088903359403,0.900940506086532
"YKL020C",859.462465826542,0.0338784733938616,0.124572400935438,0.271958099382059,0.785654237268233,0.900940506086532
"YKR014C",1623.91331135386,0.0370022483918525,0.136300805064283,0.271474907095385,0.786025796537837,0.900940506086532
"YMR031C",3215.75979572525,0.039164427953716,0.144027178667395,0.271923871008814,0.785680556176458,0.900940506086532
"YBR194W",118.673034025427,0.0642100369024279,0.237236590381464,0.270658235305024,0.786653901548775,0.90142006605645
"YHR134W",302.683079399194,0.0430011966177494,0.159306595238855,0.26992728426137,0.787216196212117,0.901896349982213
"YHR038W",170.583090500022,-0.077992958818465,0.289339859260314,-0.26955483775326,0.787502748764177,0.902056603631903
"YOR304C-A",132.392498917657,-0.0529991626159974,0.19689491020897,-0.269174873843859,0.787795114693983,0.902223455375791
"YCR024C-B",2501.05292723543,-0.143230406408701,0.536794510495929,-0.266825393345351,0.789603601790223,0.903151189849842
"YDR288W",262.040816885322,0.0671395974605629,0.251503198278295,0.266953255148155,0.789505152292217,0.903151189849842
"YDR312W",233.80824756068,-0.0484611875577698,0.181647483281566,-0.26678700239767,0.789633162247577,0.903151189849842
"YGL141W",546.108674715234,0.0621944007837879,0.23266771482808,0.267309973924589,0.789230508014994,0.903151189849842
"YML103C",875.838278529953,0.0480622458509076,0.179883901374582,0.267184809110989,0.789326871702039,0.903151189849842
"YMR257C",226.190519692538,-0.0660244618334361,0.247321416462466,-0.266958125898717,0.789501402036527,0.903151189849842
"YOL140W",194.251146850531,0.0458420139163792,0.171434527195081,0.267402457757032,0.789159307302964,0.903151189849842
"YHR021W-A",12.906867192253,-0.141607667837555,0.531997711481352,-0.266180971800137,0.790099836858978,0.903348949002178
"YOR295W",102.613850863258,0.0581032358839488,0.218189527078917,0.266297088874176,0.790010414926905,0.903348949002178
"YGR104C",261.727366656405,0.0460107794501429,0.173284152427286,0.26552214270979,0.790607254421427,0.903593126684962
"YJR013W",408.432591034032,-0.042606833847212,0.160358686888469,-0.26569707369109,0.790472517261418,0.903593126684962
"YBR264C",553.145606763795,-0.0654315649009679,0.247098618841134,-0.264799395511942,0.791164002588645,0.903893482429903
"YPL199C",852.626619988797,-0.0362344139997104,0.136823067731367,-0.264826791275077,0.791142897081017,0.903893482429903
"YEL014C",37.973743666612,0.0869198089057321,0.328596065817893,0.264518714456864,0.79138024616183,0.903960905413556
"YMR299C",261.372258636599,0.0529159639956905,0.20018051182394,0.264341236384841,0.791516987910894,0.903960905413556
"YDL203C",399.578788443687,0.0376679241011679,0.143407422361681,0.262663699555016,0.7928097981227,0.905113720813939
"YKL157W",2091.75344817257,-0.039738466090861,0.151298469627855,-0.262649491357082,0.792820750247917,0.905113720813939
"YPR129W",800.297840921849,-0.0364729130646829,0.1392781643407,-0.261871006394537,0.793420893319796,0.905630752397317
"YER149C",82.5857186293247,-0.0647527581957195,0.247496844953843,-0.261630641020073,0.79360621850827,0.905674196293535
"YMR180C",345.816512418962,-0.0442824849741284,0.169433434592245,-0.261356237514146,0.79381780183644,0.905747584655678
"YHL034C",2517.91986214277,-0.0343113006226864,0.131616659019295,-0.260691168415515,0.79433067721373,0.905996599566848
"YKR103W",91.1992356874897,0.0813821996171737,0.311970663184459,0.260864912060833,0.794196684293679,0.905996599566848
"YAL062W",617.412353431199,0.0662376518707677,0.254443203205865,0.26032391919377,0.794613923630054,0.906010768609901
"YPR093C",652.949986839865,-0.0831215569998542,0.319572863327428,-0.260102050388082,0.794785056365921,0.906010768609901
"snR17a",29.4930146880958,-0.106036588591786,0.407533985898828,-0.260190787175502,0.794716610366101,0.906010768609901
"YCL008C",1209.66116483625,-0.0783747576957018,0.302300021219871,-0.259261502461813,0.795433480674828,0.906245999657316
"YIL065C",676.580087038841,-0.0424496711519812,0.163577504051499,-0.259508001409637,0.795243309203616,0.906245999657316
"YNL262W",571.607473501979,0.0471608639259436,0.181780125531795,0.259439054670995,0.795296499697504,0.906245999657316
"YMR123W",611.925449141047,-0.0475316113464896,0.183742082379427,-0.258686582469098,0.79587707290733,0.906583441077992
"YEL028W",97.4160680066219,-0.0670458788363592,0.259842519407001,-0.258025049131172,0.796387575209031,0.906996960654729
"YPL217C",1229.90281138092,0.0567669873498964,0.220693179373331,0.25722130385311,0.797007939066226,0.907535424043193
"YCL047C",221.838532550063,0.0470766281802499,0.183621661019502,0.256378402846765,0.797658662720755,0.908108251709115
"YNL159C",573.960516845233,0.0426137894524301,0.166575409983788,0.255822809960831,0.798087660044923,0.908260767897808
"YOR313C",9.8308204334368,0.160524661048381,0.627484843750282,0.255822371882283,0.798087998328415,0.908260767897808
"YMR153C-A",21.2339524799123,-0.117492419160077,0.461537193731209,-0.254567607455929,0.799057080559908,0.908880278086843
"YOR089C",1656.27238745346,-0.0305859471113445,0.120160009972608,-0.254543480133839,0.799075717661067,0.908880278086843
"YPL219W",293.050343168214,0.0401796347019594,0.157785422213068,0.254647318734568,0.798995508557773,0.908880278086843
"YBL088C",611.971710705224,-0.0417327306939104,0.16424339749494,-0.254090766085109,0.79942543692409,0.908965193830379
"YBR265W",1266.30830194483,0.0549349932216038,0.216224862620676,0.254064183719595,0.799445972915207,0.908965193830379
"YNL020C",742.682123348638,0.0393481424487762,0.155056835003237,0.253765933297651,0.79967639336695,0.909059116304389
"YDR409W",481.376364318707,-0.0339528640898884,0.134171082552886,-0.253056496555473,0.800224555628106,0.909488156246338
"YER189W",19.6962214665515,-0.111692359909991,0.442008482003399,-0.252692797667018,0.800505613934646,0.909488156246338
"YGL226W",337.121060980925,-0.0555656984996179,0.220180862760158,-0.252363887592471,0.800759810474048,0.909488156246338
"YHR005C",598.403259024246,0.0419128296210922,0.166235450396351,0.252129311294074,0.80094111450897,0.909488156246338
"YMR001C",487.87798493463,0.0418112531160499,0.165479303500807,0.252667567674685,0.800525112062798,0.909488156246338
"YNL074C",1407.14256903837,0.0401404162301706,0.159164742562263,0.252194145411747,0.800891003142867,0.909488156246338
"YDL195W",3536.49328389379,-0.038069420114068,0.151166163806242,-0.251838236517424,0.801166101128456,0.909575691700204
"YHR177W",163.411051169558,-0.0481974742108741,0.19164788387198,-0.251489728125931,0.801435502827686,0.909713610629433
"YFL050C",384.350451204873,-0.0392783053469686,0.156543706893364,-0.250909513556649,0.801884068901143,0.910054811541249
"YDL087C",335.376953126931,0.0607487331831437,0.244575502996758,0.248384373900067,0.80383702265234,0.912102894706991
"YPR083W",236.209478705154,0.0615378953328832,0.248188092802156,0.247948620895114,0.804174160171265,0.912317115855613
"YMR212C",740.283660918419,-0.044753094303087,0.180646801009409,-0.247738094740775,0.804337055098483,0.912333620224211
"YPL152W",223.089927679205,-0.0595485678988485,0.241544724888514,-0.24653226406138,0.805270231881497,0.913223663299134
"YCR073C",909.503816261227,-0.0476922698869185,0.19381192821794,-0.246074998197681,0.805624176650147,0.913380819891738
"YDR154C",596.996007027612,0.0556075389453646,0.226206787133524,0.245826129489833,0.805816829195767,0.913380819891738
"YHL028W",441.951237192485,-0.07476874999196,0.304212979722655,-0.245777645845767,0.80585436239554,0.913380819891738
"YLR379W",60.3936879530849,-0.0699887780341412,0.285499577384196,-0.245144944435268,0.806344203770174,0.913767616212745
"YOR138C",1192.53173509994,-0.044037166063547,0.180038337366723,-0.244598826603509,0.806767072701944,0.914078389299365
"YOL113W",1170.56301574791,0.0335769760839276,0.137710139227891,0.243823557743721,0.80736747441663,0.914590157977947
"YER033C",387.765779793505,-0.0382746474015038,0.157247075627176,-0.243404510060657,0.807692050332899,0.91478933877483
"YGR083C",865.319949960454,-0.0488512301357513,0.201111413617621,-0.242906303809457,0.808077982071948,0.915057924828296
"YEL059W",64.8537634558482,0.10168950650315,0.419090914677834,0.242643070850919,0.808281912375101,0.91512035366474
"YBR206W",51.8771684633829,-0.0867940751185064,0.358798043533388,-0.241902308785666,0.808855861105189,0.915601609754631
"YGR170W",866.011504644359,0.0435899454735944,0.181777472398419,0.239798391398326,0.810486554072151,0.91661852415931
"YGR236C",36.1714915647579,0.0884552439228407,0.368815403561604,0.239836088917761,0.810457328420998,0.91661852415931
"YNL021W",485.385759617292,-0.0358667830409033,0.149580939066334,-0.23978177476876,0.810499436484281,0.91661852415931
"YPR195C",102.998787082352,-0.0943551586680624,0.3929818654585,-0.240100541428232,0.810252314488731,0.91661852415931
"snR55",9.01920364943815,0.204369851674942,0.850111759146312,0.240403511039738,0.810017456592554,0.91661852415931
"YJL221C",148.735678976366,0.0636602687481233,0.26579411814864,0.239509697172917,0.810710377998132,0.916688513456244
"YDR167W",733.86394900089,0.0493886590266616,0.206420077416086,0.239262864566743,0.810901758987179,0.916736363560873
"YLR349W",47.3941965287594,-0.124119050365723,0.519343689212334,-0.238992122064617,0.811111691446764,0.916805164932475
"YDR435C",861.007829889502,-0.0391993847931851,0.164351967092325,-0.238508765588214,0.811486517544401,0.917033856345265
"YGR134W",614.771391222735,0.0359245359153228,0.150723895697014,0.238346651996963,0.811612240664598,0.917033856345265
"YFL039C",21979.0315681167,-0.0429727660432648,0.180465054893091,-0.238122367062821,0.811786187215891,0.917061912449987
"YAL017W",1285.77457532814,0.036764125622114,0.155178873220229,0.236914502980947,0.81272311850017,0.917479636389801
"YBR122C",499.731440137542,-0.0347482665415846,0.1486233883934,-0.233800796208517,0.815139631420142,0.917479636389801
"YBR186W",80.2050404956988,0.0705305248530118,0.299312970865579,0.235641391180093,0.813710952205227,0.917479636389801
"YCR101C",23.861378771248,0.127402974084059,0.544512129984503,0.233976374571646,0.815003319993762,0.917479636389801
"YDR110W",248.057835118021,0.0411605756905077,0.175041706539069,0.235147248643401,0.814094447520956,0.917479636389801
"YDR122W",2098.42090310097,0.0283253492842457,0.120701573578483,0.234672576706947,0.814462874012038,0.917479636389801
"YER076W-A",23.9251043912575,0.0938714884281826,0.400155759347295,0.234587373130151,0.814529010886408,0.917479636389801
"YER166W",1756.14241131825,0.032885045880152,0.13876318699055,0.236986816124304,0.812667018167557,0.917479636389801
"YFL005W",2279.78438531687,-0.0415751260128696,0.175144014298935,-0.237376802052221,0.812364484765227,0.917479636389801
"YGR016W",72.0257351023455,0.0728624903564714,0.308039575340203,0.236536134280802,0.813016671535026,0.917479636389801
"YGR023W",749.89474125329,-0.0785189228268258,0.331988917862107,-0.236510674309433,0.813036425306928,0.917479636389801
"YHR051W",726.805890550595,-0.0524672396859797,0.22403467036561,-0.234192500653388,0.814835536766434,0.917479636389801
"YLR253W",820.472165241236,-0.0300223648906692,0.128392289730157,-0.233833082607744,0.815114565240029,0.917479636389801
"YLR287C",208.121741826411,-0.0620112524372998,0.263402049292272,-0.235424335550601,0.813879399760796,0.917479636389801
"YLR419W",327.761937284111,-0.0465173729476366,0.197657728236368,-0.235343051661553,0.813942482913211,0.917479636389801
"YNL213C",291.393000768073,-0.0456069328216999,0.194873329856192,-0.234033732863065,0.814958790717183,0.917479636389801
"YOR223W",647.924918711664,0.045556065748001,0.19372755215838,0.235155326335601,0.814088178207849,0.917479636389801
"YOR373W",390.054783426646,0.0479513779554062,0.20505205500534,0.233849780018822,0.815101601951256,0.917479636389801
"YPL094C",1685.93966376979,-0.0363468280507095,0.15401472350852,-0.235995801068323,0.813435928427899,0.917479636389801
"YPR164W",428.594779589143,-0.0353752118670737,0.150890777717357,-0.234442504719124,0.814641463940597,0.917479636389801
"YDR197W",230.492184350137,0.0430699940400871,0.184907937033518,0.23292669168809,0.815818331455531,0.918075523961851
"YOL001W",244.397227924249,-0.0422136041301372,0.181624725423339,-0.232422122217907,0.816210168276022,0.918348433021869
"YCR105W",126.912818805823,-0.0522022267718665,0.225324188977439,-0.231676088611566,0.816789604660194,0.918832278884249
"YLR218C",814.468050194104,-0.0573687370992143,0.248444541035143,-0.230911642735991,0.817383445551583,0.919332148892142
"YEL020W-A",104.865243714384,-0.0500406434241095,0.217886548132546,-0.229663757827163,0.818353059205909,0.919917988323221
"YGL100W",898.747359182749,0.029693431841645,0.129263293477598,0.229712790404734,0.818314955359936,0.919917988323221
"YOR037W",261.463500392326,0.0477557180378636,0.207681076542047,0.229947373313982,0.818132663907201,0.919917988323221
"YBR131W",131.32128531901,-0.0531535362483446,0.232064081768441,-0.229046803983145,0.818832538602032,0.92028876323145
"YEL075C",8.77634613624299,-0.160036179966164,0.699535045993684,-0.228775071217245,0.819043743267274,0.920357942827285
"YJL070C",577.7727956579,0.0500363771613046,0.219010739463195,0.228465404408687,0.81928444822588,0.920460240516836
"YBR037C",550.524400169855,-0.0355040650854305,0.155987656726614,-0.227608169969855,0.819950867936999,0.921040700970327
"YLL015W",1577.04799931823,0.0372766446960873,0.163917923826995,0.227410424838168,0.820104614783118,0.921045175477753
"YLR405W",381.369854010434,0.0384490921138001,0.169275962178696,0.22713852350289,0.820316029368156,0.921114402157049
"YJL075C",12.0651383625951,0.155774402011681,0.689092190715257,0.226057418891936,0.82115676214608,0.921529900885875
"YJL193W",179.438573006051,0.0477995299746158,0.211441263405815,0.226065287374278,0.821150642391573,0.921529900885875
"YMR100W",526.258338621974,-0.0296643817980219,0.131321088206045,-0.22589198888969,0.821285428740729,0.921529900885875
"snR5",29.2963593440628,0.106838379334756,0.472148933684418,0.226281098425961,0.820982798429091,0.921529900885875
"YNL010W",1976.08848983503,-0.0353370442549554,0.156676237699293,-0.22554182289453,0.821557793418559,0.921667353068978
"YMR121C",1592.25536261004,-0.0399032024720968,0.177441830518609,-0.224880471281613,0.822072261872285,0.921908171136862
"YNL232W",683.093178946379,-0.0447896796452243,0.199162397978817,-0.224890240827429,0.822064661540418,0.921908171136862
"YBR119W",291.775133042201,-0.0419878225119529,0.187089130523772,-0.224426840802587,0.822425187359545,0.922061899828121
"YPR028W",3064.2739889298,-0.0391823552266674,0.174672583829539,-0.224318861996712,0.822509200399524,0.922061899828121
"YKL047W",291.051672515304,0.0408410269638486,0.183180847719002,0.222954678245067,0.823570780157989,0.923083706574017
"YAL034C",671.213378427257,-0.0375559368798022,0.168816824940615,-0.222465603727669,0.823951446633587,0.923173874439162
"YJR021C",674.652094032358,0.056766764088441,0.255086566092607,0.222539214659514,0.823894149618405,0.923173874439162
"YBL025W",139.202801812267,0.04336809108038,0.195485007064935,0.221848681551186,0.824431681177686,0.923543686565167
"YKL211C",1481.57444142334,0.0261298345827654,0.118392857452469,0.220704484586459,0.82532253937205,0.924373268464416
"YCR060W",409.006303508854,-0.0541680495891326,0.246195621283042,-0.220020361478556,0.825855297066519,0.92452914600526
"YDL175C",357.032874513047,0.0425847669362183,0.193563657891353,0.220003937723274,0.825868087976411,0.92452914600526
"YMR241W",1205.19342373694,0.0310652672762814,0.141240010584583,0.219946650723859,0.825912703764699,0.92452914600526
"YJR087W",14.3635042511328,0.165142752356783,0.756086779706333,0.21841772239547,0.827103658388259,0.925693812390863
"YIL066C",146.752828511395,0.0466131971118251,0.214477539248897,0.217333699720097,0.827948296096693,0.926470527837457
"YGR141W",791.857372360897,-0.0322980700036939,0.148938387762905,-0.216855241209602,0.828321159869814,0.926565427469436
"YIL073C",218.906711665418,0.0481992281774967,0.222281977811891,0.216838218968367,0.828334426053164,0.926565427469436
"YPL233W",291.811126680598,0.0531271694010874,0.24544869219376,0.216449185066947,0.828637630671167,0.926736029937748
"YKR074W",640.606460227968,-0.0307736683148636,0.142387704873362,-0.216125882092371,0.828889625452921,0.926849308460993
"YDR198C",199.245040466732,0.041420460461188,0.192041108377923,0.215685385337787,0.829232993912264,0.927044249680017
"YMR276W",5544.57790250971,-0.0593198695649587,0.275246438761831,-0.215515484348511,0.829365440933245,0.927044249680017
"YDR121W",435.414135005273,-0.0381579378672241,0.177458059459226,-0.215025104993845,0.829747745380177,0.927303040902796
"YBR026C",844.734015831149,-0.0364680345107821,0.170549954334352,-0.213826117122781,0.830682657427632,0.927365714990518
"YDR206W",971.982100154236,-0.0335499968644464,0.157194528411375,-0.213429800664859,0.830991738377719,0.927365714990518
"YGR150C",419.439844950672,0.0406500177328761,0.190020033367378,0.213924905771829,0.830605617795709,0.927365714990518
"YIL037C",98.0377919593106,0.0588985362256929,0.275565544975184,0.21373693954009,0.830752203334778,0.927365714990518
"YIR010W",437.557686826393,-0.0326954012461849,0.153210817441372,-0.213401388963258,0.831013897220242,0.927365714990518
"YLR335W",1316.22111292599,-0.0307167714251173,0.143871793700996,-0.213500997206964,0.830936211390422,0.927365714990518
"YLR436C",1108.37368586019,-0.0267565744647457,0.125270788010658,-0.213589895055735,0.830866880139058,0.927365714990518
"YNL180C",1032.32546272484,0.0323298051072061,0.151631598351555,0.21321284915991,0.831160946508575,0.927365714990518
"YNR049C",493.569846804094,-0.0420256099211114,0.19616914291876,-0.214231500917122,0.830366532102335,0.927365714990518
"YMR221C",663.213851368283,-0.0289590910271634,0.135951446585839,-0.213010539824443,0.831318741747807,0.927373528341921
"YDR358W",1062.4233681284,0.0307709396097607,0.144864192106392,0.212412323310109,0.831785372520857,0.927445417973515
"YDR540C",61.0428555229781,-0.0746318361402351,0.350976574651165,-0.212640505180186,0.831607375307714,0.927445417973515
"YGR215W",229.426268844338,-0.0405003801802669,0.190726504067432,-0.212347939675693,0.831835597649091,0.927445417973515
"YDR233C",3737.69911360014,-0.0316555809757829,0.149386724193816,-0.21190357541218,0.832182261163504,0.927663749529735
"YGR267C",1907.08892596922,0.0240853343854034,0.113977125357862,0.211317264843985,0.832639711707246,0.927825726240007
"YHL030W",1270.82596451646,0.0381793993198487,0.180827385969725,0.211137262838279,0.832780164039811,0.927825726240007
"YNL290W",1160.80393705966,0.0481714800082316,0.228035955860719,0.211245107493724,0.832696014150547,0.927825726240007
"YAL023C",4011.66021863097,-0.037009841702304,0.176471604741679,-0.209721228276239,0.833885256202906,0.928652211387848
"YHL027W",1780.27401539955,0.0370017697890084,0.176526354969128,0.209610456158116,0.833971718103845,0.928652211387848
"YLR453C",81.5703263442232,0.0576189939250996,0.275145495527144,0.209412819260257,0.834125986293735,0.928652211387848
"YMR164C",386.941930470493,0.0338902302656863,0.16168640556878,0.209604698344721,0.833976212353669,0.928652211387848
"YAL041W",702.241482133521,-0.0288458457876678,0.138106961037134,-0.208865980186992,0.834552862284603,0.928959294669739
"YMR311C",2239.32636851094,0.0249163506468414,0.11964064877984,0.208259909160907,0.835026033152293,0.929317789338871
"YCR041W",17.3438541510918,-0.117596519610884,0.565742879819984,-0.207862129256142,0.835336619761278,0.929341021756478
"YDR424C",561.035937721431,-0.0417632013625182,0.200933289669318,-0.207846103705609,0.835349133052001,0.929341021756478
"YDL004W",1287.04065750391,-0.0276884693258398,0.13442156256549,-0.205982349835801,0.836804698462835,0.929372454100937
"YDL220C",241.177655552284,-0.0391950411723859,0.189990725013604,-0.206299761051911,0.836556765172128,0.929372454100937
"YDR170W-A",391.416730474961,0.0413651202586562,0.200774100285566,0.206028168971105,0.836768907645228,0.929372454100937
"YEL043W",1239.94065805593,0.0392647847492554,0.189595369176001,0.207097804761287,0.835933476482232,0.929372454100937
"YEL062W",262.633867964101,0.0410125372810351,0.197620710283973,0.207531575117313,0.835594736022041,0.929372454100937
"YHR195W",1301.53945708497,-0.0336956769330267,0.163256786771484,-0.20639679121084,0.836480977117587,0.929372454100937
"YJL116C",252.907701150046,-0.0473331593541034,0.229912137834439,-0.205874991202893,0.836888561107478,0.929372454100937
"YLR422W",660.543499122568,-0.0298653333568807,0.14477127100099,-0.206293231732948,0.83656186512944,0.929372454100937
"YOL008W",214.95602596517,0.045999710857607,0.222441768267871,0.206794394846802,0.836170433803027,0.929372454100937
"snR66",16.4151195832704,0.098853275978028,0.477187972941294,0.207157936879078,0.835886516219307,0.929372454100937
"YPL210C",872.296838632137,0.0499002675761143,0.243185602904342,0.205194168487609,0.837420425385014,0.929795200598996
"YMR153W",312.461728789008,0.0395666419293226,0.194782636024913,0.203132284975659,0.839031637975449,0.931415988005237
"YDL102W",393.823775734658,0.0298455358129935,0.147776425855942,0.201964120055847,0.839944774184166,0.932068105551706
"YDR464W",457.073578050638,0.0321031760015282,0.159084788173047,0.20179915609912,0.840073741312701,0.932068105551706
"YHR120W",215.299852260935,-0.0367227829267581,0.181970477737635,-0.201806267606249,0.840068181520828,0.932068105551706
"YPR107C",299.124406793096,0.0378774969586672,0.187965176333146,0.201513374432368,0.84029717264655,0.932147837621984
"YML076C",454.499111103738,0.0317991095818792,0.158129328241651,0.20109558382038,0.840623835063141,0.932342035281933
"YER075C",196.90509868819,-0.0388734048146339,0.1941454082643,-0.200228298789913,0.84130203605186,0.932925986606373
"YAL042W",4188.43429602543,0.0419364399785332,0.21029301803936,0.199419079004725,0.841934937312192,0.933223962911384
"YBR179C",448.892904283375,0.0395210441710879,0.198296596701958,0.199302685111074,0.84202597889354,0.933223962911384
"YLR418C",541.190176340236,-0.0296115780271003,0.148489478369118,-0.199418695198667,0.841935237516139,0.933223962911384
"YDR372C",1652.07766534046,0.0393475577716096,0.197818339045089,0.198907532848312,0.842335076895441,0.933398328451704
"YMR206W",350.460556776034,0.0606827799001272,0.305715171363202,0.19849449940459,0.842658187974087,0.933588156375542
"YDR041W",747.358881186363,-0.0296895017314621,0.150092737825032,-0.197807716493733,0.843195508577998,0.934015197722386
"YBR204C",497.968305260526,-0.0345301574587893,0.176028644933049,-0.196162150040538,0.844483252359293,0.934191472637148
"YCL068C",42.0344093506083,-0.0672535877474925,0.341018471279665,-0.19721391482146,0.843660141998016,0.934191472637148
"YDL116W",610.778213829753,0.0407952932308211,0.206972418232465,0.197104974562364,0.843745390655995,0.934191472637148
"YDL239C",177.051214230284,-0.0711441020012832,0.365781040583283,-0.194499151426315,0.845785060104657,0.934191472637148
"YER090W",2006.23231257526,-0.0224805022946055,0.115287164291107,-0.194995708610205,0.845396307171886,0.934191472637148
"YGL200C",3787.92961101558,-0.0366736547003332,0.186663623007756,-0.1964692108157,0.844242929224417,0.934191472637148
"YIL010W",449.700035071966,0.0395778196048031,0.202912714179862,0.195048495431988,0.845354982760121,0.934191472637148
"YKL068W",659.116085045408,0.0314711879350786,0.161005938679635,0.195466006988097,0.845028146874361,0.934191472637148
"YLR278C",1129.82927565693,0.0340960222394361,0.174486463602308,0.195407835860254,0.845073682727583,0.934191472637148
"YML030W",722.431556354742,0.0266703683814661,0.136852614657,0.194883878896368,0.845483854994426,0.934191472637148
"YMR063W",111.032897350573,-0.0558772613794316,0.284618756357182,-0.196323187180638,0.844357213776079,0.934191472637148
"YNL052W",1278.19066492066,0.0372138181699206,0.18956705118389,0.196309527090873,0.844367904933782,0.934191472637148
"YNL287W",2350.04036926316,0.0326151349598229,0.167307776012632,0.194940939011469,0.845439184259543,0.934191472637148
"YOR267C",2197.82870574112,-0.024492654677666,0.125845810332991,-0.194624315365428,0.845687066138828,0.934191472637148
"YPL154C",10328.7982808942,-0.0278293263901255,0.141457783491066,-0.196732379819051,0.844036969809933,0.934191472637148
"YPL279C",110.08834287826,0.0421040267213296,0.216148061105352,0.194792525577215,0.845555373933811,0.934191472637148
"YIL063C",857.996115572372,0.028203443377046,0.145210840943971,0.194224089563176,0.846000421269185,0.934261553385795
"YCR095W-A",13.1668256379942,0.135301376442425,0.698477559050253,0.193708981325613,0.846403758969418,0.934441494386906
"YDR427W",1269.61575115937,-0.0416807115174271,0.21526190371288,-0.193627905349297,0.846467246378773,0.934441494386906
"YBL013W",53.1632430286545,-0.0612606670280606,0.317522151618316,-0.192933522010459,0.847011031450649,0.934736980179921
"YHR168W",257.577537601674,0.0336832478422168,0.174616932622884,0.19289794715935,0.84703889277117,0.934736980179921
"YLR262C",281.89790427392,0.0325216527208102,0.169138654196306,0.192278062488689,0.847524401374344,0.934937232009367
"YPL266W",717.984327351831,0.0346687068724825,0.180227543370571,0.192360758095666,0.847459628834227,0.934937232009367
"YDR202C",320.392805675145,0.0386508966114809,0.201558122046848,0.191760551343584,0.847929772898759,0.935216661285396
"YGR135W",3515.4057003527,-0.0262060450390292,0.136999198119967,-0.191286119909119,0.848301435014788,0.935226254850332
"YKL144C",161.81392572896,0.0448653811781215,0.234691959474434,0.191167099540148,0.848394678993496,0.935226254850332
"YML032C",994.203248125551,0.0396037381084682,0.206769134240773,0.191536025209408,0.848105658927819,0.935226254850332
"YDR174W",2638.99685031529,-0.0242879060739446,0.127358141125023,-0.190705563534426,0.848756279622222,0.935415132806638
"YKR045C",189.137574075632,-0.0615721804508123,0.323211592182827,-0.190501151381921,0.848916441035042,0.935415132806638
"YLR264C-A",416.98307259751,-0.134640963519092,0.707274131275104,-0.190366022968147,0.849022320540919,0.935415132806638
"YHR022C",55.5707910044299,-0.053088462372311,0.279394404705443,-0.190012618285182,0.849299242703302,0.935552631672095
"YBL031W",217.491938714161,0.0377874406999386,0.201285558212274,0.187730510999147,0.85108791116788,0.935825635535941
"YBR036C",3239.01799457627,0.028839597800128,0.153650191804076,0.187696464687153,0.851114601787692,0.935825635535941
"YER019C-A",2759.90024458777,0.0329368944720121,0.175305908355808,0.187882398151476,0.850968841253014,0.935825635535941
"YGL166W",246.456534524598,0.0566769546003941,0.303296951256493,0.186869516378565,0.851762940555083,0.935825635535941
"YGL223C",408.984751720129,-0.0299768843033683,0.158724778263702,-0.188860772913258,0.850201938909641,0.935825635535941
"YGL247W",205.924232153379,-0.0414381222011239,0.221575860980081,-0.187015507997278,0.851648473836992,0.935825635535941
"YGR077C",527.635485717003,0.0269822207833562,0.144456401767677,0.186784527741115,0.851829578492715,0.935825635535941
"YGR243W",889.038807329754,-0.0487203515553338,0.260018278085155,-0.187372795151648,0.851368351162763,0.935825635535941
"YGR253C",3454.63795827977,-0.032285172421089,0.172006588508528,-0.187697301022212,0.851113946140447,0.935825635535941
"YHR172W",185.31038305961,-0.0395455151892772,0.209504007159247,-0.188757798600092,0.8502826490114,0.935825635535941
"YIL008W",440.4049621829,0.0355733944223956,0.189847602287549,0.187378686871774,0.851363732053852,0.935825635535941
"YIL068C",415.230588369465,0.0353623005947516,0.189068631573267,0.187034201816012,0.85163381691933,0.935825635535941
"YJL035C",373.523929175507,0.0512814250475572,0.271188499660994,0.189098819130099,0.850015366987425,0.935825635535941
"YLR460C",97.1180712743087,-0.0462388131594383,0.245750867537218,-0.188153204189342,0.85075655488943,0.935825635535941
"YOR006C",418.589792360998,0.0282606000010826,0.150568373802788,0.187692802195618,0.851117473009547,0.935825635535941
"YER183C",407.251557014789,-0.0276371338522725,0.14844453269278,-0.186178186228456,0.852305029747861,0.93601355945524
"YJL088W",37.1099743374183,0.0866613261804304,0.465171559159398,0.186299709158991,0.852209735528875,0.93601355945524
"YGL211W",647.983499785283,-0.0390844435098537,0.210200291121222,-0.185939055085865,0.852492554688838,0.936052349819024
"YML031W",1321.48226855372,0.037203081491929,0.201214174440619,0.184892946013145,0.853313003869771,0.936785964619616
"YPL178W",1289.55511775087,-0.0299340471732053,0.162294446836113,-0.184442830649856,0.853666072139707,0.936940422338627
"YPR033C",3024.38810944433,0.0286133745541864,0.155233165059285,0.184325137886988,0.853758394599295,0.936940422338627
"YJL080C",4547.16924626392,0.0238117771041608,0.13004435245872,0.183105045732142,0.854715596787019,0.937823536171305
"YJL160C",220.774340855959,-0.0523083750138568,0.28633025616255,-0.182685461588667,0.855044823756432,0.937897256145245
"YML012W",3897.50972459807,0.0340806307441921,0.186609534829051,0.182630704135309,0.85508779109047,0.937897256145245
"YEL037C",2860.76249548034,-0.0311279333251921,0.170641487923492,-0.182417146638738,0.855255370488165,0.937913788962592
"YOR115C",431.879014854256,-0.0322278049784467,0.177042427649227,-0.182034359821926,0.855555761124584,0.938075937050488
"YBR060C",406.443475140251,0.028779169351754,0.158311911796971,0.18178776963203,0.85574928301516,0.938120871754587
"YDR103W",524.084376450469,0.0353179609262902,0.195056955824241,0.181064862706635,0.856316664194702,0.938244287114451
"YER116C",412.997226197625,-0.0347168615485779,0.191355685384059,-0.181425816948682,0.856033356121774,0.938244287114451
"YPR055W",449.540184784791,0.040639734504065,0.224453032160162,0.181061196246464,0.856319542044457,0.938244287114451
"RUF5-2",196.187258563535,0.0699334932952063,0.387256560453596,0.180586981440141,0.856691775177489,0.938440959958923
"YBL029C-A",290.976506090992,0.0411147865411853,0.228067704234968,0.180274478927655,0.856937090282806,0.938440959958923
"YCR001W",23.3659554075077,0.0870949527634272,0.484343616254982,0.179820585717344,0.857293421980765,0.938440959958923
"YDR030C",116.103022217067,-0.0395963393950811,0.220388305131229,-0.17966624577245,0.857414594147835,0.938440959958923
"YHR094C",2716.7290020621,-0.0538170403908569,0.299315617313334,-0.179800308697288,0.857309341261139,0.938440959958923
"YMR033W",829.552908619533,0.0346322108153003,0.192596354671345,0.179817582084553,0.857295780098385,0.938440959958923
"YGR099W",301.006826860017,-0.028540752468022,0.159332876568075,-0.179126575021872,0.857838315619122,0.938737658551174
"YBR027C",19.4412718259487,0.101375221871629,0.569096545912514,0.178133609489896,0.858618047567812,0.939089630542778
"YLR343W",256.990956120148,0.0328539546835549,0.184249803853653,0.178312019857836,0.858477939604077,0.939089630542778
"YNL004W",1518.83990721382,-0.0224488226285634,0.125837573652348,-0.178395227887839,0.858412596788453,0.939089630542778
"YDL123W",479.717779168039,0.0272004573384221,0.153737053090472,0.176928442373713,0.859564597267417,0.93979062634571
"YGR074W",101.864869429213,-0.0407557203423689,0.230307262172392,-0.176962376079405,0.85953794264467,0.93979062634571
"YGL052W",66.1774486206461,-0.0477781039750358,0.271095980799995,-0.176240547108239,0.860104967317229,0.939880161514029
"YGL082W",992.246886344135,0.0219290030369527,0.124299347256275,0.176420902611343,0.859963284297903,0.939880161514029
"YLR063W",42.1653166082875,-0.0723331123647475,0.409534262776469,-0.176622859035919,0.85980463745585,0.939880161514029
"YDR138W",325.581322297038,0.0453115617251589,0.261313444123165,0.173399274871607,0.862337595040799,0.940481682833998
"YDR489W",275.529959753278,0.0303706726170287,0.174785105635449,0.173760072442174,0.862054024547677,0.940481682833998
"YFL029C",758.828525620081,0.0398292237922212,0.228635800446491,0.174203793607304,0.861705304256967,0.940481682833998
"YGL116W",468.689549922686,0.0335640709178017,0.19335761513895,0.173585461807036,0.862191258353641,0.940481682833998
"YGR168C",238.362116025341,-0.0469245343662963,0.270143965239337,-0.173701953048342,0.86209970254961,0.940481682833998
"YIL154C",2952.21633789112,-0.051223921271307,0.294502857277668,-0.173933529015004,0.861917701890043,0.940481682833998
"YJL205C",128.635053077627,0.035672349873114,0.203554750515166,0.175246953376587,0.860885591689741,0.940481682833998
"YLR281C",38.8966110571307,0.0686003362765041,0.395607711781883,0.173404952010457,0.862333132930197,0.940481682833998
"YML051W",879.106122465433,-0.0278001658843391,0.160005582595374,-0.173744974602798,0.862065890407133,0.940481682833998
"YML121W",450.644682262989,-0.0276267875230871,0.158689670135257,-0.174093168758494,0.861792241762797,0.940481682833998
"YNL329C",594.506678716323,-0.0254505517889833,0.146596603564174,-0.173609423207694,0.862172425839699,0.940481682833998
"YMR062C",1006.30858836528,0.0421198293123497,0.243247746088358,0.173156092871052,0.862528735052217,0.940523354711195
"YBL008W",310.41169744047,0.0264371715643658,0.154060573851857,0.171602447682608,0.863750083028968,0.941007259166961
"YBR152W",143.430473222081,0.0365091482718444,0.212847864828456,0.171526965052099,0.863809429579179,0.941007259166961
"YBR217W",139.454617359005,0.0364854207219458,0.213190611406297,0.171139903775651,0.864113760019554,0.941007259166961
"YER119C",1061.54330257721,0.0368860265761838,0.216156007545074,0.170645391701603,0.864502603950135,0.941007259166961
"YGR109C",33.1295641495072,0.0682808276315326,0.398850245313236,0.171194147261734,0.8640711093708,0.941007259166961
"YGR255C",1072.62060597754,-0.0218541011453265,0.127918406935237,-0.170844069035279,0.864346376363274,0.941007259166961
"YJR032W",269.443395288462,-0.0417899749384882,0.2432767757315,-0.171779549498021,0.863610843658448,0.941007259166961
"YJR100C",411.898948705417,-0.0343799061404212,0.199442873318642,-0.172379717401553,0.863139016660816,0.941007259166961
"YML007C-A",12.1968483742378,-0.0974145817838727,0.569342377686884,-0.171100177330286,0.864144996439161,0.941007259166961
"snR68",10.5264235552798,0.132688631227879,0.777414845711253,0.170679312287229,0.86447593052107,0.941007259166961
"YGL006W",2663.78330088825,-0.0315847673358356,0.186236541634944,-0.169594898286649,0.865328735004684,0.941739819550311
"YGL250W",352.338969034712,0.0304620129407057,0.180539367993921,0.168727814211311,0.866010739861663,0.942153282337814
"YOR018W",1023.10227390705,-0.0269294240090102,0.159607928071165,-0.168722345653176,0.866015041472466,0.942153282337814
"YML015C",475.015658860368,-0.0342239127641833,0.203418119032785,-0.168244170808931,0.866391192895251,0.942395797011991
"YLR125W",55.5557360416238,-0.0491505775891957,0.294583531732984,-0.166847675768063,0.867489904588481,0.943424034167844
"YDR131C",165.273211547288,0.0451665786163339,0.271546414502339,0.166330970339307,0.867896494698421,0.943572832520621
"YML111W",867.471385773108,-0.0213266940334762,0.128254756952714,-0.166283844281419,0.867933579442138,0.943572832520621
"YDR531W",737.578189571647,0.0355521144737279,0.21541798048165,0.165037822721378,0.868914212000507,0.943575282480057
"YER087C-B",813.520165301377,0.0237363886806644,0.143582634531567,0.165315177271286,0.868695913442612,0.943575282480057
"YER104W",135.521268074976,0.0339453093073814,0.205672054565593,0.165045802547548,0.868907931147028,0.943575282480057
"YKL098W",792.511801560092,-0.0296482883442456,0.179189574016969,-0.165457664079485,0.868583769669807,0.943575282480057
"YLR018C",467.4217297702,0.0337619014789782,0.204721369040233,0.1649163525882,0.869009821132853,0.943575282480057
"YLR202C",26.0458795873427,-0.0957675290846412,0.579763646199155,-0.165183742913995,0.868799360762602,0.943575282480057
"YNL285W",13.7592674011744,0.0995014321983194,0.600421811890104,0.165719216437346,0.868377922630872,0.943575282480057
"YDL072C",2872.56947350586,0.0224026692012065,0.136846170069306,0.163706950584445,0.869961845598137,0.943580019720468
"YDR168W",964.381072748815,0.0409886146509269,0.249350063721677,0.164381809409434,0.869430582768199,0.943580019720468
"YIL166C",128.360570257852,0.0434089552527044,0.265739387430568,0.163351604263204,0.870241605179592,0.943580019720468
"YLR026C",632.296679664779,0.0232956486358567,0.142168403821766,0.163859535660694,0.869841722325366,0.943580019720468
"YNR010W",122.939567627802,0.0501851497991075,0.306360646649155,0.163810692881125,0.86988017369184,0.943580019720468
"YOR305W",294.110683207092,0.0320678835615607,0.194843080108788,0.164583127836287,0.869272112138876,0.943580019720468
"YPL186C",220.179463756364,-0.0353875115174421,0.215414510365505,-0.164276359365942,0.869513591345404,0.943580019720468
"YPL208W",391.93747564801,-0.0257385826533598,0.157525766348795,-0.163392842008902,0.870209138399997,0.943580019720468
"YGL238W",994.047436528437,0.0314565234718406,0.192946337080718,0.163032498816917,0.87049284662764,0.94360831560552
"YLR016C",455.663995763627,-0.0332527885341581,0.204094101828855,-0.162928709042472,0.870574566300117,0.94360831560552
"YNR029C",534.140742705339,0.0237325521525228,0.146051571041338,0.162494329799476,0.870916593102915,0.943812695609326
"YDR205W",434.84692071609,-0.0249982217303486,0.154882486620089,-0.161401216340662,0.871777408732265,0.94441272920617
"YML052W",1512.17813466261,-0.0309775702331509,0.19171397189927,-0.161582225469863,0.871634855380835,0.94441272920617
"YOR010C",205.307023189355,0.0434938617018207,0.270734765152551,0.160651188174202,0.872368136136897,0.944886234103895
"YJR080C",626.265261567132,0.0261947521610315,0.163490224509394,0.16022213095393,0.872706096618271,0.945085841557029
"YNL022C",312.656256653289,-0.0240599697229889,0.150368580948982,-0.160006628852554,0.872875852429315,0.945103255711318
"YMR253C",395.058227139536,0.02335583015812,0.146536159235306,0.159386122032961,0.873364672154143,0.945466068253473
"YER175W-A",14.8696803712451,0.100686538009162,0.635384535025425,0.158465515697722,0.874089991777846,0.945688622076574
"YJR030C",332.552957292642,0.0251514700129423,0.158703688677416,0.158480689532463,0.874078035884413,0.945688622076574
"YLR007W",488.909652786917,-0.0272390887117615,0.172024205833129,-0.158344510761378,0.874185336017126,0.945688622076574
"YOR111W",213.929376376054,0.0349040562511891,0.220263158586038,0.15846524891068,0.874090201987157,0.945688622076574
"YDL165W",402.374115945586,0.0226199313694613,0.145436168081165,0.155531678728207,0.87640218178399,0.946812447862852
"YHR149C",508.431671640878,0.0320493903476475,0.206384950195245,0.155289377046766,0.876593189914676,0.946812447862852
"YHR202W",227.567533251212,0.0252964954070995,0.162770394311906,0.155412140604792,0.87649641363394,0.946812447862852
"YIL128W",504.579995606882,-0.0283044903282291,0.182080017158216,-0.155450832935908,0.876465912294712,0.946812447862852
"YJL099W",432.204110081076,0.0227257104618527,0.146302216994878,0.155334012899123,0.876558002615924,0.946812447862852
"YKL189W",347.8943154445,0.0285534583955468,0.18389748486182,0.155268346475765,0.876609768801802,0.946812447862852
"YKR009C",458.994773617263,0.0262306592849025,0.167776114263203,0.156343227998191,0.875762484240906,0.946812447862852
"YMR171C",941.716245403646,0.0263677741363867,0.168347675616158,0.156626897519552,0.875538903018319,0.946812447862852
"YPL089C",1725.50854979143,-0.0298784417946516,0.191478780632589,-0.156040484987121,0.876001109649172,0.946812447862852
"YCL002C",337.606666338771,0.0288786257357522,0.187373006280944,0.154123725231009,0.877512181753349,0.947136860121917
"YIR023W",429.823542680193,0.0247184356626175,0.159814300462666,0.154669736006459,0.877081689998656,0.947136860121917
"YKR046C",1852.2086117066,0.0340717434172802,0.220764513418394,0.154335236627035,0.877345415332118,0.947136860121917
"YLR241W",1214.29245639435,-0.0240779462887902,0.156260445984472,-0.154088554765694,0.877539912477481,0.947136860121917
"YOR343C",39.1583038050763,0.0513925416798801,0.333911455321074,0.153910687581722,0.87768015704631,0.947136860121917
"YJL072C",213.779885516587,0.0397474858645615,0.2592029533236,0.153345034672267,0.878126188079347,0.947285749287491
"YOL149W",464.652896332973,0.0313172061580013,0.20402791120811,0.153494715367926,0.878008157451713,0.947285749287491
"YDL231C",820.619816307937,0.0198156572393992,0.129570514146462,0.152933384342368,0.878450808676451,0.947379445552147
"YGL254W",257.69441972926,-0.0395414223492765,0.25870572291609,-0.152843245613479,0.878521893306821,0.947379445552147
"YJR079W",8.95177444194876,0.0978273763897618,0.640865361658346,0.152648874853553,0.878675180069828,0.947379445552147
"YIL002C",656.712739236721,-0.0249212142884805,0.163745022856912,-0.152195247548121,0.879032942207038,0.947599052510654
"YML079W",642.846330433257,0.0256251677535,0.168943954692084,0.151678512558821,0.879440505556167,0.947872258880201
"YKR015C",186.303983058537,0.0422626762304299,0.279110917495816,0.151418929111089,0.879645258348284,0.947926815987725
"YCR020W-B",72.9007035328871,-0.0427744517058661,0.28335050158385,-0.150959505865594,0.880007659386021,0.948151209744925
"YIR001C",353.234595218209,0.0288873899190667,0.191754292948543,0.150647943651612,0.880253439380366,0.948249895286259
"YDL184C",6460.05931010643,0.0316258003778481,0.210525328885834,0.1502232560102,0.880588478447215,0.948444683441397
"YLR229C",1333.83758143572,-0.0303052275883589,0.202150370477246,-0.149914281714216,0.880832243878252,0.948541113614297
"YGL097W",1414.49783494589,-0.0243164612366175,0.162682027309618,-0.149472327329301,0.881180943640512,0.948750490789417
"YLR297W",106.359747985178,-0.0404386183197405,0.272029953977819,-0.148655020259415,0.881825855403261,0.949278664577289
"YDR192C",267.284423461497,-0.03026576070314,0.20436179937703,-0.148098914745325,0.88226470590937,0.949398699175887
"YHR119W",544.232255806647,-0.024402058135385,0.164735218271225,-0.148128969575945,0.882240987223325,0.949398699175887
"YPL260W",1262.33864644703,-0.0230293398160558,0.155680572186975,-0.147926870338048,0.882400482030792,0.949398699175887
"YKR088C",837.092762730966,-0.021099432347808,0.143345936861977,-0.147192399098999,0.882980159893508,0.949798542535294
"YNL286W",332.373024133473,-0.0262701438192808,0.178629892528534,-0.147064656690002,0.883080986376718,0.949798542535294
"YHR188C",1642.90763476006,-0.0204623818309619,0.139440645018754,-0.146746178836234,0.883332367694838,0.949902790929053
"YOR251C",864.472982985518,-0.0191968436850486,0.131208003854505,-0.14630848058885,0.883677871359645,0.950108200849968
"YDL112W",713.093916650694,-0.0261684996776573,0.180873996287946,-0.144678064369175,0.884965059012613,0.950827238456948
"YDR108W",347.132925136005,-0.0222612571010369,0.153469340969521,-0.145053448202778,0.884668672420473,0.950827238456948
"YOR134W",288.84835824742,-0.0373348363785273,0.257037288162893,-0.145250662444225,0.884512967178714,0.950827238456948
"YOR265W",333.594524579123,0.0224687973488722,0.155230129471603,0.144745078969882,0.884912146044945,0.950827238456948
"YLR132C",252.105585921207,-0.0269519238940112,0.186906508506453,-0.144200028716927,0.885342518269826,0.951066635346625
"YER096W",51.5637535802019,-0.0474010722089585,0.330505679780905,-0.143419841499793,0.885958613709859,0.951562255381703
"YBR137W",292.955962500692,0.0310054657085628,0.216935376030242,0.142924894389933,0.886349497530521,0.951815856436652
"YKL007W",1467.96377934821,-0.0220835690044377,0.155423154048356,-0.142086738231852,0.88701149325281,0.952203000130678
"YMR193W",280.899992348891,0.0359167407132808,0.252798811699079,0.142076382685036,0.887019672804659,0.952203000130678
"YLL031C",699.236454555134,0.0209607710582295,0.147769341889422,0.141847901535048,0.887200146625918,0.952230523865514
"YNL267W",967.461041876285,-0.0196340220295054,0.138948096108447,-0.141304721542793,0.887629219790746,0.952524812722576
"YNL005C",780.583316125046,-0.0242661346759624,0.172124911679702,-0.140979794494349,0.887885904563105,0.952634039264322
"YJL124C",1079.71391438743,0.0247826470542087,0.176360258660141,0.140522854992897,0.888246895976091,0.952786381017489
"YKL065W-A",12.4768414993738,0.0862035643351473,0.613951092944369,0.140407868518866,0.888337741260859,0.952786381017489
"YKL033W",273.508664705364,-0.025415489163432,0.181725071145494,-0.139856812289173,0.888773124630614,0.952920975676129
"YKL213C",1481.12844987911,-0.0190073155102483,0.135749246731527,-0.140017834116158,0.88864589960851,0.952920975676129
"YER163C",868.062284805328,0.0314568208109992,0.225462079693628,0.139521558808225,0.889038021085602,0.953038840801194
"RUF5-1",293.338999683759,0.050178242744596,0.361303006586987,0.138881331817855,0.889543923045485,0.953082774691591
"YAR023C",105.406976704129,-0.033940327721174,0.244325395503777,-0.138914449114846,0.889517752932107,0.953082774691591
"YDR267C",778.951897094641,-0.027784101587736,0.199839347412235,-0.139032187342076,0.889424714225928,0.953082774691591
"YKR082W",514.901358517543,0.0274209994141619,0.198547617112845,0.138107925005099,0.890155122551625,0.953571503865614
"YCR011C",1798.04907119861,-0.0212637094416998,0.154578277573,-0.137559492676181,0.890588571258817,0.953703589281164
"YPL262W",2154.91174156509,-0.0193578727979256,0.14062491253475,-0.137656069959454,0.890512239869508,0.953703589281164
"YJR086W",293.334329331294,-0.0362971222712394,0.265001477695624,-0.136969508950926,0.891054896257795,0.953704770620508
"YLR209C",711.891515050356,-0.0234285899832822,0.170864956774756,-0.137117583532164,0.890937854092877,0.953704770620508
"YMR010W",744.516916587336,-0.0246133847719091,0.179364558666133,-0.137225463909647,0.890852584012891,0.953704770620508
"YOR076C",292.101874345814,0.0298384770814173,0.218860622687462,0.136335521278432,0.891556044117257,0.954075112462351
"YBR211C",411.914790511353,0.0280611195266195,0.207661415063649,0.135129193442213,0.892509728832279,0.954139362750346
"YDR207C",704.623432478904,-0.0270421279573655,0.20220058883311,-0.133739115763333,0.893608873087233,0.954139362750346
"YDR246W",764.396007558316,0.0284119395114698,0.211811356739701,0.134137942123593,0.893293497266006,0.954139362750346
"YER105C",951.716613642113,-0.0223729448380494,0.167551464265284,-0.133528793294378,0.893775194401913,0.954139362750346
"YFR022W",384.359186584745,0.0200503138491744,0.148967876812166,0.134594882321213,0.892932188104036,0.954139362750346
"YIL129C",1274.75003525771,0.017003638739343,0.125866692118447,0.135092441480402,0.89253878622076,0.954139362750346
"YJR092W",665.512150068438,0.0173764480796773,0.129604579272588,0.134072794165172,0.893345012495836,0.954139362750346
"YKR007W",840.166535101559,-0.0309359543482105,0.231708364424513,-0.133512462638305,0.893788108748739,0.954139362750346
"YLL059C",40.3126063606567,0.0448591346429233,0.329953475973568,0.135955938971581,0.891856113062946,0.954139362750346
"YLR062C",37.3886132384963,0.0841315075615383,0.62147723325701,0.135373434551457,0.892316626923178,0.954139362750346
"YML004C",1777.67753241622,0.0222585828749161,0.165039153913484,0.134868498456945,0.892715846536532,0.954139362750346
"YMR178W",855.136336845774,0.0179872366073187,0.134208046030674,0.13402502412715,0.893382786559307,0.954139362750346
"YPL100W",530.041697074604,-0.0221408842310495,0.165575251937556,-0.133720975640729,0.893623217965858,0.954139362750346
"YPR044C",53.9913212357149,0.143408323084741,1.07146318659488,0.133843444066888,0.893526372840373,0.954139362750346
"YKL049C",305.962750101784,-0.0242308402987191,0.182930524484655,-0.132459251221092,0.894621051780798,0.954862802577561
"YPR010C-A",181.79070494718,-0.0322308395834213,0.245900611117078,-0.131072629047171,0.895717853192219,0.955867568476861
"YGR116W",1752.21900298635,0.0221431164988633,0.169835306645399,0.130379936517536,0.896265839427074,0.95628641784811
"YJR140C",396.981611065948,-0.0190151035884014,0.146423272115746,-0.129863943850197,0.896674071301068,0.956556034432189
"YDR264C",1809.7469220645,0.0191115350737532,0.147678611587972,0.129413019720655,0.897030846064966,0.956770673482404
"YDR139C",483.642142922719,-0.0226124643600737,0.174999401499289,-0.129214523971761,0.897187904086925,0.956772257696305
"YIL151C",783.894475421061,-0.0166724497965839,0.129311025129028,-0.128932933444367,0.897410717033659,0.956843951067442
"YBR195C",233.40735680446,0.0241808231490033,0.189814614929692,0.127391787813388,0.898630315661149,0.957646238315034
"YHR218W",165.897402242351,0.0265970212284884,0.2082595325017,0.127710942730899,0.898377729963561,0.957646238315034
"YNL083W",390.203808578894,-0.018922211232703,0.148413245591818,-0.127496782091438,0.898547219917749,0.957646238315034
"YHR029C",406.940129951659,-0.0284458532552229,0.224559220876966,-0.126674171490861,0.899198289292387,0.957933888409105
"YHR204W",725.099111524966,0.0196942173636131,0.155492346213832,0.126657149648574,0.899211762241588,0.957933888409105
"YNL330C",1284.33114614302,-0.0163476088110369,0.130266818105383,-0.125493268729509,0.900133053688608,0.958749269169543
"YLR252W",95.6980576577657,-0.0364916163412751,0.291629503973436,-0.125130056609769,0.900420588561829,0.958831890283987
"YPR070W",535.642526018734,0.0165719834772457,0.13257437863151,0.125001404104691,0.900522438744766,0.958831890283987
"YDR126W",212.648201506176,-0.0276639909133761,0.221662955538629,-0.124802048434995,0.900680265656858,0.958833933493107
"YPR143W",192.937071706713,0.0350198326936028,0.281223252931606,0.124526803272984,0.900898179601051,0.958899931558752
"YBL108C-A",17.3884730978032,0.0624126398612085,0.50328819723879,0.124009742735128,0.901307561024324,0.959169666084028
"YCL059C",1183.02935170686,0.0186226171201896,0.152383125544989,0.122209181978562,0.902733354797253,0.959271560916181
"YDL213C",1094.01766835196,0.0172188888280685,0.141266386988124,0.121889496823586,0.902986533922539,0.959271560916181
"YGR006W",145.127750719878,-0.024981301914696,0.202610261709442,-0.123297318230214,0.901871664373113,0.959271560916181
"YKL094W",2013.19287223484,0.0194896901938521,0.160375713860522,0.12152519683125,0.903275058417171,0.959271560916181
"YKL135C",761.015084267915,0.016204663098326,0.133298288844723,0.121566925117865,0.903242009091601,0.959271560916181
"YLR315W",113.9326038353,0.0343194279213702,0.28186179765344,0.12175977094834,0.903089274957452,0.959271560916181
"YML117W",2433.66358123336,0.0154243772803699,0.126116977095225,0.122302148653022,0.902659730395751,0.959271560916181
"YNL321W",1165.12124118446,-0.0208329230743859,0.17041450120594,-0.122248534760607,0.902702189494873,0.959271560916181
"YOR270C",5374.81902223581,0.0174672129117885,0.142565135796282,0.122520929217563,0.902486471741007,0.959271560916181
"YOR296W",232.126195486175,-0.0235741260659669,0.19179402979152,-0.122913763747453,0.902175386380026,0.959271560916181
"YPL125W",558.604338253411,-0.0237177884808691,0.19320333814149,-0.1227607592551,0.902296548736195,0.959271560916181
"YPR054W",219.694868812447,0.0221462946154985,0.180525594361065,0.122676757796483,0.902363069415307,0.959271560916181
"YMR026C",443.876948324439,-0.0169143625745269,0.139700077738045,-0.121076257425164,0.903630634638225,0.959483494997425
"YNL265C",262.170689780422,-0.0228672569559363,0.189657335559101,-0.120571434205404,0.904030495941091,0.959742370108356
"YDR434W",883.940527526973,-0.0188797277736026,0.157585168218404,-0.11980650201443,0.904636431183681,0.960099222118619
"YGR156W",409.498722238052,-0.0170762427158329,0.142595600964931,-0.119752941887966,0.904678860516649,0.960099222118619
"YOL053W",550.497600356885,0.0240905321879703,0.202248983029957,0.119113242633225,0.905185639333754,0.960471304676084
"YBR256C",1383.26238642677,-0.0190429577243862,0.160938839981434,-0.118324189030957,0.905810791952887,0.960499504185374
"YDR069C",348.492630140417,-0.0214263431479318,0.181109759944102,-0.118305844779126,0.90582532646111,0.960499504185374
"YDR439W",217.478898338965,0.0207842242751075,0.175628917521949,0.118341697758912,0.90579691947594,0.960499504185374
"YER184C",236.534045692476,-0.0318609252447462,0.269343159654149,-0.118291198802514,0.90583693077645,0.960499504185374
"YGL145W",314.148574095043,0.0260761305011344,0.22282429598296,0.117025526260963,0.906839825428586,0.960837534629023
"YJL030W",414.006735028839,-0.0214122047393792,0.183162093230544,-0.116903035784964,0.906936892442517,0.960837534629023
"YKR004C",115.070714898508,-0.0379019594374377,0.323040973912999,-0.117328644036485,0.906599627127426,0.960837534629023
"YPR158W",176.215829650169,-0.022285462109094,0.190289883031044,-0.117113226169036,0.906770328894727,0.960837534629023
"YPR196W",124.439539543741,-0.0302415283015992,0.257057216910438,-0.117645124556591,0.906348848960538,0.960837534629023
"YOR252W",283.202008756805,-0.0245925079406696,0.211050444772382,-0.116524312314019,0.907237018900145,0.96098995284807
"YDL104C",149.618142374088,0.0234891740263495,0.202898703382739,0.115767984884756,0.907836424231801,0.9611282508221
"YGL094C",741.188934077067,-0.019291598650378,0.166575959065445,-0.11581262241329,0.907801046594629,0.9611282508221
"YHR032W-A",108.791582305132,-0.0437459032477432,0.377811366585194,-0.115787684322829,0.907820811347268,0.9611282508221
"YML092C",1864.97472192952,0.0131028370034684,0.114126215331394,0.114810054512201,0.908595679411419,0.961622406530713
"YPR185W",737.356634329215,0.0147487582754459,0.128490807585359,0.114784540253185,0.908615903146337,0.961622406530713
"YIL085C",941.478511079076,0.0170450511896289,0.149154430789712,0.114277873606451,0.909017521883652,0.961881926975991
"YGL011C",3027.58134954271,0.0151004442424278,0.132959648620638,0.113571631687389,0.909577376447491,0.962194804430777
"YLR358C",28.0309360533242,0.0440879919595648,0.38840570697472,0.113510154891813,0.90962611267651,0.962194804430777
"YDL223C",523.071489006866,-0.0242225879109621,0.217465513712812,-0.111385881363013,0.911310355430187,0.962547894246649
"YDR243C",217.168068335001,-0.0195929697469974,0.175254218599514,-0.111797421503278,0.910984032049948,0.962547894246649
"YDR400W",310.580285851338,-0.017844463872534,0.160309568211106,-0.111312531570388,0.911368518406217,0.962547894246649
"YGR218W",1733.09956254193,-0.018785779287886,0.168065348527674,-0.111776636007706,0.911000513176693,0.962547894246649
"YML057W",1497.50016403187,0.0138831204570888,0.124226030399729,0.111756935421798,0.911016134097872,0.962547894246649
"YNL097C",735.968631887778,-0.0269092436506651,0.239545023864564,-0.112334805443002,0.91055794569402,0.962547894246649
"YOL028C",347.413957015153,0.0224199075794711,0.201294024260398,0.111378902885206,0.911315889018257,0.962547894246649
"YPL225W",1182.48449482237,0.0222084684040844,0.197155185673728,0.112644606978977,0.910312318832247,0.962547894246649
"YPR180W",437.473773286149,0.0157882558755351,0.14103454636357,0.111946018068757,0.910866208752237,0.962547894246649
"YBR192W",356.550989077905,-0.0214259185734129,0.194232849914138,-0.110310478288737,0.91216314750768,0.963221730283694
"YEL019C",40.1999938615984,-0.0363496659639103,0.330761596767279,-0.109896875330075,0.912491160660321,0.963402684645661
"YDR534C",1067.24626129618,-0.0224808430137408,0.207329990552952,-0.108430251473914,0.913654405388621,0.963783575290419
"YGL222C",185.087945004946,0.0271103746950858,0.250019955879346,0.108432843289392,0.913652349540377,0.963783575290419
"YLR285W",728.059712873851,-0.0140827717318683,0.129266845278326,-0.108943416245259,0.913247370375979,0.963783575290419
"YML046W",251.958594767786,0.0241327213845599,0.223329175969596,0.108058972947831,0.913948912372963,0.963783575290419
"YNL065W",241.814838147828,0.0209837718529244,0.194034358777035,0.108144619258061,0.913880974626538,0.963783575290419
"YNL328C",29.7189190413497,0.042070574977445,0.38543115363891,0.109151983642865,0.913081944174303,0.963783575290419
"YPR045C",640.041895213384,-0.0172575695300658,0.159018264256051,-0.108525706847597,0.913578689823287,0.963783575290419
"YER094C",3525.39059995749,0.0179792326422231,0.16811445081724,0.106946384173533,0.914831514927713,0.964053087183933
"YER168C",404.304101313249,-0.0184778175770029,0.171971255108451,-0.107447128680605,0.914434267603421,0.964053087183933
"YJR067C",162.198723726927,0.020589810681069,0.192210908634487,0.107120926836796,0.914693045474793,0.964053087183933
"YKL069W",356.127150566966,-0.0230398530156045,0.214898130649586,-0.107212905696111,0.914620077179655,0.964053087183933
"YOR039W",688.214022930097,0.0164615672956349,0.154829873235618,0.106320356347408,0.915328181099652,0.964411223875769
"YNL151C",819.090842551293,-0.0219610693399961,0.20721508007011,-0.105982003493982,0.915596630891676,0.964528824937275
"YJR135C",86.8155209753667,0.0247262596938275,0.234080770049456,0.105631315586511,0.915874877497871,0.964656704334973
"YOR113W",516.530678561404,-0.0190522296080923,0.181751482852974,-0.104825717562395,0.916514102807193,0.965164680182233
"snR10",20.4295515912615,0.0477907802738891,0.457385928158805,0.104486774366386,0.916783063355333,0.965282629624259
"YBR128C",144.837759296722,-0.0238260687091939,0.2309088366579,-0.103183875740941,0.917817036893716,0.965667660290645
"YCR098C",83.4861082372154,0.0243855779721702,0.235353086484889,0.103612739209757,0.917476677653546,0.965667660290645
"YIL168W",57.5743639284344,-0.0294035939578172,0.285370107934364,-0.103036699150635,0.917933844237254,0.965667660290645
"YKL059C",575.263536849916,-0.0169564139672737,0.163938676439304,-0.103431443607827,0.917620557577925,0.965667660290645
"YMR259C",351.067141845282,-0.0213368196220303,0.205918487128344,-0.103617795175095,0.917472665174017,0.965667660290645
"YMR218C",468.71965023651,0.018148137876621,0.177352198868228,0.102328237216303,0.918496142886212,0.966093941978827
"YDL128W",1536.83303241909,0.0119478344464319,0.117177416253134,0.101963627706396,0.918785545455211,0.966217428435089
"YDR229W",918.841972009693,0.0139438341793515,0.136993746158565,0.10178445783366,0.918927762425502,0.966217428435089
"YKL052C",457.399042788408,-0.0271383241875289,0.268040957246304,-0.101246930567374,0.919354442888999,0.966335638996299
"YNR013C",1798.39590036138,0.0191824220622633,0.189228820419747,0.101371567077959,0.919255506367199,0.966335638996299
"YBR024W",285.487122132693,0.0193100805390122,0.19353735478067,0.0997744366243702,0.920523403377235,0.966763088454179
"YGR038W",377.094325180269,-0.0191237040226066,0.191448049237375,-0.0998897826265928,0.92043182806228,0.966763088454179
"YJL041W",1285.88835065647,0.0161449942774798,0.161646328711982,0.0998785088787671,0.920440778451751,0.966763088454179
"YJR083C",325.193231548132,0.0153011204737717,0.153403006671472,0.0997445930544279,0.920547096908565,0.966763088454179
"YOR094W",197.251501038328,0.0231965239567444,0.232447826981874,0.0997923889327357,0.920509150639799,0.966763088454179
"YNL282W",141.010657991626,-0.0247805051326995,0.249213470790585,-0.0994348541998463,0.920793010230689,0.966856242601799
"YMR219W",1023.93118188199,0.0147545139486176,0.149001587287076,0.0990225286673664,0.921120382721583,0.967034884557483
"YCR085W",10.1048832530154,-0.0679930747773726,0.688609954901841,-0.0987396047550094,0.921345022450016,0.967076584114434
"YGR182C",273.644293992928,0.0266967947596988,0.270823354899763,0.0985764125460294,0.921474598847249,0.967076584114434
"YBR062C",468.091574344079,-0.0157336024474577,0.161964388844643,-0.0971423567840545,0.922613344053521,0.967611198146173
"YBR147W",237.040312636517,0.0292773749566745,0.299777870222825,0.0976635631406435,0.922199449595471,0.967611198146173
"YJL166W",699.075675279822,0.0237834001267636,0.244720866719546,0.0971858282686605,0.922578822170491,0.967611198146173
"YNL152W",457.920579749853,-0.0162408363933946,0.166565846821702,-0.0975040003895836,0.922326157518291,0.967611198146173
"YFR018C",1486.83188038843,-0.0241859091878416,0.250089225852912,-0.0967091209361669,0.922957396326871,0.967806988475747
"YNL027W",789.864032987948,-0.0131200434097015,0.137733768477953,-0.0952565485914343,0.924111054857365,0.968851515065257
"YCR089W",603.965961127277,-0.0296909517523516,0.313627662481386,-0.0946694290849227,0.924577400945189,0.969010057227831
"YPR169W",1064.73508076772,-0.0138224608183181,0.145829417424024,-0.0947851336340929,0.924485495344575,0.969010057227831
"YFR032C",47.4455564587712,0.051416008266859,0.550550660855434,0.0933901490318255,0.925593616249429,0.969909821082635
"YOR149C",282.345600629798,-0.0216937299278937,0.233708469116958,-0.092823892988821,0.926043469097114,0.970215900331729
"YBR015C",1971.35852056372,-0.0125882263089037,0.136103638408126,-0.0924900058230342,0.926308731383522,0.970328512690966
"YKL070W",124.452265044515,-0.0191471303162914,0.207635384286125,-0.0922151606390283,0.92652709292065,0.970391965507834
"YBR284W",155.936146984157,-0.0186426192556464,0.20268271775026,-0.0919793234597204,0.926714467430923,0.970422948186647
"YPR100W",79.247343422653,0.0246042950035839,0.269094776702065,0.0914335659172793,0.927148091697845,0.970562423762774
"snR43",103.900103043882,0.0216978607400769,0.237357047044782,0.0914144366481909,0.927163290992894,0.970562423762774
"YIL039W",1275.80327761255,0.0138525723441426,0.151970983090412,0.0911527454941923,0.927371222203014,0.970614876880281
"YOL161C",18.7793233284367,0.0411349153194366,0.459778887228521,0.089466733819362,0.928710990102295,0.971851725221901
"YKL095W",198.099738478217,-0.0184187229403368,0.206529014817279,-0.08918225343123,0.92893706888354,0.97192292848482
"YPL243W",1190.49583143292,0.0149836396329192,0.169034610652251,0.088642435860337,0.929366081867279,0.972206396238095
"YBR101C",749.738510475209,-0.0144503928577273,0.164055834419989,-0.0880821636659004,0.929811372605658,0.972420913496187
"YOL049W",1434.20882652895,0.0142220542028845,0.161638991170817,0.0879865315903571,0.929887380857086,0.972420913496187
"YAL059W",90.0979522603725,-0.0245451987731313,0.285273701848803,-0.0860408744796968,0.93143392454869,0.97268527877498
"YDR406W-A",12.8639950952022,-0.0669175206122177,0.775216322865317,-0.0863210934012333,0.931211170949674,0.97268527877498
"YGL095C",763.162263039704,0.0142700948218492,0.164207397950726,0.0869028740479233,0.930748715005553,0.97268527877498
"YGL226C-A",636.183120390149,0.014261264984648,0.167096058059274,0.0853477044897677,0.931984967157804,0.97268527877498
"YML037C",49.9573263701347,0.0265740646424815,0.311085410880844,0.0854236930212722,0.931924557697757,0.97268527877498
"YMR125W",943.073455360416,0.0148974370690985,0.175095219107363,0.0850819179703806,0.932196265544672,0.97268527877498
"YMR127C",136.461732152986,-0.018116669657016,0.209945720182813,-0.086292159903239,0.931234170720562,0.97268527877498
"YMR297W",8525.34602667438,-0.0165677069445007,0.194726080858073,-0.0850821157160565,0.932196108336492,0.97268527877498
"YNL056W",881.924797508916,0.0137819120555184,0.158025590463237,0.0872131660139224,0.930502074267996,0.97268527877498
"YNL078W",854.319736632182,0.0191131754364779,0.223806943631394,0.0854002790367261,0.931943171335381,0.97268527877498
"YNL323W",670.721743134396,0.0124076740602741,0.144725334781108,0.0857325642330715,0.931679014906361,0.97268527877498
"YOR093C",393.50709270187,0.0125373265359199,0.146551876360169,0.0855487275038897,0.931825158478325,0.97268527877498
"YPR094W",159.51945024896,-0.0174829546209814,0.202243839411278,-0.0864449303962653,0.931112731288952,0.97268527877498
"YAL043C",987.890781097034,-0.0174248059315545,0.207228985648775,-0.0840847909234434,0.932989016901821,0.972745382741202
"YDR141C",888.761355112164,0.0180957518471222,0.217215387954635,0.0833078725108618,0.933606740698214,0.972745382741202
"YDR354W",1108.87853989057,-0.0142965890259309,0.171191171869956,-0.0835124198857127,0.933444102249699,0.972745382741202
"YIL118W",948.241052696696,-0.0133528825547225,0.157968054854833,-0.0845290053548694,0.932635842421918,0.972745382741202
"YLR270W",969.310737421386,0.0133500433907521,0.157600724015801,0.0847080080001004,0.932493529389678,0.972745382741202
"YMR140W",591.265167412366,-0.0122169782102481,0.14476545277322,-0.0843915311022886,0.932745140468586,0.972745382741202
"YMR314W",2912.28139068722,0.0092243276590218,0.110776676127202,0.0832695832869162,0.933637185298219,0.972745382741202
"YMR316C-A",15.7877267896183,-0.0449671466480491,0.540347051712086,-0.0832190099040441,0.93367739745062,0.972745382741202
"YOL160W",12.936391703353,0.0619247058956713,0.73789959749325,0.083920232652299,0.933119852973008,0.972745382741202
"YDR327W",610.868684841955,0.0202932251693784,0.250668249414037,0.0809565041317196,0.93547654358663,0.972915785781024
"YEL070W",192.543097877955,0.0342785223324766,0.426032620465493,0.0804598537431784,0.93587152474643,0.972915785781024
"YER012W",2064.83549101665,-0.0113225134646449,0.13707970992356,-0.0825980261481346,0.934171170819194,0.972915785781024
"YGL261C",17.6114735061536,0.0372437170508268,0.46007084575155,0.0809521346434965,0.935480018528453,0.972915785781024
"YGR181W",528.110546281639,-0.0117019081263722,0.143359323126681,-0.081626418646185,0.934943792350196,0.972915785781024
"YGR294W",25.283799638738,-0.0358649186045802,0.433388361109016,-0.0827546879957826,0.934046599225274,0.972915785781024
"YHL039W",363.890081247433,-0.0195379642835535,0.239610903147825,-0.0815403807876799,0.935012212552481,0.972915785781024
"YIL136W",2499.79873344202,0.0188679326508945,0.229971150568936,0.0820447808527997,0.934611103493894,0.972915785781024
"YKL160W",1399.96572019187,-0.011847366976703,0.145070476253663,-0.0816662858126097,0.934912088799867,0.972915785781024
"YNL091W",2207.90288557284,-0.01281005443987,0.160066978786119,-0.0800293385744899,0.936213921992211,0.972915785781024
"YOR166C",276.38011680721,-0.0167756933397202,0.208540414562629,-0.0804433681351585,0.935884635859225,0.972915785781024
"YPL072W",191.543104190285,-0.0157618468048764,0.19650750982128,-0.0802098953837007,0.93607032014355,0.972915785781024
"YPL282C",13.1054233685802,0.0432847157376314,0.540678922534458,0.080056229184471,0.936192535011091,0.972915785781024
"snR34",48.1075346349374,0.0267912632338485,0.333124349554551,0.0804242117685886,0.935899871065751,0.972915785781024
"snR47",10.3706828254984,-0.0623779767795836,0.766083033121544,-0.0814245637648615,0.935104314906874,0.972915785781024
"YDR302W",377.920139098726,0.0145196440729918,0.182547582102737,0.0795389558477978,0.936603947461723,0.973140143542741
"YDR466W",694.574414142919,-0.010047279925027,0.126603831474734,-0.0793599988878068,0.93674628451594,0.973140143542741
"YAR028W",376.882375155474,0.0131069271322769,0.165685721006086,0.0791071617559334,0.936947387110489,0.973184669942494
"YDR419W",266.444192015996,0.0138651298405713,0.178884003703425,0.077509053652212,0.938218589169746,0.973560682303556
"YHR035W",96.0302373887101,-0.0183855184790708,0.235250501443513,-0.0781529406579626,0.937706395378514,0.973560682303556
"YKL128C",1101.99962782823,0.0125029327042867,0.161415671352467,0.0774579853339353,0.938259213660679,0.973560682303556
"YNL317W",421.517063439807,0.0114436988903943,0.147560613870954,0.0775525297041805,0.938184004400412,0.973560682303556
"YOR072W-A",16.0919824299927,0.0418934649719268,0.535264671069475,0.0782668224454687,0.937615808333417,0.973560682303556
"YPR071W",149.584726088564,-0.0184589395204153,0.237095145790041,-0.0778545653429851,0.937943741259632,0.973560682303556
"YAL065C",48.0199181547912,-0.0285459046680665,0.376617041977154,-0.0757955734509701,0.939581737870435,0.973808641722179
"YDL222C",90.195043987738,-0.0236229781254457,0.307751032190944,-0.0767600289015078,0.938814449195496,0.973808641722179
"YGR121W-A",14.5569161871564,0.0408129537030268,0.537111743656014,0.0759859641593778,0.939430264889975,0.973808641722179
"YHL022C",25.0835198654564,0.0299258181707222,0.394985499647161,0.0757643462796857,0.939606582110473,0.973808641722179
"YJL152W",61.0303669561074,-0.025572229266522,0.335957653474331,-0.076117418377182,0.939325682481948,0.973808641722179
"YJL174W",2782.47232663562,0.0170850346627255,0.224607048128923,0.0760663336482603,0.93936632437024,0.973808641722179
"YNL007C",2242.71247284208,0.0197580197282664,0.25744732795709,0.0767458721947176,0.938825711391487,0.973808641722179
"YHR214W",83.507598647024,-0.0201964180451094,0.270021635645364,-0.0747955547963372,0.94037737867096,0.974443282026352
"YDR366C",72.6267341320563,-0.0245570847098205,0.34027867215762,-0.0721675694633176,0.942468553674653,0.97508324924748
"YFL028C",659.376735108935,-0.00940961457664559,0.128207559706816,-0.073393601735837,0.941492908940934,0.97508324924748
"YFL034C-B",383.147636233682,0.0111979165478854,0.152505742653919,0.0734261959780545,0.941466972478507,0.97508324924748
"YJL112W",687.456980090531,-0.0132889235371453,0.180642955473737,-0.073564582146561,0.94135685409948,0.97508324924748
"YJR085C",2063.4055226998,0.0180046587831843,0.249971199586939,0.0720269327543967,0.942580474272564,0.97508324924748
"YKL080W",2395.16215265976,0.0123989772632762,0.171363164159228,0.0723549738598152,0.942319416483212,0.97508324924748
"YMR209C",423.608997792921,0.0108954066091188,0.149610209948887,0.0728252878786889,0.941945147565067,0.97508324924748
"YNL135C",5841.3389415856,-0.0135494794391372,0.185534403068598,-0.0730294717046496,0.941782665091658,0.97508324924748
"YOL068C",893.788609586684,-0.0115795471485587,0.159796830367886,-0.0724641854403505,0.942232506389406,0.97508324924748
"YOR297C",171.880998521159,-0.0153232300633469,0.211499675350023,-0.0724503715572496,0.942243499378638,0.97508324924748
"YKL018W",294.075444529996,-0.0124940649335908,0.175390734800603,-0.0712356040231824,0.943210245468853,0.975570637341649
"YNL252C",436.271703994327,-0.012837212945641,0.180744901738746,-0.071023928321897,0.943378711530716,0.9755808098056
"YDR151C",659.423966434772,-0.0120657379087064,0.170716770034875,-0.0706769341186666,0.943654878826155,0.975678782590452
"YJL196C",2541.77886645109,0.0121345813299003,0.172106519079179,0.0705062271599233,0.943790744330179,0.975678782590452
"YOL012C",1019.12451590407,-0.00917547828496437,0.131774285278222,-0.0696302640958492,0.944487948128619,0.976235442183363
"YDR189W",982.049275746796,-0.0104577260672071,0.153087140475137,-0.0683122438289028,0.945537077732156,0.976663256307148
"YER188W",197.854118959615,-0.0174827053514586,0.255183267633303,-0.0685103906443473,0.945379348973623,0.976663256307148
"YJL197W",824.730851488475,0.00969231461873819,0.141725969232639,0.068387710955277,0.945477004164629,0.976663256307148
"YML130C",896.332885211304,-0.0130490184138027,0.190114422350317,-0.0686377090832052,0.945278002124099,0.976663256307148
"YMR228W",134.261640980069,-0.0149754278990314,0.22218642059025,-0.0674002842264095,0.946263042925163,0.977248986396264
"YBR196C-A",9.70054995179804,0.0476678207396669,0.721922486289949,0.0660290012361824,0.94735473618295,0.977827400553107
"YDR363W-A",944.991875242259,0.0119941332848015,0.181458394759498,0.0660985307441872,0.94729938059146,0.977827400553107
"YGR066C",102.577598075711,-0.0150589471205043,0.227936390431808,-0.0660664455200692,0.947324925060468,0.977827400553107
"YGR261C",962.959709028707,0.0115583109723029,0.175397224347393,0.0658979126682784,0.947459102422108,0.977827400553107
"YER180C",261.707768905573,0.0137636135311552,0.209777169729668,0.0656106360329476,0.947687821031794,0.977899345527774
"YGL257C",576.019345603126,-0.0147240170114027,0.225928660443349,-0.0651710897701475,0.948037779201003,0.977947647055036
"YLR364W",85.5987601053887,-0.0176343755373122,0.27066349499203,-0.0651523972149678,0.94805266207189,0.977947647055036
"YCR047C",393.11603403403,0.020815820113901,0.321559527036877,0.0647339555002946,0.948385826931127,0.977963252117108
"YDL067C",593.866294703484,0.0113594657692361,0.17533479731629,0.0647872866259655,0.948343363986255,0.977963252117108
"YDR357C",160.753666547443,0.0196656766622232,0.306942799586244,0.0640695161728254,0.948914874529427,0.97834475747795
"YHR135C",2547.92225549013,-0.00894107620699274,0.14145868158428,-0.0632062741350076,0.949602248734469,0.978561298545071
"YIL009C-A",229.306864763612,-0.0117406834162872,0.185240752406738,-0.0633806722535216,0.949463377610508,0.978561298545071
"YKL136W",11.1182137761724,-0.0409523823198829,0.647723759951503,-0.0632250734834077,0.949587278965785,0.978561298545071
"YIL001W",184.086660790818,0.0128368894699743,0.204054178835146,0.0629092211845616,0.949838791947731,0.978641073961894
"YBL111C",202.798851233785,-0.0123264034865479,0.199010184600577,-0.0619385561160479,0.95061176308671,0.978736113945995
"YBR260C",465.357418244952,-0.0102250955585604,0.163435175903677,-0.0625636158313115,0.950114002992767,0.978736113945995
"YER151C",930.207001373194,0.00971714490780589,0.157132190587642,0.0618405743054033,0.950689791680268,0.978736113945995
"YKL171W",694.107358911912,-0.0114499309507021,0.185291477081827,-0.0617941587547796,0.950726755237947,0.978736113945995
"YOL131W",15.1481377071497,0.0315504275272796,0.509836240384344,0.0618834539959245,0.950655644039737,0.978736113945995
"YGL192W",718.989900478957,-0.0107870920961371,0.176706892135091,-0.0610451124220463,0.951323281507056,0.97885865505578
"YLR236C",11.9473119992865,-0.0380425501328939,0.621574295259511,-0.0612035446494951,0.951197106805192,0.97885865505578
"YLR357W",519.501150406873,-0.00843834713783951,0.137961537284145,-0.0611644905091185,0.951228209230599,0.97885865505578
"YER185W",43.0353193158449,0.0230304301949061,0.385484370789912,0.059744134756264,0.952359420040286,0.979760862035423
"YJL184W",580.025586294029,-0.0144938635139989,0.244970886405788,-0.0591656573017831,0.952820163206529,0.980070915490911
"YHR060W",362.435138192572,0.00859875060338626,0.14809976136116,0.0580605297696401,0.953700414009526,0.980806065707503
"YOR285W",2301.02585634842,0.00669269613729619,0.115654680245637,0.0578679230540581,0.953853833983183,0.980806065707503
"YBL071W-A",103.313087685507,-0.0184664475798274,0.32097623945092,-0.0575321326320514,0.954121310350884,0.980917094392835
"YJL029C",543.117046271718,-0.00903173453530004,0.157837497404208,-0.0572217292077975,0.954368569112775,0.98094766417112
"YJL164C",865.243057577698,0.0102237636335014,0.179067930034003,0.0570943308026177,0.954470052422761,0.98094766417112
"YDL193W",580.664339415001,-0.00919566108628616,0.168220815546305,-0.0546642284215711,0.956405968314776,0.981199633124255
"YGL105W",5133.32135250496,0.00770630368765319,0.140628503433591,0.0547990165542248,0.956298583903057,0.981199633124255
"YGL190C",1423.11888032422,-0.00691241279675543,0.124899578039835,-0.0553437642083212,0.955864596775593,0.981199633124255
"YGR248W",749.819129436213,-0.0106272096442399,0.196375590942678,-0.0541167544969577,0.956842143649512,0.981199633124255
"YHL032C",1752.19919840795,0.0117322524264738,0.211809752445405,0.05539052046009,0.955827347821682,0.981199633124255
"YJL042W",1762.57833660399,-0.0082470198723159,0.152771171043038,-0.0539828281475473,0.956948845443786,0.981199633124255
"YKL005C",557.978985553767,0.00939809491173736,0.172915755699186,0.0543507147381459,0.956655744714727,0.981199633124255
"YKL079W",657.862283199675,0.00773607091789492,0.143156533362548,0.054039244568064,0.956903897261962,0.981199633124255
"YML085C",3056.28085848007,0.0101158845329241,0.185084170176982,0.0546555900661359,0.956412850436648,0.981199633124255
"YNL196C",147.880779998614,-0.016506971164087,0.294109917693342,-0.0561251769187131,0.955242087265764,0.981199633124255
"YOL051W",1158.03804523246,0.0093654544982229,0.173076248626238,0.0541117257426108,0.956846150144458,0.981199633124255
"YOR080W",339.818254327171,0.012491411784144,0.226727549289549,0.0550943712984412,0.956063280388809,0.981199633124255
"YOR205C",214.025930999778,-0.0103311010671965,0.183585875633276,-0.0562739428159142,0.955123576552732,0.981199633124255
"YPR040W",547.770219229335,-0.0105525771067064,0.188576988239781,-0.0559589863281115,0.955374480104595,0.981199633124255
"YIL007C",435.692623387467,-0.0123921639868501,0.231040726494654,-0.0536362751921005,0.957224954672867,0.98131913172831
"YML081W",856.735320611536,0.00914843723660529,0.171400178068242,0.0533747242255657,0.957433343644756,0.981369177235875
"YOR299W",1043.15860560559,-0.00949276222061625,0.182502472212587,-0.0520144308486883,0.958517194825,0.982316405294743
"YIL072W",88.3162772626271,0.0119209124640574,0.231816330288355,0.0514239546852851,0.958987696944331,0.982634844419799
"YNL163C",761.150645946379,-0.00970258692139405,0.192582841579538,-0.0503813675289801,0.9598184840862,0.983322285045832
"YGR194C",622.408773086274,-0.00870172139793575,0.178869924567363,-0.0486483203869113,0.96119956142595,0.984435361668166
"YKL197C",433.760660753312,-0.00708305740489973,0.14569312260696,-0.0486162783675647,0.961225097043469,0.984435361668166
"YNL305C",1380.45032263467,-0.0113267432390044,0.234161323344166,-0.0483715375248225,0.961420142507698,0.984471174895495
"YBR132C",664.193560238126,-0.00899924931714558,0.188857392325477,-0.0476510302632806,0.961994361921879,0.984864781254739
"YPL196W",685.675822265487,0.00817022141039762,0.172050488976647,0.0474873478069951,0.962124813947719,0.984864781254739
"YGL232W",488.853001883519,0.00938270145508063,0.199081030661397,0.047130062688087,0.962409567392746,0.984992318100414
"YIL100C-A",10.4740038463412,-0.0319429786083539,0.681347375886906,-0.0468820747519191,0.962607214659326,0.985030677230425
"YGL258W-A",29.1297434333058,-0.0169224291128026,0.369515008741314,-0.045796324134291,0.963472588654544,0.985752191020703
"YAL028W",519.594184532745,0.00888229161800334,0.197025647064121,0.0450819055811179,0.964042024012092,0.985944164012369
"YEL052W",1350.05532308367,-0.00607073967634031,0.136729617617695,-0.0443995952165572,0.964585884302598,0.985944164012369
"YER065C",992.671158014915,0.0113894652023633,0.256784735889449,0.0443541364050029,0.964622119489825,0.985944164012369
"YJR111C",367.594823581933,-0.00844246158489688,0.188865995298188,-0.0447008026594074,0.964345793909642,0.985944164012369
"YPL099C",241.678900070269,0.00912505476301229,0.201493301672568,0.045287137027715,0.963878440084833,0.985944164012369
"YPL214C",650.11476011129,0.00663582753873648,0.149135726133354,0.0444952239867923,0.964509658914867,0.985944164012369
"YAR030C",27.6353216328687,-0.0177253082770078,0.402467429333086,-0.0440415968725215,0.964871246508784,0.986034922902796
"YIR021W",207.81848659606,0.0120375563217632,0.27542415811077,0.0437055209838272,0.965139138315239,0.986144824827832
"YER018C",967.016816775495,-0.0147915337083718,0.347618340659006,-0.042551073917246,0.966059397492702,0.986228942846235
"YGL054C",984.733209681307,0.00786402536515877,0.185493209823437,0.0423952196020772,0.966183639129848,0.986228942846235
"YGL245W",7784.98212985948,0.0086391540132227,0.202653388539268,0.042630197676407,0.965996323100126,0.986228942846235
"YJR103W",1999.70801584791,-0.00608608820793196,0.141849425053065,-0.0429052723030439,0.96577704593253,0.986228942846235
"YKL193C",587.823631766006,0.00890211923822551,0.208579317861173,0.0426797792298401,0.965956798716786,0.986228942846235
"YNR059W",516.599031247326,-0.0114019507598786,0.26452923788434,-0.0431027997172237,0.96561958752364,0.986228942846235
"YDR196C",725.830586899875,0.00567006368755252,0.134944267395848,0.0420178181479903,0.966484493832315,0.986316589475134
"YOL041C",590.13664949909,-0.0100163957200535,0.239139567314022,-0.0418851461201342,0.966590257685631,0.986316589475134
"YML091C",908.290436014833,0.0116652905015574,0.283167662679489,0.0411957014836158,0.967139880484702,0.986550052244305
"YOR155C",1136.69804605771,-0.00596325829789453,0.144128395763805,-0.0413746248009795,0.966997241945391,0.986550052244305
"YDR240C",154.300624624211,-0.00895973854275833,0.222032259815374,-0.0403533187033659,0.967811446188047,0.987071375465421
"snR83",45.2840911349824,-0.0233419751696485,0.590865958409646,-0.0395046877171177,0.968488016178155,0.987597628833635
"YHR063W-A",67.0491382555936,-0.016094421053137,0.411304360614616,-0.0391301979611568,0.968786584908739,0.987722700800411
"YJL207C",564.952807354719,0.0078348037133621,0.201160821606037,0.0389479603971103,0.968931878687623,0.987722700800411
"YGR025W",34.4989109504751,0.0207182384073268,0.538089635154746,0.0385033218515138,0.969286382995015,0.987920327381395
"YFL067W",281.667114234304,-0.0142659472257373,0.376645677359185,-0.0378763067872213,0.969786303935239,0.988102347448926
"YJL053W",696.411016178162,0.005669953639371,0.149553194445729,0.0379126213945806,0.969757349867044,0.988102347448926
"YEL004W",164.97015517782,0.0114653796007936,0.30643365807744,0.0374155361154751,0.970153685315516,0.988252530648999
"YPR162C",241.725773481076,-0.00865810932792628,0.232193351014125,-0.0372883602829763,0.970255086188399,0.988252530648999
"YJR142W",607.648011744242,0.00769109818357636,0.207505027507424,0.0370646353775751,0.970433469522223,0.988270547700227
"YNR009W",285.613265636546,-0.00774552639144238,0.213019155116676,-0.0363607037461018,0.970994747313028,0.988678426485947
"YAL022C",1268.18457774763,0.00934799905479686,0.263418802657425,0.0354872126078027,0.971691242814678,0.988982067629032
"YJL222W",609.774038929117,-0.00469198632777826,0.132145636161374,-0.0355061768520943,0.971676121066769,0.988982067629032
"YLL019C",763.141032584854,-0.00521297073670602,0.147335282069163,-0.0353816863380961,0.97177538775321,0.988982067629032
"YCR020C-A",209.279354122441,-0.00647603455174586,0.18657602810761,-0.0347098961073967,0.97231106973098,0.989363514037976
"YMR119W",653.714183555765,-0.00860586865103791,0.269029622136675,-0.0319885542071121,0.974481178647124,0.991378127569243
"YMR130W",339.563742283592,0.00610599324598556,0.1918747590323,0.0318228060677731,0.974613359233112,0.991378127569243
"YJL068C",1039.20028888366,0.00413922083401475,0.132972364701526,0.031128429153725,0.975167117464982,0.991777372649188
"YDR223W",182.142092892376,-0.00685547349648773,0.226578429433239,-0.0302565143276698,0.975862477219747,0.992200511596922
"YER039C-A",48.9958408593237,0.00941226569974075,0.318808509594094,0.0295232574303754,0.976447270277149,0.992200511596922
"YHL012W",47.2931062568911,-0.00955919510756608,0.322081706229088,-0.0296794102946253,0.976322732891974,0.992200511596922
"YHR167W",134.659865928605,0.00584386774595348,0.196072421674441,0.0298046390004641,0.976222859024465,0.992200511596922
"YKL055C",54.6205868004391,-0.00881652469352441,0.299953396662834,-0.0293929816818668,0.976551170194499,0.992200511596922
"YOR266W",229.368298088742,-0.00557024482481328,0.188122397099737,-0.0296096844963127,0.976378341590118,0.992200511596922
"YLR265C",180.924846366464,0.0100114052530957,0.344829649574941,0.02903290150785,0.976838350039241,0.992328353607752
"YDL046W",2676.27413149911,-0.00551508889252734,0.19855995292,-0.027775434126686,0.977841259128826,0.992735133869274
"YDL106C",713.157871158127,0.00430541701530695,0.156175379741453,0.027567834459148,0.978006836293129,0.992735133869274
"YDR476C",2249.24172434857,-0.00801217281699885,0.291151860539822,-0.027518878986875,0.978045882294948,0.992735133869274
"YLL004W",131.950700004801,-0.00601758692758134,0.215698137434291,-0.0278981867862188,0.977743354616914,0.992735133869274
"YLR351C",1925.99275773091,-0.00552422910296423,0.199813008644021,-0.0276469942595478,0.977943699975438,0.992735133869274
"YKL196C",1859.3954543091,-0.00362844018081169,0.133914833336804,-0.0270951327078603,0.978383856873465,0.992914310193368
"YML105C",731.97217753372,-0.00413404268658032,0.156270960822582,-0.0264543243659569,0.978894964711274,0.993269102949074
"YIL035C",815.551606230508,0.00562615264951006,0.217724878917215,0.0258406511809304,0.979384437710534,0.993596175755744
"YPR048W",163.431220911,-0.00640395515226482,0.249714713992742,-0.0256450853450748,0.97954042497676,0.993596175755744
"YCR008W",1175.44915322935,0.00347546545657021,0.142281151280387,0.0244267453931496,0.980512214948849,0.99441789609753
"YKL134C",255.501633961284,0.00424905261110282,0.17632726277689,0.0240975362753701,0.980774808520593,0.994520209794171
"YBR221W-A",18.7005424331458,-0.011467165145624,0.510726563850611,-0.0224526507083703,0.982086881728082,0.995023598305444
"YCL069W",29.3409671779229,0.00835911555113675,0.365321068341417,0.0228815589231897,0.981744750392526,0.995023598305444
"YFL025C",335.760433047967,0.00410202911442448,0.184207806682889,0.0222684868154696,0.982233786524252,0.995023598305444
"YLR061W",10.7388936263702,-0.0130777220500764,0.605904083970275,-0.0215838156501319,0.982779943765642,0.995023598305444
"YNL127W",435.651776458328,-0.00381611778810448,0.177933333745751,-0.0214468964739194,0.982889164179768,0.995023598305444
"YOR131C",664.410067361872,-0.00363593354031909,0.159805901786711,-0.0227521856180998,0.981847948488705,0.995023598305444
"YOR213C",305.398125205095,0.00385162098079219,0.171330719075072,0.0224806211144455,0.982064570204495,0.995023598305444
"YPL028W",6093.56016505711,0.00366636682187703,0.168145385430339,0.0218047424405588,0.982603711166939,0.995023598305444
"YPL105C",1698.06365914999,-0.00291462444410001,0.135692347306864,-0.0214796523307882,0.982863034806528,0.995023598305444
"YPL189C-A",263.570187168732,-0.00487695988754114,0.224310245115356,-0.0217420291482142,0.982653737275048,0.995023598305444
"YDL194W",601.941826382995,0.00285917778661529,0.136733631359165,0.0209105671969243,0.983316997063703,0.995292878858093
"YGR119C",1142.78097767064,-0.00243790799444275,0.124357966576951,-0.0196039551107826,0.984359308718375,0.995439364617908
"YIL028W",113.50132249477,0.0064398601122968,0.328662270092511,0.0195941569760475,0.984367124997454,0.995439364617908
"YLR269C",65.1623741953873,0.00795018906798589,0.390623299280344,0.0203525726259359,0.983762117565681,0.995439364617908
"YMR306W",182.144223979194,-0.00424169907471946,0.21160582394157,-0.020045285123583,0.984007247507364,0.995439364617908
"YNL139C",563.606032695108,-0.00454222542476213,0.232794616440659,-0.0195117288114778,0.984432880586361,0.995439364617908
"YPR036W",6136.33539539822,0.00433858185629189,0.218367427307816,0.0198682647397596,0.984148461214786,0.995439364617908
"YCR048W",1056.9289463813,-0.00445148773129151,0.270430902457053,-0.0164607213556093,0.986866837656787,0.995771232693607
"YDR472W",416.001543084331,-0.00285353692404525,0.157245796217079,-0.0181469838475423,0.985521596421743,0.995771232693607
"YFL031C-A",117.894256143858,-0.00807567721819543,0.434060193863332,-0.0186049707675755,0.98515623742418,0.995771232693607
"YGR040W",346.903477831803,-0.002499537662579,0.150998221368655,-0.016553424536548,0.986792881296634,0.995771232693607
"YIL143C",775.699519403303,0.00201497316400259,0.124037312238213,0.0162448954080273,0.987039018824454,0.995771232693607
"YIR011C",891.168533029002,-0.00283943326410724,0.160696538338585,-0.0176695359680033,0.985902483628538,0.995771232693607
"YJL111W",3327.6334279746,-0.00217007427597782,0.122504321828744,-0.0177142670852992,0.985866798945813,0.995771232693607
"YJR108W",48.3917632393319,-0.00726294341605923,0.388821468596291,-0.0186793785905898,0.985096878886361,0.995771232693607
"YJR160C",159.316616955725,-0.00365347311900242,0.214508193687339,-0.0170318581132039,0.986411200355524,0.995771232693607
"YKL220C",241.842536469749,-0.00265738579364469,0.167627182191621,-0.0158529527186523,0.987351703571644,0.995771232693607
"YKR028W",1507.43191360669,0.00206174946250536,0.129236798451321,0.0159532694032338,0.987271672558779,0.995771232693607
"YML049C",961.37808705237,-0.00227362799699899,0.126732812691163,-0.0179403261769281,0.985686458546651,0.995771232693607
"YNL268W",2299.56579366992,0.00239679570199603,0.148637653449909,0.0161250910947928,0.98713459631697,0.995771232693607
"YOR002W",1211.74081211634,-0.00220622105643458,0.121669282727762,-0.018132933859494,0.985532804846023,0.995771232693607
"YPL171C",98.7894926156729,0.00472135225956372,0.295274327029906,0.01598971474105,0.987242597095069,0.995771232693607
"YPL248C",400.285437564447,-0.00316745188648612,0.194690553879157,-0.0162691605903599,0.987019660568381,0.995771232693607
"YLR382C",602.360554890305,-0.00288034954573761,0.185304945253476,-0.0155438352807995,0.987598313212741,0.995856636540147
"YDR160W",581.456791319695,0.00205466035579639,0.13499358529508,0.0152204295582278,0.987856323118864,0.995953506095248
"YDR538W",53.4575431880496,-0.00528120654769218,0.357280024882534,-0.0147817011304467,0.988206338370444,0.996143088178697
"YMR095C",38.9164236291987,-0.0052301057451955,0.37117020995162,-0.0140908553676148,0.988757496092229,0.996535332836317
"YBR216C",384.477026378858,0.00294895488145431,0.217936775964354,0.0135312402801473,0.989203961742101,0.996658644284718
"YKR070W",843.573871039122,0.00217162116486543,0.159142967468883,0.013645724969217,0.98911262460924,0.996658644284718
"YKL010C",874.682093737518,0.00221171587174125,0.168669025518012,0.0131127565654019,0.989537833806214,0.99683172447309
"YLL051C",766.227481766626,-0.00180353572952297,0.141683595188049,-0.0127293193480109,0.989843746902479,0.9969765875287
"YDR158W",5712.35288252212,-0.00173077926867066,0.149399237260084,-0.0115849270746785,0.990756772305972,0.997079716851862
"YDR284C",1045.92226346987,0.00141300409533795,0.119058547642558,0.0118681449027929,0.990530812710903,0.997079716851862
"YJL105W",119.713696615413,-0.00251736283772081,0.21403980447315,-0.0117611901389893,0.990616144309833,0.997079716851862
"YJL129C",1376.04759138365,0.0017430322998985,0.148998618129007,0.0116983118487,0.99066631047563,0.997079716851862
"YNL072W",335.582109151876,-0.00300619460120748,0.256755213457053,-0.0117084072441252,0.990658256067105,0.997079716851862
"YGL056C",886.827697853944,-0.00209885275929212,0.197237985172608,-0.0106412198312377,0.991509695222917,0.997189457918119
"YHR198C",338.45003752753,-0.00183014173173737,0.172081362482238,-0.0106353279944903,0.991514395962487,0.997189457918119
"YPL133C",306.91931466436,0.00239134868636781,0.216096736167613,0.0110661027499878,0.991170707671735,0.997189457918119
"YPL277C",130.745727306236,-0.00246839296329114,0.228804211279387,-0.0107882322160454,0.991392403044016,0.997189457918119
"YJL131C",313.651267040429,0.00217334006531117,0.212676647287461,0.0102189878062804,0.991846569309935,0.997220878533525
"YML086C",1546.93431623691,0.00139937439291245,0.137332260971453,0.0101896989317268,0.991869937234077,0.997220878533525
"YBL099W",4291.89192185552,-0.0010856079666162,0.124574096983243,-0.00871455617906051,0.993046878177979,0.997717610416768
"YKL214C",398.153181472141,-0.00161076292042678,0.175938733068577,-0.00915524905933558,0.992695270170747,0.997717610416768
"YML005W",218.908225122629,-0.00176996938295282,0.201113615322904,-0.0088008431458556,0.992978033779536,0.997717610416768
"YNL089C",10.6394139631593,0.00573939732654318,0.657910207901376,0.00872367879022717,0.993039599664047,0.997717610416768
"YOR156C",245.043669792465,-0.00138431474876958,0.161836657029127,-0.00855377745797375,0.993175156255521,0.997717610416768
"YPL151C",554.087094040449,0.00123411077080992,0.148419123084609,0.00831503882492552,0.993365635349056,0.997745983569605
"YDR096W",1764.63562338634,0.00102597596016046,0.154922806709536,0.00662249788750638,0.994716049805092,0.997961452903967
"YHR075C",233.002653573418,0.00127957132078904,0.18207242028831,0.00702781518893884,0.994392660922528,0.997961452903967
"YJL163C",728.020895159519,-0.00137091478767213,0.20384151267112,-0.00672539547861372,0.99463395123426,0.997961452903967
"YJR161C",398.703740597423,0.0017991676661116,0.258634067918492,0.00695642179157391,0.994449623219564,0.997961452903967
"YNL181W",527.529548781516,-0.00135405856451408,0.176213140438764,-0.00768420880044773,0.99386894877296,0.997961452903967
"YNR034W",515.687107401157,0.00129051988598187,0.190182112567302,0.00678570591398378,0.994585831567073,0.997961452903967
"YPL029W",263.296161054758,0.00123529502465477,0.163509948059844,0.00755486158067064,0.993972149926696,0.997961452903967
"YKL120W",564.662714643732,-0.00102254117255485,0.16264035705021,-0.00628713064272957,0.994983628576302,0.998067087872167
"YIL096C",103.139602185855,-0.00145188416663263,0.284663246362165,-0.00510035694873465,0.995930521579687,0.998834130304804
"YNL051W",281.726091904538,0.00121588328631191,0.247049035730951,0.00492162733084322,0.996073125391766,0.998834130304804
"YDL088C",757.551369552486,0.000688136345228509,0.160715412552495,0.00428170723827586,0.996583702339212,0.999020337308257
"YML014W",588.942119334997,0.000966701113276565,0.221799337243343,0.00435844906162172,0.996522471794589,0.999020337308257
"YDR156W",365.962684318295,-0.000852319840857549,0.23892543182098,-0.00356730480452231,0.997153708609619,0.999247877952288
"YER100W",867.876960022643,-0.000473970887341135,0.139967048747342,-0.00338630335913357,0.997298125995308,0.999247877952288
"YLR242C",168.895355421514,-0.00065457303748297,0.186430610043288,-0.003511081347269,0.997198568157157,0.999247877952288
"YGR213C",172.410377791292,0.000703713186048434,0.261751183077795,0.00268848139585785,0.99785490478634,0.999317320377136
"YLR433C",433.781042071853,0.000448952322657206,0.163745695715451,0.00274176564272793,0.99781239026514,0.999317320377136
"YOL085W-A",13.8086557068427,-0.00151228175104199,0.556852743842769,-0.00271576600414308,0.997833134898119,0.999317320377136
"YKL102C",15.7515584757352,-0.00130359736265641,0.570269930652258,-0.00228593038592337,0.998176093026466,0.999476224700874
"YER040W",548.033137095949,-0.00031082008410178,0.151376943917686,-0.00205328550080119,0.998361716351153,0.999499357896726
"YCL057C-A",1479.87575115348,-0.000249826543686228,0.270773253090739,-0.000922641142855083,0.999263838981399,0.999645267521913
"YDR166C",394.616547428438,-0.000216389754858731,0.269905156270785,-0.000801725160973345,0.99936031594058,0.999645267521913
"YGR037C",2837.83187479516,-0.000131759874256202,0.131253738281866,-0.00100385616425834,0.999199038799797,0.999645267521913
"YKL071W",96.4080339300998,0.000284924428049419,0.258072221115761,0.00110404919528946,0.999119096371671,0.999645267521913
"YNL253W",339.355182520505,0.00019631575306787,0.190044059243848,0.0010330012621756,0.999175784388206,0.999645267521913
"YPL013C",580.140456642225,0.000109234774118291,0.168491602590597,0.000648309900545672,0.999482723575975,0.999645267521913
"YKR073C",9.05831300099798,-1.13447291728238e-05,0.854983598512415,-1.32689436295182e-05,0.99998941291474,0.99998941291474
"15S_rRNA",4.79203060856519,-0.409830942987847,0.993056558764875,-0.412696476721909,0.679829006521783,NA
"HRA1",2.14561240444941,-0.862410526471601,1.54241850037738,-0.559128748948872,0.576073855623151,NA
"Q0045",0.513800080194479,-1.21104149598143,2.78046318007971,-0.435553869102741,0.663160446763446,NA
"Q0050",3.63208241878716,-0.83856536853466,1.07160259941945,-0.782533906682349,0.43390086675001,NA
"Q0055",1.72797913931822,0.0368071107945666,1.5205078697661,0.0242071162711106,0.980687401831266,NA
"Q0065",0.367799636567828,-0.310906353154779,3.54454873433666,-0.0877139451188737,0.930104035743512,NA
"Q0085",0.288758600845033,1.5061605684963,3.80768312910334,0.395558274527686,0.692430923685104,NA
"Q0110",0.149133748260025,0.650878948301193,4.0804728567969,0.159510667303427,0.87326655462673,NA
"Q0130",1.80730801844102,-1.65775015181918,1.53309711866145,-1.0813079821496,0.279560137938983,NA
"Q0160",0.757159936893749,2.88558062667189,2.3377740933305,1.2343282590496,0.21708060985163,NA
"Q0250",0.311018678603336,-1.96169250893615,4.05735995394124,-0.483489887810077,0.628747938097423,NA
"Q0275",0.593401688406725,1.14513521130783,2.63447316582325,0.43467332526425,0.663799563046745,NA
"RDN5-2",3.66451359048005,-1.25243174060269,1.11225081778164,-1.12603355338559,0.260151317228963,NA
"RUF22",0.304643087561692,-0.310904410013264,3.77912728590251,-0.0822688378803878,0.934432934165448,NA
"YAL018C",1.56354412035612,0.25287407893935,1.63048442121011,0.155091379991029,0.876749277731861,NA
"YAL019W-A",0.661961685364856,-0.353394564123562,2.59333986928184,-0.136270054037084,0.891607796439616,NA
"YAL031W-A",7.96872692919497,1.72321144761861,0.819406100472326,2.10300051052257,0.0354657248637648,NA
"YAL042C-A",0.358290740892811,-0.310906100814785,3.57588112718275,-0.0869453121501642,0.930714981979981,NA
"YAL045C",2.86460876999853,1.10246426952595,1.17402556075225,0.939046223848448,0.347707012387498,NA
"YAL047W-A",0.914920412644382,-0.143612845312546,2.08488764232453,-0.0688827744944688,0.945082929909926,NA
"YAL056C-A",3.8324810586293,1.253458780994,1.0398942677302,1.20537137273576,0.228059967746286,NA
"YAL063C-A",4.76671099858281,2.11220157500229,0.995712919319201,2.12129574099176,0.0338969225664144,NA
"YAL066W",0.139624852585008,0.650878948301193,4.0804728567969,0.159510667303427,0.87326655462673,NA
"YAL067W-A",1.38109325576927,0.348191453308082,1.66164206962306,0.20954660433403,0.834021557821896,NA
"YAR019W-A",4.64531228616374,-0.232071740542931,0.958099634764444,-0.242220884052406,0.808609013664065,NA
"YAR035C-A",2.86998963152562,0.328068532984035,1.25014840811817,0.262423669744837,0.792994826124861,NA
"YAR047C",5.38813502413543,0.406483266045374,1.03199349064874,0.3938816181775,0.693668442195077,NA
"YAR060C",4.88925481678253,1.16232152497398,1.0741338575838,1.0821011895003,0.279207567330457,NA
"YAR061W",5.80813647880012,-0.81836717294905,0.793084292797185,-1.03187918406843,0.302128718531044,NA
"YAR069C",3.44265800171879,-1.22678983489867,1.10989471778964,-1.10532090588001,0.269020562330729,NA
"YAR070C",3.61367042987662,-0.555299244749306,1.04117975775105,-0.533336573838847,0.593800614430543,NA
"YBL008W-A",2.39888914786864,-1.14442079327219,1.21677368032538,-0.940537103799088,0.346942126813348,NA
"YBL012C",7.49311638752189,0.012875132631538,0.790428650401683,0.0162887980148431,0.987003994246538,NA
"YBL053W",5.05916479382727,-0.468543641268074,0.929103419391814,-0.504296541686156,0.614053007324447,NA
"YBL062W",2.2394118850781,3.37179149711605,1.63388848994985,2.0636607197224,0.0390498961373231,NA
"YBL065W",1.6038498463748,-0.843223467114013,1.66589106635319,-0.506169631463309,0.612737571998505,NA
"YBL070C",2.27219823155112,1.03118517232946,1.28931264355196,0.799794508714832,0.423829865131618,NA
"YBL071C-B",4.0798432730015,-0.351851116753712,0.984017515103941,-0.357565908485426,0.720668194786484,NA
"YBL073W",1.28812349716421,-0.952338940043444,1.69282912345791,-0.562572398387215,0.573726091547743,NA
"YBL083C",3.68873175145162,0.878454045208,1.05265404533649,0.834513531867156,0.403991665232174,NA
"YBL094C",0.923169321829739,1.93760783257832,2.10567917868006,0.920181883449547,0.357477719873507,NA
"YBL096C",4.79496495651843,0.955549776267709,0.990145681381061,0.965059782854279,0.334514869063373,NA
"YBL100W-C",3.88339581205721,-0.0139128546569733,0.945399024385429,-0.0147163835566867,0.988258448585901,NA
"YBL108W",4.28954930336842,2.18017112739919,1.12685954579157,1.93473191538499,0.0530232017870668,NA
"YBR040W",2.23727694661476,1.53408447687335,1.38354910841557,1.10880377685341,0.267514840818314,NA
"YBR064W",0.319267587788692,1.63172007893206,4.03051078156604,0.404842008212682,0.685593648022075,NA
"YBR072C-A",2.77067803417386,0.891491659131895,1.20402869644075,0.740423929900714,0.459042803103002,NA
"YBR089W",0.304643087561692,-0.310904410013264,3.77912728590251,-0.0822688378803878,0.934432934165448,NA
"YBR103C-A",1.13133516450322,1.02873827060117,1.80352549230948,0.570404064144297,0.568403673706643,NA
"YBR116C",4.29080928985808,1.50958300726672,0.972110806622407,1.55289191004033,0.120448959839874,NA
"YBR124W",1.56726422055932,1.68317986679672,1.86562949905312,0.902204788062688,0.366948091825842,NA
"YBR134W",5.90878650279145,-0.558042167933897,0.818788874338263,-0.68154586050635,0.495526158630136,NA
"YBR174C",1.59689103931858,-0.207953844272965,1.51849736236102,-0.136947122482735,0.891072591336026,NA
"YBR178W",1.83072299347317,1.4323644695882,1.66953084631374,0.857944297795276,0.390923222046629,NA
"YBR182C-A",5.23202431704843,0.782611267981343,0.864017184093011,0.905782063585781,0.365051216481994,NA
"YBR200W-A",2.33276304154367,1.73513695581103,1.36688635568118,1.26940835176187,0.204295458980287,NA
"YBR219C",0.754026632260376,1.58719351359452,2.43682178926543,0.651337541623416,0.514828619383921,NA
"YBR224W",3.92113639224676,-0.116408982127817,1.10499462999629,-0.105348007101363,0.916099670720073,NA
"YBR232C",6.29455724002883,-0.290851988144617,0.778315752546833,-0.373694078775717,0.708631931150948,NA
"YBR277C",0.454767985781022,0.586796112931203,2.87520882493232,0.204088171906962,0.838284597265434,NA
"YBR298C-A",1.66829649751007,0.895536417308137,1.5837612887753,0.56544911386276,0.571768326522897,NA
"YCL023C",2.79268438971238,-1.46304409626206,1.16069610470919,-1.26048850368859,0.207493192515591,NA
"YCL046W",1.32586765690901,-0.345820454443818,1.7895855947719,-0.193240521970058,0.846770604822982,NA
"YCR049C",2.0300983613415,-1.27458669109406,1.32437138340479,-0.96240881301532,0.335844288426729,NA
"YCR050C",5.18349226826929,1.01787178916913,0.862954564420628,1.17951956120948,0.238191352190607,NA
"YCR064C",2.01932947917683,-0.31375584487772,1.39057145982631,-0.225630867554918,0.821488531025275,NA
"YCR087W",0.46015242686336,-1.0137552393314,3.29855830069868,-0.307332824499927,0.758590053524366,NA
"YCR102W-A",5.22617285793713,0.147933560756897,0.939045810356776,0.157536042571439,0.87482240464702,NA
"YCR108C",0.139624852585008,0.650878948301193,4.0804728567969,0.159510667303427,0.87326655462673,NA
"YDL011C",0.299258646479354,1.54938223728125,3.76414252708259,0.411616251545635,0.680620717950455,NA
"YDL022C-A",0.748911027708393,0.415045351970979,2.46173207996827,0.16859891267141,0.866112135881466,NA
"YDL023C",3.35128099116838,-2.23336653708221,1.22724431107715,-1.81982227737686,0.0687860740338995,NA
"YDL026W",0.645493982633612,1.19658799151224,2.58112148579152,0.463592278821118,0.642939887275766,NA
"YDL034W",4.54574642449713,-0.0330561746606494,0.923913289700215,-0.0357784383330769,0.971459025775183,NA
"YDL041W",0.308767542154371,1.58825981917347,3.72684940084032,0.426166890139256,0.66998624189053,NA
"YDL062W",1.31793670676313,0.438539905415668,1.5746679858707,0.278496743028139,0.780631064876807,NA
"YDL068W",3.04626008530144,-0.565919611107714,1.17476401753852,-0.481730460465994,0.629997434561912,NA
"YDL096C",2.73081794283538,-0.284629401242217,1.19117411229755,-0.238948612384819,0.811145429914645,NA
"YDL114W",4.93399579732287,1.08111019379275,0.904580609598536,1.19515074977404,0.232028136811497,NA
"YDL114W-A",4.85827213769425,-0.214157599832775,0.842889925568254,-0.254075405739837,0.799437303417469,NA
"YDL151C",3.79259838086591,0.0577582819728974,0.959936185152784,0.0601688767089289,0.952021133576376,NA
"YDL152W",0.155509339301668,-1.2726744033413,4.0804728567969,-0.311893853483521,0.755121193883532,NA
"YDL159W-A",0.68706722435652,1.21963152670531,2.54111188669271,0.479959789685873,0.631255985457674,NA
"YDL162C",0.821595479259202,0.267055071615099,2.173622700715,0.122861742071084,0.902216581443571,NA
"YDL187C",1.69681960497987,0.188178948079711,1.52069217645232,0.123745588353536,0.901516714751323,NA
"YDL240C-A",1.88819614922715,0.203754106803491,1.36028204723183,0.149788131967286,0.880931773033976,NA
"YDR014W-A",6.54596656423848,1.38244410248862,0.816555402851168,1.69301935626357,0.0904517828958129,NA
"YDR048C",0.754026632260376,1.58719351359452,2.43682178926543,0.651337541623416,0.514828619383921,NA
"YDR053W",1.28558451731523,2.41526546675284,1.9236989962551,1.25553190569558,0.209285733258832,NA
"YDR095C",4.09058951164104,-0.161764279991078,0.917686654160213,-0.176273981165292,0.860078701972261,NA
"YDR114C",4.32410350675616,-0.161409159493799,1.01794688623242,-0.158563439484745,0.874012835363249,NA
"YDR118W-A",5.7896451387593,0.698095127174232,0.786076357039007,0.888075466108429,0.374500158670288,NA
"YDR169C-A",7.31999623887407,-0.559753065277125,0.697099569798882,-0.802974337566465,0.421989567389504,NA
"YDR193W",2.00373283586018,-0.80095898109963,1.35075960729007,-0.592969301700199,0.553201696904356,NA
"YDR203W",1.34967945711607,0.155331336308324,1.84224283609224,0.0843164284670597,0.932804850885803,NA
"YDR220C",7.51886525769752,0.291549793840556,0.806410947039094,0.361539975258324,0.717695827023474,NA
"YDR269C",0.501744675455926,-1.12462488055984,2.79166090878655,-0.40285153437517,0.687057447037471,NA
"YDR271C",0.288758600845033,1.5061605684963,3.80768312910334,0.395558274527686,0.692430923685104,NA
"YDR278C",0.279249705170016,1.4637240644761,4.04552512143308,0.361813119567923,0.717491687449857,NA
"YDR290W",0.495369084414282,0.620463255280014,2.80963129476597,0.22083440501103,0.825221373525303,NA
"YDR320W-B",2.00851505405828,-1.23452448319901,1.48020887986113,-0.834020454812321,0.404269457444309,NA
"YDR340W",5.65981344569407,0.0991240246553598,0.812827759634842,0.121949605534991,0.902938929234801,NA
"YDR374C",2.90500478392629,1.24791543278042,1.34156147421457,0.930196235331688,0.35226949074191,NA
"YDR401W",0.457901290414395,2.1596537426872,3.23663647299711,0.667252489028332,0.504610868622799,NA
"YDR413C",0.811095433624881,0.241063366648896,2.41553084721471,0.0997972627535929,0.92050528120928,NA
"YDR426C",1.85131515079709,1.36604051575372,1.55347699083541,0.879343900046506,0.37921483983254,NA
"YDR431W",1.07771015469724,-1.35970792065787,2.0086392018117,-0.676929893348429,0.498450436408378,NA
"YDR442W",5.27681720165447,0.905911617737799,0.869203028089884,1.04223246866567,0.297303913081055,NA
"YDR445C",0.299258646479354,1.54938223728125,3.76414252708259,0.411616251545635,0.680620717950455,NA
"YDR446W",2.2572331287595,0.437732966379568,1.58605478479482,0.275988553848218,0.782556857649319,NA
"YDR455C",1.64228978346434,-1.49630149768727,1.56137528368108,-0.958322776930098,0.337900021870083,NA
"YDR509W",0.657254014757594,-1.6721422830429,2.55071698224723,-0.655557748931329,0.512108718169248,NA
"YDR521W",1.15190109874676,2.33523580781299,2.19325322094135,1.06473606673227,0.286995383947126,NA
"YDR524C-A",3.61635804272956,2.54698641344611,1.20560970471072,2.11261273320393,0.0346339279745363,NA
"YDR525W",2.99729024284172,1.15904542452428,1.15298214080433,1.00525878372732,0.314772256068442,NA
"YDR526C",2.36556481533109,-0.305708901530824,1.32264240026271,-0.231134962458563,0.817209954288653,NA
"YDR537C",4.49209519161076,-0.256739790946685,0.939649561350855,-0.273229298992692,0.784676959194506,NA
"YDR543C",0.437331776615607,-2.37968985445091,3.97831953439131,-0.598164585292671,0.549730119263749,NA
"YDR544C",2.34927239466971,0.0196411317239495,1.37288092544622,0.0143065078404856,0.988585447657536,NA
"YEL009C-A",1.26683556249555,0.460170031585006,1.67603878837987,0.274558103771469,0.783655758001019,NA
"YEL010W",0.46015242686336,-1.0137552393314,3.29855830069868,-0.307332824499927,0.758590053524366,NA
"YEL018C-A",0.155509339301668,-1.2726744033413,4.0804728567969,-0.311893853483521,0.755121193883532,NA
"YEL020C-B",3.12340515935539,-0.950373834717537,1.15145453551221,-0.825368093491223,0.409162643565605,NA
"YEL030C-A",0.678818315171164,-1.7346445937072,2.53648734971831,-0.683876698182564,0.494053029347797,NA
"YEL053W-A",4.53170514028471,-0.266506081981508,0.895716636584669,-0.297533919876363,0.766058915537099,NA
"YEL076C",5.99697046364317,-0.336290759367426,0.840154912470836,-0.400272324038931,0.688955950081806,NA
"YER006C-A",6.68698660816843,0.425429537711075,0.768746734048788,0.553406627785524,0.579985001538637,NA
"YER038W-A",0.437892349105057,2.1042369348255,3.27820559643416,0.641886810611992,0.520946678589157,NA
"YER046W-A",2.18577144795771,2.29297172763382,1.60053047061929,1.4326323489153,0.151962932029147,NA
"YER053C-A",4.76530990830375,0.182946167994033,0.874240609705218,0.209262948853085,0.834242973951506,NA
"YER068C-A",2.40357417495077,0.317528317803253,1.17634018194332,0.269928990505701,0.78721488352968,NA
"YER078W-A",3.97917727960069,0.563456557752604,0.94351928646642,0.597186052086766,0.550383170409318,NA
"YER079C-A",0.304643087561692,-0.310904410013264,3.77912728590251,-0.0822688378803878,0.934432934165448,NA
"YER084W-A",1.41215923564713,1.39877946547905,1.75934064907619,0.795058913811563,0.426579232907324,NA
"YER085C",0.378299682202149,-0.310906618306054,3.51132435630331,-0.0885439756506497,0.929444334053886,NA
"YER091C-A",0.804136626568653,1.62358942895936,2.401113635423,0.676181837047181,0.498925202839685,NA
"YER097W",7.85973848329074,-0.583426488583912,0.78422983950746,-0.743948341662613,0.456907727982954,NA
"YER106W",6.48410532719716,0.373365352405406,0.784303619373953,0.476046958323912,0.634040923950125,NA
"YER137W-A",0.733026540991733,1.54703150325825,2.44890300200732,0.631724287156402,0.527567054937745,NA
"YER148W-A",2.02557708157392,0.624409839591237,1.68890984379806,0.369711765186382,0.711597264639012,NA
"YER152W-A",0.950137070195304,0.765604677325898,1.90924772741622,0.400998082298094,0.688421535809546,NA
"YER165C-A",2.96463878822016,-0.915037106147246,1.15524565165266,-0.79207145669687,0.428319012127613,NA
"YER181C",3.48634717503538,-0.495797157794986,1.10324034946887,-0.449400856335319,0.653142513685005,NA
"YFL013W-A",8.05978930435755,0.503034398570327,0.783223963992496,0.642261245437514,0.520703572756868,NA
"YFL015W-A",0.304643087561692,-0.310904410013264,3.77912728590251,-0.0822688378803878,0.934432934165448,NA
"YFL063W",0.288758600845033,1.5061605684963,3.80768312910334,0.395558274527686,0.692430923685104,NA
"YFR010W-A",3.87686958884588,1.79709941104598,1.30978118158313,1.37206079634907,0.170044512417961,NA
"YFR012W-A",5.52742402181381,1.99555504387205,0.933912194111119,2.13676944840771,0.0326167482100799,NA
"YFR034W-A",3.40821484358121,1.85040513418552,1.12314825349998,1.6475163705408,0.0994519541659421,NA
"YFR036W-A",6.85807716347234,0.672696354641977,0.933236394417091,0.720820960976506,0.471019677231943,NA
"YFR057W",0.308767542154371,1.58825981917347,3.72684940084032,0.426166890139256,0.66998624189053,NA
"YGL006W-A",5.43908352985828,-0.0282095569773642,0.95196044637903,-0.0296331187757483,0.976359651941567,NA
"YGL015C",7.7022169843346,-0.00683334235045852,0.773958470096935,-0.0088290814229382,0.992955503769577,NA
"YGL033W",7.7743522851696,0.953909656605843,0.746485302289375,1.2778679683047,0.201295983996737,NA
"YGL041C-B",2.65400903669189,-0.607540379554219,1.16570548455793,-0.521178280107873,0.602242583231741,NA
"YGL069C",0.186601542259912,-1.2726744033413,4.0804728567969,-0.311893853483521,0.755121193883532,NA
"YGL072C",2.41150512509664,-0.0996024764091475,1.22277447488588,-0.0814561298545614,0.935079212196687,NA
"YGL088W",0.218665888307803,-1.2726744033413,4.0804728567969,-0.311893853483521,0.755121193883532,NA
"YGL132W",8.22408347543385,0.335627021667267,0.734002525789455,0.457255949230263,0.64748708800205,NA
"YGL138C",2.6453560861209,0.99082469005222,1.17245630949897,0.845084530676995,0.398063644657419,NA
"YGL152C",0.896224216989307,0.138544315919815,2.37042919699032,0.0584469327730698,0.953392631693265,NA
"YGL182C",4.0172092827455,0.288883078142326,0.980731420676245,0.294558807897816,0.768330933175537,NA
"YGL214W",4.2292715387772,-0.0817872689408815,1.1588194478566,-0.0705780948810955,0.943733544680593,NA
"YGL217C",1.05486686092435,0.572783112163463,2.23417558096231,0.256373365210962,0.79766255222317,NA
"YGL235W",0.186601542259912,-1.2726744033413,4.0804728567969,-0.311893853483521,0.755121193883532,NA
"YGL239C",3.48070111363342,-0.12844032942646,1.01899441147666,-0.126046156858046,0.899695388019512,NA
"YGL260W",4.15541398108156,-0.607003283986908,0.924816585120518,-0.656349911704715,0.511599010271891,NA
"YGR022C",1.45091323921706,-1.93401316768999,1.8277437638685,-1.05814239715777,0.289990527881401,NA
"YGR064W",2.87297029761426,-0.159750179511065,1.11741026502264,-0.14296466079791,0.886318091039945,NA
"YGR073C",0.295134191886676,-0.310904051951253,3.82078178342666,-0.0813718420925937,0.935146241588742,NA
"YGR114C",0.298267496520049,1.54609974229093,4.03795156738934,0.382892096769386,0.701799771516396,NA
"YGR151C",1.21506122730814,3.56768507086754,2.04862672960428,1.7415007913895,0.0815958346678244,NA
"YGR160W",1.53563045198129,-0.0194094325128164,1.60115837926091,-0.0121221190634344,0.990328185227697,NA
"YGR259C",0.155509339301668,-1.2726744033413,4.0804728567969,-0.311893853483521,0.755121193883532,NA
"YGR265W",3.9648933819383,0.414098129080707,0.952684033759858,0.43466470981615,0.66380581752015,NA
"YGR273C",0.295134191886676,-0.310904051951253,3.82078178342666,-0.0813718420925937,0.935146241588742,NA
"YGR291C",1.24626604869676,-1.73419413294628,2.12225551268734,-0.817146720825488,0.413844585898543,NA
"YHL002C-A",0.641369528040934,-0.23793129518153,2.34996835283323,-0.101248723156067,0.919353019922383,NA
"YHL030W-A",0.466528017905004,-2.5296232142275,3.85774675754826,-0.655725575889064,0.512000709760051,NA
"YHL041W",3.69386636287326,1.17336203748075,1.02627376677702,1.14332264495628,0.252904656373778,NA
"YHL045W",6.57413163545421,0.0826540206526012,0.800874401825759,0.103204722818178,0.917800491663206,NA
"YHL048C-A",1.15190109874676,2.33523580781299,2.19325322094135,1.06473606673227,0.286995383947126,NA
"YHR022C-A",2.80473979445094,-1.5001200361336,1.22972829255113,-1.21987925724757,0.222510650192191,NA
"YHR028W-A",4.05211156081219,0.0786135582670465,1.05575340073935,0.0744620459777755,0.940642740217125,NA
"YHR056W-A",0.186601542259912,-1.2726744033413,4.0804728567969,-0.311893853483521,0.755121193883532,NA
"YHR069C-A",0.475360143104944,0.550229472376756,2.83609753017614,0.194009361992069,0.846168551373045,NA
"YHR071C-A",5.80911615110432,-0.181673757461683,0.825961384996328,-0.21995429902875,0.825906747142459,NA
"YHR079C-A",2.51498640699112,-0.865810674067449,1.20119260001062,-0.720792547389817,0.471037161384356,NA
"YHR086W-A",6.47061739926346,0.813096000616115,0.778298143067427,1.04471018960876,0.296156933970416,NA
"YHR125W",1.60441794807881,3.97845568914294,1.85459063330425,2.14519345547145,0.031937382660346,NA
"YHR126C",2.92176785927211,1.56456690367137,1.31034641423814,1.19401013859456,0.232474002148636,NA
"YHR131W-A",7.92242869615704,-1.65707661836455,0.732855371321065,-2.26112365851595,0.0237516007365006,NA
"YHR165W-A",1.33924728495692,-4.01315916677676,2.02115524300184,-1.98557690245326,0.047080323251267,NA
"YHR180W-A",0.186601542259912,-1.2726744033413,4.0804728567969,-0.311893853483521,0.755121193883532,NA
"YHR185C",1.70571906155991,1.13101080343306,1.51045349141805,0.74878889675129,0.453984452995164,NA
"YHR212C",7.29727504202093,1.07096358896303,0.760965318434561,1.40737503144846,0.159316211034842,NA
"YHR214C-D",1.17889507019271,0.02763783388719,1.93772322530981,0.0142630451687811,0.988620122314311,NA
"YHR214C-E",3.53558253037381,-0.276592787726473,1.06670119169381,-0.259297345761162,0.795405827172705,NA
"YHR217C",5.90855805647951,1.35070974457358,0.870285423084816,1.55203075766322,0.120654864255656,NA
"YIL025C",3.00678013164708,1.16793913870574,1.12114951817623,1.04173361337712,0.297535200313861,NA
"YIL029W-A",0.335735290519936,-0.310905450246741,3.65542184142843,-0.0850532342732974,0.932219069165157,NA
"YIL032C",5.22888348320049,-0.110927615325293,0.817559120490044,-0.13568146027018,0.892073104729994,NA
"YIL054W",7.30908851519863,0.620430717869855,0.762581092579523,0.813593103614951,0.415878089955435,NA
"YIL066W-A",1.67975757746423,-2.29030522547856,1.73194251108038,-1.32239102096401,0.186037977264776,NA
"YIL068W-A",5.90122901621405,0.576869276985236,0.896173875509659,0.643702402792279,0.519768431521387,NA
"YIL100W",2.71776780858227,-0.686247122553309,1.14575582187694,-0.598947096274946,0.549208163917371,NA
"YIL115W-A",5.41238547312198,0.0220388915484435,0.830438413712875,0.0265388633094512,0.978827536067445,NA
"YIL142C-A",0.149133748260025,0.650878948301193,4.0804728567969,0.159510667303427,0.87326655462673,NA
"YIL156W-A",3.04615536497091,-0.347887878760936,1.33948995201947,-0.259716676662222,0.795082327842223,NA
"YIL171W-A",2.56735148740767,-0.656798233553683,1.59127828256762,-0.412748820083123,0.679790652332159,NA
"YIL174W",1.11132622319388,1.00232357916156,1.80546446736658,0.555161066461491,0.578784496624693,NA
"YIL175W",8.11421245626773,-0.514687465487882,0.759779134657797,-0.677417215095931,0.498141278799439,NA
"YIR013C",7.37793999221225,-0.126936323712966,0.745172308694361,-0.170344928591583,0.864738879646545,NA
"YIR017C",2.96462367390959,1.22266546259929,1.12843187121714,1.08350844546823,0.278582804260135,NA
"YIR017W-A",4.27775915560497,1.19846947518893,0.938796789774549,1.2766015907199,0.201742939997295,NA
"YIR020C-B",0.155509339301668,-1.2726744033413,4.0804728567969,-0.311893853483521,0.755121193883532,NA
"YIR021W-A",3.91648906590011,-2.98216226431466,1.19572120240284,-2.49402808808768,0.0126302549443021,NA
"YIR023C-A",1.22044566839048,2.41562930937885,2.17965229090646,1.10826360674906,0.267747987846129,NA
"YIR030W-A",3.11053056307575,1.62937781670147,1.26398372069941,1.28908133073096,0.19736981322872,NA
"YIR036W-A",1.47727154848765,-1.3128058356508,1.75841843156217,-0.746583300133239,0.45531513201669,NA
"YJL007C",1.45657040938884,0.689015877328142,1.56975853707424,0.438931122879797,0.660711444627678,NA
"YJL022W",1.70957078706315,-0.911224154848638,1.39957680339419,-0.651071204266018,0.515000523841639,NA
"YJL028W",2.42231955021519,0.627134179552919,1.40388079746648,0.44671469307414,0.655081071691077,NA
"YJL032W",4.16495662905152,-0.0814432293496812,1.07276801807256,-0.0759187708597149,0.93948372297029,NA
"YJL064W",0.454767985781022,0.586796112931203,2.87520882493232,0.204088171906962,0.838284597265434,NA
"YJL086C",3.89705180585004,-0.433820987855045,0.934406807386965,-0.464274215925512,0.642451294665487,NA
"YJL114W",3.59459198126213,0.152923821470233,1.15936957890566,0.131902565198045,0.895061359624257,NA
"YJL119C",1.54552469517612,-0.703800148060099,1.75807826732339,-0.400323558479344,0.688918218351369,NA
"YJL120W",6.01528884099299,0.392267886967339,0.789418539160253,0.496907366002089,0.619254376887085,NA
"YJL135W",1.68384038166211,0.141932629676126,1.71250345423248,0.0828802005189173,0.93394679756475,NA
"YJL136W-A",2.17797212311187,-0.0814579802783798,1.22829262033598,-0.0663180572200281,0.947124607288872,NA
"YJL150W",1.19479856377903,-0.73523163971471,1.98159868468067,-0.371029535595997,0.710615533109505,NA
"YJL175W",0.796878867342602,-0.787163630687605,2.17744222039098,-0.361508389667517,0.717719434413732,NA
"YJL182C",0.378299682202149,-0.310906618306054,3.51132435630331,-0.0885439756506497,0.929444334053886,NA
"YJL189W",2.54986999119199,0.810519315254629,1.20360559234086,0.673409396244388,0.500686872445866,NA
"YJL195C",0.597526142999403,2.54766107021358,2.53898733938391,1.00341621665265,0.315660082948418,NA
"YJL220W",3.92726184062387,-1.20657079107509,0.982113236944818,-1.22854549321474,0.219242262541553,NA
"YJL222W-A",3.14484962512786,1.2973888971371,1.08943215939228,1.19088544059579,0.233698560919026,NA
"YJR018W",4.89091606310125,0.27887734851686,0.883720357386697,0.315571941039749,0.752327437944976,NA
"YJR020W",3.2709799118557,0.0937582007632183,1.18557058986061,0.079082765349503,0.936966791833385,NA
"YJR022W",0.517924534787158,0.58665346535602,2.77264762778806,0.211586016007391,0.832430019944763,NA
"YJR023C",1.77173618610998,-0.971296016114281,1.53999598887003,-0.630713341550306,0.528227974037342,NA
"YJR037W",4.91259656150044,-0.599586813646435,0.836681366048512,-0.716625035499679,0.473605492515696,NA
"YJR151W-A",1.49176084385937,2.72188970630825,1.8438531438688,1.47619658070877,0.139891127202209,NA
"YJR157W",2.5006156289839,0.48498288627043,1.26436126180589,0.383579362102354,0.701290238701932,NA
"YJR162C",0.898044775968417,0.830220952236762,2.3471652952156,0.353712179508219,0.723554594024986,NA
"YKL030W",2.4463847596382,0.622204739220073,1.5710032037093,0.396055678149468,0.692063954136724,NA
"YKL053W",4.00344430717778,1.48840802050196,1.1157816330015,1.33395995818472,0.182216979730574,NA
"YKL106C-A",2.63276275241803,-0.943230750425434,1.18440511565505,-0.796375106758779,0.425814042609504,NA
"YKL111C",1.68258039517245,1.26295225011179,1.66159983569049,0.760082074506804,0.447205526794706,NA
"YKL118W",0.923169321829739,1.93760783257832,2.10567917868006,0.920181883449547,0.357477719873507,NA
"YKL131W",4.49144828087155,-0.793595225221189,0.929444270518535,-0.853838417636856,0.393194524835375,NA
"YKL147C",1.54196081307289,0.307032068219325,1.7402143607823,0.176433475747954,0.85995340730707,NA
"YKL165C-A",5.84020446150348,-1.34448044560694,0.849118161996992,-1.5833843931037,0.113333877998886,NA
"YKL177W",0.59439283836603,1.14688121965257,2.63350906600721,0.435495451470538,0.663202839860682,NA
"YKL223W",3.39191220544111,-0.498333275463211,1.16899837699148,-0.426290818936564,0.669895947050702,NA
"YKL225W",0.367799636567828,-0.310906353154779,3.54454873433666,-0.0877139451188737,0.930104035743512,NA
"YKR034W",2.9109986641036,0.354269735018245,1.06910611695907,0.331370038388628,0.740364993561137,NA
"YLL006W-A",2.99926865020125,-0.96995335387087,1.15635444384213,-0.838802807423022,0.401579975051328,NA
"YLL044W",2.72563446480822,0.858363680756129,1.43275167233591,0.599101503302859,0.54910519926536,NA
"YLL046C",3.91626334404452,0.503527516211462,1.28308519807366,0.392434981689,0.694736843098646,NA
"YLL047W",0.970710220649569,0.686354652740796,2.36238360868482,0.290534801468125,0.771407130639324,NA
"YLL065W",0.833650883997756,0.154700894481215,2.16498489329923,0.0714558771102861,0.94303493971407,NA
"YLL066W-B",2.35974621722364,0.634145608622339,1.38414917717065,0.45814831167158,0.646845891878297,NA
"YLR012C",4.94932360410916,1.8190137053333,1.01045896928362,1.80018561923688,0.0718313337855423,NA
"YLR013W",0.853659825307094,0.208173676423829,1.99283260345125,0.104461195618391,0.916803361167208,NA
"YLR154C-H",3.82041843768002,1.71836027868412,1.09293597418897,1.57224239961472,0.115894345763387,NA
"YLR156C-A",4.4317131358024,1.04471085555244,0.938633948606089,1.1130120076137,0.26570327247159,NA
"YLR157C-C",7.45782185872849,1.19490021589935,0.774675122783169,1.54245332108568,0.12296347281163,NA
"YLR171W",1.5165936537616,-0.0346200700495277,1.4786579011491,-0.0234131708373003,0.981320699077582,NA
"YLR184W",0.839054331949751,-0.977100382187929,2.76592161500689,-0.353263945328941,0.723890572653504,NA
"YLR217W",1.47444083267958,-1.98718196856074,1.87840980430929,-1.05790651433032,0.290098064987504,NA
"YLR232W",2.07067681644963,0.0563827398624555,1.56083955580779,0.0361233412189349,0.971184010870153,NA
"YLR261C",2.48826880129009,0.81667840557659,1.35532347877919,0.60257083889096,0.546794224580365,NA
"YLR282C",2.93327774873156,-0.261987245190814,1.13714824184031,-0.230389702548215,0.817788962134913,NA
"YLR296W",3.79543298923307,2.1270394409027,1.21466389641256,1.75113415915694,0.0799228034337013,NA
"YLR307C-A",2.73872266990087,-0.132376668091522,1.1732292962342,-0.112831028441261,0.91016451827559,NA
"YLR308W",1.54921857229894,1.67710636202312,1.66485705783911,1.00735757110578,0.313762972930102,NA
"YLR317W",0.155509339301668,-1.2726744033413,4.0804728567969,-0.311893853483521,0.755121193883532,NA
"YLR322W",0.662933828454504,-0.341258882688231,2.33418016736074,-0.146200746394865,0.883762916354491,NA
"YLR331C",7.06586229017443,0.56659122394,0.790743036415579,0.716530146769735,0.473664059543134,NA
"YLR334C",0.982201416243196,0.708865709139805,1.89654806021004,0.373766277803316,0.708578210467084,NA
"YLR338W",2.47208894195885,0.464736112587967,1.26211336315065,0.368220578401795,0.712708767303919,NA
"YLR339C",7.4812569020033,-1.52071860732435,0.77367360924596,-1.96558159558586,0.0493469617802427,NA
"YLR365W",3.7879097171283,-0.160068838457482,0.966140485740089,-0.165678636616563,0.868409859192887,NA
"YLR366W",6.29794068732673,0.358050840931037,0.775004647039062,0.461998314847511,0.644082528904109,NA
"YLR374C",7.94665950288644,-0.273504170369525,0.924481253448204,-0.295846096769824,0.767347617723061,NA
"YLR385C",7.71226240179419,-1.44677961020784,0.74977479399292,-1.92961889596611,0.0536540757612111,NA
"YLR406C-A",2.00655565356841,2.20775517418163,1.53057635950967,1.44243386516756,0.149180016045845,NA
"YLR412C-A",3.4682453041647,0.954063956901872,1.09869751359463,0.868359075265806,0.385197791299535,NA
"YLR428C",0.308767542154371,1.58825981917347,3.72684940084032,0.426166890139256,0.66998624189053,NA
"YLR434C",4.44122566813289,0.441490310092466,0.893906199781446,0.493888855676812,0.621384675484949,NA
"YLR437C-A",2.8496892101608,2.1517906677264,1.29964371469084,1.65567735480356,0.0977871755923388,NA
"YLR444C",3.03688118464602,1.14029577438616,1.16757060721221,0.976639671590249,0.328747571599055,NA
"YLR445W",2.36355629233209,0.29103961919412,1.23394505866316,0.235861084049745,0.81354046677389,NA
"YLR458W",2.46898186040587,-0.476225972320763,1.15869036141439,-0.411003653935159,0.681069855411188,NA
"YML012C-A",5.391692232123,-0.333689369232254,0.854048800244537,-0.390714639651398,0.696008176480783,NA
"YML031C-A",0.979651327624407,-0.379693151037176,2.06066050156633,-0.184257984635784,0.853811072935653,NA
"YML034C-A",6.12699613264409,-0.6384080558383,0.807319933142059,-0.790774548763636,0.429075564404108,NA
"YML047C",2.54802289612866,-0.881347028274229,1.15704783022054,-0.761720479702418,0.446226849628417,NA
"YML047W-A",1.36644611201713,1.63153110634101,1.8527460815315,0.88060156899232,0.378533509083787,NA
"YML084W",1.13615539644063,0.295117868992097,2.2187798107633,0.133009083443287,0.89418619678326,NA
"YML089C",2.8481564945817,1.05029817605147,1.19374951333528,0.879831291505185,0.378950710443633,NA
"YML090W",6.65994866694881,-0.720312490775701,0.804667810113313,-0.895167523445815,0.370697542690143,NA
"YML094C-A",1.73239143731091,-0.479403079258836,1.48127193933287,-0.323642854852665,0.746208439210176,NA
"YMR001C-A",5.29571204098585,-1.17262756545903,1.04399944009342,-1.12320708271079,0.261349555208817,NA
"YMR030W-A",6.12247431078143,0.601323082898829,0.884605145553588,0.6797643964896,0.496653653657405,NA
"YMR075C-A",5.19270942798521,0.137962459162775,0.866998376100709,0.159126548521643,0.873569172015507,NA
"YMR082C",4.58339339312596,1.09093119691757,0.90479436165082,1.20572280637021,0.227924388319536,NA
"YMR101C",7.31780064314628,-0.522983057369175,0.819783787537839,-0.637952427602792,0.523504648092421,NA
"YMR158W-B",0.448392394739379,2.13307425264909,2.79539565728677,0.763067026697562,0.445423423445442,NA
"YMR159C",5.40187068206237,-0.38070355355448,0.862913533388917,-0.441183894821239,0.659079871590018,NA
"YMR175W-A",7.400248394481,-0.387474514171706,0.742008943878448,-0.522196554864142,0.601533484484283,NA
"YMR242W-A",4.88026701557767,-0.75994613235794,0.896103110802919,-0.848056572057896,0.396406465682206,NA
"YMR290W-A",0.955521511277643,-0.184520032677434,2.0328963794224,-0.0907670624755901,0.927677682320927,NA
"YMR306C-A",2.13793159696806,1.09960770660022,1.35805041777549,0.809695790529927,0.418115037963233,NA
"YMR322C",4.88209146711587,0.672354310211594,0.902580517888868,0.744924465890565,0.456317383809845,NA
"YMR324C",0.634002787039985,1.16934312588948,3.00793880176455,0.388752299482791,0.697459390045007,NA
"YNL013C",1.13446846913659,2.19657451144737,2.20490937415417,0.996219861548733,0.319143331162118,NA
"YNL017C",5.00188624001665,0.937885289032864,0.920099756682645,1.01933000440555,0.308046324048812,NA
"YNL028W",2.15638523627339,-0.591535240530083,1.44606597001819,-0.409065182913226,0.682491826406798,NA
"YNL057W",2.25658258136481,0.570079915676038,1.30860250195346,0.435640245853904,0.663097765987011,NA
"YNL067W-A",0.849535370714416,-0.924178306143093,1.99421487860726,-0.463429651466913,0.643056428941179,NA
"YNL067W-B",0.149133748260025,0.650878948301193,4.0804728567969,0.159510667303427,0.87326655462673,NA
"YNL105W",1.96214058726762,-0.788677539848748,1.4132380091802,-0.55806420059863,0.576800545282536,NA
"YNL114C",1.00817801464946,-0.316166071468086,2.05308748494282,-0.153995420938865,0.877613346080447,NA
"YNL130C-A",7.67004559979608,-0.333770488079209,0.743859424708866,-0.44870102736124,0.653647343432784,NA
"YNL140C",6.9368385668988,0.819280547680316,0.76424522525606,1.07201264804215,0.283714351224765,NA
"YNL174W",0.346235336154258,-0.310905762740647,3.61743354845687,-0.0859465028385313,0.931508944328261,NA
"YNL203C",5.54463994805056,0.745215241978024,0.847702388416828,0.879100085313893,0.379347011506105,NA
"YNL205C",1.18455224036449,3.53719442466196,2.08194833352854,1.69898280744894,0.0893224230496271,NA
"YNL226W",2.48728123088603,1.34718170892795,1.35902893153291,0.991282582489545,0.321547615461821,NA
"YNL228W",0.882160289251758,1.87586885480269,2.33007835169064,0.805066856846942,0.420781100213429,NA
"YNL269W",3.85385533154772,0.640919423870408,1.09437016179611,0.585651405936101,0.558109795753772,NA
"YNL276C",2.83382736696927,1.39546560576953,1.31523186372461,1.06100349623351,0.288688312286257,NA
"YNL277W-A",2.14660719106419,-2.60586946340431,1.50372772466993,-1.73293969423641,0.0831063880739358,NA
"YNL318C",1.17603449464877,3.52849182386332,2.01347227974321,1.75244122273853,0.0796979683669034,NA
"YNL319W",4.8265324248015,0.925836925141598,1.15589420601913,0.800970296693634,0.423148841876913,NA
"YNL324W",0.299258646479354,1.54938223728125,3.76414252708259,0.411616251545635,0.680620717950455,NA
"YNL337W",0.159633793894346,0.650878948301193,4.0804728567969,0.159510667303426,0.87326655462673,NA
"YNL338W",3.42099224874489,0.698197609291182,1.02301469072549,0.682490305976,0.494928970466802,NA
"YNR001W-A",3.74600308905151,-0.605847420433536,1.07180518911553,-0.565258898339065,0.571897680652607,NA
"YNR005C",0.466528017905004,-2.5296232142275,3.85774675754826,-0.655725575889064,0.512000709760051,NA
"YNR042W",0.159633793894346,0.650878948301193,4.0804728567969,0.159510667303426,0.87326655462673,NA
"YNR077C",2.37973615166332,0.656022838938643,1.26563255856122,0.51833593763139,0.604223903061693,NA
"YOL013W-B",2.07878694122445,3.25580424709704,1.73133022573684,1.88052180843282,0.0600369970216357,NA
"YOL019W-A",0.308767542154371,1.58825981917347,3.72684940084032,0.426166890139256,0.66998624189053,NA
"YOL024W",6.02816933620675,1.61147909590794,0.975310629374801,1.65227266818669,0.0984789784273509,NA
"YOL037C",2.29856375703244,0.610656161586816,1.54085899862969,0.396308917383019,0.691877149552245,NA
"YOL046C",1.05042081063671,-0.579863267773799,2.23337900062585,-0.259634960126028,0.795145366570026,NA
"YOL050C",5.42124322220701,1.61246589118091,1.10486710722462,1.45942066755101,0.144449360998372,NA
"YOL099C",3.36631179505967,1.64063659618306,1.46187015946806,1.12228612476778,0.261740803767979,NA
"YOL134C",2.40742590045401,-1.13650186945306,1.21766497497987,-0.933345290211576,0.350641718128613,NA
"YOL150C",1.0776875111721,1.19412135540256,2.20307514057755,0.542024796798131,0.5878014237263,NA
"YOL166C",1.0564185833731,3.36688186475109,2.07679299269216,1.62119280862296,0.104976294587495,NA
"YOR008C-A",8.18105933903363,-0.791670101860851,0.860701666332064,-0.919796176571383,0.357679281754658,NA
"YOR011W-A",0.876775848169419,3.10647490017862,2.23063975087243,1.39263854639174,0.163729120545196,NA
"YOR024W",4.4928801686792,1.3619998497322,1.03489742005123,1.31607232112413,0.188149770040627,NA
"YOR041C",3.66984552830139,0.400494758997617,1.04062974783167,0.384858072558581,0.700342570947398,NA
"YOR053W",3.85415070416229,1.11953553777449,1.03821223743281,1.07833013078594,0.280886455210665,NA
"YOR055W",6.68054835348729,-0.196163835568112,0.795230209891098,-0.246675532604547,0.805159343657978,NA
"YOR073W-A",0.373203084519823,-2.17985163029666,4.03766241101637,-0.539879615578842,0.589280056560782,NA
"YOR082C",6.68669286583429,-1.472964720445,0.820887154940312,-1.79435713128207,0.0727561846488874,NA
"YOR139C",1.09868760244074,1.2302091062971,2.25540231426262,0.545449961861594,0.585444086239789,NA
"YOR183W",3.85838746418151,-1.43285103287211,1.07682753263237,-1.3306225829585,0.183313227938341,NA
"YOR214C",4.50081111882507,1.0885503897449,0.956329930781539,1.13825820431585,0.255012680906129,NA
"YOR235W",1.19191898136543,2.38306655786673,1.89580919359831,1.25701814608441,0.208747064835526,NA
"YOR255W",3.1432979026791,0.453720310165123,1.0590546823031,0.428420097419737,0.66834529529334,NA
"YOR263C",4.54079456725969,1.41775892477115,1.10246761125949,1.28598691724962,0.198447627570018,NA
"YOR282W",2.66227700984713,-1.43894535447871,1.48771298876822,-0.967219729438609,0.333434201340377,NA
"YOR293C-A",6.85087562685658,-0.293792558952244,1.01211923764474,-0.290274651468849,0.771606129595059,NA
"YOR300W",7.02909780273384,0.999045892342897,0.752904548976496,1.32692237508859,0.18453436193534,NA
"YOR314W",0.53283687841417,-1.2174927985765,3.16223681943374,-0.385010000229683,0.700230006480126,NA
"YOR314W-A",3.46339521249143,3.07404917567215,1.3548139099615,2.26898259094454,0.0232693845656344,NA
"YOR316C-A",4.44187621552758,0.359116513105102,0.944388048768295,0.380263720589725,0.703749663122751,NA
"YOR325W",0.186601542259912,-1.2726744033413,4.0804728567969,-0.311893853483521,0.755121193883532,NA
"YOR331C",0.405267430567715,-2.27567094857768,3.40117312031573,-0.669084127175048,0.503441814646386,NA
"YOR333C",0.544892283152723,-1.30008045888161,2.74373087421384,-0.473836727610584,0.635616341767349,NA
"YOR345C",1.92127786831473,-0.578883754040424,1.38160151595204,-0.418994729925092,0.675219983894678,NA
"YOR364W",1.17448277220002,0.87004965528005,1.92232415533901,0.452602987307629,0.650834647294369,NA
"YOR366W",0.753035482301071,1.58565488287582,2.20229855587836,0.719999964874607,0.471525017185295,NA
"YOR381W-A",3.78552337582406,1.59081193547474,1.04086204859528,1.52836001429936,0.126423176867941,NA
"YOR392W",0.478901381683038,2.21980162241673,3.85982127738968,0.575104768560148,0.565220443112645,NA
"YOR394W",6.76070386007333,0.0269856168150286,0.767789392393298,0.0351471602530363,0.971962396179071,NA
"YPL021W",2.5260355474598,1.77261209418575,1.3308717756903,1.33191801536728,0.182887130426364,NA
"YPL033C",3.35073810827199,2.33908703812217,1.20689054202795,1.93811033947767,0.0526097622842305,NA
"YPL038W-A",4.89480099880436,0.826395901423969,1.0223053657366,0.808365023916827,0.418880480371359,NA
"YPL073C",2.3522193084634,-1.61077831607771,1.39678320371933,-1.15320567414368,0.248825975111131,NA
"YPL102C",0.872090821087291,-1.02277853425574,2.37584999126929,-0.430489525018087,0.666839584867022,NA
"YPL114W",0.817471024666524,-0.875315021060803,2.16938807130696,-0.403484758046755,0.686591645309248,NA
"YPL121C",4.40913867855987,1.06397892413476,0.937228087056746,1.13524011799097,0.256274724609592,NA
"YPL136W",1.96374117632189,-1.77257738994125,1.53337225292747,-1.15599939059618,0.247681406252906,NA
"YPL152W-A",1.55915440878833,1.77026360290589,1.84257269270719,0.960756452058851,0.336674639412684,NA
"YPL187W",3.1181697201623,0.97573521558801,1.1435891900002,0.85322178988754,0.393536321954545,NA
"YPL238C",4.73300269290228,-1.78858011549541,0.987990305307297,-1.81032152429786,0.0702459410419841,NA
"YPL250W-A",0.139624852585008,0.650878948301193,4.0804728567969,0.159510667303427,0.87326655462673,NA
"YPL251W",1.62800588580195,-2.17083628816949,1.67762661656436,-1.29399251700905,0.19566800555599,NA
"YPR039W",2.28114297518143,-0.631003803008218,1.40982039396326,-0.447577440154877,0.654458187633289,NA
"YPR043W",1.58668636629883,0.894391637823922,1.48554625366015,0.602062463972618,0.547132559120533,NA
"YPR059C",4.32881864947776,1.94005501735362,1.01952901234699,1.90289338886741,0.0570544578138278,NA
"YPR074W-A",0.149133748260025,0.650878948301193,4.0804728567969,0.159510667303427,0.87326655462673,NA
"YPR076W",1.71493258462036,0.0892607532873525,1.52280629055689,0.0586159604415018,0.953257997946983,NA
"YPR077C",2.26424469498033,0.978921867229759,1.26400922398832,0.774457850980687,0.43866008422015,NA
"YPR092W",4.5301763172647,0.550749242108864,0.941322109945855,0.585080533315576,0.558493567545139,NA
"YPR096C",6.65362589217199,-0.853484685738899,0.80968546141933,-1.0540941222321,0.291839826945486,NA
"YPR099C",1.25196844881858,0.0470260708706323,1.92616427152103,0.0244143615193825,0.980522092904666,NA
"YPR108W-A",0.159633793894346,0.650878948301193,4.0804728567969,0.159510667303426,0.87326655462673,NA
"YPR136C",1.58680256428445,-2.07378449123185,1.81755004977814,-1.1409779287701,0.253879107848278,NA
"YPR150W",3.34900721119429,-0.566686258506048,1.07592626690427,-0.526696183500153,0.598404586356438,NA
"YPR151C",7.56022642759544,-0.634524623347862,0.688966019942872,-0.920981013549081,0.3570603397799,NA
"YPR159C-A",2.62478657232211,0.0306782320498915,1.17273287402622,0.0261596078095493,0.979130033146205,NA
"YPR170C",7.62477453129104,-1.13793542107524,0.739688766323663,-1.53839759758811,0.123951429305423,NA
"YPR197C",1.91956108127483,3.15233134327509,1.68842428833313,1.86702558418369,0.0618980151766251,NA
"snR161",4.55004616115967,0.118228792807998,0.888468444736209,0.133070334133364,0.894137756392716,NA
"snR191",5.96941560670393,-1.24458929707769,0.798548707490868,-1.55856403673651,0.119099600503953,NA
"snR38",3.03070812983976,-0.0586304951869677,1.21958688656499,-0.0480740616620623,0.961657218092284,NA
"snR48",5.93059730921408,0.40216115467597,0.996533363453722,0.403560151044201,0.686536193859415,NA
"snR52",1.73651589190358,0.0393884255101189,1.44037632370829,0.0273459267982914,0.978183826262087,NA
"snR53",0.640378378081629,-0.231868427787942,2.6128792178748,-0.0887405840276588,0.929288078359022,NA
"snR54",5.84851706541347,-0.51694855570224,0.807578383587422,-0.640121833630382,0.522093395442398,NA
"snR56",5.40888892239885,0.264608928878884,0.855004488701391,0.30948250257818,0.75695452022272,NA
"snR59",3.95253112693008,0.950020295379597,1.04058532095729,0.912967227430831,0.361259778070389,NA
"snR6",0.741002721087651,-1.8610909053645,2.49441160622404,-0.746104171709561,0.45560448948155,NA
"snR60",1.7727011129889,-0.126270051007245,1.73557387400123,-0.0727540630213219,0.942001826428175,NA
"snR7-L",0.186601542259912,-1.2726744033413,4.0804728567969,-0.311893853483521,0.755121193883532,NA
"snR72",3.3426506270223,-0.292603575098329,0.999576079374617,-0.292727668394582,0.769730319493865,NA
"snR73",0.904420367010061,-0.15272744135003,2.32015714742675,-0.0658263348753847,0.947516089503974,NA
"snR74",4.08079640922149,-0.348054845372181,0.956520093123376,-0.363876146329199,0.715950497850162,NA
"snR78",3.03070812983976,-0.0586304951869677,1.21958688656499,-0.0480740616620623,0.961657218092284,NA
"snR79",2.14120010645672,-0.437691069880125,1.3270861634496,-0.329813603618924,0.741540807807345,NA
"snR80",1.96694181233537,-1.23145932935259,1.37125299696462,-0.898054065937152,0.369156726088301,NA
"tA(AGC)F",0.523308975869496,-1.21093697907933,2.76655432851237,-0.437705837401889,0.661599537382193,NA
"tA(AGC)G",1.20214629791032,-1.60504588448985,1.77589597496091,-0.903794989751684,0.366104118943783,NA
"tA(AGC)H",0.671470581039873,-0.321862846813198,2.95444445071939,-0.108941918584669,0.913248558266045,NA
"tA(AGC)K1",0.155509339301668,-1.2726744033413,4.0804728567969,-0.311893853483521,0.755121193883532,NA
"tA(AGC)K2",0.625485041324274,1.14706373555829,2.59679632717371,0.441722642455647,0.658689922811276,NA
"tA(AGC)L",0.615661766165028,-1.58615069127896,3.0106904212621,-0.526839518296947,0.598305037395534,NA
"tA(AGC)P",0.465851247429928,0.508657823110234,3.29242239117767,0.154493489193011,0.877220644461,NA
"tA(UGC)A",1.09102190926997,-0.619063384714554,1.94943130186163,-0.317561015934941,0.750817949243437,NA
"tA(UGC)E",1.19577070686867,-0.729716203732869,1.64549383694516,-0.44346334659483,0.657430625374627,NA
"tA(UGC)G",0.886284743844436,3.11935872535338,2.22697163018186,1.40071776536221,0.161298488065335,NA
"tA(UGC)L",0.155509339301668,-1.2726744033413,4.0804728567969,-0.311893853483521,0.755121193883532,NA
"tA(UGC)O",1.65239300392375,1.59491103155067,1.76153269522753,0.90541097299625,0.365247704672203,NA
"tC(GCA)B",0.315143133196014,-0.310904782316691,3.7353234501795,-0.0832336975534878,0.933665718918427,NA
"tC(GCA)G",0.81688780865194,-0.713984777029579,2.40348332107935,-0.297062505392775,0.766418789274306,NA
"tC(GCA)P1",0.295134191886676,-0.310904051951253,3.82078178342666,-0.0813718420925937,0.935146241588742,NA
"tC(GCA)P2",0.346235336154258,-0.310905762740647,3.61743354845687,-0.0859465028385313,0.931508944328261,NA
"tD(GUC)B",0.59439283836603,1.14688121965257,2.63350906600721,0.435495451470538,0.663202839860682,NA
"tD(GUC)D",1.30430335649544,-0.290453386518465,1.56056026849222,-0.186121223500772,0.85234969875661,NA
"tD(GUC)G1",1.27096001708823,1.27970110221082,1.71886193168336,0.744504883506001,0.456571087894009,NA
"tD(GUC)G2",1.33068788884642,-0.966514944827579,1.68782783838,-0.572638347851435,0.566889589229826,NA
"tD(GUC)I1",0.139624852585008,0.650878948301193,4.0804728567969,0.159510667303427,0.87326655462673,NA
"tD(GUC)I2",0.295134191886676,-0.310904051951253,3.82078178342666,-0.0813718420925937,0.935146241588742,NA
"tD(GUC)J1",1.05202139969099,-2.49963433077935,2.00276353099417,-1.24809259410597,0.211997150096772,NA
"tD(GUC)J2",0.619786220757706,-0.105223181393899,2.63687577693179,-0.0399044893636721,0.968169271961005,NA
"tD(GUC)J3",0.358290740892811,-0.310906100814785,3.57588112718275,-0.0869453121501642,0.930714981979981,NA
"tD(GUC)J4",0.523308975869496,-1.21093697907933,2.76655432851237,-0.437705837401889,0.661599537382193,NA
"tD(GUC)K",0.902887651430963,-3.4599046114904,2.2193623737596,-1.55896335469963,0.119005053743958,NA
"tD(GUC)L1",0.139624852585008,0.650878948301193,4.0804728567969,0.159510667303427,0.87326655462673,NA
"tD(GUC)L2",0.902887651430963,-3.4599046114904,2.2193623737596,-1.55896335469963,0.119005053743958,NA
"tD(GUC)M",0.741974864177299,-1.85798256367997,2.49332981496049,-0.74518122413316,0.456162171840463,NA
"tD(GUC)N",5.61332767774964,-1.68723935407511,0.880604133466277,-1.91600208306281,0.0553648305459408,NA
"tD(GUC)O",2.92911528039957,-0.571805585019743,1.30991929686225,-0.436519704984447,0.662459705655159,NA
"tE(CUC)I",0.155509339301668,-1.2726744033413,4.0804728567969,-0.311893853483521,0.755121193883532,NA
"tE(UUC)B",0.149133748260025,0.650878948301193,4.0804728567969,0.159510667303427,0.87326655462673,NA
"tE(UUC)C",0.689318360805485,-1.73475545536856,2.52603400281684,-0.686750634961403,0.492239882648287,NA
"tE(UUC)E1",1.0044614940015,-1.15784517968279,2.27575703971739,-0.508773634212979,0.610910902269415,NA
"tE(UUC)E2",0.773067067135543,-1.91839546443571,2.47491520223231,-0.775135836050208,0.43825939791823,NA
"tE(UUC)E3",0.218665888307803,-1.2726744033413,4.0804728567969,-0.311893853483521,0.755121193883532,NA
"tE(UUC)G1",0.869544312023754,-0.874258408019661,1.98545209001772,-0.440332160325187,0.659696551224134,NA
"tE(UUC)G2",0.444267940146701,0.549735434935263,2.89045777786456,0.190189747501312,0.849160444803467,NA
"tE(UUC)G3",0.34211088156158,-2.07401017548306,3.58287185801615,-0.578868086181414,0.562678185527135,NA
"tE(UUC)I",0.450643531188344,-1.01319158959582,3.3211192355189,-0.305075342902441,0.760308770106355,NA
"tE(UUC)J",1.04404521959507,0.243555139574324,2.18681191775842,0.111374525443404,0.911319360115497,NA
"tE(UUC)K",0.95806802034118,-0.300601621219287,2.02984709832447,-0.148090770712444,0.882271133039435,NA
"tE(UUC)L",0.630869482406612,-0.268599717036958,2.35735507336726,-0.113941136857796,0.909284455397858,NA
"tE(UUC)M",0.759411073342715,0.422507969242512,2.21232985709507,0.1909787403029,0.848542249370098,NA
"tF(GAA)D",0.304643087561692,-0.310904410013264,3.77912728590251,-0.0822688378803878,0.934432934165448,NA
"tF(GAA)F",1.75172360814517,0.517330246847793,1.47873824027807,0.349845721681283,0.726454483674021,NA
"tF(GAA)G",1.65051968578004,-0.280410787110491,1.54777215736704,-0.181170584944172,0.856233682330011,NA
"tF(GAA)H1",3.86355061806241,2.11231859920743,1.10213269067553,1.9165737638294,0.0552921037632981,NA
"tF(GAA)H2",1.09415521390335,0.218436730013708,2.22861335829762,0.0980146373081808,0.921920670442439,NA
"tF(GAA)M",0.939076452071532,-2.2555709374816,2.10663400888443,-1.07069900512811,0.284304790274114,NA
"tF(GAA)N",0.358290740892811,-0.310906100814785,3.57588112718275,-0.0869453121501642,0.930714981979981,NA
"tF(GAA)P1",1.68798747977993,-0.87247692663988,1.42570588526177,-0.611961369914445,0.540563316316409,NA
"tF(GAA)P2",1.20527960254369,-0.712785661516574,1.746677491423,-0.408080864966019,0.683214307764901,NA
"tG(CCC)O",1.11545067778656,2.17102235733736,1.93778036339318,1.12036554727789,0.262558020279249,NA
"tG(GCC)C",0.139624852585008,0.650878948301193,4.0804728567969,0.159510667303427,0.87326655462673,NA
"tG(GCC)D1",0.218665888307803,-1.2726744033413,4.0804728567969,-0.311893853483521,0.755121193883532,NA
"tG(GCC)D2",2.57724178094319,-2.29789908287807,1.3421551315225,-1.71209648490588,0.0868788890578214,NA
"tG(GCC)E",0.833650883997756,0.154700894481215,2.16498489329923,0.0714558771102861,0.94303493971407,NA
"tG(GCC)F2",0.186601542259912,-1.2726744033413,4.0804728567969,-0.311893853483521,0.755121193883532,NA
"tG(GCC)G1",0.794627730893637,1.60383391745592,2.17863274590123,0.736165340612498,0.461630082174131,NA
"tG(GCC)G2",0.139624852585008,0.650878948301193,4.0804728567969,0.159510667303427,0.87326655462673,NA
"tG(GCC)J1",0.564901224462061,-1.29927361580995,2.71717755088031,-0.47817030410435,0.63252899660834,NA
"tG(GCC)J2",0.537933476096496,0.661838584652621,3.15874580523055,0.209525750238176,0.83403783568862,NA
"tG(GCC)M",0.304643087561692,-0.310904410013264,3.77912728590251,-0.0822688378803878,0.934432934165448,NA
"tG(GCC)O1",0.491244629821604,-1.12426151234792,2.8079824580663,-0.400380532691126,0.688876260460893,NA
"tG(GCC)O2",0.619786220757706,-0.105223181393899,2.63687577693179,-0.0399044893636721,0.968169271961005,NA
"tG(GCC)P1",0.812763354059261,-2.06559756148408,2.40714942961407,-0.858109403625703,0.390832055294227,NA
"tG(GCC)P2",0.709910518129408,-1.79712875340103,2.27306026663806,-0.790620811853374,0.429165298427818,NA
"tG(UCC)G",0.491244629821604,-1.12426151234792,2.8079824580663,-0.400380532691126,0.688876260460893,NA
"tG(UCC)O",0.155509339301668,-1.2726744033413,4.0804728567969,-0.311893853483521,0.755121193883532,NA
"tH(GUG)E1",1.69681960497987,0.188178948079711,1.52069217645232,0.123745588353536,0.901516714751323,NA
"tH(GUG)E2",3.2033136178373,-1.04472722963716,1.09459369470056,-0.954442945081056,0.339859476766016,NA
"tH(GUG)G1",2.97228189496603,-0.625192016072175,1.10295758903468,-0.566832326362928,0.570828105566943,NA
"tH(GUG)G2",0.218665888307803,-1.2726744033413,4.0804728567969,-0.311893853483521,0.755121193883532,NA
"tH(GUG)H",0.667058283047182,1.17083012770559,2.30307879601295,0.508376061527944,0.611189637469456,NA
"tH(GUG)K",0.218665888307803,-1.2726744033413,4.0804728567969,-0.311893853483521,0.755121193883532,NA
"tH(GUG)M",2.3493659491302,-0.671928720742164,1.21983897978971,-0.550833947655943,0.581747510353583,NA
"tI(AAU)D",0.734017690951038,1.54809932855836,2.4889936906728,0.62197800434757,0.533956331367167,NA
"tI(AAU)E1",1.03541849210446,3.343354239955,2.14312346600246,1.56003809066181,0.118750880077887,NA
"tI(AAU)E2",0.139624852585008,0.650878948301193,4.0804728567969,0.159510667303427,0.87326655462673,NA
"tI(AAU)G",1.07870130465654,-1.35424219810197,1.86612254524214,-0.725698428302437,0.468023665515781,NA
"tI(AAU)I1",0.139624852585008,0.650878948301193,4.0804728567969,0.159510667303427,0.87326655462673,NA
"tI(AAU)I2",0.159633793894346,0.650878948301193,4.0804728567969,0.159510667303426,0.87326655462673,NA
"tI(AAU)L1",0.682942769763842,-0.281726232570048,2.32126183948291,-0.121367709483738,0.903399791878039,NA
"tI(AAU)L2",0.315143133196014,-0.310904782316691,3.7353234501795,-0.0832336975534878,0.933665718918427,NA
"tI(AAU)N1",0.82256762234885,0.276693850016711,2.0065777405561,0.137893411465846,0.890324657554085,NA
"tI(AAU)P1",0.378299682202149,-0.310906618306054,3.51132435630331,-0.0885439756506497,0.929444334053886,NA
"tI(AAU)P2",0.299258646479354,1.54938223728125,3.76414252708259,0.411616251545635,0.680620717950455,NA
"tI(UAU)D",0.288758600845033,1.5061605684963,3.80768312910334,0.395558274527686,0.692430923685104,NA
"tK(CUU)D1",0.983461402732856,-1.22045777004467,2.28359440866376,-0.534445944259788,0.593033039105902,NA
"tK(CUU)E1",0.737150995584411,2.85405560068068,2.34891368036327,1.21505342003002,0.224345717587934,NA
"tK(CUU)F",0.155509339301668,-1.2726744033413,4.0804728567969,-0.311893853483521,0.755121193883532,NA
"tK(CUU)G1",0.155509339301668,-1.2726744033413,4.0804728567969,-0.311893853483521,0.755121193883532,NA
"tK(CUU)G2",0.315143133196014,-0.310904782316691,3.7353234501795,-0.0832336975534878,0.933665718918427,NA
"tK(CUU)G3",0.155509339301668,-1.2726744033413,4.0804728567969,-0.311893853483521,0.755121193883532,NA
"tK(CUU)I",0.311018678603336,-1.96169250893615,4.05735995394124,-0.483489887810077,0.628747938097423,NA
"tK(CUU)K",0.682942769763842,-0.281726232570048,2.32126183948291,-0.121367709483738,0.903399791878039,NA
"tK(CUU)M",0.464276881456039,0.620976759573922,2.86147131095571,0.21701309993792,0.828198135933862,NA
"tK(CUU)P",0.139624852585008,0.650878948301193,4.0804728567969,0.159510667303427,0.87326655462673,NA
"tK(UUU)D",2.37194404302821,-2.10292584796632,1.41008509322902,-1.49134676911642,0.135870475859575,NA
"tK(UUU)G1",0.527433430462174,0.619959662320654,2.76165596218784,0.224488376108047,0.822377310651654,NA
"tK(UUU)G2",0.533809021503817,-1.21082319400636,2.75162708872678,-0.440038986011953,0.659908871173666,NA
"tK(UUU)K",0.622037357206672,-2.94300563925352,3.49418403888177,-0.842258337427285,0.399643366009133,NA
"tK(UUU)L",1.86224577390127,-0.017988775447523,1.40156435204976,-0.0128347838051209,0.989759605314319,NA
"tK(UUU)O",4.19969747918255,1.119802631095,1.07326225144068,1.04336347392433,0.296779983664921,NA
"tK(UUU)P",3.59040019528935,-0.0565735829611902,1.02688004075724,-0.0550926892292813,0.956064620450535,NA
"tL(CAA)A",1.40463232688689,-2.96869737470765,1.86043269460745,-1.59570264665449,0.110555197457987,NA
"tL(CAA)C",0.358290740892811,-0.310906100814785,3.57588112718275,-0.0869453121501642,0.930714981979981,NA
"tL(CAA)D",0.218665888307803,-1.2726744033413,4.0804728567969,-0.311893853483521,0.755121193883532,NA
"tL(CAA)G1",1.79257842899821,4.13265773852011,1.78721295024772,2.31234769082626,0.020758530523468,NA
"tL(CAA)G2",0.34211088156158,-2.07401017548306,3.58287185801615,-0.578868086181414,0.562678185527135,NA
"tL(CAA)G3",0.4588924403737,2.16184037677607,3.23458921984751,0.668350825975357,0.503909676765085,NA
"tL(CAA)K",0.346235336154258,-0.310905762740647,3.61743354845687,-0.0859465028385313,0.931508944328261,NA
"tL(CAA)L",5.71791862696792,-0.337266488747863,0.847753634566723,-0.397835497243531,0.690751449349407,NA
"tL(CAA)M",0.779442658177186,-3.2236387718569,2.36844486028428,-1.36107824417325,0.173488964098579,NA
"tL(CAA)N",1.9231174341635,-0.236507495196834,1.38984375506048,-0.170168405143169,0.864877698337427,NA
"tL(GAG)G",0.667058283047182,1.17083012770559,2.30307879601295,0.508376061527944,0.611189637469456,NA
"tL(UAA)B1",0.155509339301668,-1.2726744033413,4.0804728567969,-0.311893853483521,0.755121193883532,NA
"tL(UAA)B2",0.218665888307803,-1.2726744033413,4.0804728567969,-0.311893853483521,0.755121193883532,NA
"tL(UAA)D",0.481735734146588,-1.12392784559166,2.8232198310262,-0.39810142775284,0.690555421992066,NA
"tL(UAA)J",1.15516960823541,-0.707501539222006,1.75391444492,-0.403384293499149,0.686665539472552,NA
"tL(UAA)K",0.367799636567828,-0.310906353154779,3.54454873433666,-0.0877139451188737,0.930104035743512,NA
"tL(UAA)L",0.894911471335044,-0.175922705325348,2.32400552335113,-0.0756980581834736,0.939659320907778,NA
"tL(UAA)N",0.495369084414282,0.620463255280014,2.80963129476597,0.22083440501103,0.825221373525303,NA
"tL(UAG)J",0.186601542259912,-1.2726744033413,4.0804728567969,-0.311893853483521,0.755121193883532,NA
"tL(UAG)L1",1.92255686167405,-1.69538613927393,1.46170644685412,-1.15986773057116,0.246102662776622,NA
"tM(CAU)C",0.512827937104832,-1.21754204759148,3.20112274543988,-0.380348441597847,0.703686781378309,NA
"tM(CAU)D",0.149133748260025,0.650878948301193,4.0804728567969,0.159510667303427,0.87326655462673,NA
"tM(CAU)E",0.61027732508269,-0.137468364175702,2.64536922039758,-0.0519656625304811,0.958556053760476,NA
"tM(CAU)J1",0.497620220863247,-2.62043719430973,3.1247701285184,-0.838601588767812,0.40169291882446,NA
"tM(CAU)J3",0.374175227609471,-2.17666762450095,3.48411898626543,-0.624739750014704,0.532141879762181,NA
"tM(CAU)M",0.657254014757594,-1.6721422830429,2.55071698224723,-0.655557748931329,0.512108718169248,NA
"tM(CAU)O1",0.139624852585008,0.650878948301193,4.0804728567969,0.159510667303427,0.87326655462673,NA
"tM(CAU)O2",0.808934272081155,-0.902143166526913,2.40824777164664,-0.37460562702403,0.707953787536006,NA
"tM(CAU)P",2.11355558761607,0.873603144415377,1.35323704845957,0.64556549453758,0.518560789838544,NA
"tN(GUU)C",1.0723257136149,-0.410663113088918,1.84548063078599,-0.222523664696506,0.823906253265091,NA
"tN(GUU)F",0.358290740892811,-0.310906100814785,3.57588112718275,-0.0869453121501642,0.930714981979981,NA
"tN(GUU)G",0.155509339301668,-1.2726744033413,4.0804728567969,-0.311893853483521,0.755121193883532,NA
"tN(GUU)K",0.913252492210001,1.87602968735088,2.30884384649633,0.812540739902246,0.416481419641359,NA
"tN(GUU)L",0.821576472389545,0.270917583325097,2.45017701326571,0.110570616677203,0.911956849071433,NA
"tN(GUU)N1",1.0586923633472,-1.41125459326713,2.01571960607938,-0.700124456303746,0.483849583891126,NA
"tN(GUU)N2",0.218665888307803,-1.2726744033413,4.0804728567969,-0.311893853483521,0.755121193883532,NA
"tN(GUU)O1",0.615661766165028,-1.58615069127896,3.0106904212621,-0.526839518296947,0.598305037395534,NA
"tN(GUU)O2",0.159633793894346,0.650878948301193,4.0804728567969,0.159510667303426,0.87326655462673,NA
"tN(GUU)P",3.57759029800711,-5.45788754766974,1.64200125443628,-3.3239241035437,0.000887603483910431,NA
"tP(AGG)C",2.65486498179591,0.996285121627488,1.17329934939751,0.849131231632476,0.395808273519671,NA
"tP(AGG)N",1.50138593752001,-0.602209701245007,1.59568895179635,-0.377397926185469,0.705877907808122,NA
"tP(UGG)A",0.614984995689952,1.12098464427297,2.60547935503145,0.430241230700306,0.667020172520329,NA
"tP(UGG)F",0.304643087561692,-0.310904410013264,3.77912728590251,-0.0822688378803878,0.934432934165448,NA
"tP(UGG)H",2.70314720091435,1.3415693202563,1.38125047092618,0.971271574920611,0.331413059759782,NA
"tP(UGG)L",0.155509339301668,-1.2726744033413,4.0804728567969,-0.311893853483521,0.755121193883532,NA
"tP(UGG)M",2.13991753354215,-0.122336063149183,1.5682310822301,-0.078008951955738,0.937820932064022,NA
"tP(UGG)N1",3.26093151403616,0.54788981286484,1.16017351766523,0.472248163332869,0.636749665448682,NA
"tP(UGG)N2",2.09992587400386,-0.866689883325006,1.35201458362457,-0.641035898445359,0.521499359713328,NA
"tP(UGG)O3",1.02092919673274,-2.46124964484513,2.04480253742884,-1.20366128259012,0.228720522670055,NA
"tQ(UUG)B",0.139624852585008,0.650878948301193,4.0804728567969,0.159510667303427,0.87326655462673,NA
"tQ(UUG)C",0.159633793894346,0.650878948301193,4.0804728567969,0.159510667303426,0.87326655462673,NA
"tQ(UUG)D1",0.304643087561692,-0.310904410013264,3.77912728590251,-0.0822688378803878,0.934432934165448,NA
"tQ(UUG)D3",0.34211088156158,-2.07401017548306,3.58287185801615,-0.578868086181414,0.562678185527135,NA
"tQ(UUG)E1",0.32622639484492,-0.310905151410209,3.69138418958518,-0.0842245443558523,0.932877903944733,NA
"tQ(UUG)E2",0.298267496520049,1.54609974229093,4.03795156738934,0.382892096769386,0.701799771516396,NA
"tR(ACG)E",0.564901224462061,-1.29927361580995,2.71717755088031,-0.47817030410435,0.63252899660834,NA
"tR(ACG)J",0.405267430567715,-2.27567094857768,3.40117312031573,-0.669084127175048,0.503441814646386,NA
"tR(ACG)K",0.992701461877518,0.72641433920139,2.08200119753884,0.348901979528203,0.72716289901178,NA
"tR(ACG)L",0.34211088156158,-2.07401017548306,3.58287185801615,-0.578868086181414,0.562678185527135,NA
"tR(CCU)J",0.34211088156158,-2.07401017548306,3.58287185801615,-0.578868086181414,0.562678185527135,NA
"tR(UCU)B",0.139624852585008,0.650878948301193,4.0804728567969,0.159510667303427,0.87326655462673,NA
"tR(UCU)D",1.06252144532531,-2.49967024460026,1.9985818844573,-1.25072195642313,0.211035936960757,NA
"tR(UCU)E",0.678818315171164,-1.7346445937072,2.53648734971831,-0.683876698182564,0.494053029347797,NA
"tR(UCU)G1",0.939637024560983,0.749205638537174,1.91121604781529,0.392004681727946,0.69505475458269,NA
"tR(UCU)G3",0.989836993774499,-2.41431270669109,2.30377319618941,-1.0479819414014,0.29464692709643,NA
"tR(UCU)J1",0.523308975869496,-1.21093697907933,2.76655432851237,-0.437705837401889,0.661599537382193,NA
"tR(UCU)J2",0.603901734041047,1.17089578705241,2.35601431318304,0.496981610213774,0.619202019577715,NA
"tR(UCU)K",0.875919903065397,-2.16820361137724,2.12515088727496,-1.02025866697752,0.307605800518304,NA
"tR(UCU)M1",1.14084406017824,1.04176554582145,1.97465061715405,0.527569554214554,0.597798129128206,NA
"tR(UCU)M2",0.444267940146701,0.549735434935263,2.89045777786456,0.190189747501312,0.849160444803467,NA
"tS(AGA)A",0.186601542259912,-1.2726744033413,4.0804728567969,-0.311893853483521,0.755121193883532,NA
"tS(AGA)B",0.46015242686336,-1.0137552393314,3.29855830069868,-0.307332824499927,0.758590053524366,NA
"tS(AGA)D1",0.139624852585008,0.650878948301193,4.0804728567969,0.159510667303427,0.87326655462673,NA
"tS(AGA)D2",0.149133748260025,0.650878948301193,4.0804728567969,0.159510667303427,0.87326655462673,NA
"tS(AGA)D3",0.155509339301668,-1.2726744033413,4.0804728567969,-0.311893853483521,0.755121193883532,NA
"tS(AGA)E",0.186601542259912,-1.2726744033413,4.0804728567969,-0.311893853483521,0.755121193883532,NA
"tS(AGA)H",0.149133748260025,0.650878948301193,4.0804728567969,0.159510667303427,0.87326655462673,NA
"tS(AGA)J",1.0291781059181,-0.274796737135946,1.85534047150314,-0.14811121805224,0.88225499636679,NA
"tS(AGA)M",0.32622639484492,-0.310905151410209,3.69138418958518,-0.0842245443558523,0.932877903944733,NA
"tS(CGA)C",0.491244629821604,-1.12426151234792,2.8079824580663,-0.400380532691126,0.688876260460893,NA
"tS(GCU)F",0.813058726673834,0.253484691895444,2.1766434034804,0.116456692671904,0.907290606737819,NA
"tS(GCU)L",0.453776835821717,0.584433724526323,3.32815318145625,0.175603012440251,0.860605835546646,NA
"tS(GCU)O",1.23418800043307,0.613222619031743,1.89654964497029,0.323335917231605,0.746440855586967,NA
"tS(UGA)E",2.23727694661476,1.53408447687335,1.38354910841557,1.10880377685341,0.267514840818314,NA
"tS(UGA)I",2.50160677894321,0.482029241387152,1.20062274538844,0.401482683248019,0.688064785014346,NA
"tS(UGA)P",1.17193626313648,0.971097453134657,1.96459734371069,0.49429846591387,0.621095408398618,NA
"tT(AGU)B",0.298267496520049,1.54609974229093,4.03795156738934,0.382892096769386,0.701799771516396,NA
"tT(AGU)C",0.661961685364856,-0.353394564123562,2.59333986928184,-0.136270054037084,0.891607796439616,NA
"tT(AGU)D",1.05287734479501,2.13086179662065,2.21680917514549,0.961229239084507,0.336436917859005,NA
"tT(AGU)I1",1.70855699357871,0.614166110562299,1.5307328493137,0.401223577868378,0.688255523122844,NA
"tT(AGU)I2",0.139624852585008,0.650878948301193,4.0804728567969,0.159510667303427,0.87326655462673,NA
"tT(AGU)N1",1.13771075554486,0.168364027785939,1.76432618587688,0.0954268145729876,0.923975818311092,NA
"tT(AGU)N2",0.186601542259912,-1.2726744033413,4.0804728567969,-0.311893853483521,0.755121193883532,NA
"tT(CGU)K",0.155509339301668,-1.2726744033413,4.0804728567969,-0.311893853483521,0.755121193883532,NA
"tT(UGU)G2",0.358290740892811,-0.310906100814785,3.57588112718275,-0.0869453121501642,0.930714981979981,NA
"tV(AAC)E1",0.454767985781022,0.586796112931203,2.87520882493232,0.204088171906962,0.838284597265434,NA
"tV(AAC)E2",3.07605854947508,-0.666891708394694,1.08861150191316,-0.612607626524869,0.540135814243292,NA
"tV(AAC)G1",0.766668832568766,2.90271531165723,2.70787801646969,1.07195202073451,0.283741582904656,NA
"tV(AAC)G2",2.3633173155376,-0.656658976799848,1.39225738836026,-0.471650559939376,0.637176231766578,NA
"tV(AAC)G3",2.62634551098159,0.433242991949022,1.26615160846072,0.342173077105451,0.732220645051586,NA
"tV(AAC)J",1.02408150823577,-1.24781207162862,2.05701415752961,-0.606613263725509,0.544107595817606,NA
"tV(AAC)K1",0.982201416243196,0.708865709139805,1.89654806021004,0.373766277803316,0.708578210467084,NA
"tV(AAC)K2",1.0586923633472,-1.41125459326713,2.01571960607938,-0.700124456303746,0.483849583891126,NA
"tV(AAC)L",1.04404521959507,0.243555139574324,2.18681191775842,0.111374525443404,0.911319360115497,NA
"tV(AAC)M1",0.790503276300958,0.337214457650728,2.02200771520484,0.166772092467791,0.867549378112635,NA
"tV(AAC)M2",1.42081218621812,-1.90107664240135,1.6842670127045,-1.12872640030437,0.259013268799743,NA
"tV(AAC)M3",0.528712423821491,-2.694211438544,3.07199494705943,-0.877023395211944,0.380473930917673,NA
"tV(AAC)O",1.83241355743269,-1.01112757170787,1.65007927251049,-0.612775148777857,0.540025025023589,NA
"tV(CAC)D",0.802558681039512,0.230630543904309,2.18074229283969,0.105757816804658,0.915774506337994,NA
"tV(UAC)D",0.97395250705784,-1.25248909394476,2.07211050030219,-0.604450917922621,0.545543891878217,NA
"tW(CCA)G1",0.870823305383071,-3.41575336046873,2.5787509867402,-1.32457665669634,0.185311602505234,NA
"tW(CCA)G2",0.32622639484492,-0.310905151410209,3.69138418958518,-0.0842245443558523,0.932877903944733,NA
"tW(CCA)J",0.346235336154258,-0.310905762740647,3.61743354845687,-0.0859465028385313,0.931508944328261,NA
"tW(CCA)K",1.2139063300343,-3.8981258422564,2.0425232961489,-1.90848537669371,0.0563285114222404,NA
"tW(CCA)P",0.99298930527753,-1.20307107817513,2.0278185908623,-0.593283385208313,0.552991516103871,NA
"tX(XXX)D",0.485860188739266,0.586723827326059,2.82191936210439,0.20791658160229,0.835294101843079,NA
"tY(GUA)D",0.186601542259912,-1.2726744033413,4.0804728567969,-0.311893853483521,0.755121193883532,NA
"tY(GUA)F1",0.614401779675368,1.19685158074716,2.61616121328693,0.457483879307058,0.647323286731582,NA
"tY(GUA)F2",0.149133748260025,0.650878948301193,4.0804728567969,0.159510667303427,0.87326655462673,NA
"tY(GUA)J1",0.378299682202149,-0.310906618306054,3.51132435630331,-0.0885439756506497,0.929444334053886,NA
"tY(GUA)J2",0.298267496520049,1.54609974229093,4.03795156738934,0.382892096769386,0.701799771516396,NA
"tY(GUA)M1",0.299258646479354,1.54938223728125,3.76414252708259,0.411616251545635,0.680620717950455,NA
